MFEM mesh v1.0

#
# MFEM Geometry Types (see fem/geom.hpp):
#
# POINT       = 0
# SEGMENT     = 1
# TRIANGLE    = 2
# SQUARE      = 3
# TETRAHEDRON = 4
# CUBE        = 5
# PRISM       = 6
# PYRAMID     = 7
#

dimension
2

elements
6400
1 3 0 1 82 81
1 3 1 2 83 82
1 3 2 3 84 83
1 3 83 84 165 164
1 3 82 83 164 163
1 3 81 82 163 162
1 3 162 163 244 243
1 3 163 164 245 244
1 3 244 245 326 325
1 3 243 244 325 324
1 3 324 325 406 405
1 3 325 326 407 406
1 3 326 327 408 407
1 3 327 328 409 408
1 3 246 247 328 327
1 3 245 246 327 326
1 3 164 165 246 245
1 3 165 166 247 246
1 3 166 167 248 247
1 3 247 248 329 328
1 3 328 329 410 409
1 3 329 330 411 410
1 3 248 249 330 329
1 3 167 168 249 248
1 3 86 87 168 167
1 3 85 86 167 166
1 3 84 85 166 165
1 3 3 4 85 84
1 3 4 5 86 85
1 3 5 6 87 86
1 3 6 7 88 87
1 3 87 88 169 168
1 3 168 169 250 249
1 3 169 170 251 250
1 3 88 89 170 169
1 3 7 8 89 88
1 3 8 9 90 89
1 3 9 10 91 90
1 3 90 91 172 171
1 3 89 90 171 170
1 3 170 171 252 251
1 3 171 172 253 252
1 3 252 253 334 333
1 3 251 252 333 332
1 3 332 333 414 413
1 3 333 334 415 414
1 3 414 415 496 495
1 3 413 414 495 494
1 3 412 413 494 493
1 3 331 332 413 412
1 3 250 251 332 331
1 3 249 250 331 330
1 3 330 331 412 411
1 3 411 412 493 492
1 3 492 493 574 573
1 3 573 574 655 654
1 3 574 575 656 655
1 3 493 494 575 574
1 3 494 495 576 575
1 3 495 496 577 576
1 3 576 577 658 657
1 3 575 576 657 656
1 3 656 657 738 737
1 3 657 658 739 738
1 3 738 739 820 819
1 3 737 738 819 818
1 3 736 737 818 817
1 3 655 656 737 736
1 3 654 655 736 735
1 3 735 736 817 816
1 3 734 735 816 815
1 3 733 734 815 814
1 3 732 733 814 813
1 3 651 652 733 732
1 3 652 653 734 733
1 3 653 654 735 734
1 3 572 573 654 653
1 3 571 572 653 652
1 3 490 491 572 571
1 3 491 492 573 572
1 3 410 411 492 491
1 3 409 410 491 490
1 3 408 409 490 489
1 3 407 408 489 488
1 3 488 489 570 569
1 3 489 490 571 570
1 3 570 571 652 651
1 3 569 570 651 650
1 3 568 569 650 649
1 3 487 488 569 568
1 3 406 407 488 487
1 3 405 406 487 486
1 3 486 487 568 567
1 3 567 568 649 648
1 3 648 649 730 729
1 3 649 650 731 730
1 3 650 651 732 731
1 3 731 732 813 812
1 3 730 731 812 811
1 3 729 730 811 810
1 3 810 811 892 891
1 3 891 892 973 972
1 3 972 973 1054 1053
1 3 973 974 1055 1054
1 3 892 893 974 973
1 3 811 812 893 892
1 3 812 813 894 893
1 3 893 894 975 974
1 3 894 895 976 975
1 3 813 814 895 894
1 3 814 815 896 895
1 3 895 896 977 976
1 3 976 977 1058 1057
1 3 1057 1058 1139 1138
1 3 1056 1057 1138 1137
1 3 975 976 1057 1056
1 3 974 975 1056 1055
1 3 1055 1056 1137 1136
1 3 1136 1137 1218 1217
1 3 1137 1138 1219 1218
1 3 1138 1139 1220 1219
1 3 1219 1220 1301 1300
1 3 1218 1219 1300 1299
1 3 1217 1218 1299 1298
1 3 1216 1217 1298 1297
1 3 1135 1136 1217 1216
1 3 1054 1055 1136 1135
1 3 1053 1054 1135 1134
1 3 1134 1135 1216 1215
1 3 1215 1216 1297 1296
1 3 1296 1297 1378 1377
1 3 1297 1298 1379 1378
1 3 1298 1299 1380 1379
1 3 1379 1380 1461 1460
1 3 1378 1379 1460 1459
1 3 1377 1378 1459 1458
1 3 1458 1459 1540 1539
1 3 1539 1540 1621 1620
1 3 1540 1541 1622 1621
1 3 1459 1460 1541 1540
1 3 1460 1461 1542 1541
1 3 1541 1542 1623 1622
1 3 1542 1543 1624 1623
1 3 1461 1462 1543 1542
1 3 1462 1463 1544 1543
1 3 1543 1544 1625 1624
1 3 1544 1545 1626 1625
1 3 1463 1464 1545 1544
1 3 1382 1383 1464 1463
1 3 1381 1382 1463 1462
1 3 1380 1381 1462 1461
1 3 1299 1300 1381 1380
1 3 1300 1301 1382 1381
1 3 1301 1302 1383 1382
1 3 1302 1303 1384 1383
1 3 1303 1304 1385 1384
1 3 1384 1385 1466 1465
1 3 1383 1384 1465 1464
1 3 1464 1465 1546 1545
1 3 1545 1546 1627 1626
1 3 1546 1547 1628 1627
1 3 1465 1466 1547 1546
1 3 1466 1467 1548 1547
1 3 1547 1548 1629 1628
1 3 1548 1549 1630 1629
1 3 1467 1468 1549 1548
1 3 1386 1387 1468 1467
1 3 1385 1386 1467 1466
1 3 1304 1305 1386 1385
1 3 1305 1306 1387 1386
1 3 1224 1225 1306 1305
1 3 1143 1144 1225 1224
1 3 1062 1063 1144 1143
1 3 1061 1062 1143 1142
1 3 1142 1143 1224 1223
1 3 1223 1224 1305 1304
1 3 1222 1223 1304 1303
1 3 1141 1142 1223 1222
1 3 1140 1141 1222 1221
1 3 1221 1222 1303 1302
1 3 1220 1221 1302 1301
1 3 1139 1140 1221 1220
1 3 1058 1059 1140 1139
1 3 977 978 1059 1058
1 3 978 979 1060 1059
1 3 1059 1060 1141 1140
1 3 1060 1061 1142 1141
1 3 979 980 1061 1060
1 3 898 899 980 979
1 3 897 898 979 978
1 3 896 897 978 977
1 3 815 816 897 896
1 3 816 817 898 897
1 3 817 818 899 898
1 3 818 819 900 899
1 3 899 900 981 980
1 3 980 981 1062 1061
1 3 981 982 1063 1062
1 3 900 901 982 981
1 3 819 820 901 900
1 3 820 821 902 901
1 3 901 902 983 982
1 3 982 983 1064 1063
1 3 983 984 1065 1064
1 3 902 903 984 983
1 3 821 822 903 902
1 3 822 823 904 903
1 3 903 904 985 984
1 3 904 905 986 985
1 3 823 824 905 904
1 3 824 825 906 905
1 3 905 906 987 986
1 3 986 987 1068 1067
1 3 1067 1068 1149 1148
1 3 1066 1067 1148 1147
1 3 985 986 1067 1066
1 3 984 985 1066 1065
1 3 1065 1066 1147 1146
1 3 1146 1147 1228 1227
1 3 1147 1148 1229 1228
1 3 1148 1149 1230 1229
1 3 1229 1230 1311 1310
1 3 1228 1229 1310 1309
1 3 1227 1228 1309 1308
1 3 1226 1227 1308 1307
1 3 1145 1146 1227 1226
1 3 1064 1065 1146 1145
1 3 1063 1064 1145 1144
1 3 1144 1145 1226 1225
1 3 1225 1226 1307 1306
1 3 1306 1307 1388 1387
1 3 1307 1308 1389 1388
1 3 1308 1309 1390 1389
1 3 1389 1390 1471 1470
1 3 1388 1389 1470 1469
1 3 1387 1388 1469 1468
1 3 1468 1469 1550 1549
1 3 1549 1550 1631 1630
1 3 1550 1551 1632 1631
1 3 1469 1470 1551 1550
1 3 1470 1471 1552 1551
1 3 1551 1552 1633 1632
1 3 1552 1553 1634 1633
1 3 1471 1472 1553 1552
1 3 1472 1473 1554 1553
1 3 1553 1554 1635 1634
1 3 1554 1555 1636 1635
1 3 1473 1474 1555 1554
1 3 1392 1393 1474 1473
1 3 1391 1392 1473 1472
1 3 1390 1391 1472 1471
1 3 1309 1310 1391 1390
1 3 1310 1311 1392 1391
1 3 1311 1312 1393 1392
1 3 1312 1313 1394 1393
1 3 1313 1314 1395 1394
1 3 1394 1395 1476 1475
1 3 1393 1394 1475 1474
1 3 1474 1475 1556 1555
1 3 1555 1556 1637 1636
1 3 1556 1557 1638 1637
1 3 1475 1476 1557 1556
1 3 1476 1477 1558 1557
1 3 1557 1558 1639 1638
1 3 1558 1559 1640 1639
1 3 1477 1478 1559 1558
1 3 1396 1397 1478 1477
1 3 1395 1396 1477 1476
1 3 1314 1315 1396 1395
1 3 1315 1316 1397 1396
1 3 1234 1235 1316 1315
1 3 1153 1154 1235 1234
1 3 1072 1073 1154 1153
1 3 1071 1072 1153 1152
1 3 1152 1153 1234 1233
1 3 1233 1234 1315 1314
1 3 1232 1233 1314 1313
1 3 1151 1152 1233 1232
1 3 1150 1151 1232 1231
1 3 1231 1232 1313 1312
1 3 1230 1231 1312 1311
1 3 1149 1150 1231 1230
1 3 1068 1069 1150 1149
1 3 987 988 1069 1068
1 3 988 989 1070 1069
1 3 1069 1070 1151 1150
1 3 1070 1071 1152 1151
1 3 989 990 1071 1070
1 3 908 909 990 989
1 3 907 908 989 988
1 3 906 907 988 987
1 3 825 826 907 906
1 3 826 827 908 907
1 3 827 828 909 908
1 3 828 829 910 909
1 3 909 910 991 990
1 3 990 991 1072 1071
1 3 991 992 1073 1072
1 3 910 911 992 991
1 3 829 830 911 910
1 3 748 749 830 829
1 3 747 748 829 828
1 3 746 747 828 827
1 3 665 666 747 746
1 3 666 667 748 747
1 3 667 668 749 748
1 3 586 587 668 667
1 3 585 586 667 666
1 3 504 505 586 585
1 3 505 506 587 586
1 3 424 425 506 505
1 3 423 424 505 504
1 3 422 423 504 503
1 3 421 422 503 502
1 3 502 503 584 583
1 3 503 504 585 584
1 3 584 585 666 665
1 3 583 584 665 664
1 3 582 583 664 663
1 3 501 502 583 582
1 3 420 421 502 501
1 3 419 420 501 500
1 3 500 501 582 581
1 3 581 582 663 662
1 3 662 663 744 743
1 3 663 664 745 744
1 3 664 665 746 745
1 3 745 746 827 826
1 3 744 745 826 825
1 3 743 744 825 824
1 3 742 743 824 823
1 3 661 662 743 742
1 3 580 581 662 661
1 3 579 580 661 660
1 3 660 661 742 741
1 3 741 742 823 822
1 3 740 741 822 821
1 3 739 740 821 820
1 3 658 659 740 739
1 3 659 660 741 740
1 3 578 579 660 659
1 3 577 578 659 658
1 3 496 497 578 577
1 3 497 498 579 578
1 3 416 417 498 497
1 3 415 416 497 496
1 3 334 335 416 415
1 3 335 336 417 416
1 3 336 337 418 417
1 3 417 418 499 498
1 3 498 499 580 579
1 3 499 500 581 580
1 3 418 419 500 499
1 3 337 338 419 418
1 3 256 257 338 337
1 3 175 176 257 256
1 3 174 175 256 255
1 3 255 256 337 336
1 3 254 255 336 335
1 3 253 254 335 334
1 3 172 173 254 253
1 3 173 174 255 254
1 3 92 93 174 173
1 3 91 92 173 172
1 3 10 11 92 91
1 3 11 12 93 92
1 3 12 13 94 93
1 3 93 94 175 174
1 3 94 95 176 175
1 3 13 14 95 94
1 3 14 15 96 95
1 3 15 16 97 96
1 3 16 17 98 97
1 3 97 98 179 178
1 3 96 97 178 177
1 3 95 96 177 176
1 3 176 177 258 257
1 3 177 178 259 258
1 3 258 259 340 339
1 3 257 258 339 338
1 3 338 339 420 419
1 3 339 340 421 420
1 3 340 341 422 421
1 3 341 342 423 422
1 3 260 261 342 341
1 3 259 260 341 340
1 3 178 179 260 259
1 3 179 180 261 260
1 3 180 181 262 261
1 3 261 262 343 342
1 3 342 343 424 423
1 3 343 344 425 424
1 3 262 263 344 343
1 3 181 182 263 262
1 3 100 101 182 181
1 3 99 100 181 180
1 3 98 99 180 179
1 3 17 18 99 98
1 3 18 19 100 99
1 3 19 20 101 100
1 3 20 21 102 101
1 3 101 102 183 182
1 3 182 183 264 263
1 3 183 184 265 264
1 3 102 103 184 183
1 3 21 22 103 102
1 3 22 23 104 103
1 3 103 104 185 184
1 3 104 105 186 185
1 3 23 24 105 104
1 3 24 25 106 105
1 3 105 106 187 186
1 3 186 187 268 267
1 3 267 268 349 348
1 3 266 267 348 347
1 3 185 186 267 266
1 3 184 185 266 265
1 3 265 266 347 346
1 3 346 347 428 427
1 3 347 348 429 428
1 3 348 349 430 429
1 3 429 430 511 510
1 3 428 429 510 509
1 3 427 428 509 508
1 3 426 427 508 507
1 3 345 346 427 426
1 3 264 265 346 345
1 3 263 264 345 344
1 3 344 345 426 425
1 3 425 426 507 506
1 3 506 507 588 587
1 3 507 508 589 588
1 3 508 509 590 589
1 3 589 590 671 670
1 3 588 589 670 669
1 3 587 588 669 668
1 3 668 669 750 749
1 3 749 750 831 830
1 3 750 751 832 831
1 3 669 670 751 750
1 3 670 671 752 751
1 3 751 752 833 832
1 3 752 753 834 833
1 3 671 672 753 752
1 3 672 673 754 753
1 3 753 754 835 834
1 3 754 755 836 835
1 3 673 674 755 754
1 3 592 593 674 673
1 3 591 592 673 672
1 3 590 591 672 671
1 3 509 510 591 590
1 3 510 511 592 591
1 3 511 512 593 592
1 3 512 513 594 593
1 3 513 514 595 594
1 3 594 595 676 675
1 3 593 594 675 674
1 3 674 675 756 755
1 3 755 756 837 836
1 3 756 757 838 837
1 3 675 676 757 756
1 3 676 677 758 757
1 3 757 758 839 838
1 3 758 759 840 839
1 3 677 678 759 758
1 3 596 597 678 677
1 3 595 596 677 676
1 3 514 515 596 595
1 3 515 516 597 596
1 3 434 435 516 515
1 3 353 354 435 434
1 3 272 273 354 353
1 3 271 272 353 352
1 3 352 353 434 433
1 3 433 434 515 514
1 3 432 433 514 513
1 3 351 352 433 432
1 3 350 351 432 431
1 3 431 432 513 512
1 3 430 431 512 511
1 3 349 350 431 430
1 3 268 269 350 349
1 3 187 188 269 268
1 3 188 189 270 269
1 3 269 270 351 350
1 3 270 271 352 351
1 3 189 190 271 270
1 3 108 109 190 189
1 3 107 108 189 188
1 3 106 107 188 187
1 3 25 26 107 106
1 3 26 27 108 107
1 3 27 28 109 108
1 3 28 29 110 109
1 3 109 110 191 190
1 3 190 191 272 271
1 3 191 192 273 272
1 3 110 111 192 191
1 3 29 30 111 110
1 3 30 31 112 111
1 3 31 32 113 112
1 3 32 33 114 113
1 3 113 114 195 194
1 3 112 113 194 193
1 3 111 112 193 192
1 3 192 193 274 273
1 3 193 194 275 274
1 3 274 275 356 355
1 3 273 274 355 354
1 3 354 355 436 435
1 3 355 356 437 436
1 3 356 357 438 437
1 3 357 358 439 438
1 3 276 277 358 357
1 3 275 276 357 356
1 3 194 195 276 275
1 3 195 196 277 276
1 3 196 197 278 277
1 3 277 278 359 358
1 3 358 359 440 439
1 3 359 360 441 440
1 3 278 279 360 359
1 3 197 198 279 278
1 3 116 117 198 197
1 3 115 116 197 196
1 3 114 115 196 195
1 3 33 34 115 114
1 3 34 35 116 115
1 3 35 36 117 116
1 3 36 37 118 117
1 3 117 118 199 198
1 3 198 199 280 279
1 3 199 200 281 280
1 3 118 119 200 199
1 3 37 38 119 118
1 3 38 39 120 119
1 3 39 40 121 120
1 3 120 121 202 201
1 3 119 120 201 200
1 3 200 201 282 281
1 3 201 202 283 282
1 3 282 283 364 363
1 3 281 282 363 362
1 3 362 363 444 443
1 3 363 364 445 444
1 3 444 445 526 525
1 3 443 444 525 524
1 3 442 443 524 523
1 3 361 362 443 442
1 3 280 281 362 361
1 3 279 280 361 360
1 3 360 361 442 441
1 3 441 442 523 522
1 3 522 523 604 603
1 3 603 604 685 684
1 3 604 605 686 685
1 3 523 524 605 604
1 3 524 525 606 605
1 3 525 526 607 606
1 3 606 607 688 687
1 3 605 606 687 686
1 3 686 687 768 767
1 3 687 688 769 768
1 3 768 769 850 849
1 3 767 768 849 848
1 3 766 767 848 847
1 3 685 686 767 766
1 3 684 685 766 765
1 3 765 766 847 846
1 3 764 765 846 845
1 3 763 764 845 844
1 3 762 763 844 843
1 3 681 682 763 762
1 3 682 683 764 763
1 3 683 684 765 764
1 3 602 603 684 683
1 3 601 602 683 682
1 3 520 521 602 601
1 3 521 522 603 602
1 3 440 441 522 521
1 3 439 440 521 520
1 3 438 439 520 519
1 3 437 438 519 518
1 3 518 519 600 599
1 3 519 520 601 600
1 3 600 601 682 681
1 3 599 600 681 680
1 3 598 599 680 679
1 3 517 518 599 598
1 3 436 437 518 517
1 3 435 436 517 516
1 3 516 517 598 597
1 3 597 598 679 678
1 3 678 679 760 759
1 3 679 680 761 760
1 3 680 681 762 761
1 3 761 762 843 842
1 3 760 761 842 841
1 3 759 760 841 840
1 3 840 841 922 921
1 3 841 842 923 922
1 3 842 843 924 923
1 3 923 924 1005 1004
1 3 922 923 1004 1003
1 3 921 922 1003 1002
1 3 1002 1003 1084 1083
1 3 1003 1004 1085 1084
1 3 1084 1085 1166 1165
1 3 1083 1084 1165 1164
1 3 1164 1165 1246 1245
1 3 1165 1166 1247 1246
1 3 1166 1167 1248 1247
1 3 1167 1168 1249 1248
1 3 1086 1087 1168 1167
1 3 1085 1086 1167 1166
1 3 1004 1005 1086 1085
1 3 1005 1006 1087 1086
1 3 1006 1007 1088 1087
1 3 1087 1088 1169 1168
1 3 1168 1169 1250 1249
1 3 1169 1170 1251 1250
1 3 1088 1089 1170 1169
1 3 1007 1008 1089 1088
1 3 926 927 1008 1007
1 3 925 926 1007 1006
1 3 924 925 1006 1005
1 3 843 844 925 924
1 3 844 845 926 925
1 3 845 846 927 926
1 3 846 847 928 927
1 3 927 928 1009 1008
1 3 1008 1009 1090 1089
1 3 1009 1010 1091 1090
1 3 928 929 1010 1009
1 3 847 848 929 928
1 3 848 849 930 929
1 3 849 850 931 930
1 3 930 931 1012 1011
1 3 929 930 1011 1010
1 3 1010 1011 1092 1091
1 3 1011 1012 1093 1092
1 3 1092 1093 1174 1173
1 3 1091 1092 1173 1172
1 3 1172 1173 1254 1253
1 3 1173 1174 1255 1254
1 3 1254 1255 1336 1335
1 3 1253 1254 1335 1334
1 3 1252 1253 1334 1333
1 3 1171 1172 1253 1252
1 3 1090 1091 1172 1171
1 3 1089 1090 1171 1170
1 3 1170 1171 1252 1251
1 3 1251 1252 1333 1332
1 3 1332 1333 1414 1413
1 3 1413 1414 1495 1494
1 3 1414 1415 1496 1495
1 3 1333 1334 1415 1414
1 3 1334 1335 1416 1415
1 3 1335 1336 1417 1416
1 3 1416 1417 1498 1497
1 3 1415 1416 1497 1496
1 3 1496 1497 1578 1577
1 3 1497 1498 1579 1578
1 3 1578 1579 1660 1659
1 3 1577 1578 1659 1658
1 3 1576 1577 1658 1657
1 3 1495 1496 1577 1576
1 3 1494 1495 1576 1575
1 3 1575 1576 1657 1656
1 3 1574 1575 1656 1655
1 3 1573 1574 1655 1654
1 3 1572 1573 1654 1653
1 3 1491 1492 1573 1572
1 3 1492 1493 1574 1573
1 3 1493 1494 1575 1574
1 3 1412 1413 1494 1493
1 3 1411 1412 1493 1492
1 3 1330 1331 1412 1411
1 3 1331 1332 1413 1412
1 3 1250 1251 1332 1331
1 3 1249 1250 1331 1330
1 3 1248 1249 1330 1329
1 3 1247 1248 1329 1328
1 3 1328 1329 1410 1409
1 3 1329 1330 1411 1410
1 3 1410 1411 1492 1491
1 3 1409 1410 1491 1490
1 3 1408 1409 1490 1489
1 3 1327 1328 1409 1408
1 3 1246 1247 1328 1327
1 3 1245 1246 1327 1326
1 3 1326 1327 1408 1407
1 3 1407 1408 1489 1488
1 3 1488 1489 1570 1569
1 3 1489 1490 1571 1570
1 3 1490 1491 1572 1571
1 3 1571 1572 1653 1652
1 3 1570 1571 1652 1651
1 3 1569 1570 1651 1650
1 3 1568 1569 1650 1649
1 3 1487 1488 1569 1568
1 3 1406 1407 1488 1487
1 3 1405 1406 1487 1486
1 3 1486 1487 1568 1567
1 3 1567 1568 1649 1648
1 3 1566 1567 1648 1647
1 3 1485 1486 1567 1566
1 3 1484 1485 1566 1565
1 3 1565 1566 1647 1646
1 3 1564 1565 1646 1645
1 3 1483 1484 1565 1564
1 3 1402 1403 1484 1483
1 3 1321 1322 1403 1402
1 3 1322 1323 1404 1403
1 3 1403 1404 1485 1484
1 3 1404 1405 1486 1485
1 3 1323 1324 1405 1404
1 3 1242 1243 1324 1323
1 3 1241 1242 1323 1322
1 3 1240 1241 1322 1321
1 3 1159 1160 1241 1240
1 3 1160 1161 1242 1241
1 3 1161 1162 1243 1242
1 3 1162 1163 1244 1243
1 3 1243 1244 1325 1324
1 3 1324 1325 1406 1405
1 3 1325 1326 1407 1406
1 3 1244 1245 1326 1325
1 3 1163 1164 1245 1244
1 3 1082 1083 1164 1163
1 3 1081 1082 1163 1162
1 3 1080 1081 1162 1161
1 3 999 1000 1081 1080
1 3 1000 1001 1082 1081
1 3 1001 1002 1083 1082
1 3 920 921 1002 1001
1 3 839 840 921 920
1 3 838 839 920 919
1 3 919 920 1001 1000
1 3 918 919 1000 999
1 3 837 838 919 918
1 3 836 837 918 917
1 3 917 918 999 998
1 3 916 917 998 997
1 3 835 836 917 916
1 3 834 835 916 915
1 3 915 916 997 996
1 3 996 997 1078 1077
1 3 997 998 1079 1078
1 3 998 999 1080 1079
1 3 1079 1080 1161 1160
1 3 1078 1079 1160 1159
1 3 1077 1078 1159 1158
1 3 1076 1077 1158 1157
1 3 1075 1076 1157 1156
1 3 994 995 1076 1075
1 3 995 996 1077 1076
1 3 914 915 996 995
1 3 833 834 915 914
1 3 832 833 914 913
1 3 913 914 995 994
1 3 912 913 994 993
1 3 831 832 913 912
1 3 830 831 912 911
1 3 911 912 993 992
1 3 992 993 1074 1073
1 3 993 994 1075 1074
1 3 1074 1075 1156 1155
1 3 1073 1074 1155 1154
1 3 1154 1155 1236 1235
1 3 1235 1236 1317 1316
1 3 1316 1317 1398 1397
1 3 1317 1318 1399 1398
1 3 1236 1237 1318 1317
1 3 1155 1156 1237 1236
1 3 1156 1157 1238 1237
1 3 1237 1238 1319 1318
1 3 1238 1239 1320 1319
1 3 1157 1158 1239 1238
1 3 1158 1159 1240 1239
1 3 1239 1240 1321 1320
1 3 1320 1321 1402 1401
1 3 1401 1402 1483 1482
1 3 1400 1401 1482 1481
1 3 1319 1320 1401 1400
1 3 1318 1319 1400 1399
1 3 1399 1400 1481 1480
1 3 1480 1481 1562 1561
1 3 1481 1482 1563 1562
1 3 1482 1483 1564 1563
1 3 1563 1564 1645 1644
1 3 1562 1563 1644 1643
1 3 1561 1562 1643 1642
1 3 1560 1561 1642 1641
1 3 1479 1480 1561 1560
1 3 1398 1399 1480 1479
1 3 1397 1398 1479 1478
1 3 1478 1479 1560 1559
1 3 1559 1560 1641 1640
1 3 1640 1641 1722 1721
1 3 1721 1722 1803 1802
1 3 1802 1803 1884 1883
1 3 1803 1804 1885 1884
1 3 1722 1723 1804 1803
1 3 1641 1642 1723 1722
1 3 1642 1643 1724 1723
1 3 1723 1724 1805 1804
1 3 1724 1725 1806 1805
1 3 1643 1644 1725 1724
1 3 1644 1645 1726 1725
1 3 1725 1726 1807 1806
1 3 1806 1807 1888 1887
1 3 1887 1888 1969 1968
1 3 1886 1887 1968 1967
1 3 1805 1806 1887 1886
1 3 1804 1805 1886 1885
1 3 1885 1886 1967 1966
1 3 1966 1967 2048 2047
1 3 1967 1968 2049 2048
1 3 1968 1969 2050 2049
1 3 2049 2050 2131 2130
1 3 2048 2049 2130 2129
1 3 2047 2048 2129 2128
1 3 2046 2047 2128 2127
1 3 1965 1966 2047 2046
1 3 1884 1885 1966 1965
1 3 1883 1884 1965 1964
1 3 1964 1965 2046 2045
1 3 2045 2046 2127 2126
1 3 2126 2127 2208 2207
1 3 2127 2128 2209 2208
1 3 2128 2129 2210 2209
1 3 2209 2210 2291 2290
1 3 2208 2209 2290 2289
1 3 2207 2208 2289 2288
1 3 2288 2289 2370 2369
1 3 2369 2370 2451 2450
1 3 2370 2371 2452 2451
1 3 2289 2290 2371 2370
1 3 2290 2291 2372 2371
1 3 2371 2372 2453 2452
1 3 2372 2373 2454 2453
1 3 2291 2292 2373 2372
1 3 2292 2293 2374 2373
1 3 2373 2374 2455 2454
1 3 2374 2375 2456 2455
1 3 2293 2294 2375 2374
1 3 2212 2213 2294 2293
1 3 2211 2212 2293 2292
1 3 2210 2211 2292 2291
1 3 2129 2130 2211 2210
1 3 2130 2131 2212 2211
1 3 2131 2132 2213 2212
1 3 2132 2133 2214 2213
1 3 2133 2134 2215 2214
1 3 2214 2215 2296 2295
1 3 2213 2214 2295 2294
1 3 2294 2295 2376 2375
1 3 2375 2376 2457 2456
1 3 2376 2377 2458 2457
1 3 2295 2296 2377 2376
1 3 2296 2297 2378 2377
1 3 2377 2378 2459 2458
1 3 2378 2379 2460 2459
1 3 2297 2298 2379 2378
1 3 2216 2217 2298 2297
1 3 2215 2216 2297 2296
1 3 2134 2135 2216 2215
1 3 2135 2136 2217 2216
1 3 2054 2055 2136 2135
1 3 1973 1974 2055 2054
1 3 1892 1893 1974 1973
1 3 1891 1892 1973 1972
1 3 1972 1973 2054 2053
1 3 2053 2054 2135 2134
1 3 2052 2053 2134 2133
1 3 1971 1972 2053 2052
1 3 1970 1971 2052 2051
1 3 2051 2052 2133 2132
1 3 2050 2051 2132 2131
1 3 1969 1970 2051 2050
1 3 1888 1889 1970 1969
1 3 1807 1808 1889 1888
1 3 1808 1809 1890 1889
1 3 1889 1890 1971 1970
1 3 1890 1891 1972 1971
1 3 1809 1810 1891 1890
1 3 1728 1729 1810 1809
1 3 1727 1728 1809 1808
1 3 1726 1727 1808 1807
1 3 1645 1646 1727 1726
1 3 1646 1647 1728 1727
1 3 1647 1648 1729 1728
1 3 1648 1649 1730 1729
1 3 1729 1730 1811 1810
1 3 1810 1811 1892 1891
1 3 1811 1812 1893 1892
1 3 1730 1731 1812 1811
1 3 1649 1650 1731 1730
1 3 1650 1651 1732 1731
1 3 1651 1652 1733 1732
1 3 1652 1653 1734 1733
1 3 1733 1734 1815 1814
1 3 1732 1733 1814 1813
1 3 1731 1732 1813 1812
1 3 1812 1813 1894 1893
1 3 1813 1814 1895 1894
1 3 1894 1895 1976 1975
1 3 1893 1894 1975 1974
1 3 1974 1975 2056 2055
1 3 1975 1976 2057 2056
1 3 1976 1977 2058 2057
1 3 1977 1978 2059 2058
1 3 1896 1897 1978 1977
1 3 1895 1896 1977 1976
1 3 1814 1815 1896 1895
1 3 1815 1816 1897 1896
1 3 1816 1817 1898 1897
1 3 1897 1898 1979 1978
1 3 1978 1979 2060 2059
1 3 1979 1980 2061 2060
1 3 1898 1899 1980 1979
1 3 1817 1818 1899 1898
1 3 1736 1737 1818 1817
1 3 1735 1736 1817 1816
1 3 1734 1735 1816 1815
1 3 1653 1654 1735 1734
1 3 1654 1655 1736 1735
1 3 1655 1656 1737 1736
1 3 1656 1657 1738 1737
1 3 1737 1738 1819 1818
1 3 1818 1819 1900 1899
1 3 1819 1820 1901 1900
1 3 1738 1739 1820 1819
1 3 1657 1658 1739 1738
1 3 1658 1659 1740 1739
1 3 1659 1660 1741 1740
1 3 1740 1741 1822 1821
1 3 1739 1740 1821 1820
1 3 1820 1821 1902 1901
1 3 1821 1822 1903 1902
1 3 1902 1903 1984 1983
1 3 1901 1902 1983 1982
1 3 1982 1983 2064 2063
1 3 1983 1984 2065 2064
1 3 2064 2065 2146 2145
1 3 2063 2064 2145 2144
1 3 2062 2063 2144 2143
1 3 1981 1982 2063 2062
1 3 1900 1901 1982 1981
1 3 1899 1900 1981 1980
1 3 1980 1981 2062 2061
1 3 2061 2062 2143 2142
1 3 2142 2143 2224 2223
1 3 2223 2224 2305 2304
1 3 2224 2225 2306 2305
1 3 2143 2144 2225 2224
1 3 2144 2145 2226 2225
1 3 2145 2146 2227 2226
1 3 2226 2227 2308 2307
1 3 2225 2226 2307 2306
1 3 2306 2307 2388 2387
1 3 2307 2308 2389 2388
1 3 2388 2389 2470 2469
1 3 2387 2388 2469 2468
1 3 2386 2387 2468 2467
1 3 2305 2306 2387 2386
1 3 2304 2305 2386 2385
1 3 2385 2386 2467 2466
1 3 2384 2385 2466 2465
1 3 2383 2384 2465 2464
1 3 2382 2383 2464 2463
1 3 2301 2302 2383 2382
1 3 2302 2303 2384 2383
1 3 2303 2304 2385 2384
1 3 2222 2223 2304 2303
1 3 2221 2222 2303 2302
1 3 2140 2141 2222 2221
1 3 2141 2142 2223 2222
1 3 2060 2061 2142 2141
1 3 2059 2060 2141 2140
1 3 2058 2059 2140 2139
1 3 2057 2058 2139 2138
1 3 2138 2139 2220 2219
1 3 2139 2140 2221 2220
1 3 2220 2221 2302 2301
1 3 2219 2220 2301 2300
1 3 2218 2219 2300 2299
1 3 2137 2138 2219 2218
1 3 2056 2057 2138 2137
1 3 2055 2056 2137 2136
1 3 2136 2137 2218 2217
1 3 2217 2218 2299 2298
1 3 2298 2299 2380 2379
1 3 2299 2300 2381 2380
1 3 2300 2301 2382 2381
1 3 2381 2382 2463 2462
1 3 2380 2381 2462 2461
1 3 2379 2380 2461 2460
1 3 2460 2461 2542 2541
1 3 2461 2462 2543 2542
1 3 2462 2463 2544 2543
1 3 2543 2544 2625 2624
1 3 2542 2543 2624 2623
1 3 2541 2542 2623 2622
1 3 2622 2623 2704 2703
1 3 2623 2624 2705 2704
1 3 2704 2705 2786 2785
1 3 2703 2704 2785 2784
1 3 2784 2785 2866 2865
1 3 2785 2786 2867 2866
1 3 2786 2787 2868 2867
1 3 2787 2788 2869 2868
1 3 2706 2707 2788 2787
1 3 2705 2706 2787 2786
1 3 2624 2625 2706 2705
1 3 2625 2626 2707 2706
1 3 2626 2627 2708 2707
1 3 2707 2708 2789 2788
1 3 2788 2789 2870 2869
1 3 2789 2790 2871 2870
1 3 2708 2709 2790 2789
1 3 2627 2628 2709 2708
1 3 2546 2547 2628 2627
1 3 2545 2546 2627 2626
1 3 2544 2545 2626 2625
1 3 2463 2464 2545 2544
1 3 2464 2465 2546 2545
1 3 2465 2466 2547 2546
1 3 2466 2467 2548 2547
1 3 2547 2548 2629 2628
1 3 2628 2629 2710 2709
1 3 2629 2630 2711 2710
1 3 2548 2549 2630 2629
1 3 2467 2468 2549 2548
1 3 2468 2469 2550 2549
1 3 2469 2470 2551 2550
1 3 2550 2551 2632 2631
1 3 2549 2550 2631 2630
1 3 2630 2631 2712 2711
1 3 2631 2632 2713 2712
1 3 2712 2713 2794 2793
1 3 2711 2712 2793 2792
1 3 2792 2793 2874 2873
1 3 2793 2794 2875 2874
1 3 2874 2875 2956 2955
1 3 2873 2874 2955 2954
1 3 2872 2873 2954 2953
1 3 2791 2792 2873 2872
1 3 2710 2711 2792 2791
1 3 2709 2710 2791 2790
1 3 2790 2791 2872 2871
1 3 2871 2872 2953 2952
1 3 2952 2953 3034 3033
1 3 3033 3034 3115 3114
1 3 3034 3035 3116 3115
1 3 2953 2954 3035 3034
1 3 2954 2955 3036 3035
1 3 2955 2956 3037 3036
1 3 3036 3037 3118 3117
1 3 3035 3036 3117 3116
1 3 3116 3117 3198 3197
1 3 3117 3118 3199 3198
1 3 3198 3199 3280 3279
1 3 3197 3198 3279 3278
1 3 3196 3197 3278 3277
1 3 3115 3116 3197 3196
1 3 3114 3115 3196 3195
1 3 3195 3196 3277 3276
1 3 3194 3195 3276 3275
1 3 3193 3194 3275 3274
1 3 3192 3193 3274 3273
1 3 3111 3112 3193 3192
1 3 3112 3113 3194 3193
1 3 3113 3114 3195 3194
1 3 3032 3033 3114 3113
1 3 3031 3032 3113 3112
1 3 2950 2951 3032 3031
1 3 2951 2952 3033 3032
1 3 2870 2871 2952 2951
1 3 2869 2870 2951 2950
1 3 2868 2869 2950 2949
1 3 2867 2868 2949 2948
1 3 2948 2949 3030 3029
1 3 2949 2950 3031 3030
1 3 3030 3031 3112 3111
1 3 3029 3030 3111 3110
1 3 3028 3029 3110 3109
1 3 2947 2948 3029 3028
1 3 2866 2867 2948 2947
1 3 2865 2866 2947 2946
1 3 2946 2947 3028 3027
1 3 3027 3028 3109 3108
1 3 3108 3109 3190 3189
1 3 3109 3110 3191 3190
1 3 3110 3111 3192 3191
1 3 3191 3192 3273 3272
1 3 3190 3191 3272 3271
1 3 3189 3190 3271 3270
1 3 3188 3189 3270 3269
1 3 3107 3108 3189 3188
1 3 3026 3027 3108 3107
1 3 3025 3026 3107 3106
1 3 3106 3107 3188 3187
1 3 3187 3188 3269 3268
1 3 3186 3187 3268 3267
1 3 3105 3106 3187 3186
1 3 3104 3105 3186 3185
1 3 3185 3186 3267 3266
1 3 3184 3185 3266 3265
1 3 3103 3104 3185 3184
1 3 3022 3023 3104 3103
1 3 2941 2942 3023 3022
1 3 2942 2943 3024 3023
1 3 3023 3024 3105 3104
1 3 3024 3025 3106 3105
1 3 2943 2944 3025 3024
1 3 2862 2863 2944 2943
1 3 2861 2862 2943 2942
1 3 2860 2861 2942 2941
1 3 2779 2780 2861 2860
1 3 2780 2781 2862 2861
1 3 2781 2782 2863 2862
1 3 2782 2783 2864 2863
1 3 2863 2864 2945 2944
1 3 2944 2945 3026 3025
1 3 2945 2946 3027 3026
1 3 2864 2865 2946 2945
1 3 2783 2784 2865 2864
1 3 2702 2703 2784 2783
1 3 2701 2702 2783 2782
1 3 2700 2701 2782 2781
1 3 2619 2620 2701 2700
1 3 2620 2621 2702 2701
1 3 2621 2622 2703 2702
1 3 2540 2541 2622 2621
1 3 2459 2460 2541 2540
1 3 2458 2459 2540 2539
1 3 2539 2540 2621 2620
1 3 2538 2539 2620 2619
1 3 2457 2458 2539 2538
1 3 2456 2457 2538 2537
1 3 2537 2538 2619 2618
1 3 2536 2537 2618 2617
1 3 2455 2456 2537 2536
1 3 2454 2455 2536 2535
1 3 2535 2536 2617 2616
1 3 2616 2617 2698 2697
1 3 2617 2618 2699 2698
1 3 2618 2619 2700 2699
1 3 2699 2700 2781 2780
1 3 2698 2699 2780 2779
1 3 2697 2698 2779 2778
1 3 2696 2697 2778 2777
1 3 2695 2696 2777 2776
1 3 2614 2615 2696 2695
1 3 2615 2616 2697 2696
1 3 2534 2535 2616 2615
1 3 2453 2454 2535 2534
1 3 2452 2453 2534 2533
1 3 2533 2534 2615 2614
1 3 2532 2533 2614 2613
1 3 2451 2452 2533 2532
1 3 2450 2451 2532 2531
1 3 2531 2532 2613 2612
1 3 2612 2613 2694 2693
1 3 2613 2614 2695 2694
1 3 2694 2695 2776 2775
1 3 2693 2694 2775 2774
1 3 2774 2775 2856 2855
1 3 2855 2856 2937 2936
1 3 2936 2937 3018 3017
1 3 2937 2938 3019 3018
1 3 2856 2857 2938 2937
1 3 2775 2776 2857 2856
1 3 2776 2777 2858 2857
1 3 2857 2858 2939 2938
1 3 2858 2859 2940 2939
1 3 2777 2778 2859 2858
1 3 2778 2779 2860 2859
1 3 2859 2860 2941 2940
1 3 2940 2941 3022 3021
1 3 3021 3022 3103 3102
1 3 3020 3021 3102 3101
1 3 2939 2940 3021 3020
1 3 2938 2939 3020 3019
1 3 3019 3020 3101 3100
1 3 3100 3101 3182 3181
1 3 3101 3102 3183 3182
1 3 3102 3103 3184 3183
1 3 3183 3184 3265 3264
1 3 3182 3183 3264 3263
1 3 3181 3182 3263 3262
1 3 3180 3181 3262 3261
1 3 3099 3100 3181 3180
1 3 3018 3019 3100 3099
1 3 3017 3018 3099 3098
1 3 3098 3099 3180 3179
1 3 3179 3180 3261 3260
1 3 3178 3179 3260 3259
1 3 3177 3178 3259 3258
1 3 3176 3177 3258 3257
1 3 3095 3096 3177 3176
1 3 3096 3097 3178 3177
1 3 3097 3098 3179 3178
1 3 3016 3017 3098 3097
1 3 3015 3016 3097 3096
1 3 2934 2935 3016 3015
1 3 2935 2936 3017 3016
1 3 2854 2855 2936 2935
1 3 2853 2854 2935 2934
1 3 2852 2853 2934 2933
1 3 2851 2852 2933 2932
1 3 2932 2933 3014 3013
1 3 2933 2934 3015 3014
1 3 3014 3015 3096 3095
1 3 3013 3014 3095 3094
1 3 3012 3013 3094 3093
1 3 2931 2932 3013 3012
1 3 2850 2851 2932 2931
1 3 2849 2850 2931 2930
1 3 2930 2931 3012 3011
1 3 3011 3012 3093 3092
1 3 3092 3093 3174 3173
1 3 3093 3094 3175 3174
1 3 3094 3095 3176 3175
1 3 3175 3176 3257 3256
1 3 3174 3175 3256 3255
1 3 3173 3174 3255 3254
1 3 3172 3173 3254 3253
1 3 3091 3092 3173 3172
1 3 3010 3011 3092 3091
1 3 3009 3010 3091 3090
1 3 3090 3091 3172 3171
1 3 3171 3172 3253 3252
1 3 3170 3171 3252 3251
1 3 3169 3170 3251 3250
1 3 3088 3089 3170 3169
1 3 3089 3090 3171 3170
1 3 3008 3009 3090 3089
1 3 3007 3008 3089 3088
1 3 2926 2927 3008 3007
1 3 2927 2928 3009 3008
1 3 2846 2847 2928 2927
1 3 2845 2846 2927 2926
1 3 2764 2765 2846 2845
1 3 2765 2766 2847 2846
1 3 2766 2767 2848 2847
1 3 2847 2848 2929 2928
1 3 2928 2929 3010 3009
1 3 2929 2930 3011 3010
1 3 2848 2849 2930 2929
1 3 2767 2768 2849 2848
1 3 2686 2687 2768 2767
1 3 2605 2606 2687 2686
1 3 2604 2605 2686 2685
1 3 2685 2686 2767 2766
1 3 2684 2685 2766 2765
1 3 2683 2684 2765 2764
1 3 2602 2603 2684 2683
1 3 2603 2604 2685 2684
1 3 2522 2523 2604 2603
1 3 2521 2522 2603 2602
1 3 2440 2441 2522 2521
1 3 2441 2442 2523 2522
1 3 2442 2443 2524 2523
1 3 2523 2524 2605 2604
1 3 2524 2525 2606 2605
1 3 2443 2444 2525 2524
1 3 2444 2445 2526 2525
1 3 2445 2446 2527 2526
1 3 2446 2447 2528 2527
1 3 2527 2528 2609 2608
1 3 2526 2527 2608 2607
1 3 2525 2526 2607 2606
1 3 2606 2607 2688 2687
1 3 2607 2608 2689 2688
1 3 2688 2689 2770 2769
1 3 2687 2688 2769 2768
1 3 2768 2769 2850 2849
1 3 2769 2770 2851 2850
1 3 2770 2771 2852 2851
1 3 2771 2772 2853 2852
1 3 2690 2691 2772 2771
1 3 2689 2690 2771 2770
1 3 2608 2609 2690 2689
1 3 2609 2610 2691 2690
1 3 2610 2611 2692 2691
1 3 2691 2692 2773 2772
1 3 2772 2773 2854 2853
1 3 2773 2774 2855 2854
1 3 2692 2693 2774 2773
1 3 2611 2612 2693 2692
1 3 2530 2531 2612 2611
1 3 2529 2530 2611 2610
1 3 2528 2529 2610 2609
1 3 2447 2448 2529 2528
1 3 2448 2449 2530 2529
1 3 2449 2450 2531 2530
1 3 2368 2369 2450 2449
1 3 2287 2288 2369 2368
1 3 2206 2207 2288 2287
1 3 2205 2206 2287 2286
1 3 2286 2287 2368 2367
1 3 2367 2368 2449 2448
1 3 2366 2367 2448 2447
1 3 2285 2286 2367 2366
1 3 2284 2285 2366 2365
1 3 2365 2366 2447 2446
1 3 2364 2365 2446 2445
1 3 2283 2284 2365 2364
1 3 2202 2203 2284 2283
1 3 2121 2122 2203 2202
1 3 2122 2123 2204 2203
1 3 2203 2204 2285 2284
1 3 2204 2205 2286 2285
1 3 2123 2124 2205 2204
1 3 2042 2043 2124 2123
1 3 2041 2042 2123 2122
1 3 2040 2041 2122 2121
1 3 1959 1960 2041 2040
1 3 1960 1961 2042 2041
1 3 1961 1962 2043 2042
1 3 1962 1963 2044 2043
1 3 2043 2044 2125 2124
1 3 2124 2125 2206 2205
1 3 2125 2126 2207 2206
1 3 2044 2045 2126 2125
1 3 1963 1964 2045 2044
1 3 1882 1883 1964 1963
1 3 1881 1882 1963 1962
1 3 1880 1881 1962 1961
1 3 1799 1800 1881 1880
1 3 1800 1801 1882 1881
1 3 1801 1802 1883 1882
1 3 1720 1721 1802 1801
1 3 1639 1640 1721 1720
1 3 1638 1639 1720 1719
1 3 1719 1720 1801 1800
1 3 1718 1719 1800 1799
1 3 1637 1638 1719 1718
1 3 1636 1637 1718 1717
1 3 1717 1718 1799 1798
1 3 1716 1717 1798 1797
1 3 1635 1636 1717 1716
1 3 1634 1635 1716 1715
1 3 1715 1716 1797 1796
1 3 1796 1797 1878 1877
1 3 1797 1798 1879 1878
1 3 1798 1799 1880 1879
1 3 1879 1880 1961 1960
1 3 1878 1879 1960 1959
1 3 1877 1878 1959 1958
1 3 1876 1877 1958 1957
1 3 1875 1876 1957 1956
1 3 1794 1795 1876 1875
1 3 1795 1796 1877 1876
1 3 1714 1715 1796 1795
1 3 1633 1634 1715 1714
1 3 1632 1633 1714 1713
1 3 1713 1714 1795 1794
1 3 1712 1713 1794 1793
1 3 1631 1632 1713 1712
1 3 1630 1631 1712 1711
1 3 1711 1712 1793 1792
1 3 1792 1793 1874 1873
1 3 1793 1794 1875 1874
1 3 1874 1875 1956 1955
1 3 1873 1874 1955 1954
1 3 1954 1955 2036 2035
1 3 2035 2036 2117 2116
1 3 2116 2117 2198 2197
1 3 2117 2118 2199 2198
1 3 2036 2037 2118 2117
1 3 1955 1956 2037 2036
1 3 1956 1957 2038 2037
1 3 2037 2038 2119 2118
1 3 2038 2039 2120 2119
1 3 1957 1958 2039 2038
1 3 1958 1959 2040 2039
1 3 2039 2040 2121 2120
1 3 2120 2121 2202 2201
1 3 2201 2202 2283 2282
1 3 2200 2201 2282 2281
1 3 2119 2120 2201 2200
1 3 2118 2119 2200 2199
1 3 2199 2200 2281 2280
1 3 2280 2281 2362 2361
1 3 2281 2282 2363 2362
1 3 2282 2283 2364 2363
1 3 2363 2364 2445 2444
1 3 2362 2363 2444 2443
1 3 2361 2362 2443 2442
1 3 2360 2361 2442 2441
1 3 2279 2280 2361 2360
1 3 2198 2199 2280 2279
1 3 2197 2198 2279 2278
1 3 2278 2279 2360 2359
1 3 2359 2360 2441 2440
1 3 2358 2359 2440 2439
1 3 2277 2278 2359 2358
1 3 2196 2197 2278 2277
1 3 2195 2196 2277 2276
1 3 2276 2277 2358 2357
1 3 2357 2358 2439 2438
1 3 2356 2357 2438 2437
1 3 2275 2276 2357 2356
1 3 2274 2275 2356 2355
1 3 2355 2356 2437 2436
1 3 2354 2355 2436 2435
1 3 2273 2274 2355 2354
1 3 2192 2193 2274 2273
1 3 2111 2112 2193 2192
1 3 2112 2113 2194 2193
1 3 2193 2194 2275 2274
1 3 2194 2195 2276 2275
1 3 2113 2114 2195 2194
1 3 2032 2033 2114 2113
1 3 2031 2032 2113 2112
1 3 2030 2031 2112 2111
1 3 1949 1950 2031 2030
1 3 1950 1951 2032 2031
1 3 1951 1952 2033 2032
1 3 1952 1953 2034 2033
1 3 2033 2034 2115 2114
1 3 2114 2115 2196 2195
1 3 2115 2116 2197 2196
1 3 2034 2035 2116 2115
1 3 1953 1954 2035 2034
1 3 1872 1873 1954 1953
1 3 1871 1872 1953 1952
1 3 1870 1871 1952 1951
1 3 1789 1790 1871 1870
1 3 1790 1791 1872 1871
1 3 1791 1792 1873 1872
1 3 1710 1711 1792 1791
1 3 1629 1630 1711 1710
1 3 1628 1629 1710 1709
1 3 1709 1710 1791 1790
1 3 1708 1709 1790 1789
1 3 1627 1628 1709 1708
1 3 1626 1627 1708 1707
1 3 1707 1708 1789 1788
1 3 1706 1707 1788 1787
1 3 1625 1626 1707 1706
1 3 1624 1625 1706 1705
1 3 1705 1706 1787 1786
1 3 1786 1787 1868 1867
1 3 1787 1788 1869 1868
1 3 1788 1789 1870 1869
1 3 1869 1870 1951 1950
1 3 1868 1869 1950 1949
1 3 1867 1868 1949 1948
1 3 1866 1867 1948 1947
1 3 1865 1866 1947 1946
1 3 1784 1785 1866 1865
1 3 1785 1786 1867 1866
1 3 1704 1705 1786 1785
1 3 1623 1624 1705 1704
1 3 1622 1623 1704 1703
1 3 1703 1704 1785 1784
1 3 1702 1703 1784 1783
1 3 1621 1622 1703 1702
1 3 1620 1621 1702 1701
1 3 1701 1702 1783 1782
1 3 1782 1783 1864 1863
1 3 1783 1784 1865 1864
1 3 1864 1865 1946 1945
1 3 1863 1864 1945 1944
1 3 1944 1945 2026 2025
1 3 2025 2026 2107 2106
1 3 2106 2107 2188 2187
1 3 2107 2108 2189 2188
1 3 2026 2027 2108 2107
1 3 1945 1946 2027 2026
1 3 1946 1947 2028 2027
1 3 2027 2028 2109 2108
1 3 2028 2029 2110 2109
1 3 1947 1948 2029 2028
1 3 1948 1949 2030 2029
1 3 2029 2030 2111 2110
1 3 2110 2111 2192 2191
1 3 2191 2192 2273 2272
1 3 2190 2191 2272 2271
1 3 2109 2110 2191 2190
1 3 2108 2109 2190 2189
1 3 2189 2190 2271 2270
1 3 2270 2271 2352 2351
1 3 2271 2272 2353 2352
1 3 2272 2273 2354 2353
1 3 2353 2354 2435 2434
1 3 2352 2353 2434 2433
1 3 2351 2352 2433 2432
1 3 2350 2351 2432 2431
1 3 2269 2270 2351 2350
1 3 2188 2189 2270 2269
1 3 2187 2188 2269 2268
1 3 2268 2269 2350 2349
1 3 2349 2350 2431 2430
1 3 2430 2431 2512 2511
1 3 2431 2432 2513 2512
1 3 2432 2433 2514 2513
1 3 2513 2514 2595 2594
1 3 2512 2513 2594 2593
1 3 2511 2512 2593 2592
1 3 2592 2593 2674 2673
1 3 2593 2594 2675 2674
1 3 2674 2675 2756 2755
1 3 2673 2674 2755 2754
1 3 2754 2755 2836 2835
1 3 2755 2756 2837 2836
1 3 2756 2757 2838 2837
1 3 2757 2758 2839 2838
1 3 2676 2677 2758 2757
1 3 2675 2676 2757 2756
1 3 2594 2595 2676 2675
1 3 2595 2596 2677 2676
1 3 2596 2597 2678 2677
1 3 2677 2678 2759 2758
1 3 2758 2759 2840 2839
1 3 2759 2760 2841 2840
1 3 2678 2679 2760 2759
1 3 2597 2598 2679 2678
1 3 2516 2517 2598 2597
1 3 2515 2516 2597 2596
1 3 2514 2515 2596 2595
1 3 2433 2434 2515 2514
1 3 2434 2435 2516 2515
1 3 2435 2436 2517 2516
1 3 2436 2437 2518 2517
1 3 2517 2518 2599 2598
1 3 2598 2599 2680 2679
1 3 2599 2600 2681 2680
1 3 2518 2519 2600 2599
1 3 2437 2438 2519 2518
1 3 2438 2439 2520 2519
1 3 2439 2440 2521 2520
1 3 2520 2521 2602 2601
1 3 2519 2520 2601 2600
1 3 2600 2601 2682 2681
1 3 2601 2602 2683 2682
1 3 2682 2683 2764 2763
1 3 2681 2682 2763 2762
1 3 2762 2763 2844 2843
1 3 2763 2764 2845 2844
1 3 2844 2845 2926 2925
1 3 2843 2844 2925 2924
1 3 2842 2843 2924 2923
1 3 2761 2762 2843 2842
1 3 2680 2681 2762 2761
1 3 2679 2680 2761 2760
1 3 2760 2761 2842 2841
1 3 2841 2842 2923 2922
1 3 2922 2923 3004 3003
1 3 3003 3004 3085 3084
1 3 3004 3005 3086 3085
1 3 2923 2924 3005 3004
1 3 2924 2925 3006 3005
1 3 2925 2926 3007 3006
1 3 3006 3007 3088 3087
1 3 3005 3006 3087 3086
1 3 3086 3087 3168 3167
1 3 3087 3088 3169 3168
1 3 3168 3169 3250 3249
1 3 3167 3168 3249 3248
1 3 3166 3167 3248 3247
1 3 3085 3086 3167 3166
1 3 3084 3085 3166 3165
1 3 3165 3166 3247 3246
1 3 3164 3165 3246 3245
1 3 3163 3164 3245 3244
1 3 3162 3163 3244 3243
1 3 3081 3082 3163 3162
1 3 3082 3083 3164 3163
1 3 3083 3084 3165 3164
1 3 3002 3003 3084 3083
1 3 3001 3002 3083 3082
1 3 2920 2921 3002 3001
1 3 2921 2922 3003 3002
1 3 2840 2841 2922 2921
1 3 2839 2840 2921 2920
1 3 2838 2839 2920 2919
1 3 2837 2838 2919 2918
1 3 2918 2919 3000 2999
1 3 2919 2920 3001 3000
1 3 3000 3001 3082 3081
1 3 2999 3000 3081 3080
1 3 2998 2999 3080 3079
1 3 2917 2918 2999 2998
1 3 2836 2837 2918 2917
1 3 2835 2836 2917 2916
1 3 2916 2917 2998 2997
1 3 2997 2998 3079 3078
1 3 3078 3079 3160 3159
1 3 3079 3080 3161 3160
1 3 3080 3081 3162 3161
1 3 3161 3162 3243 3242
1 3 3160 3161 3242 3241
1 3 3159 3160 3241 3240
1 3 3240 3241 3322 3321
1 3 3321 3322 3403 3402
1 3 3402 3403 3484 3483
1 3 3403 3404 3485 3484
1 3 3322 3323 3404 3403
1 3 3241 3242 3323 3322
1 3 3242 3243 3324 3323
1 3 3323 3324 3405 3404
1 3 3324 3325 3406 3405
1 3 3243 3244 3325 3324
1 3 3244 3245 3326 3325
1 3 3325 3326 3407 3406
1 3 3406 3407 3488 3487
1 3 3487 3488 3569 3568
1 3 3486 3487 3568 3567
1 3 3405 3406 3487 3486
1 3 3404 3405 3486 3485
1 3 3485 3486 3567 3566
1 3 3566 3567 3648 3647
1 3 3567 3568 3649 3648
1 3 3568 3569 3650 3649
1 3 3649 3650 3731 3730
1 3 3648 3649 3730 3729
1 3 3647 3648 3729 3728
1 3 3646 3647 3728 3727
1 3 3565 3566 3647 3646
1 3 3484 3485 3566 3565
1 3 3483 3484 3565 3564
1 3 3564 3565 3646 3645
1 3 3645 3646 3727 3726
1 3 3726 3727 3808 3807
1 3 3727 3728 3809 3808
1 3 3728 3729 3810 3809
1 3 3809 3810 3891 3890
1 3 3808 3809 3890 3889
1 3 3807 3808 3889 3888
1 3 3888 3889 3970 3969
1 3 3969 3970 4051 4050
1 3 3970 3971 4052 4051
1 3 3889 3890 3971 3970
1 3 3890 3891 3972 3971
1 3 3971 3972 4053 4052
1 3 3972 3973 4054 4053
1 3 3891 3892 3973 3972
1 3 3892 3893 3974 3973
1 3 3973 3974 4055 4054
1 3 3974 3975 4056 4055
1 3 3893 3894 3975 3974
1 3 3812 3813 3894 3893
1 3 3811 3812 3893 3892
1 3 3810 3811 3892 3891
1 3 3729 3730 3811 3810
1 3 3730 3731 3812 3811
1 3 3731 3732 3813 3812
1 3 3732 3733 3814 3813
1 3 3733 3734 3815 3814
1 3 3814 3815 3896 3895
1 3 3813 3814 3895 3894
1 3 3894 3895 3976 3975
1 3 3975 3976 4057 4056
1 3 3976 3977 4058 4057
1 3 3895 3896 3977 3976
1 3 3896 3897 3978 3977
1 3 3977 3978 4059 4058
1 3 3978 3979 4060 4059
1 3 3897 3898 3979 3978
1 3 3816 3817 3898 3897
1 3 3815 3816 3897 3896
1 3 3734 3735 3816 3815
1 3 3735 3736 3817 3816
1 3 3654 3655 3736 3735
1 3 3573 3574 3655 3654
1 3 3492 3493 3574 3573
1 3 3491 3492 3573 3572
1 3 3572 3573 3654 3653
1 3 3653 3654 3735 3734
1 3 3652 3653 3734 3733
1 3 3571 3572 3653 3652
1 3 3570 3571 3652 3651
1 3 3651 3652 3733 3732
1 3 3650 3651 3732 3731
1 3 3569 3570 3651 3650
1 3 3488 3489 3570 3569
1 3 3407 3408 3489 3488
1 3 3408 3409 3490 3489
1 3 3489 3490 3571 3570
1 3 3490 3491 3572 3571
1 3 3409 3410 3491 3490
1 3 3328 3329 3410 3409
1 3 3327 3328 3409 3408
1 3 3326 3327 3408 3407
1 3 3245 3246 3327 3326
1 3 3246 3247 3328 3327
1 3 3247 3248 3329 3328
1 3 3248 3249 3330 3329
1 3 3329 3330 3411 3410
1 3 3410 3411 3492 3491
1 3 3411 3412 3493 3492
1 3 3330 3331 3412 3411
1 3 3249 3250 3331 3330
1 3 3250 3251 3332 3331
1 3 3251 3252 3333 3332
1 3 3252 3253 3334 3333
1 3 3333 3334 3415 3414
1 3 3332 3333 3414 3413
1 3 3331 3332 3413 3412
1 3 3412 3413 3494 3493
1 3 3413 3414 3495 3494
1 3 3494 3495 3576 3575
1 3 3493 3494 3575 3574
1 3 3574 3575 3656 3655
1 3 3575 3576 3657 3656
1 3 3576 3577 3658 3657
1 3 3577 3578 3659 3658
1 3 3496 3497 3578 3577
1 3 3495 3496 3577 3576
1 3 3414 3415 3496 3495
1 3 3415 3416 3497 3496
1 3 3416 3417 3498 3497
1 3 3497 3498 3579 3578
1 3 3578 3579 3660 3659
1 3 3579 3580 3661 3660
1 3 3498 3499 3580 3579
1 3 3417 3418 3499 3498
1 3 3336 3337 3418 3417
1 3 3335 3336 3417 3416
1 3 3334 3335 3416 3415
1 3 3253 3254 3335 3334
1 3 3254 3255 3336 3335
1 3 3255 3256 3337 3336
1 3 3256 3257 3338 3337
1 3 3337 3338 3419 3418
1 3 3418 3419 3500 3499
1 3 3419 3420 3501 3500
1 3 3338 3339 3420 3419
1 3 3257 3258 3339 3338
1 3 3258 3259 3340 3339
1 3 3259 3260 3341 3340
1 3 3340 3341 3422 3421
1 3 3339 3340 3421 3420
1 3 3420 3421 3502 3501
1 3 3421 3422 3503 3502
1 3 3502 3503 3584 3583
1 3 3501 3502 3583 3582
1 3 3582 3583 3664 3663
1 3 3583 3584 3665 3664
1 3 3664 3665 3746 3745
1 3 3663 3664 3745 3744
1 3 3662 3663 3744 3743
1 3 3581 3582 3663 3662
1 3 3500 3501 3582 3581
1 3 3499 3500 3581 3580
1 3 3580 3581 3662 3661
1 3 3661 3662 3743 3742
1 3 3742 3743 3824 3823
1 3 3823 3824 3905 3904
1 3 3824 3825 3906 3905
1 3 3743 3744 3825 3824
1 3 3744 3745 3826 3825
1 3 3745 3746 3827 3826
1 3 3826 3827 3908 3907
1 3 3825 3826 3907 3906
1 3 3906 3907 3988 3987
1 3 3907 3908 3989 3988
1 3 3988 3989 4070 4069
1 3 3987 3988 4069 4068
1 3 3986 3987 4068 4067
1 3 3905 3906 3987 3986
1 3 3904 3905 3986 3985
1 3 3985 3986 4067 4066
1 3 3984 3985 4066 4065
1 3 3983 3984 4065 4064
1 3 3982 3983 4064 4063
1 3 3901 3902 3983 3982
1 3 3902 3903 3984 3983
1 3 3903 3904 3985 3984
1 3 3822 3823 3904 3903
1 3 3821 3822 3903 3902
1 3 3740 3741 3822 3821
1 3 3741 3742 3823 3822
1 3 3660 3661 3742 3741
1 3 3659 3660 3741 3740
1 3 3658 3659 3740 3739
1 3 3657 3658 3739 3738
1 3 3738 3739 3820 3819
1 3 3739 3740 3821 3820
1 3 3820 3821 3902 3901
1 3 3819 3820 3901 3900
1 3 3818 3819 3900 3899
1 3 3737 3738 3819 3818
1 3 3656 3657 3738 3737
1 3 3655 3656 3737 3736
1 3 3736 3737 3818 3817
1 3 3817 3818 3899 3898
1 3 3898 3899 3980 3979
1 3 3899 3900 3981 3980
1 3 3900 3901 3982 3981
1 3 3981 3982 4063 4062
1 3 3980 3981 4062 4061
1 3 3979 3980 4061 4060
1 3 4060 4061 4142 4141
1 3 4061 4062 4143 4142
1 3 4062 4063 4144 4143
1 3 4143 4144 4225 4224
1 3 4142 4143 4224 4223
1 3 4141 4142 4223 4222
1 3 4222 4223 4304 4303
1 3 4223 4224 4305 4304
1 3 4304 4305 4386 4385
1 3 4303 4304 4385 4384
1 3 4384 4385 4466 4465
1 3 4385 4386 4467 4466
1 3 4386 4387 4468 4467
1 3 4387 4388 4469 4468
1 3 4306 4307 4388 4387
1 3 4305 4306 4387 4386
1 3 4224 4225 4306 4305
1 3 4225 4226 4307 4306
1 3 4226 4227 4308 4307
1 3 4307 4308 4389 4388
1 3 4388 4389 4470 4469
1 3 4389 4390 4471 4470
1 3 4308 4309 4390 4389
1 3 4227 4228 4309 4308
1 3 4146 4147 4228 4227
1 3 4145 4146 4227 4226
1 3 4144 4145 4226 4225
1 3 4063 4064 4145 4144
1 3 4064 4065 4146 4145
1 3 4065 4066 4147 4146
1 3 4066 4067 4148 4147
1 3 4147 4148 4229 4228
1 3 4228 4229 4310 4309
1 3 4229 4230 4311 4310
1 3 4148 4149 4230 4229
1 3 4067 4068 4149 4148
1 3 4068 4069 4150 4149
1 3 4069 4070 4151 4150
1 3 4150 4151 4232 4231
1 3 4149 4150 4231 4230
1 3 4230 4231 4312 4311
1 3 4231 4232 4313 4312
1 3 4312 4313 4394 4393
1 3 4311 4312 4393 4392
1 3 4392 4393 4474 4473
1 3 4393 4394 4475 4474
1 3 4474 4475 4556 4555
1 3 4473 4474 4555 4554
1 3 4472 4473 4554 4553
1 3 4391 4392 4473 4472
1 3 4310 4311 4392 4391
1 3 4309 4310 4391 4390
1 3 4390 4391 4472 4471
1 3 4471 4472 4553 4552
1 3 4552 4553 4634 4633
1 3 4633 4634 4715 4714
1 3 4634 4635 4716 4715
1 3 4553 4554 4635 4634
1 3 4554 4555 4636 4635
1 3 4555 4556 4637 4636
1 3 4636 4637 4718 4717
1 3 4635 4636 4717 4716
1 3 4716 4717 4798 4797
1 3 4717 4718 4799 4798
1 3 4798 4799 4880 4879
1 3 4797 4798 4879 4878
1 3 4796 4797 4878 4877
1 3 4715 4716 4797 4796
1 3 4714 4715 4796 4795
1 3 4795 4796 4877 4876
1 3 4794 4795 4876 4875
1 3 4793 4794 4875 4874
1 3 4792 4793 4874 4873
1 3 4711 4712 4793 4792
1 3 4712 4713 4794 4793
1 3 4713 4714 4795 4794
1 3 4632 4633 4714 4713
1 3 4631 4632 4713 4712
1 3 4550 4551 4632 4631
1 3 4551 4552 4633 4632
1 3 4470 4471 4552 4551
1 3 4469 4470 4551 4550
1 3 4468 4469 4550 4549
1 3 4467 4468 4549 4548
1 3 4548 4549 4630 4629
1 3 4549 4550 4631 4630
1 3 4630 4631 4712 4711
1 3 4629 4630 4711 4710
1 3 4628 4629 4710 4709
1 3 4547 4548 4629 4628
1 3 4466 4467 4548 4547
1 3 4465 4466 4547 4546
1 3 4546 4547 4628 4627
1 3 4627 4628 4709 4708
1 3 4708 4709 4790 4789
1 3 4709 4710 4791 4790
1 3 4710 4711 4792 4791
1 3 4791 4792 4873 4872
1 3 4790 4791 4872 4871
1 3 4789 4790 4871 4870
1 3 4788 4789 4870 4869
1 3 4707 4708 4789 4788
1 3 4626 4627 4708 4707
1 3 4625 4626 4707 4706
1 3 4706 4707 4788 4787
1 3 4787 4788 4869 4868
1 3 4786 4787 4868 4867
1 3 4705 4706 4787 4786
1 3 4704 4705 4786 4785
1 3 4785 4786 4867 4866
1 3 4784 4785 4866 4865
1 3 4703 4704 4785 4784
1 3 4622 4623 4704 4703
1 3 4541 4542 4623 4622
1 3 4542 4543 4624 4623
1 3 4623 4624 4705 4704
1 3 4624 4625 4706 4705
1 3 4543 4544 4625 4624
1 3 4462 4463 4544 4543
1 3 4461 4462 4543 4542
1 3 4460 4461 4542 4541
1 3 4379 4380 4461 4460
1 3 4380 4381 4462 4461
1 3 4381 4382 4463 4462
1 3 4382 4383 4464 4463
1 3 4463 4464 4545 4544
1 3 4544 4545 4626 4625
1 3 4545 4546 4627 4626
1 3 4464 4465 4546 4545
1 3 4383 4384 4465 4464
1 3 4302 4303 4384 4383
1 3 4301 4302 4383 4382
1 3 4300 4301 4382 4381
1 3 4219 4220 4301 4300
1 3 4220 4221 4302 4301
1 3 4221 4222 4303 4302
1 3 4140 4141 4222 4221
1 3 4059 4060 4141 4140
1 3 4058 4059 4140 4139
1 3 4139 4140 4221 4220
1 3 4138 4139 4220 4219
1 3 4057 4058 4139 4138
1 3 4056 4057 4138 4137
1 3 4137 4138 4219 4218
1 3 4136 4137 4218 4217
1 3 4055 4056 4137 4136
1 3 4054 4055 4136 4135
1 3 4135 4136 4217 4216
1 3 4216 4217 4298 4297
1 3 4217 4218 4299 4298
1 3 4218 4219 4300 4299
1 3 4299 4300 4381 4380
1 3 4298 4299 4380 4379
1 3 4297 4298 4379 4378
1 3 4296 4297 4378 4377
1 3 4295 4296 4377 4376
1 3 4214 4215 4296 4295
1 3 4215 4216 4297 4296
1 3 4134 4135 4216 4215
1 3 4053 4054 4135 4134
1 3 4052 4053 4134 4133
1 3 4133 4134 4215 4214
1 3 4132 4133 4214 4213
1 3 4051 4052 4133 4132
1 3 4050 4051 4132 4131
1 3 4131 4132 4213 4212
1 3 4212 4213 4294 4293
1 3 4213 4214 4295 4294
1 3 4294 4295 4376 4375
1 3 4293 4294 4375 4374
1 3 4374 4375 4456 4455
1 3 4455 4456 4537 4536
1 3 4536 4537 4618 4617
1 3 4537 4538 4619 4618
1 3 4456 4457 4538 4537
1 3 4375 4376 4457 4456
1 3 4376 4377 4458 4457
1 3 4457 4458 4539 4538
1 3 4458 4459 4540 4539
1 3 4377 4378 4459 4458
1 3 4378 4379 4460 4459
1 3 4459 4460 4541 4540
1 3 4540 4541 4622 4621
1 3 4621 4622 4703 4702
1 3 4620 4621 4702 4701
1 3 4539 4540 4621 4620
1 3 4538 4539 4620 4619
1 3 4619 4620 4701 4700
1 3 4700 4701 4782 4781
1 3 4701 4702 4783 4782
1 3 4702 4703 4784 4783
1 3 4783 4784 4865 4864
1 3 4782 4783 4864 4863
1 3 4781 4782 4863 4862
1 3 4780 4781 4862 4861
1 3 4699 4700 4781 4780
1 3 4618 4619 4700 4699
1 3 4617 4618 4699 4698
1 3 4698 4699 4780 4779
1 3 4779 4780 4861 4860
1 3 4860 4861 4942 4941
1 3 4861 4862 4943 4942
1 3 4862 4863 4944 4943
1 3 4943 4944 5025 5024
1 3 4942 4943 5024 5023
1 3 4941 4942 5023 5022
1 3 5022 5023 5104 5103
1 3 5023 5024 5105 5104
1 3 5104 5105 5186 5185
1 3 5103 5104 5185 5184
1 3 5184 5185 5266 5265
1 3 5185 5186 5267 5266
1 3 5186 5187 5268 5267
1 3 5187 5188 5269 5268
1 3 5106 5107 5188 5187
1 3 5105 5106 5187 5186
1 3 5024 5025 5106 5105
1 3 5025 5026 5107 5106
1 3 5026 5027 5108 5107
1 3 5107 5108 5189 5188
1 3 5188 5189 5270 5269
1 3 5189 5190 5271 5270
1 3 5108 5109 5190 5189
1 3 5027 5028 5109 5108
1 3 4946 4947 5028 5027
1 3 4945 4946 5027 5026
1 3 4944 4945 5026 5025
1 3 4863 4864 4945 4944
1 3 4864 4865 4946 4945
1 3 4865 4866 4947 4946
1 3 4866 4867 4948 4947
1 3 4947 4948 5029 5028
1 3 5028 5029 5110 5109
1 3 5029 5030 5111 5110
1 3 4948 4949 5030 5029
1 3 4867 4868 4949 4948
1 3 4868 4869 4950 4949
1 3 4869 4870 4951 4950
1 3 4950 4951 5032 5031
1 3 4949 4950 5031 5030
1 3 5030 5031 5112 5111
1 3 5031 5032 5113 5112
1 3 5112 5113 5194 5193
1 3 5111 5112 5193 5192
1 3 5192 5193 5274 5273
1 3 5193 5194 5275 5274
1 3 5274 5275 5356 5355
1 3 5273 5274 5355 5354
1 3 5272 5273 5354 5353
1 3 5191 5192 5273 5272
1 3 5110 5111 5192 5191
1 3 5109 5110 5191 5190
1 3 5190 5191 5272 5271
1 3 5271 5272 5353 5352
1 3 5352 5353 5434 5433
1 3 5433 5434 5515 5514
1 3 5434 5435 5516 5515
1 3 5353 5354 5435 5434
1 3 5354 5355 5436 5435
1 3 5355 5356 5437 5436
1 3 5436 5437 5518 5517
1 3 5435 5436 5517 5516
1 3 5516 5517 5598 5597
1 3 5517 5518 5599 5598
1 3 5598 5599 5680 5679
1 3 5597 5598 5679 5678
1 3 5596 5597 5678 5677
1 3 5515 5516 5597 5596
1 3 5514 5515 5596 5595
1 3 5595 5596 5677 5676
1 3 5594 5595 5676 5675
1 3 5593 5594 5675 5674
1 3 5592 5593 5674 5673
1 3 5511 5512 5593 5592
1 3 5512 5513 5594 5593
1 3 5513 5514 5595 5594
1 3 5432 5433 5514 5513
1 3 5431 5432 5513 5512
1 3 5350 5351 5432 5431
1 3 5351 5352 5433 5432
1 3 5270 5271 5352 5351
1 3 5269 5270 5351 5350
1 3 5268 5269 5350 5349
1 3 5267 5268 5349 5348
1 3 5348 5349 5430 5429
1 3 5349 5350 5431 5430
1 3 5430 5431 5512 5511
1 3 5429 5430 5511 5510
1 3 5428 5429 5510 5509
1 3 5347 5348 5429 5428
1 3 5266 5267 5348 5347
1 3 5265 5266 5347 5346
1 3 5346 5347 5428 5427
1 3 5427 5428 5509 5508
1 3 5508 5509 5590 5589
1 3 5509 5510 5591 5590
1 3 5510 5511 5592 5591
1 3 5591 5592 5673 5672
1 3 5590 5591 5672 5671
1 3 5589 5590 5671 5670
1 3 5670 5671 5752 5751
1 3 5751 5752 5833 5832
1 3 5832 5833 5914 5913
1 3 5833 5834 5915 5914
1 3 5752 5753 5834 5833
1 3 5671 5672 5753 5752
1 3 5672 5673 5754 5753
1 3 5753 5754 5835 5834
1 3 5754 5755 5836 5835
1 3 5673 5674 5755 5754
1 3 5674 5675 5756 5755
1 3 5755 5756 5837 5836
1 3 5836 5837 5918 5917
1 3 5917 5918 5999 5998
1 3 5916 5917 5998 5997
1 3 5835 5836 5917 5916
1 3 5834 5835 5916 5915
1 3 5915 5916 5997 5996
1 3 5996 5997 6078 6077
1 3 5997 5998 6079 6078
1 3 5998 5999 6080 6079
1 3 6079 6080 6161 6160
1 3 6078 6079 6160 6159
1 3 6077 6078 6159 6158
1 3 6076 6077 6158 6157
1 3 5995 5996 6077 6076
1 3 5914 5915 5996 5995
1 3 5913 5914 5995 5994
1 3 5994 5995 6076 6075
1 3 6075 6076 6157 6156
1 3 6156 6157 6238 6237
1 3 6157 6158 6239 6238
1 3 6158 6159 6240 6239
1 3 6239 6240 6321 6320
1 3 6238 6239 6320 6319
1 3 6237 6238 6319 6318
1 3 6318 6319 6400 6399
1 3 6399 6400 6481 6480
1 3 6400 6401 6482 6481
1 3 6319 6320 6401 6400
1 3 6320 6321 6402 6401
1 3 6401 6402 6483 6482
1 3 6402 6403 6484 6483
1 3 6321 6322 6403 6402
1 3 6322 6323 6404 6403
1 3 6403 6404 6485 6484
1 3 6404 6405 6486 6485
1 3 6323 6324 6405 6404
1 3 6242 6243 6324 6323
1 3 6241 6242 6323 6322
1 3 6240 6241 6322 6321
1 3 6159 6160 6241 6240
1 3 6160 6161 6242 6241
1 3 6161 6162 6243 6242
1 3 6162 6163 6244 6243
1 3 6163 6164 6245 6244
1 3 6244 6245 6326 6325
1 3 6243 6244 6325 6324
1 3 6324 6325 6406 6405
1 3 6405 6406 6487 6486
1 3 6406 6407 6488 6487
1 3 6325 6326 6407 6406
1 3 6326 6327 6408 6407
1 3 6407 6408 6489 6488
1 3 6408 6409 6490 6489
1 3 6327 6328 6409 6408
1 3 6246 6247 6328 6327
1 3 6245 6246 6327 6326
1 3 6164 6165 6246 6245
1 3 6165 6166 6247 6246
1 3 6084 6085 6166 6165
1 3 6003 6004 6085 6084
1 3 5922 5923 6004 6003
1 3 5921 5922 6003 6002
1 3 6002 6003 6084 6083
1 3 6083 6084 6165 6164
1 3 6082 6083 6164 6163
1 3 6001 6002 6083 6082
1 3 6000 6001 6082 6081
1 3 6081 6082 6163 6162
1 3 6080 6081 6162 6161
1 3 5999 6000 6081 6080
1 3 5918 5919 6000 5999
1 3 5837 5838 5919 5918
1 3 5838 5839 5920 5919
1 3 5919 5920 6001 6000
1 3 5920 5921 6002 6001
1 3 5839 5840 5921 5920
1 3 5758 5759 5840 5839
1 3 5757 5758 5839 5838
1 3 5756 5757 5838 5837
1 3 5675 5676 5757 5756
1 3 5676 5677 5758 5757
1 3 5677 5678 5759 5758
1 3 5678 5679 5760 5759
1 3 5759 5760 5841 5840
1 3 5840 5841 5922 5921
1 3 5841 5842 5923 5922
1 3 5760 5761 5842 5841
1 3 5679 5680 5761 5760
1 3 5680 5681 5762 5761
1 3 5761 5762 5843 5842
1 3 5842 5843 5924 5923
1 3 5843 5844 5925 5924
1 3 5762 5763 5844 5843
1 3 5681 5682 5763 5762
1 3 5682 5683 5764 5763
1 3 5763 5764 5845 5844
1 3 5764 5765 5846 5845
1 3 5683 5684 5765 5764
1 3 5684 5685 5766 5765
1 3 5765 5766 5847 5846
1 3 5846 5847 5928 5927
1 3 5927 5928 6009 6008
1 3 5926 5927 6008 6007
1 3 5845 5846 5927 5926
1 3 5844 5845 5926 5925
1 3 5925 5926 6007 6006
1 3 6006 6007 6088 6087
1 3 6007 6008 6089 6088
1 3 6008 6009 6090 6089
1 3 6089 6090 6171 6170
1 3 6088 6089 6170 6169
1 3 6087 6088 6169 6168
1 3 6086 6087 6168 6167
1 3 6005 6006 6087 6086
1 3 5924 5925 6006 6005
1 3 5923 5924 6005 6004
1 3 6004 6005 6086 6085
1 3 6085 6086 6167 6166
1 3 6166 6167 6248 6247
1 3 6167 6168 6249 6248
1 3 6168 6169 6250 6249
1 3 6249 6250 6331 6330
1 3 6248 6249 6330 6329
1 3 6247 6248 6329 6328
1 3 6328 6329 6410 6409
1 3 6409 6410 6491 6490
1 3 6410 6411 6492 6491
1 3 6329 6330 6411 6410
1 3 6330 6331 6412 6411
1 3 6411 6412 6493 6492
1 3 6412 6413 6494 6493
1 3 6331 6332 6413 6412
1 3 6332 6333 6414 6413
1 3 6413 6414 6495 6494
1 3 6414 6415 6496 6495
1 3 6333 6334 6415 6414
1 3 6252 6253 6334 6333
1 3 6251 6252 6333 6332
1 3 6250 6251 6332 6331
1 3 6169 6170 6251 6250
1 3 6170 6171 6252 6251
1 3 6171 6172 6253 6252
1 3 6172 6173 6254 6253
1 3 6173 6174 6255 6254
1 3 6254 6255 6336 6335
1 3 6253 6254 6335 6334
1 3 6334 6335 6416 6415
1 3 6415 6416 6497 6496
1 3 6416 6417 6498 6497
1 3 6335 6336 6417 6416
1 3 6336 6337 6418 6417
1 3 6417 6418 6499 6498
1 3 6418 6419 6500 6499
1 3 6337 6338 6419 6418
1 3 6256 6257 6338 6337
1 3 6255 6256 6337 6336
1 3 6174 6175 6256 6255
1 3 6175 6176 6257 6256
1 3 6094 6095 6176 6175
1 3 6013 6014 6095 6094
1 3 5932 5933 6014 6013
1 3 5931 5932 6013 6012
1 3 6012 6013 6094 6093
1 3 6093 6094 6175 6174
1 3 6092 6093 6174 6173
1 3 6011 6012 6093 6092
1 3 6010 6011 6092 6091
1 3 6091 6092 6173 6172
1 3 6090 6091 6172 6171
1 3 6009 6010 6091 6090
1 3 5928 5929 6010 6009
1 3 5847 5848 5929 5928
1 3 5848 5849 5930 5929
1 3 5929 5930 6011 6010
1 3 5930 5931 6012 6011
1 3 5849 5850 5931 5930
1 3 5768 5769 5850 5849
1 3 5767 5768 5849 5848
1 3 5766 5767 5848 5847
1 3 5685 5686 5767 5766
1 3 5686 5687 5768 5767
1 3 5687 5688 5769 5768
1 3 5688 5689 5770 5769
1 3 5769 5770 5851 5850
1 3 5850 5851 5932 5931
1 3 5851 5852 5933 5932
1 3 5770 5771 5852 5851
1 3 5689 5690 5771 5770
1 3 5608 5609 5690 5689
1 3 5607 5608 5689 5688
1 3 5606 5607 5688 5687
1 3 5525 5526 5607 5606
1 3 5526 5527 5608 5607
1 3 5527 5528 5609 5608
1 3 5446 5447 5528 5527
1 3 5445 5446 5527 5526
1 3 5364 5365 5446 5445
1 3 5365 5366 5447 5446
1 3 5284 5285 5366 5365
1 3 5283 5284 5365 5364
1 3 5282 5283 5364 5363
1 3 5281 5282 5363 5362
1 3 5362 5363 5444 5443
1 3 5363 5364 5445 5444
1 3 5444 5445 5526 5525
1 3 5443 5444 5525 5524
1 3 5442 5443 5524 5523
1 3 5361 5362 5443 5442
1 3 5280 5281 5362 5361
1 3 5279 5280 5361 5360
1 3 5360 5361 5442 5441
1 3 5441 5442 5523 5522
1 3 5522 5523 5604 5603
1 3 5523 5524 5605 5604
1 3 5524 5525 5606 5605
1 3 5605 5606 5687 5686
1 3 5604 5605 5686 5685
1 3 5603 5604 5685 5684
1 3 5602 5603 5684 5683
1 3 5521 5522 5603 5602
1 3 5440 5441 5522 5521
1 3 5439 5440 5521 5520
1 3 5520 5521 5602 5601
1 3 5601 5602 5683 5682
1 3 5600 5601 5682 5681
1 3 5599 5600 5681 5680
1 3 5518 5519 5600 5599
1 3 5519 5520 5601 5600
1 3 5438 5439 5520 5519
1 3 5437 5438 5519 5518
1 3 5356 5357 5438 5437
1 3 5357 5358 5439 5438
1 3 5276 5277 5358 5357
1 3 5275 5276 5357 5356
1 3 5194 5195 5276 5275
1 3 5195 5196 5277 5276
1 3 5196 5197 5278 5277
1 3 5277 5278 5359 5358
1 3 5358 5359 5440 5439
1 3 5359 5360 5441 5440
1 3 5278 5279 5360 5359
1 3 5197 5198 5279 5278
1 3 5116 5117 5198 5197
1 3 5035 5036 5117 5116
1 3 5034 5035 5116 5115
1 3 5115 5116 5197 5196
1 3 5114 5115 5196 5195
1 3 5113 5114 5195 5194
1 3 5032 5033 5114 5113
1 3 5033 5034 5115 5114
1 3 4952 4953 5034 5033
1 3 4951 4952 5033 5032
1 3 4870 4871 4952 4951
1 3 4871 4872 4953 4952
1 3 4872 4873 4954 4953
1 3 4953 4954 5035 5034
1 3 4954 4955 5036 5035
1 3 4873 4874 4955 4954
1 3 4874 4875 4956 4955
1 3 4875 4876 4957 4956
1 3 4876 4877 4958 4957
1 3 4957 4958 5039 5038
1 3 4956 4957 5038 5037
1 3 4955 4956 5037 5036
1 3 5036 5037 5118 5117
1 3 5037 5038 5119 5118
1 3 5118 5119 5200 5199
1 3 5117 5118 5199 5198
1 3 5198 5199 5280 5279
1 3 5199 5200 5281 5280
1 3 5200 5201 5282 5281
1 3 5201 5202 5283 5282
1 3 5120 5121 5202 5201
1 3 5119 5120 5201 5200
1 3 5038 5039 5120 5119
1 3 5039 5040 5121 5120
1 3 5040 5041 5122 5121
1 3 5121 5122 5203 5202
1 3 5202 5203 5284 5283
1 3 5203 5204 5285 5284
1 3 5122 5123 5204 5203
1 3 5041 5042 5123 5122
1 3 4960 4961 5042 5041
1 3 4959 4960 5041 5040
1 3 4958 4959 5040 5039
1 3 4877 4878 4959 4958
1 3 4878 4879 4960 4959
1 3 4879 4880 4961 4960
1 3 4880 4881 4962 4961
1 3 4881 4882 4963 4962
1 3 4882 4883 4964 4963
1 3 4963 4964 5045 5044
1 3 4962 4963 5044 5043
1 3 4961 4962 5043 5042
1 3 5042 5043 5124 5123
1 3 5043 5044 5125 5124
1 3 5124 5125 5206 5205
1 3 5123 5124 5205 5204
1 3 5204 5205 5286 5285
1 3 5205 5206 5287 5286
1 3 5206 5207 5288 5287
1 3 5207 5208 5289 5288
1 3 5126 5127 5208 5207
1 3 5125 5126 5207 5206
1 3 5044 5045 5126 5125
1 3 5045 5046 5127 5126
1 3 5046 5047 5128 5127
1 3 5127 5128 5209 5208
1 3 5208 5209 5290 5289
1 3 5209 5210 5291 5290
1 3 5128 5129 5210 5209
1 3 5047 5048 5129 5128
1 3 4966 4967 5048 5047
1 3 4965 4966 5047 5046
1 3 4964 4965 5046 5045
1 3 4883 4884 4965 4964
1 3 4884 4885 4966 4965
1 3 4885 4886 4967 4966
1 3 4886 4887 4968 4967
1 3 4967 4968 5049 5048
1 3 5048 5049 5130 5129
1 3 5049 5050 5131 5130
1 3 4968 4969 5050 5049
1 3 4887 4888 4969 4968
1 3 4888 4889 4970 4969
1 3 4889 4890 4971 4970
1 3 4970 4971 5052 5051
1 3 4969 4970 5051 5050
1 3 5050 5051 5132 5131
1 3 5051 5052 5133 5132
1 3 5132 5133 5214 5213
1 3 5131 5132 5213 5212
1 3 5212 5213 5294 5293
1 3 5213 5214 5295 5294
1 3 5294 5295 5376 5375
1 3 5293 5294 5375 5374
1 3 5292 5293 5374 5373
1 3 5211 5212 5293 5292
1 3 5130 5131 5212 5211
1 3 5129 5130 5211 5210
1 3 5210 5211 5292 5291
1 3 5291 5292 5373 5372
1 3 5372 5373 5454 5453
1 3 5453 5454 5535 5534
1 3 5454 5455 5536 5535
1 3 5373 5374 5455 5454
1 3 5374 5375 5456 5455
1 3 5375 5376 5457 5456
1 3 5456 5457 5538 5537
1 3 5455 5456 5537 5536
1 3 5536 5537 5618 5617
1 3 5537 5538 5619 5618
1 3 5618 5619 5700 5699
1 3 5617 5618 5699 5698
1 3 5616 5617 5698 5697
1 3 5535 5536 5617 5616
1 3 5534 5535 5616 5615
1 3 5615 5616 5697 5696
1 3 5614 5615 5696 5695
1 3 5613 5614 5695 5694
1 3 5612 5613 5694 5693
1 3 5531 5532 5613 5612
1 3 5532 5533 5614 5613
1 3 5533 5534 5615 5614
1 3 5452 5453 5534 5533
1 3 5451 5452 5533 5532
1 3 5370 5371 5452 5451
1 3 5371 5372 5453 5452
1 3 5290 5291 5372 5371
1 3 5289 5290 5371 5370
1 3 5288 5289 5370 5369
1 3 5287 5288 5369 5368
1 3 5368 5369 5450 5449
1 3 5369 5370 5451 5450
1 3 5450 5451 5532 5531
1 3 5449 5450 5531 5530
1 3 5448 5449 5530 5529
1 3 5367 5368 5449 5448
1 3 5286 5287 5368 5367
1 3 5285 5286 5367 5366
1 3 5366 5367 5448 5447
1 3 5447 5448 5529 5528
1 3 5528 5529 5610 5609
1 3 5529 5530 5611 5610
1 3 5530 5531 5612 5611
1 3 5611 5612 5693 5692
1 3 5610 5611 5692 5691
1 3 5609 5610 5691 5690
1 3 5690 5691 5772 5771
1 3 5771 5772 5853 5852
1 3 5852 5853 5934 5933
1 3 5853 5854 5935 5934
1 3 5772 5773 5854 5853
1 3 5691 5692 5773 5772
1 3 5692 5693 5774 5773
1 3 5773 5774 5855 5854
1 3 5774 5775 5856 5855
1 3 5693 5694 5775 5774
1 3 5694 5695 5776 5775
1 3 5775 5776 5857 5856
1 3 5856 5857 5938 5937
1 3 5937 5938 6019 6018
1 3 5936 5937 6018 6017
1 3 5855 5856 5937 5936
1 3 5854 5855 5936 5935
1 3 5935 5936 6017 6016
1 3 6016 6017 6098 6097
1 3 6017 6018 6099 6098
1 3 6018 6019 6100 6099
1 3 6099 6100 6181 6180
1 3 6098 6099 6180 6179
1 3 6097 6098 6179 6178
1 3 6096 6097 6178 6177
1 3 6015 6016 6097 6096
1 3 5934 5935 6016 6015
1 3 5933 5934 6015 6014
1 3 6014 6015 6096 6095
1 3 6095 6096 6177 6176
1 3 6176 6177 6258 6257
1 3 6177 6178 6259 6258
1 3 6178 6179 6260 6259
1 3 6259 6260 6341 6340
1 3 6258 6259 6340 6339
1 3 6257 6258 6339 6338
1 3 6338 6339 6420 6419
1 3 6419 6420 6501 6500
1 3 6420 6421 6502 6501
1 3 6339 6340 6421 6420
1 3 6340 6341 6422 6421
1 3 6421 6422 6503 6502
1 3 6422 6423 6504 6503
1 3 6341 6342 6423 6422
1 3 6342 6343 6424 6423
1 3 6423 6424 6505 6504
1 3 6424 6425 6506 6505
1 3 6343 6344 6425 6424
1 3 6262 6263 6344 6343
1 3 6261 6262 6343 6342
1 3 6260 6261 6342 6341
1 3 6179 6180 6261 6260
1 3 6180 6181 6262 6261
1 3 6181 6182 6263 6262
1 3 6182 6183 6264 6263
1 3 6183 6184 6265 6264
1 3 6264 6265 6346 6345
1 3 6263 6264 6345 6344
1 3 6344 6345 6426 6425
1 3 6425 6426 6507 6506
1 3 6426 6427 6508 6507
1 3 6345 6346 6427 6426
1 3 6346 6347 6428 6427
1 3 6427 6428 6509 6508
1 3 6428 6429 6510 6509
1 3 6347 6348 6429 6428
1 3 6266 6267 6348 6347
1 3 6265 6266 6347 6346
1 3 6184 6185 6266 6265
1 3 6185 6186 6267 6266
1 3 6104 6105 6186 6185
1 3 6023 6024 6105 6104
1 3 5942 5943 6024 6023
1 3 5941 5942 6023 6022
1 3 6022 6023 6104 6103
1 3 6103 6104 6185 6184
1 3 6102 6103 6184 6183
1 3 6021 6022 6103 6102
1 3 6020 6021 6102 6101
1 3 6101 6102 6183 6182
1 3 6100 6101 6182 6181
1 3 6019 6020 6101 6100
1 3 5938 5939 6020 6019
1 3 5857 5858 5939 5938
1 3 5858 5859 5940 5939
1 3 5939 5940 6021 6020
1 3 5940 5941 6022 6021
1 3 5859 5860 5941 5940
1 3 5778 5779 5860 5859
1 3 5777 5778 5859 5858
1 3 5776 5777 5858 5857
1 3 5695 5696 5777 5776
1 3 5696 5697 5778 5777
1 3 5697 5698 5779 5778
1 3 5698 5699 5780 5779
1 3 5779 5780 5861 5860
1 3 5860 5861 5942 5941
1 3 5861 5862 5943 5942
1 3 5780 5781 5862 5861
1 3 5699 5700 5781 5780
1 3 5700 5701 5782 5781
1 3 5781 5782 5863 5862
1 3 5862 5863 5944 5943
1 3 5863 5864 5945 5944
1 3 5782 5783 5864 5863
1 3 5701 5702 5783 5782
1 3 5702 5703 5784 5783
1 3 5783 5784 5865 5864
1 3 5784 5785 5866 5865
1 3 5703 5704 5785 5784
1 3 5704 5705 5786 5785
1 3 5785 5786 5867 5866
1 3 5866 5867 5948 5947
1 3 5947 5948 6029 6028
1 3 5946 5947 6028 6027
1 3 5865 5866 5947 5946
1 3 5864 5865 5946 5945
1 3 5945 5946 6027 6026
1 3 6026 6027 6108 6107
1 3 6027 6028 6109 6108
1 3 6028 6029 6110 6109
1 3 6109 6110 6191 6190
1 3 6108 6109 6190 6189
1 3 6107 6108 6189 6188
1 3 6106 6107 6188 6187
1 3 6025 6026 6107 6106
1 3 5944 5945 6026 6025
1 3 5943 5944 6025 6024
1 3 6024 6025 6106 6105
1 3 6105 6106 6187 6186
1 3 6186 6187 6268 6267
1 3 6187 6188 6269 6268
1 3 6188 6189 6270 6269
1 3 6269 6270 6351 6350
1 3 6268 6269 6350 6349
1 3 6267 6268 6349 6348
1 3 6348 6349 6430 6429
1 3 6429 6430 6511 6510
1 3 6430 6431 6512 6511
1 3 6349 6350 6431 6430
1 3 6350 6351 6432 6431
1 3 6431 6432 6513 6512
1 3 6432 6433 6514 6513
1 3 6351 6352 6433 6432
1 3 6352 6353 6434 6433
1 3 6433 6434 6515 6514
1 3 6434 6435 6516 6515
1 3 6353 6354 6435 6434
1 3 6272 6273 6354 6353
1 3 6271 6272 6353 6352
1 3 6270 6271 6352 6351
1 3 6189 6190 6271 6270
1 3 6190 6191 6272 6271
1 3 6191 6192 6273 6272
1 3 6192 6193 6274 6273
1 3 6193 6194 6275 6274
1 3 6274 6275 6356 6355
1 3 6273 6274 6355 6354
1 3 6354 6355 6436 6435
1 3 6435 6436 6517 6516
1 3 6436 6437 6518 6517
1 3 6355 6356 6437 6436
1 3 6356 6357 6438 6437
1 3 6437 6438 6519 6518
1 3 6438 6439 6520 6519
1 3 6357 6358 6439 6438
1 3 6276 6277 6358 6357
1 3 6275 6276 6357 6356
1 3 6194 6195 6276 6275
1 3 6195 6196 6277 6276
1 3 6114 6115 6196 6195
1 3 6033 6034 6115 6114
1 3 5952 5953 6034 6033
1 3 5951 5952 6033 6032
1 3 6032 6033 6114 6113
1 3 6113 6114 6195 6194
1 3 6112 6113 6194 6193
1 3 6031 6032 6113 6112
1 3 6030 6031 6112 6111
1 3 6111 6112 6193 6192
1 3 6110 6111 6192 6191
1 3 6029 6030 6111 6110
1 3 5948 5949 6030 6029
1 3 5867 5868 5949 5948
1 3 5868 5869 5950 5949
1 3 5949 5950 6031 6030
1 3 5950 5951 6032 6031
1 3 5869 5870 5951 5950
1 3 5788 5789 5870 5869
1 3 5787 5788 5869 5868
1 3 5786 5787 5868 5867
1 3 5705 5706 5787 5786
1 3 5706 5707 5788 5787
1 3 5707 5708 5789 5788
1 3 5708 5709 5790 5789
1 3 5789 5790 5871 5870
1 3 5870 5871 5952 5951
1 3 5871 5872 5953 5952
1 3 5790 5791 5872 5871
1 3 5709 5710 5791 5790
1 3 5628 5629 5710 5709
1 3 5627 5628 5709 5708
1 3 5626 5627 5708 5707
1 3 5545 5546 5627 5626
1 3 5546 5547 5628 5627
1 3 5547 5548 5629 5628
1 3 5466 5467 5548 5547
1 3 5465 5466 5547 5546
1 3 5384 5385 5466 5465
1 3 5385 5386 5467 5466
1 3 5304 5305 5386 5385
1 3 5303 5304 5385 5384
1 3 5302 5303 5384 5383
1 3 5301 5302 5383 5382
1 3 5382 5383 5464 5463
1 3 5383 5384 5465 5464
1 3 5464 5465 5546 5545
1 3 5463 5464 5545 5544
1 3 5462 5463 5544 5543
1 3 5381 5382 5463 5462
1 3 5300 5301 5382 5381
1 3 5299 5300 5381 5380
1 3 5380 5381 5462 5461
1 3 5461 5462 5543 5542
1 3 5542 5543 5624 5623
1 3 5543 5544 5625 5624
1 3 5544 5545 5626 5625
1 3 5625 5626 5707 5706
1 3 5624 5625 5706 5705
1 3 5623 5624 5705 5704
1 3 5622 5623 5704 5703
1 3 5541 5542 5623 5622
1 3 5460 5461 5542 5541
1 3 5459 5460 5541 5540
1 3 5540 5541 5622 5621
1 3 5621 5622 5703 5702
1 3 5620 5621 5702 5701
1 3 5619 5620 5701 5700
1 3 5538 5539 5620 5619
1 3 5539 5540 5621 5620
1 3 5458 5459 5540 5539
1 3 5457 5458 5539 5538
1 3 5376 5377 5458 5457
1 3 5377 5378 5459 5458
1 3 5296 5297 5378 5377
1 3 5295 5296 5377 5376
1 3 5214 5215 5296 5295
1 3 5215 5216 5297 5296
1 3 5216 5217 5298 5297
1 3 5297 5298 5379 5378
1 3 5378 5379 5460 5459
1 3 5379 5380 5461 5460
1 3 5298 5299 5380 5379
1 3 5217 5218 5299 5298
1 3 5136 5137 5218 5217
1 3 5055 5056 5137 5136
1 3 5054 5055 5136 5135
1 3 5135 5136 5217 5216
1 3 5134 5135 5216 5215
1 3 5133 5134 5215 5214
1 3 5052 5053 5134 5133
1 3 5053 5054 5135 5134
1 3 4972 4973 5054 5053
1 3 4971 4972 5053 5052
1 3 4890 4891 4972 4971
1 3 4891 4892 4973 4972
1 3 4892 4893 4974 4973
1 3 4973 4974 5055 5054
1 3 4974 4975 5056 5055
1 3 4893 4894 4975 4974
1 3 4894 4895 4976 4975
1 3 4895 4896 4977 4976
1 3 4896 4897 4978 4977
1 3 4977 4978 5059 5058
1 3 4976 4977 5058 5057
1 3 4975 4976 5057 5056
1 3 5056 5057 5138 5137
1 3 5057 5058 5139 5138
1 3 5138 5139 5220 5219
1 3 5137 5138 5219 5218
1 3 5218 5219 5300 5299
1 3 5219 5220 5301 5300
1 3 5220 5221 5302 5301
1 3 5221 5222 5303 5302
1 3 5140 5141 5222 5221
1 3 5139 5140 5221 5220
1 3 5058 5059 5140 5139
1 3 5059 5060 5141 5140
1 3 5060 5061 5142 5141
1 3 5141 5142 5223 5222
1 3 5222 5223 5304 5303
1 3 5223 5224 5305 5304
1 3 5142 5143 5224 5223
1 3 5061 5062 5143 5142
1 3 4980 4981 5062 5061
1 3 4979 4980 5061 5060
1 3 4978 4979 5060 5059
1 3 4897 4898 4979 4978
1 3 4898 4899 4980 4979
1 3 4899 4900 4981 4980
1 3 4818 4819 4900 4899
1 3 4737 4738 4819 4818
1 3 4656 4657 4738 4737
1 3 4655 4656 4737 4736
1 3 4736 4737 4818 4817
1 3 4817 4818 4899 4898
1 3 4816 4817 4898 4897
1 3 4735 4736 4817 4816
1 3 4734 4735 4816 4815
1 3 4815 4816 4897 4896
1 3 4814 4815 4896 4895
1 3 4733 4734 4815 4814
1 3 4652 4653 4734 4733
1 3 4571 4572 4653 4652
1 3 4572 4573 4654 4653
1 3 4653 4654 4735 4734
1 3 4654 4655 4736 4735
1 3 4573 4574 4655 4654
1 3 4492 4493 4574 4573
1 3 4491 4492 4573 4572
1 3 4490 4491 4572 4571
1 3 4409 4410 4491 4490
1 3 4410 4411 4492 4491
1 3 4411 4412 4493 4492
1 3 4412 4413 4494 4493
1 3 4493 4494 4575 4574
1 3 4574 4575 4656 4655
1 3 4575 4576 4657 4656
1 3 4494 4495 4576 4575
1 3 4413 4414 4495 4494
1 3 4332 4333 4414 4413
1 3 4331 4332 4413 4412
1 3 4330 4331 4412 4411
1 3 4249 4250 4331 4330
1 3 4250 4251 4332 4331
1 3 4251 4252 4333 4332
1 3 4170 4171 4252 4251
1 3 4089 4090 4171 4170
1 3 4088 4089 4170 4169
1 3 4169 4170 4251 4250
1 3 4168 4169 4250 4249
1 3 4087 4088 4169 4168
1 3 4086 4087 4168 4167
1 3 4167 4168 4249 4248
1 3 4166 4167 4248 4247
1 3 4085 4086 4167 4166
1 3 4084 4085 4166 4165
1 3 4165 4166 4247 4246
1 3 4246 4247 4328 4327
1 3 4247 4248 4329 4328
1 3 4248 4249 4330 4329
1 3 4329 4330 4411 4410
1 3 4328 4329 4410 4409
1 3 4327 4328 4409 4408
1 3 4326 4327 4408 4407
1 3 4325 4326 4407 4406
1 3 4244 4245 4326 4325
1 3 4245 4246 4327 4326
1 3 4164 4165 4246 4245
1 3 4083 4084 4165 4164
1 3 4082 4083 4164 4163
1 3 4163 4164 4245 4244
1 3 4162 4163 4244 4243
1 3 4081 4082 4163 4162
1 3 4080 4081 4162 4161
1 3 4161 4162 4243 4242
1 3 4242 4243 4324 4323
1 3 4243 4244 4325 4324
1 3 4324 4325 4406 4405
1 3 4323 4324 4405 4404
1 3 4404 4405 4486 4485
1 3 4485 4486 4567 4566
1 3 4566 4567 4648 4647
1 3 4567 4568 4649 4648
1 3 4486 4487 4568 4567
1 3 4405 4406 4487 4486
1 3 4406 4407 4488 4487
1 3 4487 4488 4569 4568
1 3 4488 4489 4570 4569
1 3 4407 4408 4489 4488
1 3 4408 4409 4490 4489
1 3 4489 4490 4571 4570
1 3 4570 4571 4652 4651
1 3 4651 4652 4733 4732
1 3 4650 4651 4732 4731
1 3 4569 4570 4651 4650
1 3 4568 4569 4650 4649
1 3 4649 4650 4731 4730
1 3 4730 4731 4812 4811
1 3 4731 4732 4813 4812
1 3 4732 4733 4814 4813
1 3 4813 4814 4895 4894
1 3 4812 4813 4894 4893
1 3 4811 4812 4893 4892
1 3 4810 4811 4892 4891
1 3 4729 4730 4811 4810
1 3 4648 4649 4730 4729
1 3 4647 4648 4729 4728
1 3 4728 4729 4810 4809
1 3 4809 4810 4891 4890
1 3 4808 4809 4890 4889
1 3 4807 4808 4889 4888
1 3 4806 4807 4888 4887
1 3 4725 4726 4807 4806
1 3 4726 4727 4808 4807
1 3 4727 4728 4809 4808
1 3 4646 4647 4728 4727
1 3 4645 4646 4727 4726
1 3 4564 4565 4646 4645
1 3 4565 4566 4647 4646
1 3 4484 4485 4566 4565
1 3 4483 4484 4565 4564
1 3 4482 4483 4564 4563
1 3 4481 4482 4563 4562
1 3 4562 4563 4644 4643
1 3 4563 4564 4645 4644
1 3 4644 4645 4726 4725
1 3 4643 4644 4725 4724
1 3 4642 4643 4724 4723
1 3 4561 4562 4643 4642
1 3 4480 4481 4562 4561
1 3 4479 4480 4561 4560
1 3 4560 4561 4642 4641
1 3 4641 4642 4723 4722
1 3 4722 4723 4804 4803
1 3 4723 4724 4805 4804
1 3 4724 4725 4806 4805
1 3 4805 4806 4887 4886
1 3 4804 4805 4886 4885
1 3 4803 4804 4885 4884
1 3 4802 4803 4884 4883
1 3 4721 4722 4803 4802
1 3 4640 4641 4722 4721
1 3 4639 4640 4721 4720
1 3 4720 4721 4802 4801
1 3 4801 4802 4883 4882
1 3 4800 4801 4882 4881
1 3 4799 4800 4881 4880
1 3 4718 4719 4800 4799
1 3 4719 4720 4801 4800
1 3 4638 4639 4720 4719
1 3 4637 4638 4719 4718
1 3 4556 4557 4638 4637
1 3 4557 4558 4639 4638
1 3 4476 4477 4558 4557
1 3 4475 4476 4557 4556
1 3 4394 4395 4476 4475
1 3 4395 4396 4477 4476
1 3 4396 4397 4478 4477
1 3 4477 4478 4559 4558
1 3 4558 4559 4640 4639
1 3 4559 4560 4641 4640
1 3 4478 4479 4560 4559
1 3 4397 4398 4479 4478
1 3 4316 4317 4398 4397
1 3 4235 4236 4317 4316
1 3 4234 4235 4316 4315
1 3 4315 4316 4397 4396
1 3 4314 4315 4396 4395
1 3 4313 4314 4395 4394
1 3 4232 4233 4314 4313
1 3 4233 4234 4315 4314
1 3 4152 4153 4234 4233
1 3 4151 4152 4233 4232
1 3 4070 4071 4152 4151
1 3 4071 4072 4153 4152
1 3 4072 4073 4154 4153
1 3 4153 4154 4235 4234
1 3 4154 4155 4236 4235
1 3 4073 4074 4155 4154
1 3 4074 4075 4156 4155
1 3 4075 4076 4157 4156
1 3 4076 4077 4158 4157
1 3 4157 4158 4239 4238
1 3 4156 4157 4238 4237
1 3 4155 4156 4237 4236
1 3 4236 4237 4318 4317
1 3 4237 4238 4319 4318
1 3 4318 4319 4400 4399
1 3 4317 4318 4399 4398
1 3 4398 4399 4480 4479
1 3 4399 4400 4481 4480
1 3 4400 4401 4482 4481
1 3 4401 4402 4483 4482
1 3 4320 4321 4402 4401
1 3 4319 4320 4401 4400
1 3 4238 4239 4320 4319
1 3 4239 4240 4321 4320
1 3 4240 4241 4322 4321
1 3 4321 4322 4403 4402
1 3 4402 4403 4484 4483
1 3 4403 4404 4485 4484
1 3 4322 4323 4404 4403
1 3 4241 4242 4323 4322
1 3 4160 4161 4242 4241
1 3 4159 4160 4241 4240
1 3 4158 4159 4240 4239
1 3 4077 4078 4159 4158
1 3 4078 4079 4160 4159
1 3 4079 4080 4161 4160
1 3 3998 3999 4080 4079
1 3 3997 3998 4079 4078
1 3 3996 3997 4078 4077
1 3 3915 3916 3997 3996
1 3 3916 3917 3998 3997
1 3 3917 3918 3999 3998
1 3 3836 3837 3918 3917
1 3 3835 3836 3917 3916
1 3 3754 3755 3836 3835
1 3 3755 3756 3837 3836
1 3 3674 3675 3756 3755
1 3 3673 3674 3755 3754
1 3 3672 3673 3754 3753
1 3 3671 3672 3753 3752
1 3 3752 3753 3834 3833
1 3 3753 3754 3835 3834
1 3 3834 3835 3916 3915
1 3 3833 3834 3915 3914
1 3 3832 3833 3914 3913
1 3 3751 3752 3833 3832
1 3 3670 3671 3752 3751
1 3 3669 3670 3751 3750
1 3 3750 3751 3832 3831
1 3 3831 3832 3913 3912
1 3 3912 3913 3994 3993
1 3 3913 3914 3995 3994
1 3 3914 3915 3996 3995
1 3 3995 3996 4077 4076
1 3 3994 3995 4076 4075
1 3 3993 3994 4075 4074
1 3 3992 3993 4074 4073
1 3 3911 3912 3993 3992
1 3 3830 3831 3912 3911
1 3 3829 3830 3911 3910
1 3 3910 3911 3992 3991
1 3 3991 3992 4073 4072
1 3 3990 3991 4072 4071
1 3 3989 3990 4071 4070
1 3 3908 3909 3990 3989
1 3 3909 3910 3991 3990
1 3 3828 3829 3910 3909
1 3 3827 3828 3909 3908
1 3 3746 3747 3828 3827
1 3 3747 3748 3829 3828
1 3 3666 3667 3748 3747
1 3 3665 3666 3747 3746
1 3 3584 3585 3666 3665
1 3 3585 3586 3667 3666
1 3 3586 3587 3668 3667
1 3 3667 3668 3749 3748
1 3 3748 3749 3830 3829
1 3 3749 3750 3831 3830
1 3 3668 3669 3750 3749
1 3 3587 3588 3669 3668
1 3 3506 3507 3588 3587
1 3 3425 3426 3507 3506
1 3 3424 3425 3506 3505
1 3 3505 3506 3587 3586
1 3 3504 3505 3586 3585
1 3 3503 3504 3585 3584
1 3 3422 3423 3504 3503
1 3 3423 3424 3505 3504
1 3 3342 3343 3424 3423
1 3 3341 3342 3423 3422
1 3 3260 3261 3342 3341
1 3 3261 3262 3343 3342
1 3 3262 3263 3344 3343
1 3 3343 3344 3425 3424
1 3 3344 3345 3426 3425
1 3 3263 3264 3345 3344
1 3 3264 3265 3346 3345
1 3 3265 3266 3347 3346
1 3 3266 3267 3348 3347
1 3 3347 3348 3429 3428
1 3 3346 3347 3428 3427
1 3 3345 3346 3427 3426
1 3 3426 3427 3508 3507
1 3 3427 3428 3509 3508
1 3 3508 3509 3590 3589
1 3 3507 3508 3589 3588
1 3 3588 3589 3670 3669
1 3 3589 3590 3671 3670
1 3 3590 3591 3672 3671
1 3 3591 3592 3673 3672
1 3 3510 3511 3592 3591
1 3 3509 3510 3591 3590
1 3 3428 3429 3510 3509
1 3 3429 3430 3511 3510
1 3 3430 3431 3512 3511
1 3 3511 3512 3593 3592
1 3 3592 3593 3674 3673
1 3 3593 3594 3675 3674
1 3 3512 3513 3594 3593
1 3 3431 3432 3513 3512
1 3 3350 3351 3432 3431
1 3 3349 3350 3431 3430
1 3 3348 3349 3430 3429
1 3 3267 3268 3349 3348
1 3 3268 3269 3350 3349
1 3 3269 3270 3351 3350
1 3 3270 3271 3352 3351
1 3 3351 3352 3433 3432
1 3 3432 3433 3514 3513
1 3 3433 3434 3515 3514
1 3 3352 3353 3434 3433
1 3 3271 3272 3353 3352
1 3 3272 3273 3354 3353
1 3 3353 3354 3435 3434
1 3 3354 3355 3436 3435
1 3 3273 3274 3355 3354
1 3 3274 3275 3356 3355
1 3 3355 3356 3437 3436
1 3 3436 3437 3518 3517
1 3 3517 3518 3599 3598
1 3 3516 3517 3598 3597
1 3 3435 3436 3517 3516
1 3 3434 3435 3516 3515
1 3 3515 3516 3597 3596
1 3 3596 3597 3678 3677
1 3 3597 3598 3679 3678
1 3 3598 3599 3680 3679
1 3 3679 3680 3761 3760
1 3 3678 3679 3760 3759
1 3 3677 3678 3759 3758
1 3 3676 3677 3758 3757
1 3 3595 3596 3677 3676
1 3 3514 3515 3596 3595
1 3 3513 3514 3595 3594
1 3 3594 3595 3676 3675
1 3 3675 3676 3757 3756
1 3 3756 3757 3838 3837
1 3 3757 3758 3839 3838
1 3 3758 3759 3840 3839
1 3 3839 3840 3921 3920
1 3 3838 3839 3920 3919
1 3 3837 3838 3919 3918
1 3 3918 3919 4000 3999
1 3 3999 4000 4081 4080
1 3 4000 4001 4082 4081
1 3 3919 3920 4001 4000
1 3 3920 3921 4002 4001
1 3 4001 4002 4083 4082
1 3 4002 4003 4084 4083
1 3 3921 3922 4003 4002
1 3 3922 3923 4004 4003
1 3 4003 4004 4085 4084
1 3 4004 4005 4086 4085
1 3 3923 3924 4005 4004
1 3 3842 3843 3924 3923
1 3 3841 3842 3923 3922
1 3 3840 3841 3922 3921
1 3 3759 3760 3841 3840
1 3 3760 3761 3842 3841
1 3 3761 3762 3843 3842
1 3 3762 3763 3844 3843
1 3 3763 3764 3845 3844
1 3 3844 3845 3926 3925
1 3 3843 3844 3925 3924
1 3 3924 3925 4006 4005
1 3 4005 4006 4087 4086
1 3 4006 4007 4088 4087
1 3 3925 3926 4007 4006
1 3 3926 3927 4008 4007
1 3 4007 4008 4089 4088
1 3 4008 4009 4090 4089
1 3 3927 3928 4009 4008
1 3 3846 3847 3928 3927
1 3 3845 3846 3927 3926
1 3 3764 3765 3846 3845
1 3 3765 3766 3847 3846
1 3 3684 3685 3766 3765
1 3 3603 3604 3685 3684
1 3 3522 3523 3604 3603
1 3 3521 3522 3603 3602
1 3 3602 3603 3684 3683
1 3 3683 3684 3765 3764
1 3 3682 3683 3764 3763
1 3 3601 3602 3683 3682
1 3 3600 3601 3682 3681
1 3 3681 3682 3763 3762
1 3 3680 3681 3762 3761
1 3 3599 3600 3681 3680
1 3 3518 3519 3600 3599
1 3 3437 3438 3519 3518
1 3 3438 3439 3520 3519
1 3 3519 3520 3601 3600
1 3 3520 3521 3602 3601
1 3 3439 3440 3521 3520
1 3 3358 3359 3440 3439
1 3 3357 3358 3439 3438
1 3 3356 3357 3438 3437
1 3 3275 3276 3357 3356
1 3 3276 3277 3358 3357
1 3 3277 3278 3359 3358
1 3 3278 3279 3360 3359
1 3 3359 3360 3441 3440
1 3 3440 3441 3522 3521
1 3 3441 3442 3523 3522
1 3 3360 3361 3442 3441
1 3 3279 3280 3361 3360
1 3 3280 3281 3362 3361
1 3 3361 3362 3443 3442
1 3 3442 3443 3524 3523
1 3 3443 3444 3525 3524
1 3 3362 3363 3444 3443
1 3 3281 3282 3363 3362
1 3 3282 3283 3364 3363
1 3 3363 3364 3445 3444
1 3 3364 3365 3446 3445
1 3 3283 3284 3365 3364
1 3 3284 3285 3366 3365
1 3 3365 3366 3447 3446
1 3 3446 3447 3528 3527
1 3 3527 3528 3609 3608
1 3 3526 3527 3608 3607
1 3 3445 3446 3527 3526
1 3 3444 3445 3526 3525
1 3 3525 3526 3607 3606
1 3 3606 3607 3688 3687
1 3 3607 3608 3689 3688
1 3 3608 3609 3690 3689
1 3 3689 3690 3771 3770
1 3 3688 3689 3770 3769
1 3 3687 3688 3769 3768
1 3 3686 3687 3768 3767
1 3 3605 3606 3687 3686
1 3 3524 3525 3606 3605
1 3 3523 3524 3605 3604
1 3 3604 3605 3686 3685
1 3 3685 3686 3767 3766
1 3 3766 3767 3848 3847
1 3 3767 3768 3849 3848
1 3 3768 3769 3850 3849
1 3 3849 3850 3931 3930
1 3 3848 3849 3930 3929
1 3 3847 3848 3929 3928
1 3 3928 3929 4010 4009
1 3 4009 4010 4091 4090
1 3 4010 4011 4092 4091
1 3 3929 3930 4011 4010
1 3 3930 3931 4012 4011
1 3 4011 4012 4093 4092
1 3 4012 4013 4094 4093
1 3 3931 3932 4013 4012
1 3 3932 3933 4014 4013
1 3 4013 4014 4095 4094
1 3 4014 4015 4096 4095
1 3 3933 3934 4015 4014
1 3 3852 3853 3934 3933
1 3 3851 3852 3933 3932
1 3 3850 3851 3932 3931
1 3 3769 3770 3851 3850
1 3 3770 3771 3852 3851
1 3 3771 3772 3853 3852
1 3 3772 3773 3854 3853
1 3 3773 3774 3855 3854
1 3 3854 3855 3936 3935
1 3 3853 3854 3935 3934
1 3 3934 3935 4016 4015
1 3 4015 4016 4097 4096
1 3 4016 4017 4098 4097
1 3 3935 3936 4017 4016
1 3 3936 3937 4018 4017
1 3 4017 4018 4099 4098
1 3 4018 4019 4100 4099
1 3 3937 3938 4019 4018
1 3 3856 3857 3938 3937
1 3 3855 3856 3937 3936
1 3 3774 3775 3856 3855
1 3 3775 3776 3857 3856
1 3 3694 3695 3776 3775
1 3 3613 3614 3695 3694
1 3 3532 3533 3614 3613
1 3 3531 3532 3613 3612
1 3 3612 3613 3694 3693
1 3 3693 3694 3775 3774
1 3 3692 3693 3774 3773
1 3 3611 3612 3693 3692
1 3 3610 3611 3692 3691
1 3 3691 3692 3773 3772
1 3 3690 3691 3772 3771
1 3 3609 3610 3691 3690
1 3 3528 3529 3610 3609
1 3 3447 3448 3529 3528
1 3 3448 3449 3530 3529
1 3 3529 3530 3611 3610
1 3 3530 3531 3612 3611
1 3 3449 3450 3531 3530
1 3 3368 3369 3450 3449
1 3 3367 3368 3449 3448
1 3 3366 3367 3448 3447
1 3 3285 3286 3367 3366
1 3 3286 3287 3368 3367
1 3 3287 3288 3369 3368
1 3 3288 3289 3370 3369
1 3 3369 3370 3451 3450
1 3 3450 3451 3532 3531
1 3 3451 3452 3533 3532
1 3 3370 3371 3452 3451
1 3 3289 3290 3371 3370
1 3 3290 3291 3372 3371
1 3 3291 3292 3373 3372
1 3 3292 3293 3374 3373
1 3 3373 3374 3455 3454
1 3 3372 3373 3454 3453
1 3 3371 3372 3453 3452
1 3 3452 3453 3534 3533
1 3 3453 3454 3535 3534
1 3 3534 3535 3616 3615
1 3 3533 3534 3615 3614
1 3 3614 3615 3696 3695
1 3 3615 3616 3697 3696
1 3 3616 3617 3698 3697
1 3 3617 3618 3699 3698
1 3 3536 3537 3618 3617
1 3 3535 3536 3617 3616
1 3 3454 3455 3536 3535
1 3 3455 3456 3537 3536
1 3 3456 3457 3538 3537
1 3 3537 3538 3619 3618
1 3 3618 3619 3700 3699
1 3 3619 3620 3701 3700
1 3 3538 3539 3620 3619
1 3 3457 3458 3539 3538
1 3 3376 3377 3458 3457
1 3 3375 3376 3457 3456
1 3 3374 3375 3456 3455
1 3 3293 3294 3375 3374
1 3 3294 3295 3376 3375
1 3 3295 3296 3377 3376
1 3 3296 3297 3378 3377
1 3 3377 3378 3459 3458
1 3 3458 3459 3540 3539
1 3 3459 3460 3541 3540
1 3 3378 3379 3460 3459
1 3 3297 3298 3379 3378
1 3 3298 3299 3380 3379
1 3 3299 3300 3381 3380
1 3 3380 3381 3462 3461
1 3 3379 3380 3461 3460
1 3 3460 3461 3542 3541
1 3 3461 3462 3543 3542
1 3 3542 3543 3624 3623
1 3 3541 3542 3623 3622
1 3 3622 3623 3704 3703
1 3 3623 3624 3705 3704
1 3 3704 3705 3786 3785
1 3 3703 3704 3785 3784
1 3 3702 3703 3784 3783
1 3 3621 3622 3703 3702
1 3 3540 3541 3622 3621
1 3 3539 3540 3621 3620
1 3 3620 3621 3702 3701
1 3 3701 3702 3783 3782
1 3 3782 3783 3864 3863
1 3 3863 3864 3945 3944
1 3 3864 3865 3946 3945
1 3 3783 3784 3865 3864
1 3 3784 3785 3866 3865
1 3 3785 3786 3867 3866
1 3 3866 3867 3948 3947
1 3 3865 3866 3947 3946
1 3 3946 3947 4028 4027
1 3 3947 3948 4029 4028
1 3 4028 4029 4110 4109
1 3 4027 4028 4109 4108
1 3 4026 4027 4108 4107
1 3 3945 3946 4027 4026
1 3 3944 3945 4026 4025
1 3 4025 4026 4107 4106
1 3 4024 4025 4106 4105
1 3 4023 4024 4105 4104
1 3 4022 4023 4104 4103
1 3 3941 3942 4023 4022
1 3 3942 3943 4024 4023
1 3 3943 3944 4025 4024
1 3 3862 3863 3944 3943
1 3 3861 3862 3943 3942
1 3 3780 3781 3862 3861
1 3 3781 3782 3863 3862
1 3 3700 3701 3782 3781
1 3 3699 3700 3781 3780
1 3 3698 3699 3780 3779
1 3 3697 3698 3779 3778
1 3 3778 3779 3860 3859
1 3 3779 3780 3861 3860
1 3 3860 3861 3942 3941
1 3 3859 3860 3941 3940
1 3 3858 3859 3940 3939
1 3 3777 3778 3859 3858
1 3 3696 3697 3778 3777
1 3 3695 3696 3777 3776
1 3 3776 3777 3858 3857
1 3 3857 3858 3939 3938
1 3 3938 3939 4020 4019
1 3 3939 3940 4021 4020
1 3 3940 3941 4022 4021
1 3 4021 4022 4103 4102
1 3 4020 4021 4102 4101
1 3 4019 4020 4101 4100
1 3 4100 4101 4182 4181
1 3 4101 4102 4183 4182
1 3 4102 4103 4184 4183
1 3 4183 4184 4265 4264
1 3 4182 4183 4264 4263
1 3 4181 4182 4263 4262
1 3 4262 4263 4344 4343
1 3 4263 4264 4345 4344
1 3 4344 4345 4426 4425
1 3 4343 4344 4425 4424
1 3 4424 4425 4506 4505
1 3 4425 4426 4507 4506
1 3 4426 4427 4508 4507
1 3 4427 4428 4509 4508
1 3 4346 4347 4428 4427
1 3 4345 4346 4427 4426
1 3 4264 4265 4346 4345
1 3 4265 4266 4347 4346
1 3 4266 4267 4348 4347
1 3 4347 4348 4429 4428
1 3 4428 4429 4510 4509
1 3 4429 4430 4511 4510
1 3 4348 4349 4430 4429
1 3 4267 4268 4349 4348
1 3 4186 4187 4268 4267
1 3 4185 4186 4267 4266
1 3 4184 4185 4266 4265
1 3 4103 4104 4185 4184
1 3 4104 4105 4186 4185
1 3 4105 4106 4187 4186
1 3 4106 4107 4188 4187
1 3 4187 4188 4269 4268
1 3 4268 4269 4350 4349
1 3 4269 4270 4351 4350
1 3 4188 4189 4270 4269
1 3 4107 4108 4189 4188
1 3 4108 4109 4190 4189
1 3 4109 4110 4191 4190
1 3 4190 4191 4272 4271
1 3 4189 4190 4271 4270
1 3 4270 4271 4352 4351
1 3 4271 4272 4353 4352
1 3 4352 4353 4434 4433
1 3 4351 4352 4433 4432
1 3 4432 4433 4514 4513
1 3 4433 4434 4515 4514
1 3 4514 4515 4596 4595
1 3 4513 4514 4595 4594
1 3 4512 4513 4594 4593
1 3 4431 4432 4513 4512
1 3 4350 4351 4432 4431
1 3 4349 4350 4431 4430
1 3 4430 4431 4512 4511
1 3 4511 4512 4593 4592
1 3 4592 4593 4674 4673
1 3 4673 4674 4755 4754
1 3 4674 4675 4756 4755
1 3 4593 4594 4675 4674
1 3 4594 4595 4676 4675
1 3 4595 4596 4677 4676
1 3 4676 4677 4758 4757
1 3 4675 4676 4757 4756
1 3 4756 4757 4838 4837
1 3 4757 4758 4839 4838
1 3 4838 4839 4920 4919
1 3 4837 4838 4919 4918
1 3 4836 4837 4918 4917
1 3 4755 4756 4837 4836
1 3 4754 4755 4836 4835
1 3 4835 4836 4917 4916
1 3 4834 4835 4916 4915
1 3 4833 4834 4915 4914
1 3 4832 4833 4914 4913
1 3 4751 4752 4833 4832
1 3 4752 4753 4834 4833
1 3 4753 4754 4835 4834
1 3 4672 4673 4754 4753
1 3 4671 4672 4753 4752
1 3 4590 4591 4672 4671
1 3 4591 4592 4673 4672
1 3 4510 4511 4592 4591
1 3 4509 4510 4591 4590
1 3 4508 4509 4590 4589
1 3 4507 4508 4589 4588
1 3 4588 4589 4670 4669
1 3 4589 4590 4671 4670
1 3 4670 4671 4752 4751
1 3 4669 4670 4751 4750
1 3 4668 4669 4750 4749
1 3 4587 4588 4669 4668
1 3 4506 4507 4588 4587
1 3 4505 4506 4587 4586
1 3 4586 4587 4668 4667
1 3 4667 4668 4749 4748
1 3 4748 4749 4830 4829
1 3 4749 4750 4831 4830
1 3 4750 4751 4832 4831
1 3 4831 4832 4913 4912
1 3 4830 4831 4912 4911
1 3 4829 4830 4911 4910
1 3 4828 4829 4910 4909
1 3 4747 4748 4829 4828
1 3 4666 4667 4748 4747
1 3 4665 4666 4747 4746
1 3 4746 4747 4828 4827
1 3 4827 4828 4909 4908
1 3 4826 4827 4908 4907
1 3 4745 4746 4827 4826
1 3 4744 4745 4826 4825
1 3 4825 4826 4907 4906
1 3 4824 4825 4906 4905
1 3 4743 4744 4825 4824
1 3 4662 4663 4744 4743
1 3 4581 4582 4663 4662
1 3 4582 4583 4664 4663
1 3 4663 4664 4745 4744
1 3 4664 4665 4746 4745
1 3 4583 4584 4665 4664
1 3 4502 4503 4584 4583
1 3 4501 4502 4583 4582
1 3 4500 4501 4582 4581
1 3 4419 4420 4501 4500
1 3 4420 4421 4502 4501
1 3 4421 4422 4503 4502
1 3 4422 4423 4504 4503
1 3 4503 4504 4585 4584
1 3 4584 4585 4666 4665
1 3 4585 4586 4667 4666
1 3 4504 4505 4586 4585
1 3 4423 4424 4505 4504
1 3 4342 4343 4424 4423
1 3 4341 4342 4423 4422
1 3 4340 4341 4422 4421
1 3 4259 4260 4341 4340
1 3 4260 4261 4342 4341
1 3 4261 4262 4343 4342
1 3 4180 4181 4262 4261
1 3 4099 4100 4181 4180
1 3 4098 4099 4180 4179
1 3 4179 4180 4261 4260
1 3 4178 4179 4260 4259
1 3 4097 4098 4179 4178
1 3 4096 4097 4178 4177
1 3 4177 4178 4259 4258
1 3 4176 4177 4258 4257
1 3 4095 4096 4177 4176
1 3 4094 4095 4176 4175
1 3 4175 4176 4257 4256
1 3 4256 4257 4338 4337
1 3 4257 4258 4339 4338
1 3 4258 4259 4340 4339
1 3 4339 4340 4421 4420
1 3 4338 4339 4420 4419
1 3 4337 4338 4419 4418
1 3 4336 4337 4418 4417
1 3 4335 4336 4417 4416
1 3 4254 4255 4336 4335
1 3 4255 4256 4337 4336
1 3 4174 4175 4256 4255
1 3 4093 4094 4175 4174
1 3 4092 4093 4174 4173
1 3 4173 4174 4255 4254
1 3 4172 4173 4254 4253
1 3 4091 4092 4173 4172
1 3 4090 4091 4172 4171
1 3 4171 4172 4253 4252
1 3 4252 4253 4334 4333
1 3 4253 4254 4335 4334
1 3 4334 4335 4416 4415
1 3 4333 4334 4415 4414
1 3 4414 4415 4496 4495
1 3 4495 4496 4577 4576
1 3 4576 4577 4658 4657
1 3 4577 4578 4659 4658
1 3 4496 4497 4578 4577
1 3 4415 4416 4497 4496
1 3 4416 4417 4498 4497
1 3 4497 4498 4579 4578
1 3 4498 4499 4580 4579
1 3 4417 4418 4499 4498
1 3 4418 4419 4500 4499
1 3 4499 4500 4581 4580
1 3 4580 4581 4662 4661
1 3 4661 4662 4743 4742
1 3 4660 4661 4742 4741
1 3 4579 4580 4661 4660
1 3 4578 4579 4660 4659
1 3 4659 4660 4741 4740
1 3 4740 4741 4822 4821
1 3 4741 4742 4823 4822
1 3 4742 4743 4824 4823
1 3 4823 4824 4905 4904
1 3 4822 4823 4904 4903
1 3 4821 4822 4903 4902
1 3 4820 4821 4902 4901
1 3 4739 4740 4821 4820
1 3 4658 4659 4740 4739
1 3 4657 4658 4739 4738
1 3 4738 4739 4820 4819
1 3 4819 4820 4901 4900
1 3 4900 4901 4982 4981
1 3 4901 4902 4983 4982
1 3 4902 4903 4984 4983
1 3 4983 4984 5065 5064
1 3 4982 4983 5064 5063
1 3 4981 4982 5063 5062
1 3 5062 5063 5144 5143
1 3 5063 5064 5145 5144
1 3 5144 5145 5226 5225
1 3 5143 5144 5225 5224
1 3 5224 5225 5306 5305
1 3 5225 5226 5307 5306
1 3 5226 5227 5308 5307
1 3 5227 5228 5309 5308
1 3 5146 5147 5228 5227
1 3 5145 5146 5227 5226
1 3 5064 5065 5146 5145
1 3 5065 5066 5147 5146
1 3 5066 5067 5148 5147
1 3 5147 5148 5229 5228
1 3 5228 5229 5310 5309
1 3 5229 5230 5311 5310
1 3 5148 5149 5230 5229
1 3 5067 5068 5149 5148
1 3 4986 4987 5068 5067
1 3 4985 4986 5067 5066
1 3 4984 4985 5066 5065
1 3 4903 4904 4985 4984
1 3 4904 4905 4986 4985
1 3 4905 4906 4987 4986
1 3 4906 4907 4988 4987
1 3 4987 4988 5069 5068
1 3 5068 5069 5150 5149
1 3 5069 5070 5151 5150
1 3 4988 4989 5070 5069
1 3 4907 4908 4989 4988
1 3 4908 4909 4990 4989
1 3 4909 4910 4991 4990
1 3 4990 4991 5072 5071
1 3 4989 4990 5071 5070
1 3 5070 5071 5152 5151
1 3 5071 5072 5153 5152
1 3 5152 5153 5234 5233
1 3 5151 5152 5233 5232
1 3 5232 5233 5314 5313
1 3 5233 5234 5315 5314
1 3 5314 5315 5396 5395
1 3 5313 5314 5395 5394
1 3 5312 5313 5394 5393
1 3 5231 5232 5313 5312
1 3 5150 5151 5232 5231
1 3 5149 5150 5231 5230
1 3 5230 5231 5312 5311
1 3 5311 5312 5393 5392
1 3 5392 5393 5474 5473
1 3 5473 5474 5555 5554
1 3 5474 5475 5556 5555
1 3 5393 5394 5475 5474
1 3 5394 5395 5476 5475
1 3 5395 5396 5477 5476
1 3 5476 5477 5558 5557
1 3 5475 5476 5557 5556
1 3 5556 5557 5638 5637
1 3 5557 5558 5639 5638
1 3 5638 5639 5720 5719
1 3 5637 5638 5719 5718
1 3 5636 5637 5718 5717
1 3 5555 5556 5637 5636
1 3 5554 5555 5636 5635
1 3 5635 5636 5717 5716
1 3 5634 5635 5716 5715
1 3 5633 5634 5715 5714
1 3 5632 5633 5714 5713
1 3 5551 5552 5633 5632
1 3 5552 5553 5634 5633
1 3 5553 5554 5635 5634
1 3 5472 5473 5554 5553
1 3 5471 5472 5553 5552
1 3 5390 5391 5472 5471
1 3 5391 5392 5473 5472
1 3 5310 5311 5392 5391
1 3 5309 5310 5391 5390
1 3 5308 5309 5390 5389
1 3 5307 5308 5389 5388
1 3 5388 5389 5470 5469
1 3 5389 5390 5471 5470
1 3 5470 5471 5552 5551
1 3 5469 5470 5551 5550
1 3 5468 5469 5550 5549
1 3 5387 5388 5469 5468
1 3 5306 5307 5388 5387
1 3 5305 5306 5387 5386
1 3 5386 5387 5468 5467
1 3 5467 5468 5549 5548
1 3 5548 5549 5630 5629
1 3 5549 5550 5631 5630
1 3 5550 5551 5632 5631
1 3 5631 5632 5713 5712
1 3 5630 5631 5712 5711
1 3 5629 5630 5711 5710
1 3 5710 5711 5792 5791
1 3 5791 5792 5873 5872
1 3 5872 5873 5954 5953
1 3 5873 5874 5955 5954
1 3 5792 5793 5874 5873
1 3 5711 5712 5793 5792
1 3 5712 5713 5794 5793
1 3 5793 5794 5875 5874
1 3 5794 5795 5876 5875
1 3 5713 5714 5795 5794
1 3 5714 5715 5796 5795
1 3 5795 5796 5877 5876
1 3 5876 5877 5958 5957
1 3 5957 5958 6039 6038
1 3 5956 5957 6038 6037
1 3 5875 5876 5957 5956
1 3 5874 5875 5956 5955
1 3 5955 5956 6037 6036
1 3 6036 6037 6118 6117
1 3 6037 6038 6119 6118
1 3 6038 6039 6120 6119
1 3 6119 6120 6201 6200
1 3 6118 6119 6200 6199
1 3 6117 6118 6199 6198
1 3 6116 6117 6198 6197
1 3 6035 6036 6117 6116
1 3 5954 5955 6036 6035
1 3 5953 5954 6035 6034
1 3 6034 6035 6116 6115
1 3 6115 6116 6197 6196
1 3 6196 6197 6278 6277
1 3 6197 6198 6279 6278
1 3 6198 6199 6280 6279
1 3 6279 6280 6361 6360
1 3 6278 6279 6360 6359
1 3 6277 6278 6359 6358
1 3 6358 6359 6440 6439
1 3 6439 6440 6521 6520
1 3 6440 6441 6522 6521
1 3 6359 6360 6441 6440
1 3 6360 6361 6442 6441
1 3 6441 6442 6523 6522
1 3 6442 6443 6524 6523
1 3 6361 6362 6443 6442
1 3 6362 6363 6444 6443
1 3 6443 6444 6525 6524
1 3 6444 6445 6526 6525
1 3 6363 6364 6445 6444
1 3 6282 6283 6364 6363
1 3 6281 6282 6363 6362
1 3 6280 6281 6362 6361
1 3 6199 6200 6281 6280
1 3 6200 6201 6282 6281
1 3 6201 6202 6283 6282
1 3 6202 6203 6284 6283
1 3 6203 6204 6285 6284
1 3 6284 6285 6366 6365
1 3 6283 6284 6365 6364
1 3 6364 6365 6446 6445
1 3 6445 6446 6527 6526
1 3 6446 6447 6528 6527
1 3 6365 6366 6447 6446
1 3 6366 6367 6448 6447
1 3 6447 6448 6529 6528
1 3 6448 6449 6530 6529
1 3 6367 6368 6449 6448
1 3 6286 6287 6368 6367
1 3 6285 6286 6367 6366
1 3 6204 6205 6286 6285
1 3 6205 6206 6287 6286
1 3 6124 6125 6206 6205
1 3 6043 6044 6125 6124
1 3 5962 5963 6044 6043
1 3 5961 5962 6043 6042
1 3 6042 6043 6124 6123
1 3 6123 6124 6205 6204
1 3 6122 6123 6204 6203
1 3 6041 6042 6123 6122
1 3 6040 6041 6122 6121
1 3 6121 6122 6203 6202
1 3 6120 6121 6202 6201
1 3 6039 6040 6121 6120
1 3 5958 5959 6040 6039
1 3 5877 5878 5959 5958
1 3 5878 5879 5960 5959
1 3 5959 5960 6041 6040
1 3 5960 5961 6042 6041
1 3 5879 5880 5961 5960
1 3 5798 5799 5880 5879
1 3 5797 5798 5879 5878
1 3 5796 5797 5878 5877
1 3 5715 5716 5797 5796
1 3 5716 5717 5798 5797
1 3 5717 5718 5799 5798
1 3 5718 5719 5800 5799
1 3 5799 5800 5881 5880
1 3 5880 5881 5962 5961
1 3 5881 5882 5963 5962
1 3 5800 5801 5882 5881
1 3 5719 5720 5801 5800
1 3 5720 5721 5802 5801
1 3 5801 5802 5883 5882
1 3 5882 5883 5964 5963
1 3 5883 5884 5965 5964
1 3 5802 5803 5884 5883
1 3 5721 5722 5803 5802
1 3 5722 5723 5804 5803
1 3 5803 5804 5885 5884
1 3 5804 5805 5886 5885
1 3 5723 5724 5805 5804
1 3 5724 5725 5806 5805
1 3 5805 5806 5887 5886
1 3 5886 5887 5968 5967
1 3 5967 5968 6049 6048
1 3 5966 5967 6048 6047
1 3 5885 5886 5967 5966
1 3 5884 5885 5966 5965
1 3 5965 5966 6047 6046
1 3 6046 6047 6128 6127
1 3 6047 6048 6129 6128
1 3 6048 6049 6130 6129
1 3 6129 6130 6211 6210
1 3 6128 6129 6210 6209
1 3 6127 6128 6209 6208
1 3 6126 6127 6208 6207
1 3 6045 6046 6127 6126
1 3 5964 5965 6046 6045
1 3 5963 5964 6045 6044
1 3 6044 6045 6126 6125
1 3 6125 6126 6207 6206
1 3 6206 6207 6288 6287
1 3 6207 6208 6289 6288
1 3 6208 6209 6290 6289
1 3 6289 6290 6371 6370
1 3 6288 6289 6370 6369
1 3 6287 6288 6369 6368
1 3 6368 6369 6450 6449
1 3 6449 6450 6531 6530
1 3 6450 6451 6532 6531
1 3 6369 6370 6451 6450
1 3 6370 6371 6452 6451
1 3 6451 6452 6533 6532
1 3 6452 6453 6534 6533
1 3 6371 6372 6453 6452
1 3 6372 6373 6454 6453
1 3 6453 6454 6535 6534
1 3 6454 6455 6536 6535
1 3 6373 6374 6455 6454
1 3 6292 6293 6374 6373
1 3 6291 6292 6373 6372
1 3 6290 6291 6372 6371
1 3 6209 6210 6291 6290
1 3 6210 6211 6292 6291
1 3 6211 6212 6293 6292
1 3 6212 6213 6294 6293
1 3 6213 6214 6295 6294
1 3 6294 6295 6376 6375
1 3 6293 6294 6375 6374
1 3 6374 6375 6456 6455
1 3 6455 6456 6537 6536
1 3 6456 6457 6538 6537
1 3 6375 6376 6457 6456
1 3 6376 6377 6458 6457
1 3 6457 6458 6539 6538
1 3 6458 6459 6540 6539
1 3 6377 6378 6459 6458
1 3 6296 6297 6378 6377
1 3 6295 6296 6377 6376
1 3 6214 6215 6296 6295
1 3 6215 6216 6297 6296
1 3 6134 6135 6216 6215
1 3 6053 6054 6135 6134
1 3 5972 5973 6054 6053
1 3 5971 5972 6053 6052
1 3 6052 6053 6134 6133
1 3 6133 6134 6215 6214
1 3 6132 6133 6214 6213
1 3 6051 6052 6133 6132
1 3 6050 6051 6132 6131
1 3 6131 6132 6213 6212
1 3 6130 6131 6212 6211
1 3 6049 6050 6131 6130
1 3 5968 5969 6050 6049
1 3 5887 5888 5969 5968
1 3 5888 5889 5970 5969
1 3 5969 5970 6051 6050
1 3 5970 5971 6052 6051
1 3 5889 5890 5971 5970
1 3 5808 5809 5890 5889
1 3 5807 5808 5889 5888
1 3 5806 5807 5888 5887
1 3 5725 5726 5807 5806
1 3 5726 5727 5808 5807
1 3 5727 5728 5809 5808
1 3 5728 5729 5810 5809
1 3 5809 5810 5891 5890
1 3 5890 5891 5972 5971
1 3 5891 5892 5973 5972
1 3 5810 5811 5892 5891
1 3 5729 5730 5811 5810
1 3 5648 5649 5730 5729
1 3 5647 5648 5729 5728
1 3 5646 5647 5728 5727
1 3 5565 5566 5647 5646
1 3 5566 5567 5648 5647
1 3 5567 5568 5649 5648
1 3 5486 5487 5568 5567
1 3 5485 5486 5567 5566
1 3 5404 5405 5486 5485
1 3 5405 5406 5487 5486
1 3 5324 5325 5406 5405
1 3 5323 5324 5405 5404
1 3 5322 5323 5404 5403
1 3 5321 5322 5403 5402
1 3 5402 5403 5484 5483
1 3 5403 5404 5485 5484
1 3 5484 5485 5566 5565
1 3 5483 5484 5565 5564
1 3 5482 5483 5564 5563
1 3 5401 5402 5483 5482
1 3 5320 5321 5402 5401
1 3 5319 5320 5401 5400
1 3 5400 5401 5482 5481
1 3 5481 5482 5563 5562
1 3 5562 5563 5644 5643
1 3 5563 5564 5645 5644
1 3 5564 5565 5646 5645
1 3 5645 5646 5727 5726
1 3 5644 5645 5726 5725
1 3 5643 5644 5725 5724
1 3 5642 5643 5724 5723
1 3 5561 5562 5643 5642
1 3 5480 5481 5562 5561
1 3 5479 5480 5561 5560
1 3 5560 5561 5642 5641
1 3 5641 5642 5723 5722
1 3 5640 5641 5722 5721
1 3 5639 5640 5721 5720
1 3 5558 5559 5640 5639
1 3 5559 5560 5641 5640
1 3 5478 5479 5560 5559
1 3 5477 5478 5559 5558
1 3 5396 5397 5478 5477
1 3 5397 5398 5479 5478
1 3 5316 5317 5398 5397
1 3 5315 5316 5397 5396
1 3 5234 5235 5316 5315
1 3 5235 5236 5317 5316
1 3 5236 5237 5318 5317
1 3 5317 5318 5399 5398
1 3 5398 5399 5480 5479
1 3 5399 5400 5481 5480
1 3 5318 5319 5400 5399
1 3 5237 5238 5319 5318
1 3 5156 5157 5238 5237
1 3 5075 5076 5157 5156
1 3 5074 5075 5156 5155
1 3 5155 5156 5237 5236
1 3 5154 5155 5236 5235
1 3 5153 5154 5235 5234
1 3 5072 5073 5154 5153
1 3 5073 5074 5155 5154
1 3 4992 4993 5074 5073
1 3 4991 4992 5073 5072
1 3 4910 4911 4992 4991
1 3 4911 4912 4993 4992
1 3 4912 4913 4994 4993
1 3 4993 4994 5075 5074
1 3 4994 4995 5076 5075
1 3 4913 4914 4995 4994
1 3 4914 4915 4996 4995
1 3 4915 4916 4997 4996
1 3 4916 4917 4998 4997
1 3 4997 4998 5079 5078
1 3 4996 4997 5078 5077
1 3 4995 4996 5077 5076
1 3 5076 5077 5158 5157
1 3 5077 5078 5159 5158
1 3 5158 5159 5240 5239
1 3 5157 5158 5239 5238
1 3 5238 5239 5320 5319
1 3 5239 5240 5321 5320
1 3 5240 5241 5322 5321
1 3 5241 5242 5323 5322
1 3 5160 5161 5242 5241
1 3 5159 5160 5241 5240
1 3 5078 5079 5160 5159
1 3 5079 5080 5161 5160
1 3 5080 5081 5162 5161
1 3 5161 5162 5243 5242
1 3 5242 5243 5324 5323
1 3 5243 5244 5325 5324
1 3 5162 5163 5244 5243
1 3 5081 5082 5163 5162
1 3 5000 5001 5082 5081
1 3 4999 5000 5081 5080
1 3 4998 4999 5080 5079
1 3 4917 4918 4999 4998
1 3 4918 4919 5000 4999
1 3 4919 4920 5001 5000
1 3 4920 4921 5002 5001
1 3 4921 4922 5003 5002
1 3 4922 4923 5004 5003
1 3 5003 5004 5085 5084
1 3 5002 5003 5084 5083
1 3 5001 5002 5083 5082
1 3 5082 5083 5164 5163
1 3 5083 5084 5165 5164
1 3 5164 5165 5246 5245
1 3 5163 5164 5245 5244
1 3 5244 5245 5326 5325
1 3 5245 5246 5327 5326
1 3 5246 5247 5328 5327
1 3 5247 5248 5329 5328
1 3 5166 5167 5248 5247
1 3 5165 5166 5247 5246
1 3 5084 5085 5166 5165
1 3 5085 5086 5167 5166
1 3 5086 5087 5168 5167
1 3 5167 5168 5249 5248
1 3 5248 5249 5330 5329
1 3 5249 5250 5331 5330
1 3 5168 5169 5250 5249
1 3 5087 5088 5169 5168
1 3 5006 5007 5088 5087
1 3 5005 5006 5087 5086
1 3 5004 5005 5086 5085
1 3 4923 4924 5005 5004
1 3 4924 4925 5006 5005
1 3 4925 4926 5007 5006
1 3 4926 4927 5008 5007
1 3 5007 5008 5089 5088
1 3 5088 5089 5170 5169
1 3 5089 5090 5171 5170
1 3 5008 5009 5090 5089
1 3 4927 4928 5009 5008
1 3 4928 4929 5010 5009
1 3 4929 4930 5011 5010
1 3 5010 5011 5092 5091
1 3 5009 5010 5091 5090
1 3 5090 5091 5172 5171
1 3 5091 5092 5173 5172
1 3 5172 5173 5254 5253
1 3 5171 5172 5253 5252
1 3 5252 5253 5334 5333
1 3 5253 5254 5335 5334
1 3 5334 5335 5416 5415
1 3 5333 5334 5415 5414
1 3 5332 5333 5414 5413
1 3 5251 5252 5333 5332
1 3 5170 5171 5252 5251
1 3 5169 5170 5251 5250
1 3 5250 5251 5332 5331
1 3 5331 5332 5413 5412
1 3 5412 5413 5494 5493
1 3 5493 5494 5575 5574
1 3 5494 5495 5576 5575
1 3 5413 5414 5495 5494
1 3 5414 5415 5496 5495
1 3 5415 5416 5497 5496
1 3 5496 5497 5578 5577
1 3 5495 5496 5577 5576
1 3 5576 5577 5658 5657
1 3 5577 5578 5659 5658
1 3 5658 5659 5740 5739
1 3 5657 5658 5739 5738
1 3 5656 5657 5738 5737
1 3 5575 5576 5657 5656
1 3 5574 5575 5656 5655
1 3 5655 5656 5737 5736
1 3 5654 5655 5736 5735
1 3 5653 5654 5735 5734
1 3 5652 5653 5734 5733
1 3 5571 5572 5653 5652
1 3 5572 5573 5654 5653
1 3 5573 5574 5655 5654
1 3 5492 5493 5574 5573
1 3 5491 5492 5573 5572
1 3 5410 5411 5492 5491
1 3 5411 5412 5493 5492
1 3 5330 5331 5412 5411
1 3 5329 5330 5411 5410
1 3 5328 5329 5410 5409
1 3 5327 5328 5409 5408
1 3 5408 5409 5490 5489
1 3 5409 5410 5491 5490
1 3 5490 5491 5572 5571
1 3 5489 5490 5571 5570
1 3 5488 5489 5570 5569
1 3 5407 5408 5489 5488
1 3 5326 5327 5408 5407
1 3 5325 5326 5407 5406
1 3 5406 5407 5488 5487
1 3 5487 5488 5569 5568
1 3 5568 5569 5650 5649
1 3 5569 5570 5651 5650
1 3 5570 5571 5652 5651
1 3 5651 5652 5733 5732
1 3 5650 5651 5732 5731
1 3 5649 5650 5731 5730
1 3 5730 5731 5812 5811
1 3 5811 5812 5893 5892
1 3 5892 5893 5974 5973
1 3 5893 5894 5975 5974
1 3 5812 5813 5894 5893
1 3 5731 5732 5813 5812
1 3 5732 5733 5814 5813
1 3 5813 5814 5895 5894
1 3 5814 5815 5896 5895
1 3 5733 5734 5815 5814
1 3 5734 5735 5816 5815
1 3 5815 5816 5897 5896
1 3 5896 5897 5978 5977
1 3 5977 5978 6059 6058
1 3 5976 5977 6058 6057
1 3 5895 5896 5977 5976
1 3 5894 5895 5976 5975
1 3 5975 5976 6057 6056
1 3 6056 6057 6138 6137
1 3 6057 6058 6139 6138
1 3 6058 6059 6140 6139
1 3 6139 6140 6221 6220
1 3 6138 6139 6220 6219
1 3 6137 6138 6219 6218
1 3 6136 6137 6218 6217
1 3 6055 6056 6137 6136
1 3 5974 5975 6056 6055
1 3 5973 5974 6055 6054
1 3 6054 6055 6136 6135
1 3 6135 6136 6217 6216
1 3 6216 6217 6298 6297
1 3 6217 6218 6299 6298
1 3 6218 6219 6300 6299
1 3 6299 6300 6381 6380
1 3 6298 6299 6380 6379
1 3 6297 6298 6379 6378
1 3 6378 6379 6460 6459
1 3 6459 6460 6541 6540
1 3 6460 6461 6542 6541
1 3 6379 6380 6461 6460
1 3 6380 6381 6462 6461
1 3 6461 6462 6543 6542
1 3 6462 6463 6544 6543
1 3 6381 6382 6463 6462
1 3 6382 6383 6464 6463
1 3 6463 6464 6545 6544
1 3 6464 6465 6546 6545
1 3 6383 6384 6465 6464
1 3 6302 6303 6384 6383
1 3 6301 6302 6383 6382
1 3 6300 6301 6382 6381
1 3 6219 6220 6301 6300
1 3 6220 6221 6302 6301
1 3 6221 6222 6303 6302
1 3 6222 6223 6304 6303
1 3 6223 6224 6305 6304
1 3 6304 6305 6386 6385
1 3 6303 6304 6385 6384
1 3 6384 6385 6466 6465
1 3 6465 6466 6547 6546
1 3 6466 6467 6548 6547
1 3 6385 6386 6467 6466
1 3 6386 6387 6468 6467
1 3 6467 6468 6549 6548
1 3 6468 6469 6550 6549
1 3 6387 6388 6469 6468
1 3 6306 6307 6388 6387
1 3 6305 6306 6387 6386
1 3 6224 6225 6306 6305
1 3 6225 6226 6307 6306
1 3 6144 6145 6226 6225
1 3 6063 6064 6145 6144
1 3 5982 5983 6064 6063
1 3 5981 5982 6063 6062
1 3 6062 6063 6144 6143
1 3 6143 6144 6225 6224
1 3 6142 6143 6224 6223
1 3 6061 6062 6143 6142
1 3 6060 6061 6142 6141
1 3 6141 6142 6223 6222
1 3 6140 6141 6222 6221
1 3 6059 6060 6141 6140
1 3 5978 5979 6060 6059
1 3 5897 5898 5979 5978
1 3 5898 5899 5980 5979
1 3 5979 5980 6061 6060
1 3 5980 5981 6062 6061
1 3 5899 5900 5981 5980
1 3 5818 5819 5900 5899
1 3 5817 5818 5899 5898
1 3 5816 5817 5898 5897
1 3 5735 5736 5817 5816
1 3 5736 5737 5818 5817
1 3 5737 5738 5819 5818
1 3 5738 5739 5820 5819
1 3 5819 5820 5901 5900
1 3 5900 5901 5982 5981
1 3 5901 5902 5983 5982
1 3 5820 5821 5902 5901
1 3 5739 5740 5821 5820
1 3 5740 5741 5822 5821
1 3 5821 5822 5903 5902
1 3 5902 5903 5984 5983
1 3 5903 5904 5985 5984
1 3 5822 5823 5904 5903
1 3 5741 5742 5823 5822
1 3 5742 5743 5824 5823
1 3 5823 5824 5905 5904
1 3 5824 5825 5906 5905
1 3 5743 5744 5825 5824
1 3 5744 5745 5826 5825
1 3 5825 5826 5907 5906
1 3 5906 5907 5988 5987
1 3 5987 5988 6069 6068
1 3 5986 5987 6068 6067
1 3 5905 5906 5987 5986
1 3 5904 5905 5986 5985
1 3 5985 5986 6067 6066
1 3 6066 6067 6148 6147
1 3 6067 6068 6149 6148
1 3 6068 6069 6150 6149
1 3 6149 6150 6231 6230
1 3 6148 6149 6230 6229
1 3 6147 6148 6229 6228
1 3 6146 6147 6228 6227
1 3 6065 6066 6147 6146
1 3 5984 5985 6066 6065
1 3 5983 5984 6065 6064
1 3 6064 6065 6146 6145
1 3 6145 6146 6227 6226
1 3 6226 6227 6308 6307
1 3 6227 6228 6309 6308
1 3 6228 6229 6310 6309
1 3 6309 6310 6391 6390
1 3 6308 6309 6390 6389
1 3 6307 6308 6389 6388
1 3 6388 6389 6470 6469
1 3 6469 6470 6551 6550
1 3 6470 6471 6552 6551
1 3 6389 6390 6471 6470
1 3 6390 6391 6472 6471
1 3 6471 6472 6553 6552
1 3 6472 6473 6554 6553
1 3 6391 6392 6473 6472
1 3 6392 6393 6474 6473
1 3 6473 6474 6555 6554
1 3 6474 6475 6556 6555
1 3 6393 6394 6475 6474
1 3 6312 6313 6394 6393
1 3 6311 6312 6393 6392
1 3 6310 6311 6392 6391
1 3 6229 6230 6311 6310
1 3 6230 6231 6312 6311
1 3 6231 6232 6313 6312
1 3 6232 6233 6314 6313
1 3 6233 6234 6315 6314
1 3 6314 6315 6396 6395
1 3 6313 6314 6395 6394
1 3 6394 6395 6476 6475
1 3 6475 6476 6557 6556
1 3 6476 6477 6558 6557
1 3 6395 6396 6477 6476
1 3 6396 6397 6478 6477
1 3 6477 6478 6559 6558
1 3 6478 6479 6560 6559
1 3 6397 6398 6479 6478
1 3 6316 6317 6398 6397
1 3 6315 6316 6397 6396
1 3 6234 6235 6316 6315
1 3 6235 6236 6317 6316
1 3 6154 6155 6236 6235
1 3 6073 6074 6155 6154
1 3 5992 5993 6074 6073
1 3 5991 5992 6073 6072
1 3 6072 6073 6154 6153
1 3 6153 6154 6235 6234
1 3 6152 6153 6234 6233
1 3 6071 6072 6153 6152
1 3 6070 6071 6152 6151
1 3 6151 6152 6233 6232
1 3 6150 6151 6232 6231
1 3 6069 6070 6151 6150
1 3 5988 5989 6070 6069
1 3 5907 5908 5989 5988
1 3 5908 5909 5990 5989
1 3 5989 5990 6071 6070
1 3 5990 5991 6072 6071
1 3 5909 5910 5991 5990
1 3 5828 5829 5910 5909
1 3 5827 5828 5909 5908
1 3 5826 5827 5908 5907
1 3 5745 5746 5827 5826
1 3 5746 5747 5828 5827
1 3 5747 5748 5829 5828
1 3 5748 5749 5830 5829
1 3 5829 5830 5911 5910
1 3 5910 5911 5992 5991
1 3 5911 5912 5993 5992
1 3 5830 5831 5912 5911
1 3 5749 5750 5831 5830
1 3 5668 5669 5750 5749
1 3 5667 5668 5749 5748
1 3 5666 5667 5748 5747
1 3 5585 5586 5667 5666
1 3 5586 5587 5668 5667
1 3 5587 5588 5669 5668
1 3 5506 5507 5588 5587
1 3 5505 5506 5587 5586
1 3 5424 5425 5506 5505
1 3 5425 5426 5507 5506
1 3 5344 5345 5426 5425
1 3 5343 5344 5425 5424
1 3 5342 5343 5424 5423
1 3 5341 5342 5423 5422
1 3 5422 5423 5504 5503
1 3 5423 5424 5505 5504
1 3 5504 5505 5586 5585
1 3 5503 5504 5585 5584
1 3 5502 5503 5584 5583
1 3 5421 5422 5503 5502
1 3 5340 5341 5422 5421
1 3 5339 5340 5421 5420
1 3 5420 5421 5502 5501
1 3 5501 5502 5583 5582
1 3 5582 5583 5664 5663
1 3 5583 5584 5665 5664
1 3 5584 5585 5666 5665
1 3 5665 5666 5747 5746
1 3 5664 5665 5746 5745
1 3 5663 5664 5745 5744
1 3 5662 5663 5744 5743
1 3 5581 5582 5663 5662
1 3 5500 5501 5582 5581
1 3 5499 5500 5581 5580
1 3 5580 5581 5662 5661
1 3 5661 5662 5743 5742
1 3 5660 5661 5742 5741
1 3 5659 5660 5741 5740
1 3 5578 5579 5660 5659
1 3 5579 5580 5661 5660
1 3 5498 5499 5580 5579
1 3 5497 5498 5579 5578
1 3 5416 5417 5498 5497
1 3 5417 5418 5499 5498
1 3 5336 5337 5418 5417
1 3 5335 5336 5417 5416
1 3 5254 5255 5336 5335
1 3 5255 5256 5337 5336
1 3 5256 5257 5338 5337
1 3 5337 5338 5419 5418
1 3 5418 5419 5500 5499
1 3 5419 5420 5501 5500
1 3 5338 5339 5420 5419
1 3 5257 5258 5339 5338
1 3 5176 5177 5258 5257
1 3 5095 5096 5177 5176
1 3 5094 5095 5176 5175
1 3 5175 5176 5257 5256
1 3 5174 5175 5256 5255
1 3 5173 5174 5255 5254
1 3 5092 5093 5174 5173
1 3 5093 5094 5175 5174
1 3 5012 5013 5094 5093
1 3 5011 5012 5093 5092
1 3 4930 4931 5012 5011
1 3 4931 4932 5013 5012
1 3 4932 4933 5014 5013
1 3 5013 5014 5095 5094
1 3 5014 5015 5096 5095
1 3 4933 4934 5015 5014
1 3 4934 4935 5016 5015
1 3 4935 4936 5017 5016
1 3 4936 4937 5018 5017
1 3 5017 5018 5099 5098
1 3 5016 5017 5098 5097
1 3 5015 5016 5097 5096
1 3 5096 5097 5178 5177
1 3 5097 5098 5179 5178
1 3 5178 5179 5260 5259
1 3 5177 5178 5259 5258
1 3 5258 5259 5340 5339
1 3 5259 5260 5341 5340
1 3 5260 5261 5342 5341
1 3 5261 5262 5343 5342
1 3 5180 5181 5262 5261
1 3 5179 5180 5261 5260
1 3 5098 5099 5180 5179
1 3 5099 5100 5181 5180
1 3 5100 5101 5182 5181
1 3 5181 5182 5263 5262
1 3 5262 5263 5344 5343
1 3 5263 5264 5345 5344
1 3 5182 5183 5264 5263
1 3 5101 5102 5183 5182
1 3 5020 5021 5102 5101
1 3 5019 5020 5101 5100
1 3 5018 5019 5100 5099
1 3 4937 4938 5019 5018
1 3 4938 4939 5020 5019
1 3 4939 4940 5021 5020
1 3 4858 4859 4940 4939
1 3 4777 4778 4859 4858
1 3 4696 4697 4778 4777
1 3 4695 4696 4777 4776
1 3 4776 4777 4858 4857
1 3 4857 4858 4939 4938
1 3 4856 4857 4938 4937
1 3 4775 4776 4857 4856
1 3 4774 4775 4856 4855
1 3 4855 4856 4937 4936
1 3 4854 4855 4936 4935
1 3 4773 4774 4855 4854
1 3 4692 4693 4774 4773
1 3 4611 4612 4693 4692
1 3 4612 4613 4694 4693
1 3 4693 4694 4775 4774
1 3 4694 4695 4776 4775
1 3 4613 4614 4695 4694
1 3 4532 4533 4614 4613
1 3 4531 4532 4613 4612
1 3 4530 4531 4612 4611
1 3 4449 4450 4531 4530
1 3 4450 4451 4532 4531
1 3 4451 4452 4533 4532
1 3 4452 4453 4534 4533
1 3 4533 4534 4615 4614
1 3 4614 4615 4696 4695
1 3 4615 4616 4697 4696
1 3 4534 4535 4616 4615
1 3 4453 4454 4535 4534
1 3 4372 4373 4454 4453
1 3 4371 4372 4453 4452
1 3 4370 4371 4452 4451
1 3 4289 4290 4371 4370
1 3 4290 4291 4372 4371
1 3 4291 4292 4373 4372
1 3 4210 4211 4292 4291
1 3 4129 4130 4211 4210
1 3 4128 4129 4210 4209
1 3 4209 4210 4291 4290
1 3 4208 4209 4290 4289
1 3 4127 4128 4209 4208
1 3 4126 4127 4208 4207
1 3 4207 4208 4289 4288
1 3 4206 4207 4288 4287
1 3 4125 4126 4207 4206
1 3 4124 4125 4206 4205
1 3 4205 4206 4287 4286
1 3 4286 4287 4368 4367
1 3 4287 4288 4369 4368
1 3 4288 4289 4370 4369
1 3 4369 4370 4451 4450
1 3 4368 4369 4450 4449
1 3 4367 4368 4449 4448
1 3 4366 4367 4448 4447
1 3 4365 4366 4447 4446
1 3 4284 4285 4366 4365
1 3 4285 4286 4367 4366
1 3 4204 4205 4286 4285
1 3 4123 4124 4205 4204
1 3 4122 4123 4204 4203
1 3 4203 4204 4285 4284
1 3 4202 4203 4284 4283
1 3 4121 4122 4203 4202
1 3 4120 4121 4202 4201
1 3 4201 4202 4283 4282
1 3 4282 4283 4364 4363
1 3 4283 4284 4365 4364
1 3 4364 4365 4446 4445
1 3 4363 4364 4445 4444
1 3 4444 4445 4526 4525
1 3 4525 4526 4607 4606
1 3 4606 4607 4688 4687
1 3 4607 4608 4689 4688
1 3 4526 4527 4608 4607
1 3 4445 4446 4527 4526
1 3 4446 4447 4528 4527
1 3 4527 4528 4609 4608
1 3 4528 4529 4610 4609
1 3 4447 4448 4529 4528
1 3 4448 4449 4530 4529
1 3 4529 4530 4611 4610
1 3 4610 4611 4692 4691
1 3 4691 4692 4773 4772
1 3 4690 4691 4772 4771
1 3 4609 4610 4691 4690
1 3 4608 4609 4690 4689
1 3 4689 4690 4771 4770
1 3 4770 4771 4852 4851
1 3 4771 4772 4853 4852
1 3 4772 4773 4854 4853
1 3 4853 4854 4935 4934
1 3 4852 4853 4934 4933
1 3 4851 4852 4933 4932
1 3 4850 4851 4932 4931
1 3 4769 4770 4851 4850
1 3 4688 4689 4770 4769
1 3 4687 4688 4769 4768
1 3 4768 4769 4850 4849
1 3 4849 4850 4931 4930
1 3 4848 4849 4930 4929
1 3 4847 4848 4929 4928
1 3 4846 4847 4928 4927
1 3 4765 4766 4847 4846
1 3 4766 4767 4848 4847
1 3 4767 4768 4849 4848
1 3 4686 4687 4768 4767
1 3 4685 4686 4767 4766
1 3 4604 4605 4686 4685
1 3 4605 4606 4687 4686
1 3 4524 4525 4606 4605
1 3 4523 4524 4605 4604
1 3 4522 4523 4604 4603
1 3 4521 4522 4603 4602
1 3 4602 4603 4684 4683
1 3 4603 4604 4685 4684
1 3 4684 4685 4766 4765
1 3 4683 4684 4765 4764
1 3 4682 4683 4764 4763
1 3 4601 4602 4683 4682
1 3 4520 4521 4602 4601
1 3 4519 4520 4601 4600
1 3 4600 4601 4682 4681
1 3 4681 4682 4763 4762
1 3 4762 4763 4844 4843
1 3 4763 4764 4845 4844
1 3 4764 4765 4846 4845
1 3 4845 4846 4927 4926
1 3 4844 4845 4926 4925
1 3 4843 4844 4925 4924
1 3 4842 4843 4924 4923
1 3 4761 4762 4843 4842
1 3 4680 4681 4762 4761
1 3 4679 4680 4761 4760
1 3 4760 4761 4842 4841
1 3 4841 4842 4923 4922
1 3 4840 4841 4922 4921
1 3 4839 4840 4921 4920
1 3 4758 4759 4840 4839
1 3 4759 4760 4841 4840
1 3 4678 4679 4760 4759
1 3 4677 4678 4759 4758
1 3 4596 4597 4678 4677
1 3 4597 4598 4679 4678
1 3 4516 4517 4598 4597
1 3 4515 4516 4597 4596
1 3 4434 4435 4516 4515
1 3 4435 4436 4517 4516
1 3 4436 4437 4518 4517
1 3 4517 4518 4599 4598
1 3 4598 4599 4680 4679
1 3 4599 4600 4681 4680
1 3 4518 4519 4600 4599
1 3 4437 4438 4519 4518
1 3 4356 4357 4438 4437
1 3 4275 4276 4357 4356
1 3 4274 4275 4356 4355
1 3 4355 4356 4437 4436
1 3 4354 4355 4436 4435
1 3 4353 4354 4435 4434
1 3 4272 4273 4354 4353
1 3 4273 4274 4355 4354
1 3 4192 4193 4274 4273
1 3 4191 4192 4273 4272
1 3 4110 4111 4192 4191
1 3 4111 4112 4193 4192
1 3 4112 4113 4194 4193
1 3 4193 4194 4275 4274
1 3 4194 4195 4276 4275
1 3 4113 4114 4195 4194
1 3 4114 4115 4196 4195
1 3 4115 4116 4197 4196
1 3 4116 4117 4198 4197
1 3 4197 4198 4279 4278
1 3 4196 4197 4278 4277
1 3 4195 4196 4277 4276
1 3 4276 4277 4358 4357
1 3 4277 4278 4359 4358
1 3 4358 4359 4440 4439
1 3 4357 4358 4439 4438
1 3 4438 4439 4520 4519
1 3 4439 4440 4521 4520
1 3 4440 4441 4522 4521
1 3 4441 4442 4523 4522
1 3 4360 4361 4442 4441
1 3 4359 4360 4441 4440
1 3 4278 4279 4360 4359
1 3 4279 4280 4361 4360
1 3 4280 4281 4362 4361
1 3 4361 4362 4443 4442
1 3 4442 4443 4524 4523
1 3 4443 4444 4525 4524
1 3 4362 4363 4444 4443
1 3 4281 4282 4363 4362
1 3 4200 4201 4282 4281
1 3 4199 4200 4281 4280
1 3 4198 4199 4280 4279
1 3 4117 4118 4199 4198
1 3 4118 4119 4200 4199
1 3 4119 4120 4201 4200
1 3 4038 4039 4120 4119
1 3 4037 4038 4119 4118
1 3 4036 4037 4118 4117
1 3 3955 3956 4037 4036
1 3 3956 3957 4038 4037
1 3 3957 3958 4039 4038
1 3 3876 3877 3958 3957
1 3 3875 3876 3957 3956
1 3 3794 3795 3876 3875
1 3 3795 3796 3877 3876
1 3 3714 3715 3796 3795
1 3 3713 3714 3795 3794
1 3 3712 3713 3794 3793
1 3 3711 3712 3793 3792
1 3 3792 3793 3874 3873
1 3 3793 3794 3875 3874
1 3 3874 3875 3956 3955
1 3 3873 3874 3955 3954
1 3 3872 3873 3954 3953
1 3 3791 3792 3873 3872
1 3 3710 3711 3792 3791
1 3 3709 3710 3791 3790
1 3 3790 3791 3872 3871
1 3 3871 3872 3953 3952
1 3 3952 3953 4034 4033
1 3 3953 3954 4035 4034
1 3 3954 3955 4036 4035
1 3 4035 4036 4117 4116
1 3 4034 4035 4116 4115
1 3 4033 4034 4115 4114
1 3 4032 4033 4114 4113
1 3 3951 3952 4033 4032
1 3 3870 3871 3952 3951
1 3 3869 3870 3951 3950
1 3 3950 3951 4032 4031
1 3 4031 4032 4113 4112
1 3 4030 4031 4112 4111
1 3 4029 4030 4111 4110
1 3 3948 3949 4030 4029
1 3 3949 3950 4031 4030
1 3 3868 3869 3950 3949
1 3 3867 3868 3949 3948
1 3 3786 3787 3868 3867
1 3 3787 3788 3869 3868
1 3 3706 3707 3788 3787
1 3 3705 3706 3787 3786
1 3 3624 3625 3706 3705
1 3 3625 3626 3707 3706
1 3 3626 3627 3708 3707
1 3 3707 3708 3789 3788
1 3 3788 3789 3870 3869
1 3 3789 3790 3871 3870
1 3 3708 3709 3790 3789
1 3 3627 3628 3709 3708
1 3 3546 3547 3628 3627
1 3 3465 3466 3547 3546
1 3 3464 3465 3546 3545
1 3 3545 3546 3627 3626
1 3 3544 3545 3626 3625
1 3 3543 3544 3625 3624
1 3 3462 3463 3544 3543
1 3 3463 3464 3545 3544
1 3 3382 3383 3464 3463
1 3 3381 3382 3463 3462
1 3 3300 3301 3382 3381
1 3 3301 3302 3383 3382
1 3 3302 3303 3384 3383
1 3 3383 3384 3465 3464
1 3 3384 3385 3466 3465
1 3 3303 3304 3385 3384
1 3 3304 3305 3386 3385
1 3 3305 3306 3387 3386
1 3 3306 3307 3388 3387
1 3 3387 3388 3469 3468
1 3 3386 3387 3468 3467
1 3 3385 3386 3467 3466
1 3 3466 3467 3548 3547
1 3 3467 3468 3549 3548
1 3 3548 3549 3630 3629
1 3 3547 3548 3629 3628
1 3 3628 3629 3710 3709
1 3 3629 3630 3711 3710
1 3 3630 3631 3712 3711
1 3 3631 3632 3713 3712
1 3 3550 3551 3632 3631
1 3 3549 3550 3631 3630
1 3 3468 3469 3550 3549
1 3 3469 3470 3551 3550
1 3 3470 3471 3552 3551
1 3 3551 3552 3633 3632
1 3 3632 3633 3714 3713
1 3 3633 3634 3715 3714
1 3 3552 3553 3634 3633
1 3 3471 3472 3553 3552
1 3 3390 3391 3472 3471
1 3 3389 3390 3471 3470
1 3 3388 3389 3470 3469
1 3 3307 3308 3389 3388
1 3 3308 3309 3390 3389
1 3 3309 3310 3391 3390
1 3 3310 3311 3392 3391
1 3 3391 3392 3473 3472
1 3 3472 3473 3554 3553
1 3 3473 3474 3555 3554
1 3 3392 3393 3474 3473
1 3 3311 3312 3393 3392
1 3 3312 3313 3394 3393
1 3 3393 3394 3475 3474
1 3 3394 3395 3476 3475
1 3 3313 3314 3395 3394
1 3 3314 3315 3396 3395
1 3 3395 3396 3477 3476
1 3 3476 3477 3558 3557
1 3 3557 3558 3639 3638
1 3 3556 3557 3638 3637
1 3 3475 3476 3557 3556
1 3 3474 3475 3556 3555
1 3 3555 3556 3637 3636
1 3 3636 3637 3718 3717
1 3 3637 3638 3719 3718
1 3 3638 3639 3720 3719
1 3 3719 3720 3801 3800
1 3 3718 3719 3800 3799
1 3 3717 3718 3799 3798
1 3 3716 3717 3798 3797
1 3 3635 3636 3717 3716
1 3 3554 3555 3636 3635
1 3 3553 3554 3635 3634
1 3 3634 3635 3716 3715
1 3 3715 3716 3797 3796
1 3 3796 3797 3878 3877
1 3 3797 3798 3879 3878
1 3 3798 3799 3880 3879
1 3 3879 3880 3961 3960
1 3 3878 3879 3960 3959
1 3 3877 3878 3959 3958
1 3 3958 3959 4040 4039
1 3 4039 4040 4121 4120
1 3 4040 4041 4122 4121
1 3 3959 3960 4041 4040
1 3 3960 3961 4042 4041
1 3 4041 4042 4123 4122
1 3 4042 4043 4124 4123
1 3 3961 3962 4043 4042
1 3 3962 3963 4044 4043
1 3 4043 4044 4125 4124
1 3 4044 4045 4126 4125
1 3 3963 3964 4045 4044
1 3 3882 3883 3964 3963
1 3 3881 3882 3963 3962
1 3 3880 3881 3962 3961
1 3 3799 3800 3881 3880
1 3 3800 3801 3882 3881
1 3 3801 3802 3883 3882
1 3 3802 3803 3884 3883
1 3 3803 3804 3885 3884
1 3 3884 3885 3966 3965
1 3 3883 3884 3965 3964
1 3 3964 3965 4046 4045
1 3 4045 4046 4127 4126
1 3 4046 4047 4128 4127
1 3 3965 3966 4047 4046
1 3 3966 3967 4048 4047
1 3 4047 4048 4129 4128
1 3 4048 4049 4130 4129
1 3 3967 3968 4049 4048
1 3 3886 3887 3968 3967
1 3 3885 3886 3967 3966
1 3 3804 3805 3886 3885
1 3 3805 3806 3887 3886
1 3 3724 3725 3806 3805
1 3 3643 3644 3725 3724
1 3 3562 3563 3644 3643
1 3 3561 3562 3643 3642
1 3 3642 3643 3724 3723
1 3 3723 3724 3805 3804
1 3 3722 3723 3804 3803
1 3 3641 3642 3723 3722
1 3 3640 3641 3722 3721
1 3 3721 3722 3803 3802
1 3 3720 3721 3802 3801
1 3 3639 3640 3721 3720
1 3 3558 3559 3640 3639
1 3 3477 3478 3559 3558
1 3 3478 3479 3560 3559
1 3 3559 3560 3641 3640
1 3 3560 3561 3642 3641
1 3 3479 3480 3561 3560
1 3 3398 3399 3480 3479
1 3 3397 3398 3479 3478
1 3 3396 3397 3478 3477
1 3 3315 3316 3397 3396
1 3 3316 3317 3398 3397
1 3 3317 3318 3399 3398
1 3 3318 3319 3400 3399
1 3 3399 3400 3481 3480
1 3 3480 3481 3562 3561
1 3 3481 3482 3563 3562
1 3 3400 3401 3482 3481
1 3 3319 3320 3401 3400
1 3 3238 3239 3320 3319
1 3 3237 3238 3319 3318
1 3 3236 3237 3318 3317
1 3 3155 3156 3237 3236
1 3 3156 3157 3238 3237
1 3 3157 3158 3239 3238
1 3 3076 3077 3158 3157
1 3 3075 3076 3157 3156
1 3 2994 2995 3076 3075
1 3 2995 2996 3077 3076
1 3 2914 2915 2996 2995
1 3 2913 2914 2995 2994
1 3 2912 2913 2994 2993
1 3 2911 2912 2993 2992
1 3 2992 2993 3074 3073
1 3 2993 2994 3075 3074
1 3 3074 3075 3156 3155
1 3 3073 3074 3155 3154
1 3 3072 3073 3154 3153
1 3 2991 2992 3073 3072
1 3 2910 2911 2992 2991
1 3 2909 2910 2991 2990
1 3 2990 2991 3072 3071
1 3 3071 3072 3153 3152
1 3 3152 3153 3234 3233
1 3 3153 3154 3235 3234
1 3 3154 3155 3236 3235
1 3 3235 3236 3317 3316
1 3 3234 3235 3316 3315
1 3 3233 3234 3315 3314
1 3 3232 3233 3314 3313
1 3 3151 3152 3233 3232
1 3 3070 3071 3152 3151
1 3 3069 3070 3151 3150
1 3 3150 3151 3232 3231
1 3 3231 3232 3313 3312
1 3 3230 3231 3312 3311
1 3 3229 3230 3311 3310
1 3 3148 3149 3230 3229
1 3 3149 3150 3231 3230
1 3 3068 3069 3150 3149
1 3 3067 3068 3149 3148
1 3 2986 2987 3068 3067
1 3 2987 2988 3069 3068
1 3 2906 2907 2988 2987
1 3 2905 2906 2987 2986
1 3 2824 2825 2906 2905
1 3 2825 2826 2907 2906
1 3 2826 2827 2908 2907
1 3 2907 2908 2989 2988
1 3 2988 2989 3070 3069
1 3 2989 2990 3071 3070
1 3 2908 2909 2990 2989
1 3 2827 2828 2909 2908
1 3 2746 2747 2828 2827
1 3 2665 2666 2747 2746
1 3 2664 2665 2746 2745
1 3 2745 2746 2827 2826
1 3 2744 2745 2826 2825
1 3 2743 2744 2825 2824
1 3 2662 2663 2744 2743
1 3 2663 2664 2745 2744
1 3 2582 2583 2664 2663
1 3 2581 2582 2663 2662
1 3 2500 2501 2582 2581
1 3 2501 2502 2583 2582
1 3 2502 2503 2584 2583
1 3 2583 2584 2665 2664
1 3 2584 2585 2666 2665
1 3 2503 2504 2585 2584
1 3 2504 2505 2586 2585
1 3 2505 2506 2587 2586
1 3 2506 2507 2588 2587
1 3 2587 2588 2669 2668
1 3 2586 2587 2668 2667
1 3 2585 2586 2667 2666
1 3 2666 2667 2748 2747
1 3 2667 2668 2749 2748
1 3 2748 2749 2830 2829
1 3 2747 2748 2829 2828
1 3 2828 2829 2910 2909
1 3 2829 2830 2911 2910
1 3 2830 2831 2912 2911
1 3 2831 2832 2913 2912
1 3 2750 2751 2832 2831
1 3 2749 2750 2831 2830
1 3 2668 2669 2750 2749
1 3 2669 2670 2751 2750
1 3 2670 2671 2752 2751
1 3 2751 2752 2833 2832
1 3 2832 2833 2914 2913
1 3 2833 2834 2915 2914
1 3 2752 2753 2834 2833
1 3 2671 2672 2753 2752
1 3 2590 2591 2672 2671
1 3 2589 2590 2671 2670
1 3 2588 2589 2670 2669
1 3 2507 2508 2589 2588
1 3 2508 2509 2590 2589
1 3 2509 2510 2591 2590
1 3 2428 2429 2510 2509
1 3 2347 2348 2429 2428
1 3 2266 2267 2348 2347
1 3 2265 2266 2347 2346
1 3 2346 2347 2428 2427
1 3 2427 2428 2509 2508
1 3 2426 2427 2508 2507
1 3 2345 2346 2427 2426
1 3 2344 2345 2426 2425
1 3 2425 2426 2507 2506
1 3 2424 2425 2506 2505
1 3 2343 2344 2425 2424
1 3 2262 2263 2344 2343
1 3 2181 2182 2263 2262
1 3 2182 2183 2264 2263
1 3 2263 2264 2345 2344
1 3 2264 2265 2346 2345
1 3 2183 2184 2265 2264
1 3 2102 2103 2184 2183
1 3 2101 2102 2183 2182
1 3 2100 2101 2182 2181
1 3 2019 2020 2101 2100
1 3 2020 2021 2102 2101
1 3 2021 2022 2103 2102
1 3 2022 2023 2104 2103
1 3 2103 2104 2185 2184
1 3 2184 2185 2266 2265
1 3 2185 2186 2267 2266
1 3 2104 2105 2186 2185
1 3 2023 2024 2105 2104
1 3 1942 1943 2024 2023
1 3 1941 1942 2023 2022
1 3 1940 1941 2022 2021
1 3 1859 1860 1941 1940
1 3 1860 1861 1942 1941
1 3 1861 1862 1943 1942
1 3 1780 1781 1862 1861
1 3 1699 1700 1781 1780
1 3 1698 1699 1780 1779
1 3 1779 1780 1861 1860
1 3 1778 1779 1860 1859
1 3 1697 1698 1779 1778
1 3 1696 1697 1778 1777
1 3 1777 1778 1859 1858
1 3 1776 1777 1858 1857
1 3 1695 1696 1777 1776
1 3 1694 1695 1776 1775
1 3 1775 1776 1857 1856
1 3 1856 1857 1938 1937
1 3 1857 1858 1939 1938
1 3 1858 1859 1940 1939
1 3 1939 1940 2021 2020
1 3 1938 1939 2020 2019
1 3 1937 1938 2019 2018
1 3 1936 1937 2018 2017
1 3 1935 1936 2017 2016
1 3 1854 1855 1936 1935
1 3 1855 1856 1937 1936
1 3 1774 1775 1856 1855
1 3 1693 1694 1775 1774
1 3 1692 1693 1774 1773
1 3 1773 1774 1855 1854
1 3 1772 1773 1854 1853
1 3 1691 1692 1773 1772
1 3 1690 1691 1772 1771
1 3 1771 1772 1853 1852
1 3 1852 1853 1934 1933
1 3 1853 1854 1935 1934
1 3 1934 1935 2016 2015
1 3 1933 1934 2015 2014
1 3 2014 2015 2096 2095
1 3 2095 2096 2177 2176
1 3 2176 2177 2258 2257
1 3 2177 2178 2259 2258
1 3 2096 2097 2178 2177
1 3 2015 2016 2097 2096
1 3 2016 2017 2098 2097
1 3 2097 2098 2179 2178
1 3 2098 2099 2180 2179
1 3 2017 2018 2099 2098
1 3 2018 2019 2100 2099
1 3 2099 2100 2181 2180
1 3 2180 2181 2262 2261
1 3 2261 2262 2343 2342
1 3 2260 2261 2342 2341
1 3 2179 2180 2261 2260
1 3 2178 2179 2260 2259
1 3 2259 2260 2341 2340
1 3 2340 2341 2422 2421
1 3 2341 2342 2423 2422
1 3 2342 2343 2424 2423
1 3 2423 2424 2505 2504
1 3 2422 2423 2504 2503
1 3 2421 2422 2503 2502
1 3 2420 2421 2502 2501
1 3 2339 2340 2421 2420
1 3 2258 2259 2340 2339
1 3 2257 2258 2339 2338
1 3 2338 2339 2420 2419
1 3 2419 2420 2501 2500
1 3 2418 2419 2500 2499
1 3 2337 2338 2419 2418
1 3 2256 2257 2338 2337
1 3 2255 2256 2337 2336
1 3 2336 2337 2418 2417
1 3 2417 2418 2499 2498
1 3 2416 2417 2498 2497
1 3 2335 2336 2417 2416
1 3 2334 2335 2416 2415
1 3 2415 2416 2497 2496
1 3 2414 2415 2496 2495
1 3 2333 2334 2415 2414
1 3 2252 2253 2334 2333
1 3 2171 2172 2253 2252
1 3 2172 2173 2254 2253
1 3 2253 2254 2335 2334
1 3 2254 2255 2336 2335
1 3 2173 2174 2255 2254
1 3 2092 2093 2174 2173
1 3 2091 2092 2173 2172
1 3 2090 2091 2172 2171
1 3 2009 2010 2091 2090
1 3 2010 2011 2092 2091
1 3 2011 2012 2093 2092
1 3 2012 2013 2094 2093
1 3 2093 2094 2175 2174
1 3 2174 2175 2256 2255
1 3 2175 2176 2257 2256
1 3 2094 2095 2176 2175
1 3 2013 2014 2095 2094
1 3 1932 1933 2014 2013
1 3 1931 1932 2013 2012
1 3 1930 1931 2012 2011
1 3 1849 1850 1931 1930
1 3 1850 1851 1932 1931
1 3 1851 1852 1933 1932
1 3 1770 1771 1852 1851
1 3 1689 1690 1771 1770
1 3 1688 1689 1770 1769
1 3 1769 1770 1851 1850
1 3 1768 1769 1850 1849
1 3 1687 1688 1769 1768
1 3 1686 1687 1768 1767
1 3 1767 1768 1849 1848
1 3 1766 1767 1848 1847
1 3 1685 1686 1767 1766
1 3 1684 1685 1766 1765
1 3 1765 1766 1847 1846
1 3 1846 1847 1928 1927
1 3 1847 1848 1929 1928
1 3 1848 1849 1930 1929
1 3 1929 1930 2011 2010
1 3 1928 1929 2010 2009
1 3 1927 1928 2009 2008
1 3 1926 1927 2008 2007
1 3 1925 1926 2007 2006
1 3 1844 1845 1926 1925
1 3 1845 1846 1927 1926
1 3 1764 1765 1846 1845
1 3 1683 1684 1765 1764
1 3 1682 1683 1764 1763
1 3 1763 1764 1845 1844
1 3 1762 1763 1844 1843
1 3 1681 1682 1763 1762
1 3 1680 1681 1762 1761
1 3 1761 1762 1843 1842
1 3 1842 1843 1924 1923
1 3 1843 1844 1925 1924
1 3 1924 1925 2006 2005
1 3 1923 1924 2005 2004
1 3 2004 2005 2086 2085
1 3 2085 2086 2167 2166
1 3 2166 2167 2248 2247
1 3 2167 2168 2249 2248
1 3 2086 2087 2168 2167
1 3 2005 2006 2087 2086
1 3 2006 2007 2088 2087
1 3 2087 2088 2169 2168
1 3 2088 2089 2170 2169
1 3 2007 2008 2089 2088
1 3 2008 2009 2090 2089
1 3 2089 2090 2171 2170
1 3 2170 2171 2252 2251
1 3 2251 2252 2333 2332
1 3 2250 2251 2332 2331
1 3 2169 2170 2251 2250
1 3 2168 2169 2250 2249
1 3 2249 2250 2331 2330
1 3 2330 2331 2412 2411
1 3 2331 2332 2413 2412
1 3 2332 2333 2414 2413
1 3 2413 2414 2495 2494
1 3 2412 2413 2494 2493
1 3 2411 2412 2493 2492
1 3 2410 2411 2492 2491
1 3 2329 2330 2411 2410
1 3 2248 2249 2330 2329
1 3 2247 2248 2329 2328
1 3 2328 2329 2410 2409
1 3 2409 2410 2491 2490
1 3 2490 2491 2572 2571
1 3 2491 2492 2573 2572
1 3 2492 2493 2574 2573
1 3 2573 2574 2655 2654
1 3 2572 2573 2654 2653
1 3 2571 2572 2653 2652
1 3 2652 2653 2734 2733
1 3 2653 2654 2735 2734
1 3 2734 2735 2816 2815
1 3 2733 2734 2815 2814
1 3 2814 2815 2896 2895
1 3 2815 2816 2897 2896
1 3 2816 2817 2898 2897
1 3 2817 2818 2899 2898
1 3 2736 2737 2818 2817
1 3 2735 2736 2817 2816
1 3 2654 2655 2736 2735
1 3 2655 2656 2737 2736
1 3 2656 2657 2738 2737
1 3 2737 2738 2819 2818
1 3 2818 2819 2900 2899
1 3 2819 2820 2901 2900
1 3 2738 2739 2820 2819
1 3 2657 2658 2739 2738
1 3 2576 2577 2658 2657
1 3 2575 2576 2657 2656
1 3 2574 2575 2656 2655
1 3 2493 2494 2575 2574
1 3 2494 2495 2576 2575
1 3 2495 2496 2577 2576
1 3 2496 2497 2578 2577
1 3 2577 2578 2659 2658
1 3 2658 2659 2740 2739
1 3 2659 2660 2741 2740
1 3 2578 2579 2660 2659
1 3 2497 2498 2579 2578
1 3 2498 2499 2580 2579
1 3 2499 2500 2581 2580
1 3 2580 2581 2662 2661
1 3 2579 2580 2661 2660
1 3 2660 2661 2742 2741
1 3 2661 2662 2743 2742
1 3 2742 2743 2824 2823
1 3 2741 2742 2823 2822
1 3 2822 2823 2904 2903
1 3 2823 2824 2905 2904
1 3 2904 2905 2986 2985
1 3 2903 2904 2985 2984
1 3 2902 2903 2984 2983
1 3 2821 2822 2903 2902
1 3 2740 2741 2822 2821
1 3 2739 2740 2821 2820
1 3 2820 2821 2902 2901
1 3 2901 2902 2983 2982
1 3 2982 2983 3064 3063
1 3 3063 3064 3145 3144
1 3 3064 3065 3146 3145
1 3 2983 2984 3065 3064
1 3 2984 2985 3066 3065
1 3 2985 2986 3067 3066
1 3 3066 3067 3148 3147
1 3 3065 3066 3147 3146
1 3 3146 3147 3228 3227
1 3 3147 3148 3229 3228
1 3 3228 3229 3310 3309
1 3 3227 3228 3309 3308
1 3 3226 3227 3308 3307
1 3 3145 3146 3227 3226
1 3 3144 3145 3226 3225
1 3 3225 3226 3307 3306
1 3 3224 3225 3306 3305
1 3 3223 3224 3305 3304
1 3 3222 3223 3304 3303
1 3 3141 3142 3223 3222
1 3 3142 3143 3224 3223
1 3 3143 3144 3225 3224
1 3 3062 3063 3144 3143
1 3 3061 3062 3143 3142
1 3 2980 2981 3062 3061
1 3 2981 2982 3063 3062
1 3 2900 2901 2982 2981
1 3 2899 2900 2981 2980
1 3 2898 2899 2980 2979
1 3 2897 2898 2979 2978
1 3 2978 2979 3060 3059
1 3 2979 2980 3061 3060
1 3 3060 3061 3142 3141
1 3 3059 3060 3141 3140
1 3 3058 3059 3140 3139
1 3 2977 2978 3059 3058
1 3 2896 2897 2978 2977
1 3 2895 2896 2977 2976
1 3 2976 2977 3058 3057
1 3 3057 3058 3139 3138
1 3 3138 3139 3220 3219
1 3 3139 3140 3221 3220
1 3 3140 3141 3222 3221
1 3 3221 3222 3303 3302
1 3 3220 3221 3302 3301
1 3 3219 3220 3301 3300
1 3 3218 3219 3300 3299
1 3 3137 3138 3219 3218
1 3 3056 3057 3138 3137
1 3 3055 3056 3137 3136
1 3 3136 3137 3218 3217
1 3 3217 3218 3299 3298
1 3 3216 3217 3298 3297
1 3 3135 3136 3217 3216
1 3 3134 3135 3216 3215
1 3 3215 3216 3297 3296
1 3 3214 3215 3296 3295
1 3 3133 3134 3215 3214
1 3 3052 3053 3134 3133
1 3 2971 2972 3053 3052
1 3 2972 2973 3054 3053
1 3 3053 3054 3135 3134
1 3 3054 3055 3136 3135
1 3 2973 2974 3055 3054
1 3 2892 2893 2974 2973
1 3 2891 2892 2973 2972
1 3 2890 2891 2972 2971
1 3 2809 2810 2891 2890
1 3 2810 2811 2892 2891
1 3 2811 2812 2893 2892
1 3 2812 2813 2894 2893
1 3 2893 2894 2975 2974
1 3 2974 2975 3056 3055
1 3 2975 2976 3057 3056
1 3 2894 2895 2976 2975
1 3 2813 2814 2895 2894
1 3 2732 2733 2814 2813
1 3 2731 2732 2813 2812
1 3 2730 2731 2812 2811
1 3 2649 2650 2731 2730
1 3 2650 2651 2732 2731
1 3 2651 2652 2733 2732
1 3 2570 2571 2652 2651
1 3 2489 2490 2571 2570
1 3 2488 2489 2570 2569
1 3 2569 2570 2651 2650
1 3 2568 2569 2650 2649
1 3 2487 2488 2569 2568
1 3 2486 2487 2568 2567
1 3 2567 2568 2649 2648
1 3 2566 2567 2648 2647
1 3 2485 2486 2567 2566
1 3 2484 2485 2566 2565
1 3 2565 2566 2647 2646
1 3 2646 2647 2728 2727
1 3 2647 2648 2729 2728
1 3 2648 2649 2730 2729
1 3 2729 2730 2811 2810
1 3 2728 2729 2810 2809
1 3 2727 2728 2809 2808
1 3 2726 2727 2808 2807
1 3 2725 2726 2807 2806
1 3 2644 2645 2726 2725
1 3 2645 2646 2727 2726
1 3 2564 2565 2646 2645
1 3 2483 2484 2565 2564
1 3 2482 2483 2564 2563
1 3 2563 2564 2645 2644
1 3 2562 2563 2644 2643
1 3 2481 2482 2563 2562
1 3 2480 2481 2562 2561
1 3 2561 2562 2643 2642
1 3 2642 2643 2724 2723
1 3 2643 2644 2725 2724
1 3 2724 2725 2806 2805
1 3 2723 2724 2805 2804
1 3 2804 2805 2886 2885
1 3 2885 2886 2967 2966
1 3 2966 2967 3048 3047
1 3 2967 2968 3049 3048
1 3 2886 2887 2968 2967
1 3 2805 2806 2887 2886
1 3 2806 2807 2888 2887
1 3 2887 2888 2969 2968
1 3 2888 2889 2970 2969
1 3 2807 2808 2889 2888
1 3 2808 2809 2890 2889
1 3 2889 2890 2971 2970
1 3 2970 2971 3052 3051
1 3 3051 3052 3133 3132
1 3 3050 3051 3132 3131
1 3 2969 2970 3051 3050
1 3 2968 2969 3050 3049
1 3 3049 3050 3131 3130
1 3 3130 3131 3212 3211
1 3 3131 3132 3213 3212
1 3 3132 3133 3214 3213
1 3 3213 3214 3295 3294
1 3 3212 3213 3294 3293
1 3 3211 3212 3293 3292
1 3 3210 3211 3292 3291
1 3 3129 3130 3211 3210
1 3 3048 3049 3130 3129
1 3 3047 3048 3129 3128
1 3 3128 3129 3210 3209
1 3 3209 3210 3291 3290
1 3 3208 3209 3290 3289
1 3 3207 3208 3289 3288
1 3 3206 3207 3288 3287
1 3 3125 3126 3207 3206
1 3 3126 3127 3208 3207
1 3 3127 3128 3209 3208
1 3 3046 3047 3128 3127
1 3 3045 3046 3127 3126
1 3 2964 2965 3046 3045
1 3 2965 2966 3047 3046
1 3 2884 2885 2966 2965
1 3 2883 2884 2965 2964
1 3 2882 2883 2964 2963
1 3 2881 2882 2963 2962
1 3 2962 2963 3044 3043
1 3 2963 2964 3045 3044
1 3 3044 3045 3126 3125
1 3 3043 3044 3125 3124
1 3 3042 3043 3124 3123
1 3 2961 2962 3043 3042
1 3 2880 2881 2962 2961
1 3 2879 2880 2961 2960
1 3 2960 2961 3042 3041
1 3 3041 3042 3123 3122
1 3 3122 3123 3204 3203
1 3 3123 3124 3205 3204
1 3 3124 3125 3206 3205
1 3 3205 3206 3287 3286
1 3 3204 3205 3286 3285
1 3 3203 3204 3285 3284
1 3 3202 3203 3284 3283
1 3 3121 3122 3203 3202
1 3 3040 3041 3122 3121
1 3 3039 3040 3121 3120
1 3 3120 3121 3202 3201
1 3 3201 3202 3283 3282
1 3 3200 3201 3282 3281
1 3 3199 3200 3281 3280
1 3 3118 3119 3200 3199
1 3 3119 3120 3201 3200
1 3 3038 3039 3120 3119
1 3 3037 3038 3119 3118
1 3 2956 2957 3038 3037
1 3 2957 2958 3039 3038
1 3 2876 2877 2958 2957
1 3 2875 2876 2957 2956
1 3 2794 2795 2876 2875
1 3 2795 2796 2877 2876
1 3 2796 2797 2878 2877
1 3 2877 2878 2959 2958
1 3 2958 2959 3040 3039
1 3 2959 2960 3041 3040
1 3 2878 2879 2960 2959
1 3 2797 2798 2879 2878
1 3 2716 2717 2798 2797
1 3 2635 2636 2717 2716
1 3 2634 2635 2716 2715
1 3 2715 2716 2797 2796
1 3 2714 2715 2796 2795
1 3 2713 2714 2795 2794
1 3 2632 2633 2714 2713
1 3 2633 2634 2715 2714
1 3 2552 2553 2634 2633
1 3 2551 2552 2633 2632
1 3 2470 2471 2552 2551
1 3 2471 2472 2553 2552
1 3 2472 2473 2554 2553
1 3 2553 2554 2635 2634
1 3 2554 2555 2636 2635
1 3 2473 2474 2555 2554
1 3 2474 2475 2556 2555
1 3 2475 2476 2557 2556
1 3 2476 2477 2558 2557
1 3 2557 2558 2639 2638
1 3 2556 2557 2638 2637
1 3 2555 2556 2637 2636
1 3 2636 2637 2718 2717
1 3 2637 2638 2719 2718
1 3 2718 2719 2800 2799
1 3 2717 2718 2799 2798
1 3 2798 2799 2880 2879
1 3 2799 2800 2881 2880
1 3 2800 2801 2882 2881
1 3 2801 2802 2883 2882
1 3 2720 2721 2802 2801
1 3 2719 2720 2801 2800
1 3 2638 2639 2720 2719
1 3 2639 2640 2721 2720
1 3 2640 2641 2722 2721
1 3 2721 2722 2803 2802
1 3 2802 2803 2884 2883
1 3 2803 2804 2885 2884
1 3 2722 2723 2804 2803
1 3 2641 2642 2723 2722
1 3 2560 2561 2642 2641
1 3 2559 2560 2641 2640
1 3 2558 2559 2640 2639
1 3 2477 2478 2559 2558
1 3 2478 2479 2560 2559
1 3 2479 2480 2561 2560
1 3 2398 2399 2480 2479
1 3 2397 2398 2479 2478
1 3 2396 2397 2478 2477
1 3 2315 2316 2397 2396
1 3 2316 2317 2398 2397
1 3 2317 2318 2399 2398
1 3 2236 2237 2318 2317
1 3 2235 2236 2317 2316
1 3 2154 2155 2236 2235
1 3 2155 2156 2237 2236
1 3 2074 2075 2156 2155
1 3 2073 2074 2155 2154
1 3 2072 2073 2154 2153
1 3 2071 2072 2153 2152
1 3 2152 2153 2234 2233
1 3 2153 2154 2235 2234
1 3 2234 2235 2316 2315
1 3 2233 2234 2315 2314
1 3 2232 2233 2314 2313
1 3 2151 2152 2233 2232
1 3 2070 2071 2152 2151
1 3 2069 2070 2151 2150
1 3 2150 2151 2232 2231
1 3 2231 2232 2313 2312
1 3 2312 2313 2394 2393
1 3 2313 2314 2395 2394
1 3 2314 2315 2396 2395
1 3 2395 2396 2477 2476
1 3 2394 2395 2476 2475
1 3 2393 2394 2475 2474
1 3 2392 2393 2474 2473
1 3 2311 2312 2393 2392
1 3 2230 2231 2312 2311
1 3 2229 2230 2311 2310
1 3 2310 2311 2392 2391
1 3 2391 2392 2473 2472
1 3 2390 2391 2472 2471
1 3 2389 2390 2471 2470
1 3 2308 2309 2390 2389
1 3 2309 2310 2391 2390
1 3 2228 2229 2310 2309
1 3 2227 2228 2309 2308
1 3 2146 2147 2228 2227
1 3 2147 2148 2229 2228
1 3 2066 2067 2148 2147
1 3 2065 2066 2147 2146
1 3 1984 1985 2066 2065
1 3 1985 1986 2067 2066
1 3 1986 1987 2068 2067
1 3 2067 2068 2149 2148
1 3 2148 2149 2230 2229
1 3 2149 2150 2231 2230
1 3 2068 2069 2150 2149
1 3 1987 1988 2069 2068
1 3 1906 1907 1988 1987
1 3 1825 1826 1907 1906
1 3 1824 1825 1906 1905
1 3 1905 1906 1987 1986
1 3 1904 1905 1986 1985
1 3 1903 1904 1985 1984
1 3 1822 1823 1904 1903
1 3 1823 1824 1905 1904
1 3 1742 1743 1824 1823
1 3 1741 1742 1823 1822
1 3 1660 1661 1742 1741
1 3 1661 1662 1743 1742
1 3 1662 1663 1744 1743
1 3 1743 1744 1825 1824
1 3 1744 1745 1826 1825
1 3 1663 1664 1745 1744
1 3 1664 1665 1746 1745
1 3 1665 1666 1747 1746
1 3 1666 1667 1748 1747
1 3 1747 1748 1829 1828
1 3 1746 1747 1828 1827
1 3 1745 1746 1827 1826
1 3 1826 1827 1908 1907
1 3 1827 1828 1909 1908
1 3 1908 1909 1990 1989
1 3 1907 1908 1989 1988
1 3 1988 1989 2070 2069
1 3 1989 1990 2071 2070
1 3 1990 1991 2072 2071
1 3 1991 1992 2073 2072
1 3 1910 1911 1992 1991
1 3 1909 1910 1991 1990
1 3 1828 1829 1910 1909
1 3 1829 1830 1911 1910
1 3 1830 1831 1912 1911
1 3 1911 1912 1993 1992
1 3 1992 1993 2074 2073
1 3 1993 1994 2075 2074
1 3 1912 1913 1994 1993
1 3 1831 1832 1913 1912
1 3 1750 1751 1832 1831
1 3 1749 1750 1831 1830
1 3 1748 1749 1830 1829
1 3 1667 1668 1749 1748
1 3 1668 1669 1750 1749
1 3 1669 1670 1751 1750
1 3 1670 1671 1752 1751
1 3 1751 1752 1833 1832
1 3 1832 1833 1914 1913
1 3 1833 1834 1915 1914
1 3 1752 1753 1834 1833
1 3 1671 1672 1753 1752
1 3 1672 1673 1754 1753
1 3 1753 1754 1835 1834
1 3 1754 1755 1836 1835
1 3 1673 1674 1755 1754
1 3 1674 1675 1756 1755
1 3 1755 1756 1837 1836
1 3 1836 1837 1918 1917
1 3 1917 1918 1999 1998
1 3 1916 1917 1998 1997
1 3 1835 1836 1917 1916
1 3 1834 1835 1916 1915
1 3 1915 1916 1997 1996
1 3 1996 1997 2078 2077
1 3 1997 1998 2079 2078
1 3 1998 1999 2080 2079
1 3 2079 2080 2161 2160
1 3 2078 2079 2160 2159
1 3 2077 2078 2159 2158
1 3 2076 2077 2158 2157
1 3 1995 1996 2077 2076
1 3 1914 1915 1996 1995
1 3 1913 1914 1995 1994
1 3 1994 1995 2076 2075
1 3 2075 2076 2157 2156
1 3 2156 2157 2238 2237
1 3 2157 2158 2239 2238
1 3 2158 2159 2240 2239
1 3 2239 2240 2321 2320
1 3 2238 2239 2320 2319
1 3 2237 2238 2319 2318
1 3 2318 2319 2400 2399
1 3 2399 2400 2481 2480
1 3 2400 2401 2482 2481
1 3 2319 2320 2401 2400
1 3 2320 2321 2402 2401
1 3 2401 2402 2483 2482
1 3 2402 2403 2484 2483
1 3 2321 2322 2403 2402
1 3 2322 2323 2404 2403
1 3 2403 2404 2485 2484
1 3 2404 2405 2486 2485
1 3 2323 2324 2405 2404
1 3 2242 2243 2324 2323
1 3 2241 2242 2323 2322
1 3 2240 2241 2322 2321
1 3 2159 2160 2241 2240
1 3 2160 2161 2242 2241
1 3 2161 2162 2243 2242
1 3 2162 2163 2244 2243
1 3 2163 2164 2245 2244
1 3 2244 2245 2326 2325
1 3 2243 2244 2325 2324
1 3 2324 2325 2406 2405
1 3 2405 2406 2487 2486
1 3 2406 2407 2488 2487
1 3 2325 2326 2407 2406
1 3 2326 2327 2408 2407
1 3 2407 2408 2489 2488
1 3 2408 2409 2490 2489
1 3 2327 2328 2409 2408
1 3 2246 2247 2328 2327
1 3 2245 2246 2327 2326
1 3 2164 2165 2246 2245
1 3 2165 2166 2247 2246
1 3 2084 2085 2166 2165
1 3 2003 2004 2085 2084
1 3 1922 1923 2004 2003
1 3 1921 1922 2003 2002
1 3 2002 2003 2084 2083
1 3 2083 2084 2165 2164
1 3 2082 2083 2164 2163
1 3 2001 2002 2083 2082
1 3 2000 2001 2082 2081
1 3 2081 2082 2163 2162
1 3 2080 2081 2162 2161
1 3 1999 2000 2081 2080
1 3 1918 1919 2000 1999
1 3 1837 1838 1919 1918
1 3 1838 1839 1920 1919
1 3 1919 1920 2001 2000
1 3 1920 1921 2002 2001
1 3 1839 1840 1921 1920
1 3 1758 1759 1840 1839
1 3 1757 1758 1839 1838
1 3 1756 1757 1838 1837
1 3 1675 1676 1757 1756
1 3 1676 1677 1758 1757
1 3 1677 1678 1759 1758
1 3 1678 1679 1760 1759
1 3 1759 1760 1841 1840
1 3 1840 1841 1922 1921
1 3 1841 1842 1923 1922
1 3 1760 1761 1842 1841
1 3 1679 1680 1761 1760
1 3 1598 1599 1680 1679
1 3 1517 1518 1599 1598
1 3 1436 1437 1518 1517
1 3 1435 1436 1517 1516
1 3 1516 1517 1598 1597
1 3 1597 1598 1679 1678
1 3 1596 1597 1678 1677
1 3 1515 1516 1597 1596
1 3 1514 1515 1596 1595
1 3 1595 1596 1677 1676
1 3 1594 1595 1676 1675
1 3 1513 1514 1595 1594
1 3 1432 1433 1514 1513
1 3 1351 1352 1433 1432
1 3 1352 1353 1434 1433
1 3 1433 1434 1515 1514
1 3 1434 1435 1516 1515
1 3 1353 1354 1435 1434
1 3 1272 1273 1354 1353
1 3 1271 1272 1353 1352
1 3 1270 1271 1352 1351
1 3 1189 1190 1271 1270
1 3 1190 1191 1272 1271
1 3 1191 1192 1273 1272
1 3 1192 1193 1274 1273
1 3 1273 1274 1355 1354
1 3 1354 1355 1436 1435
1 3 1355 1356 1437 1436
1 3 1274 1275 1356 1355
1 3 1193 1194 1275 1274
1 3 1112 1113 1194 1193
1 3 1111 1112 1193 1192
1 3 1110 1111 1192 1191
1 3 1029 1030 1111 1110
1 3 1030 1031 1112 1111
1 3 1031 1032 1113 1112
1 3 950 951 1032 1031
1 3 869 870 951 950
1 3 868 869 950 949
1 3 949 950 1031 1030
1 3 948 949 1030 1029
1 3 867 868 949 948
1 3 866 867 948 947
1 3 947 948 1029 1028
1 3 946 947 1028 1027
1 3 865 866 947 946
1 3 864 865 946 945
1 3 945 946 1027 1026
1 3 1026 1027 1108 1107
1 3 1027 1028 1109 1108
1 3 1028 1029 1110 1109
1 3 1109 1110 1191 1190
1 3 1108 1109 1190 1189
1 3 1107 1108 1189 1188
1 3 1106 1107 1188 1187
1 3 1105 1106 1187 1186
1 3 1024 1025 1106 1105
1 3 1025 1026 1107 1106
1 3 944 945 1026 1025
1 3 863 864 945 944
1 3 862 863 944 943
1 3 943 944 1025 1024
1 3 942 943 1024 1023
1 3 861 862 943 942
1 3 860 861 942 941
1 3 941 942 1023 1022
1 3 1022 1023 1104 1103
1 3 1023 1024 1105 1104
1 3 1104 1105 1186 1185
1 3 1103 1104 1185 1184
1 3 1184 1185 1266 1265
1 3 1265 1266 1347 1346
1 3 1346 1347 1428 1427
1 3 1347 1348 1429 1428
1 3 1266 1267 1348 1347
1 3 1185 1186 1267 1266
1 3 1186 1187 1268 1267
1 3 1267 1268 1349 1348
1 3 1268 1269 1350 1349
1 3 1187 1188 1269 1268
1 3 1188 1189 1270 1269
1 3 1269 1270 1351 1350
1 3 1350 1351 1432 1431
1 3 1431 1432 1513 1512
1 3 1430 1431 1512 1511
1 3 1349 1350 1431 1430
1 3 1348 1349 1430 1429
1 3 1429 1430 1511 1510
1 3 1510 1511 1592 1591
1 3 1511 1512 1593 1592
1 3 1512 1513 1594 1593
1 3 1593 1594 1675 1674
1 3 1592 1593 1674 1673
1 3 1591 1592 1673 1672
1 3 1590 1591 1672 1671
1 3 1509 1510 1591 1590
1 3 1428 1429 1510 1509
1 3 1427 1428 1509 1508
1 3 1508 1509 1590 1589
1 3 1589 1590 1671 1670
1 3 1588 1589 1670 1669
1 3 1587 1588 1669 1668
1 3 1586 1587 1668 1667
1 3 1505 1506 1587 1586
1 3 1506 1507 1588 1587
1 3 1507 1508 1589 1588
1 3 1426 1427 1508 1507
1 3 1425 1426 1507 1506
1 3 1344 1345 1426 1425
1 3 1345 1346 1427 1426
1 3 1264 1265 1346 1345
1 3 1263 1264 1345 1344
1 3 1262 1263 1344 1343
1 3 1261 1262 1343 1342
1 3 1342 1343 1424 1423
1 3 1343 1344 1425 1424
1 3 1424 1425 1506 1505
1 3 1423 1424 1505 1504
1 3 1422 1423 1504 1503
1 3 1341 1342 1423 1422
1 3 1260 1261 1342 1341
1 3 1259 1260 1341 1340
1 3 1340 1341 1422 1421
1 3 1421 1422 1503 1502
1 3 1502 1503 1584 1583
1 3 1503 1504 1585 1584
1 3 1504 1505 1586 1585
1 3 1585 1586 1667 1666
1 3 1584 1585 1666 1665
1 3 1583 1584 1665 1664
1 3 1582 1583 1664 1663
1 3 1501 1502 1583 1582
1 3 1420 1421 1502 1501
1 3 1419 1420 1501 1500
1 3 1500 1501 1582 1581
1 3 1581 1582 1663 1662
1 3 1580 1581 1662 1661
1 3 1579 1580 1661 1660
1 3 1498 1499 1580 1579
1 3 1499 1500 1581 1580
1 3 1418 1419 1500 1499
1 3 1417 1418 1499 1498
1 3 1336 1337 1418 1417
1 3 1337 1338 1419 1418
1 3 1256 1257 1338 1337
1 3 1255 1256 1337 1336
1 3 1174 1175 1256 1255
1 3 1175 1176 1257 1256
1 3 1176 1177 1258 1257
1 3 1257 1258 1339 1338
1 3 1338 1339 1420 1419
1 3 1339 1340 1421 1420
1 3 1258 1259 1340 1339
1 3 1177 1178 1259 1258
1 3 1096 1097 1178 1177
1 3 1015 1016 1097 1096
1 3 1014 1015 1096 1095
1 3 1095 1096 1177 1176
1 3 1094 1095 1176 1175
1 3 1093 1094 1175 1174
1 3 1012 1013 1094 1093
1 3 1013 1014 1095 1094
1 3 932 933 1014 1013
1 3 931 932 1013 1012
1 3 850 851 932 931
1 3 851 852 933 932
1 3 852 853 934 933
1 3 933 934 1015 1014
1 3 934 935 1016 1015
1 3 853 854 935 934
1 3 854 855 936 935
1 3 855 856 937 936
1 3 856 857 938 937
1 3 937 938 1019 1018
1 3 936 937 1018 1017
1 3 935 936 1017 1016
1 3 1016 1017 1098 1097
1 3 1017 1018 1099 1098
1 3 1098 1099 1180 1179
1 3 1097 1098 1179 1178
1 3 1178 1179 1260 1259
1 3 1179 1180 1261 1260
1 3 1180 1181 1262 1261
1 3 1181 1182 1263 1262
1 3 1100 1101 1182 1181
1 3 1099 1100 1181 1180
1 3 1018 1019 1100 1099
1 3 1019 1020 1101 1100
1 3 1020 1021 1102 1101
1 3 1101 1102 1183 1182
1 3 1182 1183 1264 1263
1 3 1183 1184 1265 1264
1 3 1102 1103 1184 1183
1 3 1021 1022 1103 1102
1 3 940 941 1022 1021
1 3 939 940 1021 1020
1 3 938 939 1020 1019
1 3 857 858 939 938
1 3 858 859 940 939
1 3 859 860 941 940
1 3 778 779 860 859
1 3 777 778 859 858
1 3 776 777 858 857
1 3 695 696 777 776
1 3 696 697 778 777
1 3 697 698 779 778
1 3 616 617 698 697
1 3 615 616 697 696
1 3 534 535 616 615
1 3 535 536 617 616
1 3 454 455 536 535
1 3 453 454 535 534
1 3 452 453 534 533
1 3 451 452 533 532
1 3 532 533 614 613
1 3 533 534 615 614
1 3 614 615 696 695
1 3 613 614 695 694
1 3 612 613 694 693
1 3 531 532 613 612
1 3 450 451 532 531
1 3 449 450 531 530
1 3 530 531 612 611
1 3 611 612 693 692
1 3 692 693 774 773
1 3 693 694 775 774
1 3 694 695 776 775
1 3 775 776 857 856
1 3 774 775 856 855
1 3 773 774 855 854
1 3 772 773 854 853
1 3 691 692 773 772
1 3 610 611 692 691
1 3 609 610 691 690
1 3 690 691 772 771
1 3 771 772 853 852
1 3 770 771 852 851
1 3 769 770 851 850
1 3 688 689 770 769
1 3 689 690 771 770
1 3 608 609 690 689
1 3 607 608 689 688
1 3 526 527 608 607
1 3 527 528 609 608
1 3 446 447 528 527
1 3 445 446 527 526
1 3 364 365 446 445
1 3 365 366 447 446
1 3 366 367 448 447
1 3 447 448 529 528
1 3 528 529 610 609
1 3 529 530 611 610
1 3 448 449 530 529
1 3 367 368 449 448
1 3 286 287 368 367
1 3 205 206 287 286
1 3 204 205 286 285
1 3 285 286 367 366
1 3 284 285 366 365
1 3 283 284 365 364
1 3 202 203 284 283
1 3 203 204 285 284
1 3 122 123 204 203
1 3 121 122 203 202
1 3 40 41 122 121
1 3 41 42 123 122
1 3 42 43 124 123
1 3 123 124 205 204
1 3 124 125 206 205
1 3 43 44 125 124
1 3 44 45 126 125
1 3 45 46 127 126
1 3 46 47 128 127
1 3 127 128 209 208
1 3 126 127 208 207
1 3 125 126 207 206
1 3 206 207 288 287
1 3 207 208 289 288
1 3 288 289 370 369
1 3 287 288 369 368
1 3 368 369 450 449
1 3 369 370 451 450
1 3 370 371 452 451
1 3 371 372 453 452
1 3 290 291 372 371
1 3 289 290 371 370
1 3 208 209 290 289
1 3 209 210 291 290
1 3 210 211 292 291
1 3 291 292 373 372
1 3 372 373 454 453
1 3 373 374 455 454
1 3 292 293 374 373
1 3 211 212 293 292
1 3 130 131 212 211
1 3 129 130 211 210
1 3 128 129 210 209
1 3 47 48 129 128
1 3 48 49 130 129
1 3 49 50 131 130
1 3 50 51 132 131
1 3 131 132 213 212
1 3 212 213 294 293
1 3 213 214 295 294
1 3 132 133 214 213
1 3 51 52 133 132
1 3 52 53 134 133
1 3 133 134 215 214
1 3 134 135 216 215
1 3 53 54 135 134
1 3 54 55 136 135
1 3 135 136 217 216
1 3 216 217 298 297
1 3 297 298 379 378
1 3 296 297 378 377
1 3 215 216 297 296
1 3 214 215 296 295
1 3 295 296 377 376
1 3 376 377 458 457
1 3 377 378 459 458
1 3 378 379 460 459
1 3 459 460 541 540
1 3 458 459 540 539
1 3 457 458 539 538
1 3 456 457 538 537
1 3 375 376 457 456
1 3 294 295 376 375
1 3 293 294 375 374
1 3 374 375 456 455
1 3 455 456 537 536
1 3 536 537 618 617
1 3 537 538 619 618
1 3 538 539 620 619
1 3 619 620 701 700
1 3 618 619 700 699
1 3 617 618 699 698
1 3 698 699 780 779
1 3 779 780 861 860
1 3 780 781 862 861
1 3 699 700 781 780
1 3 700 701 782 781
1 3 781 782 863 862
1 3 782 783 864 863
1 3 701 702 783 782
1 3 702 703 784 783
1 3 783 784 865 864
1 3 784 785 866 865
1 3 703 704 785 784
1 3 622 623 704 703
1 3 621 622 703 702
1 3 620 621 702 701
1 3 539 540 621 620
1 3 540 541 622 621
1 3 541 542 623 622
1 3 542 543 624 623
1 3 543 544 625 624
1 3 624 625 706 705
1 3 623 624 705 704
1 3 704 705 786 785
1 3 785 786 867 866
1 3 786 787 868 867
1 3 705 706 787 786
1 3 706 707 788 787
1 3 787 788 869 868
1 3 788 789 870 869
1 3 707 708 789 788
1 3 626 627 708 707
1 3 625 626 707 706
1 3 544 545 626 625
1 3 545 546 627 626
1 3 464 465 546 545
1 3 383 384 465 464
1 3 302 303 384 383
1 3 301 302 383 382
1 3 382 383 464 463
1 3 463 464 545 544
1 3 462 463 544 543
1 3 381 382 463 462
1 3 380 381 462 461
1 3 461 462 543 542
1 3 460 461 542 541
1 3 379 380 461 460
1 3 298 299 380 379
1 3 217 218 299 298
1 3 218 219 300 299
1 3 299 300 381 380
1 3 300 301 382 381
1 3 219 220 301 300
1 3 138 139 220 219
1 3 137 138 219 218
1 3 136 137 218 217
1 3 55 56 137 136
1 3 56 57 138 137
1 3 57 58 139 138
1 3 58 59 140 139
1 3 139 140 221 220
1 3 220 221 302 301
1 3 221 222 303 302
1 3 140 141 222 221
1 3 59 60 141 140
1 3 60 61 142 141
1 3 61 62 143 142
1 3 62 63 144 143
1 3 143 144 225 224
1 3 142 143 224 223
1 3 141 142 223 222
1 3 222 223 304 303
1 3 223 224 305 304
1 3 304 305 386 385
1 3 303 304 385 384
1 3 384 385 466 465
1 3 385 386 467 466
1 3 386 387 468 467
1 3 387 388 469 468
1 3 306 307 388 387
1 3 305 306 387 386
1 3 224 225 306 305
1 3 225 226 307 306
1 3 226 227 308 307
1 3 307 308 389 388
1 3 388 389 470 469
1 3 389 390 471 470
1 3 308 309 390 389
1 3 227 228 309 308
1 3 146 147 228 227
1 3 145 146 227 226
1 3 144 145 226 225
1 3 63 64 145 144
1 3 64 65 146 145
1 3 65 66 147 146
1 3 66 67 148 147
1 3 147 148 229 228
1 3 228 229 310 309
1 3 229 230 311 310
1 3 148 149 230 229
1 3 67 68 149 148
1 3 68 69 150 149
1 3 69 70 151 150
1 3 150 151 232 231
1 3 149 150 231 230
1 3 230 231 312 311
1 3 231 232 313 312
1 3 312 313 394 393
1 3 311 312 393 392
1 3 392 393 474 473
1 3 393 394 475 474
1 3 474 475 556 555
1 3 473 474 555 554
1 3 472 473 554 553
1 3 391 392 473 472
1 3 310 311 392 391
1 3 309 310 391 390
1 3 390 391 472 471
1 3 471 472 553 552
1 3 552 553 634 633
1 3 633 634 715 714
1 3 634 635 716 715
1 3 553 554 635 634
1 3 554 555 636 635
1 3 555 556 637 636
1 3 636 637 718 717
1 3 635 636 717 716
1 3 716 717 798 797
1 3 717 718 799 798
1 3 798 799 880 879
1 3 797 798 879 878
1 3 796 797 878 877
1 3 715 716 797 796
1 3 714 715 796 795
1 3 795 796 877 876
1 3 794 795 876 875
1 3 793 794 875 874
1 3 792 793 874 873
1 3 711 712 793 792
1 3 712 713 794 793
1 3 713 714 795 794
1 3 632 633 714 713
1 3 631 632 713 712
1 3 550 551 632 631
1 3 551 552 633 632
1 3 470 471 552 551
1 3 469 470 551 550
1 3 468 469 550 549
1 3 467 468 549 548
1 3 548 549 630 629
1 3 549 550 631 630
1 3 630 631 712 711
1 3 629 630 711 710
1 3 628 629 710 709
1 3 547 548 629 628
1 3 466 467 548 547
1 3 465 466 547 546
1 3 546 547 628 627
1 3 627 628 709 708
1 3 708 709 790 789
1 3 709 710 791 790
1 3 710 711 792 791
1 3 791 792 873 872
1 3 790 791 872 871
1 3 789 790 871 870
1 3 870 871 952 951
1 3 951 952 1033 1032
1 3 1032 1033 1114 1113
1 3 1033 1034 1115 1114
1 3 952 953 1034 1033
1 3 871 872 953 952
1 3 872 873 954 953
1 3 953 954 1035 1034
1 3 954 955 1036 1035
1 3 873 874 955 954
1 3 874 875 956 955
1 3 955 956 1037 1036
1 3 1036 1037 1118 1117
1 3 1117 1118 1199 1198
1 3 1116 1117 1198 1197
1 3 1035 1036 1117 1116
1 3 1034 1035 1116 1115
1 3 1115 1116 1197 1196
1 3 1196 1197 1278 1277
1 3 1197 1198 1279 1278
1 3 1198 1199 1280 1279
1 3 1279 1280 1361 1360
1 3 1278 1279 1360 1359
1 3 1277 1278 1359 1358
1 3 1276 1277 1358 1357
1 3 1195 1196 1277 1276
1 3 1114 1115 1196 1195
1 3 1113 1114 1195 1194
1 3 1194 1195 1276 1275
1 3 1275 1276 1357 1356
1 3 1356 1357 1438 1437
1 3 1357 1358 1439 1438
1 3 1358 1359 1440 1439
1 3 1439 1440 1521 1520
1 3 1438 1439 1520 1519
1 3 1437 1438 1519 1518
1 3 1518 1519 1600 1599
1 3 1599 1600 1681 1680
1 3 1600 1601 1682 1681
1 3 1519 1520 1601 1600
1 3 1520 1521 1602 1601
1 3 1601 1602 1683 1682
1 3 1602 1603 1684 1683
1 3 1521 1522 1603 1602
1 3 1522 1523 1604 1603
1 3 1603 1604 1685 1684
1 3 1604 1605 1686 1685
1 3 1523 1524 1605 1604
1 3 1442 1443 1524 1523
1 3 1441 1442 1523 1522
1 3 1440 1441 1522 1521
1 3 1359 1360 1441 1440
1 3 1360 1361 1442 1441
1 3 1361 1362 1443 1442
1 3 1362 1363 1444 1443
1 3 1363 1364 1445 1444
1 3 1444 1445 1526 1525
1 3 1443 1444 1525 1524
1 3 1524 1525 1606 1605
1 3 1605 1606 1687 1686
1 3 1606 1607 1688 1687
1 3 1525 1526 1607 1606
1 3 1526 1527 1608 1607
1 3 1607 1608 1689 1688
1 3 1608 1609 1690 1689
1 3 1527 1528 1609 1608
1 3 1446 1447 1528 1527
1 3 1445 1446 1527 1526
1 3 1364 1365 1446 1445
1 3 1365 1366 1447 1446
1 3 1284 1285 1366 1365
1 3 1203 1204 1285 1284
1 3 1122 1123 1204 1203
1 3 1121 1122 1203 1202
1 3 1202 1203 1284 1283
1 3 1283 1284 1365 1364
1 3 1282 1283 1364 1363
1 3 1201 1202 1283 1282
1 3 1200 1201 1282 1281
1 3 1281 1282 1363 1362
1 3 1280 1281 1362 1361
1 3 1199 1200 1281 1280
1 3 1118 1119 1200 1199
1 3 1037 1038 1119 1118
1 3 1038 1039 1120 1119
1 3 1119 1120 1201 1200
1 3 1120 1121 1202 1201
1 3 1039 1040 1121 1120
1 3 958 959 1040 1039
1 3 957 958 1039 1038
1 3 956 957 1038 1037
1 3 875 876 957 956
1 3 876 877 958 957
1 3 877 878 959 958
1 3 878 879 960 959
1 3 959 960 1041 1040
1 3 1040 1041 1122 1121
1 3 1041 1042 1123 1122
1 3 960 961 1042 1041
1 3 879 880 961 960
1 3 880 881 962 961
1 3 961 962 1043 1042
1 3 1042 1043 1124 1123
1 3 1043 1044 1125 1124
1 3 962 963 1044 1043
1 3 881 882 963 962
1 3 882 883 964 963
1 3 963 964 1045 1044
1 3 964 965 1046 1045
1 3 883 884 965 964
1 3 884 885 966 965
1 3 965 966 1047 1046
1 3 1046 1047 1128 1127
1 3 1127 1128 1209 1208
1 3 1126 1127 1208 1207
1 3 1045 1046 1127 1126
1 3 1044 1045 1126 1125
1 3 1125 1126 1207 1206
1 3 1206 1207 1288 1287
1 3 1207 1208 1289 1288
1 3 1208 1209 1290 1289
1 3 1289 1290 1371 1370
1 3 1288 1289 1370 1369
1 3 1287 1288 1369 1368
1 3 1286 1287 1368 1367
1 3 1205 1206 1287 1286
1 3 1124 1125 1206 1205
1 3 1123 1124 1205 1204
1 3 1204 1205 1286 1285
1 3 1285 1286 1367 1366
1 3 1366 1367 1448 1447
1 3 1367 1368 1449 1448
1 3 1368 1369 1450 1449
1 3 1449 1450 1531 1530
1 3 1448 1449 1530 1529
1 3 1447 1448 1529 1528
1 3 1528 1529 1610 1609
1 3 1609 1610 1691 1690
1 3 1610 1611 1692 1691
1 3 1529 1530 1611 1610
1 3 1530 1531 1612 1611
1 3 1611 1612 1693 1692
1 3 1612 1613 1694 1693
1 3 1531 1532 1613 1612
1 3 1532 1533 1614 1613
1 3 1613 1614 1695 1694
1 3 1614 1615 1696 1695
1 3 1533 1534 1615 1614
1 3 1452 1453 1534 1533
1 3 1451 1452 1533 1532
1 3 1450 1451 1532 1531
1 3 1369 1370 1451 1450
1 3 1370 1371 1452 1451
1 3 1371 1372 1453 1452
1 3 1372 1373 1454 1453
1 3 1373 1374 1455 1454
1 3 1454 1455 1536 1535
1 3 1453 1454 1535 1534
1 3 1534 1535 1616 1615
1 3 1615 1616 1697 1696
1 3 1616 1617 1698 1697
1 3 1535 1536 1617 1616
1 3 1536 1537 1618 1617
1 3 1617 1618 1699 1698
1 3 1618 1619 1700 1699
1 3 1537 1538 1619 1618
1 3 1456 1457 1538 1537
1 3 1455 1456 1537 1536
1 3 1374 1375 1456 1455
1 3 1375 1376 1457 1456
1 3 1294 1295 1376 1375
1 3 1213 1214 1295 1294
1 3 1132 1133 1214 1213
1 3 1131 1132 1213 1212
1 3 1212 1213 1294 1293
1 3 1293 1294 1375 1374
1 3 1292 1293 1374 1373
1 3 1211 1212 1293 1292
1 3 1210 1211 1292 1291
1 3 1291 1292 1373 1372
1 3 1290 1291 1372 1371
1 3 1209 1210 1291 1290
1 3 1128 1129 1210 1209
1 3 1047 1048 1129 1128
1 3 1048 1049 1130 1129
1 3 1129 1130 1211 1210
1 3 1130 1131 1212 1211
1 3 1049 1050 1131 1130
1 3 968 969 1050 1049
1 3 967 968 1049 1048
1 3 966 967 1048 1047
1 3 885 886 967 966
1 3 886 887 968 967
1 3 887 888 969 968
1 3 888 889 970 969
1 3 969 970 1051 1050
1 3 1050 1051 1132 1131
1 3 1051 1052 1133 1132
1 3 970 971 1052 1051
1 3 889 890 971 970
1 3 808 809 890 889
1 3 807 808 889 888
1 3 806 807 888 887
1 3 725 726 807 806
1 3 726 727 808 807
1 3 727 728 809 808
1 3 646 647 728 727
1 3 645 646 727 726
1 3 564 565 646 645
1 3 565 566 647 646
1 3 484 485 566 565
1 3 483 484 565 564
1 3 482 483 564 563
1 3 481 482 563 562
1 3 562 563 644 643
1 3 563 564 645 644
1 3 644 645 726 725
1 3 643 644 725 724
1 3 642 643 724 723
1 3 561 562 643 642
1 3 480 481 562 561
1 3 479 480 561 560
1 3 560 561 642 641
1 3 641 642 723 722
1 3 722 723 804 803
1 3 723 724 805 804
1 3 724 725 806 805
1 3 805 806 887 886
1 3 804 805 886 885
1 3 803 804 885 884
1 3 802 803 884 883
1 3 721 722 803 802
1 3 640 641 722 721
1 3 639 640 721 720
1 3 720 721 802 801
1 3 801 802 883 882
1 3 800 801 882 881
1 3 799 800 881 880
1 3 718 719 800 799
1 3 719 720 801 800
1 3 638 639 720 719
1 3 637 638 719 718
1 3 556 557 638 637
1 3 557 558 639 638
1 3 476 477 558 557
1 3 475 476 557 556
1 3 394 395 476 475
1 3 395 396 477 476
1 3 396 397 478 477
1 3 477 478 559 558
1 3 558 559 640 639
1 3 559 560 641 640
1 3 478 479 560 559
1 3 397 398 479 478
1 3 316 317 398 397
1 3 235 236 317 316
1 3 234 235 316 315
1 3 315 316 397 396
1 3 314 315 396 395
1 3 313 314 395 394
1 3 232 233 314 313
1 3 233 234 315 314
1 3 152 153 234 233
1 3 151 152 233 232
1 3 70 71 152 151
1 3 71 72 153 152
1 3 72 73 154 153
1 3 153 154 235 234
1 3 154 155 236 235
1 3 73 74 155 154
1 3 74 75 156 155
1 3 75 76 157 156
1 3 76 77 158 157
1 3 157 158 239 238
1 3 156 157 238 237
1 3 155 156 237 236
1 3 236 237 318 317
1 3 237 238 319 318
1 3 318 319 400 399
1 3 317 318 399 398
1 3 398 399 480 479
1 3 399 400 481 480
1 3 400 401 482 481
1 3 401 402 483 482
1 3 320 321 402 401
1 3 319 320 401 400
1 3 238 239 320 319
1 3 239 240 321 320
1 3 240 241 322 321
1 3 321 322 403 402
1 3 402 403 484 483
1 3 403 404 485 484
1 3 322 323 404 403
1 3 241 242 323 322
1 3 160 161 242 241
1 3 159 160 241 240
1 3 158 159 240 239
1 3 77 78 159 158
1 3 78 79 160 159
1 3 79 80 161 160

boundary
320
1 1 0 1
1 1 1 2
1 1 2 3
1 1 3 4
1 1 4 5
1 1 5 6
1 1 6 7
1 1 7 8
1 1 8 9
1 1 9 10
1 1 10 11
1 1 11 12
1 1 12 13
1 1 13 14
1 1 14 15
1 1 15 16
1 1 16 17
1 1 17 18
1 1 18 19
1 1 19 20
1 1 20 21
1 1 21 22
1 1 22 23
1 1 23 24
1 1 24 25
1 1 25 26
1 1 26 27
1 1 27 28
1 1 28 29
1 1 29 30
1 1 30 31
1 1 31 32
1 1 32 33
1 1 33 34
1 1 34 35
1 1 35 36
1 1 36 37
1 1 37 38
1 1 38 39
1 1 39 40
1 1 40 41
1 1 41 42
1 1 42 43
1 1 43 44
1 1 44 45
1 1 45 46
1 1 46 47
1 1 47 48
1 1 48 49
1 1 49 50
1 1 50 51
1 1 51 52
1 1 52 53
1 1 53 54
1 1 54 55
1 1 55 56
1 1 56 57
1 1 57 58
1 1 58 59
1 1 59 60
1 1 60 61
1 1 61 62
1 1 62 63
1 1 63 64
1 1 64 65
1 1 65 66
1 1 66 67
1 1 67 68
1 1 68 69
1 1 69 70
1 1 70 71
1 1 71 72
1 1 72 73
1 1 73 74
1 1 74 75
1 1 75 76
1 1 76 77
1 1 77 78
1 1 78 79
1 1 79 80
3 1 6481 6480
3 1 6482 6481
3 1 6483 6482
3 1 6484 6483
3 1 6485 6484
3 1 6486 6485
3 1 6487 6486
3 1 6488 6487
3 1 6489 6488
3 1 6490 6489
3 1 6491 6490
3 1 6492 6491
3 1 6493 6492
3 1 6494 6493
3 1 6495 6494
3 1 6496 6495
3 1 6497 6496
3 1 6498 6497
3 1 6499 6498
3 1 6500 6499
3 1 6501 6500
3 1 6502 6501
3 1 6503 6502
3 1 6504 6503
3 1 6505 6504
3 1 6506 6505
3 1 6507 6506
3 1 6508 6507
3 1 6509 6508
3 1 6510 6509
3 1 6511 6510
3 1 6512 6511
3 1 6513 6512
3 1 6514 6513
3 1 6515 6514
3 1 6516 6515
3 1 6517 6516
3 1 6518 6517
3 1 6519 6518
3 1 6520 6519
3 1 6521 6520
3 1 6522 6521
3 1 6523 6522
3 1 6524 6523
3 1 6525 6524
3 1 6526 6525
3 1 6527 6526
3 1 6528 6527
3 1 6529 6528
3 1 6530 6529
3 1 6531 6530
3 1 6532 6531
3 1 6533 6532
3 1 6534 6533
3 1 6535 6534
3 1 6536 6535
3 1 6537 6536
3 1 6538 6537
3 1 6539 6538
3 1 6540 6539
3 1 6541 6540
3 1 6542 6541
3 1 6543 6542
3 1 6544 6543
3 1 6545 6544
3 1 6546 6545
3 1 6547 6546
3 1 6548 6547
3 1 6549 6548
3 1 6550 6549
3 1 6551 6550
3 1 6552 6551
3 1 6553 6552
3 1 6554 6553
3 1 6555 6554
3 1 6556 6555
3 1 6557 6556
3 1 6558 6557
3 1 6559 6558
3 1 6560 6559
4 1 81 0
4 1 162 81
4 1 243 162
4 1 324 243
4 1 405 324
4 1 486 405
4 1 567 486
4 1 648 567
4 1 729 648
4 1 810 729
4 1 891 810
4 1 972 891
4 1 1053 972
4 1 1134 1053
4 1 1215 1134
4 1 1296 1215
4 1 1377 1296
4 1 1458 1377
4 1 1539 1458
4 1 1620 1539
4 1 1701 1620
4 1 1782 1701
4 1 1863 1782
4 1 1944 1863
4 1 2025 1944
4 1 2106 2025
4 1 2187 2106
4 1 2268 2187
4 1 2349 2268
4 1 2430 2349
4 1 2511 2430
4 1 2592 2511
4 1 2673 2592
4 1 2754 2673
4 1 2835 2754
4 1 2916 2835
4 1 2997 2916
4 1 3078 2997
4 1 3159 3078
4 1 3240 3159
4 1 3321 3240
4 1 3402 3321
4 1 3483 3402
4 1 3564 3483
4 1 3645 3564
4 1 3726 3645
4 1 3807 3726
4 1 3888 3807
4 1 3969 3888
4 1 4050 3969
4 1 4131 4050
4 1 4212 4131
4 1 4293 4212
4 1 4374 4293
4 1 4455 4374
4 1 4536 4455
4 1 4617 4536
4 1 4698 4617
4 1 4779 4698
4 1 4860 4779
4 1 4941 4860
4 1 5022 4941
4 1 5103 5022
4 1 5184 5103
4 1 5265 5184
4 1 5346 5265
4 1 5427 5346
4 1 5508 5427
4 1 5589 5508
4 1 5670 5589
4 1 5751 5670
4 1 5832 5751
4 1 5913 5832
4 1 5994 5913
4 1 6075 5994
4 1 6156 6075
4 1 6237 6156
4 1 6318 6237
4 1 6399 6318
4 1 6480 6399
2 1 80 161
2 1 161 242
2 1 242 323
2 1 323 404
2 1 404 485
2 1 485 566
2 1 566 647
2 1 647 728
2 1 728 809
2 1 809 890
2 1 890 971
2 1 971 1052
2 1 1052 1133
2 1 1133 1214
2 1 1214 1295
2 1 1295 1376
2 1 1376 1457
2 1 1457 1538
2 1 1538 1619
2 1 1619 1700
2 1 1700 1781
2 1 1781 1862
2 1 1862 1943
2 1 1943 2024
2 1 2024 2105
2 1 2105 2186
2 1 2186 2267
2 1 2267 2348
2 1 2348 2429
2 1 2429 2510
2 1 2510 2591
2 1 2591 2672
2 1 2672 2753
2 1 2753 2834
2 1 2834 2915
2 1 2915 2996
2 1 2996 3077
2 1 3077 3158
2 1 3158 3239
2 1 3239 3320
2 1 3320 3401
2 1 3401 3482
2 1 3482 3563
2 1 3563 3644
2 1 3644 3725
2 1 3725 3806
2 1 3806 3887
2 1 3887 3968
2 1 3968 4049
2 1 4049 4130
2 1 4130 4211
2 1 4211 4292
2 1 4292 4373
2 1 4373 4454
2 1 4454 4535
2 1 4535 4616
2 1 4616 4697
2 1 4697 4778
2 1 4778 4859
2 1 4859 4940
2 1 4940 5021
2 1 5021 5102
2 1 5102 5183
2 1 5183 5264
2 1 5264 5345
2 1 5345 5426
2 1 5426 5507
2 1 5507 5588
2 1 5588 5669
2 1 5669 5750
2 1 5750 5831
2 1 5831 5912
2 1 5912 5993
2 1 5993 6074
2 1 6074 6155
2 1 6155 6236
2 1 6236 6317
2 1 6317 6398
2 1 6398 6479
2 1 6479 6560

vertices
6561
2
-1 -1
-0.975 -1
-0.95 -1
-0.925 -1
-0.9 -1
-0.875 -1
-0.85 -1
-0.825 -1
-0.8 -1
-0.775 -1
-0.75 -1
-0.725 -1
-0.7 -1
-0.675 -1
-0.65 -1
-0.625 -1
-0.6 -1
-0.575 -1
-0.55 -1
-0.525 -1
-0.5 -1
-0.475 -1
-0.45 -1
-0.425 -1
-0.4 -1
-0.375 -1
-0.35 -1
-0.325 -1
-0.3 -1
-0.275 -1
-0.25 -1
-0.225 -1
-0.2 -1
-0.175 -1
-0.15 -1
-0.125 -1
-0.09999999999999998 -1
-0.07499999999999996 -1
-0.05000000000000004 -1
-0.02500000000000002 -1
0 -1
0.02499999999999991 -1
0.05000000000000004 -1
0.07499999999999996 -1
0.1000000000000001 -1
0.125 -1
0.1499999999999999 -1
0.175 -1
0.2 -1
0.2250000000000001 -1
0.25 -1
0.2749999999999999 -1
0.3 -1
0.325 -1
0.3500000000000001 -1
0.375 -1
0.3999999999999999 -1
0.425 -1
0.45 -1
0.4750000000000001 -1
0.5 -1
0.5249999999999999 -1
0.55 -1
0.575 -1
0.6000000000000001 -1
0.625 -1
0.6499999999999999 -1
0.675 -1
0.7 -1
0.7250000000000001 -1
0.75 -1
0.7749999999999999 -1
0.8 -1
0.825 -1
0.8500000000000001 -1
0.875 -1
0.8999999999999999 -1
0.925 -1
0.95 -1
0.9750000000000001 -1
1 -1
-1 -0.975
-0.975 -0.975
-0.95 -0.975
-0.925 -0.975
-0.9 -0.975
-0.875 -0.975
-0.85 -0.975
-0.825 -0.975
-0.8 -0.975
-0.775 -0.975
-0.75 -0.975
-0.725 -0.975
-0.7 -0.975
-0.675 -0.975
-0.65 -0.975
-0.625 -0.975
-0.6 -0.975
-0.575 -0.975
-0.55 -0.975
-0.525 -0.975
-0.5 -0.975
-0.475 -0.975
-0.45 -0.975
-0.425 -0.975
-0.4 -0.975
-0.375 -0.975
-0.35 -0.975
-0.325 -0.975
-0.3 -0.975
-0.275 -0.975
-0.25 -0.975
-0.225 -0.975
-0.2 -0.975
-0.175 -0.975
-0.15 -0.975
-0.125 -0.975
-0.09999999999999998 -0.975
-0.07499999999999996 -0.975
-0.05000000000000004 -0.975
-0.02500000000000002 -0.975
0 -0.975
0.02499999999999991 -0.975
0.05000000000000004 -0.975
0.07499999999999996 -0.975
0.1000000000000001 -0.975
0.125 -0.975
0.1499999999999999 -0.975
0.175 -0.975
0.2 -0.975
0.2250000000000001 -0.975
0.25 -0.975
0.2749999999999999 -0.975
0.3 -0.975
0.325 -0.975
0.3500000000000001 -0.975
0.375 -0.975
0.3999999999999999 -0.975
0.425 -0.975
0.45 -0.975
0.4750000000000001 -0.975
0.5 -0.975
0.5249999999999999 -0.975
0.55 -0.975
0.575 -0.975
0.6000000000000001 -0.975
0.625 -0.975
0.6499999999999999 -0.975
0.675 -0.975
0.7 -0.975
0.7250000000000001 -0.975
0.75 -0.975
0.7749999999999999 -0.975
0.8 -0.975
0.825 -0.975
0.8500000000000001 -0.975
0.875 -0.975
0.8999999999999999 -0.975
0.925 -0.975
0.95 -0.975
0.9750000000000001 -0.975
1 -0.975
-1 -0.95
-0.975 -0.95
-0.95 -0.95
-0.925 -0.95
-0.9 -0.95
-0.875 -0.95
-0.85 -0.95
-0.825 -0.95
-0.8 -0.95
-0.775 -0.95
-0.75 -0.95
-0.725 -0.95
-0.7 -0.95
-0.675 -0.95
-0.65 -0.95
-0.625 -0.95
-0.6 -0.95
-0.575 -0.95
-0.55 -0.95
-0.525 -0.95
-0.5 -0.95
-0.475 -0.95
-0.45 -0.95
-0.425 -0.95
-0.4 -0.95
-0.375 -0.95
-0.35 -0.95
-0.325 -0.95
-0.3 -0.95
-0.275 -0.95
-0.25 -0.95
-0.225 -0.95
-0.2 -0.95
-0.175 -0.95
-0.15 -0.95
-0.125 -0.95
-0.09999999999999998 -0.95
-0.07499999999999996 -0.95
-0.05000000000000004 -0.95
-0.02500000000000002 -0.95
0 -0.95
0.02499999999999991 -0.95
0.05000000000000004 -0.95
0.07499999999999996 -0.95
0.1000000000000001 -0.95
0.125 -0.95
0.1499999999999999 -0.95
0.175 -0.95
0.2 -0.95
0.2250000000000001 -0.95
0.25 -0.95
0.2749999999999999 -0.95
0.3 -0.95
0.325 -0.95
0.3500000000000001 -0.95
0.375 -0.95
0.3999999999999999 -0.95
0.425 -0.95
0.45 -0.95
0.4750000000000001 -0.95
0.5 -0.95
0.5249999999999999 -0.95
0.55 -0.95
0.575 -0.95
0.6000000000000001 -0.95
0.625 -0.95
0.6499999999999999 -0.95
0.675 -0.95
0.7 -0.95
0.7250000000000001 -0.95
0.75 -0.95
0.7749999999999999 -0.95
0.8 -0.95
0.825 -0.95
0.8500000000000001 -0.95
0.875 -0.95
0.8999999999999999 -0.95
0.925 -0.95
0.95 -0.95
0.9750000000000001 -0.95
1 -0.95
-1 -0.925
-0.975 -0.925
-0.95 -0.925
-0.925 -0.925
-0.9 -0.925
-0.875 -0.925
-0.85 -0.925
-0.825 -0.925
-0.8 -0.925
-0.775 -0.925
-0.75 -0.925
-0.725 -0.925
-0.7 -0.925
-0.675 -0.925
-0.65 -0.925
-0.625 -0.925
-0.6 -0.925
-0.575 -0.925
-0.55 -0.925
-0.525 -0.925
-0.5 -0.925
-0.475 -0.925
-0.45 -0.925
-0.425 -0.925
-0.4 -0.925
-0.375 -0.925
-0.35 -0.925
-0.325 -0.925
-0.3 -0.925
-0.275 -0.925
-0.25 -0.925
-0.225 -0.925
-0.2 -0.925
-0.175 -0.925
-0.15 -0.925
-0.125 -0.925
-0.09999999999999998 -0.925
-0.07499999999999996 -0.925
-0.05000000000000004 -0.925
-0.02500000000000002 -0.925
0 -0.925
0.02499999999999991 -0.925
0.05000000000000004 -0.925
0.07499999999999996 -0.925
0.1000000000000001 -0.925
0.125 -0.925
0.1499999999999999 -0.925
0.175 -0.925
0.2 -0.925
0.2250000000000001 -0.925
0.25 -0.925
0.2749999999999999 -0.925
0.3 -0.925
0.325 -0.925
0.3500000000000001 -0.925
0.375 -0.925
0.3999999999999999 -0.925
0.425 -0.925
0.45 -0.925
0.4750000000000001 -0.925
0.5 -0.925
0.5249999999999999 -0.925
0.55 -0.925
0.575 -0.925
0.6000000000000001 -0.925
0.625 -0.925
0.6499999999999999 -0.925
0.675 -0.925
0.7 -0.925
0.7250000000000001 -0.925
0.75 -0.925
0.7749999999999999 -0.925
0.8 -0.925
0.825 -0.925
0.8500000000000001 -0.925
0.875 -0.925
0.8999999999999999 -0.925
0.925 -0.925
0.95 -0.925
0.9750000000000001 -0.925
1 -0.925
-1 -0.9
-0.975 -0.9
-0.95 -0.9
-0.925 -0.9
-0.9 -0.9
-0.875 -0.9
-0.85 -0.9
-0.825 -0.9
-0.8 -0.9
-0.775 -0.9
-0.75 -0.9
-0.725 -0.9
-0.7 -0.9
-0.675 -0.9
-0.65 -0.9
-0.625 -0.9
-0.6 -0.9
-0.575 -0.9
-0.55 -0.9
-0.525 -0.9
-0.5 -0.9
-0.475 -0.9
-0.45 -0.9
-0.425 -0.9
-0.4 -0.9
-0.375 -0.9
-0.35 -0.9
-0.325 -0.9
-0.3 -0.9
-0.275 -0.9
-0.25 -0.9
-0.225 -0.9
-0.2 -0.9
-0.175 -0.9
-0.15 -0.9
-0.125 -0.9
-0.09999999999999998 -0.9
-0.07499999999999996 -0.9
-0.05000000000000004 -0.9
-0.02500000000000002 -0.9
0 -0.9
0.02499999999999991 -0.9
0.05000000000000004 -0.9
0.07499999999999996 -0.9
0.1000000000000001 -0.9
0.125 -0.9
0.1499999999999999 -0.9
0.175 -0.9
0.2 -0.9
0.2250000000000001 -0.9
0.25 -0.9
0.2749999999999999 -0.9
0.3 -0.9
0.325 -0.9
0.3500000000000001 -0.9
0.375 -0.9
0.3999999999999999 -0.9
0.425 -0.9
0.45 -0.9
0.4750000000000001 -0.9
0.5 -0.9
0.5249999999999999 -0.9
0.55 -0.9
0.575 -0.9
0.6000000000000001 -0.9
0.625 -0.9
0.6499999999999999 -0.9
0.675 -0.9
0.7 -0.9
0.7250000000000001 -0.9
0.75 -0.9
0.7749999999999999 -0.9
0.8 -0.9
0.825 -0.9
0.8500000000000001 -0.9
0.875 -0.9
0.8999999999999999 -0.9
0.925 -0.9
0.95 -0.9
0.9750000000000001 -0.9
1 -0.9
-1 -0.875
-0.975 -0.875
-0.95 -0.875
-0.925 -0.875
-0.9 -0.875
-0.875 -0.875
-0.85 -0.875
-0.825 -0.875
-0.8 -0.875
-0.775 -0.875
-0.75 -0.875
-0.725 -0.875
-0.7 -0.875
-0.675 -0.875
-0.65 -0.875
-0.625 -0.875
-0.6 -0.875
-0.575 -0.875
-0.55 -0.875
-0.525 -0.875
-0.5 -0.875
-0.475 -0.875
-0.45 -0.875
-0.425 -0.875
-0.4 -0.875
-0.375 -0.875
-0.35 -0.875
-0.325 -0.875
-0.3 -0.875
-0.275 -0.875
-0.25 -0.875
-0.225 -0.875
-0.2 -0.875
-0.175 -0.875
-0.15 -0.875
-0.125 -0.875
-0.09999999999999998 -0.875
-0.07499999999999996 -0.875
-0.05000000000000004 -0.875
-0.02500000000000002 -0.875
0 -0.875
0.02499999999999991 -0.875
0.05000000000000004 -0.875
0.07499999999999996 -0.875
0.1000000000000001 -0.875
0.125 -0.875
0.1499999999999999 -0.875
0.175 -0.875
0.2 -0.875
0.2250000000000001 -0.875
0.25 -0.875
0.2749999999999999 -0.875
0.3 -0.875
0.325 -0.875
0.3500000000000001 -0.875
0.375 -0.875
0.3999999999999999 -0.875
0.425 -0.875
0.45 -0.875
0.4750000000000001 -0.875
0.5 -0.875
0.5249999999999999 -0.875
0.55 -0.875
0.575 -0.875
0.6000000000000001 -0.875
0.625 -0.875
0.6499999999999999 -0.875
0.675 -0.875
0.7 -0.875
0.7250000000000001 -0.875
0.75 -0.875
0.7749999999999999 -0.875
0.8 -0.875
0.825 -0.875
0.8500000000000001 -0.875
0.875 -0.875
0.8999999999999999 -0.875
0.925 -0.875
0.95 -0.875
0.9750000000000001 -0.875
1 -0.875
-1 -0.85
-0.975 -0.85
-0.95 -0.85
-0.925 -0.85
-0.9 -0.85
-0.875 -0.85
-0.85 -0.85
-0.825 -0.85
-0.8 -0.85
-0.775 -0.85
-0.75 -0.85
-0.725 -0.85
-0.7 -0.85
-0.675 -0.85
-0.65 -0.85
-0.625 -0.85
-0.6 -0.85
-0.575 -0.85
-0.55 -0.85
-0.525 -0.85
-0.5 -0.85
-0.475 -0.85
-0.45 -0.85
-0.425 -0.85
-0.4 -0.85
-0.375 -0.85
-0.35 -0.85
-0.325 -0.85
-0.3 -0.85
-0.275 -0.85
-0.25 -0.85
-0.225 -0.85
-0.2 -0.85
-0.175 -0.85
-0.15 -0.85
-0.125 -0.85
-0.09999999999999998 -0.85
-0.07499999999999996 -0.85
-0.05000000000000004 -0.85
-0.02500000000000002 -0.85
0 -0.85
0.02499999999999991 -0.85
0.05000000000000004 -0.85
0.07499999999999996 -0.85
0.1000000000000001 -0.85
0.125 -0.85
0.1499999999999999 -0.85
0.175 -0.85
0.2 -0.85
0.2250000000000001 -0.85
0.25 -0.85
0.2749999999999999 -0.85
0.3 -0.85
0.325 -0.85
0.3500000000000001 -0.85
0.375 -0.85
0.3999999999999999 -0.85
0.425 -0.85
0.45 -0.85
0.4750000000000001 -0.85
0.5 -0.85
0.5249999999999999 -0.85
0.55 -0.85
0.575 -0.85
0.6000000000000001 -0.85
0.625 -0.85
0.6499999999999999 -0.85
0.675 -0.85
0.7 -0.85
0.7250000000000001 -0.85
0.75 -0.85
0.7749999999999999 -0.85
0.8 -0.85
0.825 -0.85
0.8500000000000001 -0.85
0.875 -0.85
0.8999999999999999 -0.85
0.925 -0.85
0.95 -0.85
0.9750000000000001 -0.85
1 -0.85
-1 -0.825
-0.975 -0.825
-0.95 -0.825
-0.925 -0.825
-0.9 -0.825
-0.875 -0.825
-0.85 -0.825
-0.825 -0.825
-0.8 -0.825
-0.775 -0.825
-0.75 -0.825
-0.725 -0.825
-0.7 -0.825
-0.675 -0.825
-0.65 -0.825
-0.625 -0.825
-0.6 -0.825
-0.575 -0.825
-0.55 -0.825
-0.525 -0.825
-0.5 -0.825
-0.475 -0.825
-0.45 -0.825
-0.425 -0.825
-0.4 -0.825
-0.375 -0.825
-0.35 -0.825
-0.325 -0.825
-0.3 -0.825
-0.275 -0.825
-0.25 -0.825
-0.225 -0.825
-0.2 -0.825
-0.175 -0.825
-0.15 -0.825
-0.125 -0.825
-0.09999999999999998 -0.825
-0.07499999999999996 -0.825
-0.05000000000000004 -0.825
-0.02500000000000002 -0.825
0 -0.825
0.02499999999999991 -0.825
0.05000000000000004 -0.825
0.07499999999999996 -0.825
0.1000000000000001 -0.825
0.125 -0.825
0.1499999999999999 -0.825
0.175 -0.825
0.2 -0.825
0.2250000000000001 -0.825
0.25 -0.825
0.2749999999999999 -0.825
0.3 -0.825
0.325 -0.825
0.3500000000000001 -0.825
0.375 -0.825
0.3999999999999999 -0.825
0.425 -0.825
0.45 -0.825
0.4750000000000001 -0.825
0.5 -0.825
0.5249999999999999 -0.825
0.55 -0.825
0.575 -0.825
0.6000000000000001 -0.825
0.625 -0.825
0.6499999999999999 -0.825
0.675 -0.825
0.7 -0.825
0.7250000000000001 -0.825
0.75 -0.825
0.7749999999999999 -0.825
0.8 -0.825
0.825 -0.825
0.8500000000000001 -0.825
0.875 -0.825
0.8999999999999999 -0.825
0.925 -0.825
0.95 -0.825
0.9750000000000001 -0.825
1 -0.825
-1 -0.8
-0.975 -0.8
-0.95 -0.8
-0.925 -0.8
-0.9 -0.8
-0.875 -0.8
-0.85 -0.8
-0.825 -0.8
-0.8 -0.8
-0.775 -0.8
-0.75 -0.8
-0.725 -0.8
-0.7 -0.8
-0.675 -0.8
-0.65 -0.8
-0.625 -0.8
-0.6 -0.8
-0.575 -0.8
-0.55 -0.8
-0.525 -0.8
-0.5 -0.8
-0.475 -0.8
-0.45 -0.8
-0.425 -0.8
-0.4 -0.8
-0.375 -0.8
-0.35 -0.8
-0.325 -0.8
-0.3 -0.8
-0.275 -0.8
-0.25 -0.8
-0.225 -0.8
-0.2 -0.8
-0.175 -0.8
-0.15 -0.8
-0.125 -0.8
-0.09999999999999998 -0.8
-0.07499999999999996 -0.8
-0.05000000000000004 -0.8
-0.02500000000000002 -0.8
0 -0.8
0.02499999999999991 -0.8
0.05000000000000004 -0.8
0.07499999999999996 -0.8
0.1000000000000001 -0.8
0.125 -0.8
0.1499999999999999 -0.8
0.175 -0.8
0.2 -0.8
0.2250000000000001 -0.8
0.25 -0.8
0.2749999999999999 -0.8
0.3 -0.8
0.325 -0.8
0.3500000000000001 -0.8
0.375 -0.8
0.3999999999999999 -0.8
0.425 -0.8
0.45 -0.8
0.4750000000000001 -0.8
0.5 -0.8
0.5249999999999999 -0.8
0.55 -0.8
0.575 -0.8
0.6000000000000001 -0.8
0.625 -0.8
0.6499999999999999 -0.8
0.675 -0.8
0.7 -0.8
0.7250000000000001 -0.8
0.75 -0.8
0.7749999999999999 -0.8
0.8 -0.8
0.825 -0.8
0.8500000000000001 -0.8
0.875 -0.8
0.8999999999999999 -0.8
0.925 -0.8
0.95 -0.8
0.9750000000000001 -0.8
1 -0.8
-1 -0.775
-0.975 -0.775
-0.95 -0.775
-0.925 -0.775
-0.9 -0.775
-0.875 -0.775
-0.85 -0.775
-0.825 -0.775
-0.8 -0.775
-0.775 -0.775
-0.75 -0.775
-0.725 -0.775
-0.7 -0.775
-0.675 -0.775
-0.65 -0.775
-0.625 -0.775
-0.6 -0.775
-0.575 -0.775
-0.55 -0.775
-0.525 -0.775
-0.5 -0.775
-0.475 -0.775
-0.45 -0.775
-0.425 -0.775
-0.4 -0.775
-0.375 -0.775
-0.35 -0.775
-0.325 -0.775
-0.3 -0.775
-0.275 -0.775
-0.25 -0.775
-0.225 -0.775
-0.2 -0.775
-0.175 -0.775
-0.15 -0.775
-0.125 -0.775
-0.09999999999999998 -0.775
-0.07499999999999996 -0.775
-0.05000000000000004 -0.775
-0.02500000000000002 -0.775
0 -0.775
0.02499999999999991 -0.775
0.05000000000000004 -0.775
0.07499999999999996 -0.775
0.1000000000000001 -0.775
0.125 -0.775
0.1499999999999999 -0.775
0.175 -0.775
0.2 -0.775
0.2250000000000001 -0.775
0.25 -0.775
0.2749999999999999 -0.775
0.3 -0.775
0.325 -0.775
0.3500000000000001 -0.775
0.375 -0.775
0.3999999999999999 -0.775
0.425 -0.775
0.45 -0.775
0.4750000000000001 -0.775
0.5 -0.775
0.5249999999999999 -0.775
0.55 -0.775
0.575 -0.775
0.6000000000000001 -0.775
0.625 -0.775
0.6499999999999999 -0.775
0.675 -0.775
0.7 -0.775
0.7250000000000001 -0.775
0.75 -0.775
0.7749999999999999 -0.775
0.8 -0.775
0.825 -0.775
0.8500000000000001 -0.775
0.875 -0.775
0.8999999999999999 -0.775
0.925 -0.775
0.95 -0.775
0.9750000000000001 -0.775
1 -0.775
-1 -0.75
-0.975 -0.75
-0.95 -0.75
-0.925 -0.75
-0.9 -0.75
-0.875 -0.75
-0.85 -0.75
-0.825 -0.75
-0.8 -0.75
-0.775 -0.75
-0.75 -0.75
-0.725 -0.75
-0.7 -0.75
-0.675 -0.75
-0.65 -0.75
-0.625 -0.75
-0.6 -0.75
-0.575 -0.75
-0.55 -0.75
-0.525 -0.75
-0.5 -0.75
-0.475 -0.75
-0.45 -0.75
-0.425 -0.75
-0.4 -0.75
-0.375 -0.75
-0.35 -0.75
-0.325 -0.75
-0.3 -0.75
-0.275 -0.75
-0.25 -0.75
-0.225 -0.75
-0.2 -0.75
-0.175 -0.75
-0.15 -0.75
-0.125 -0.75
-0.09999999999999998 -0.75
-0.07499999999999996 -0.75
-0.05000000000000004 -0.75
-0.02500000000000002 -0.75
0 -0.75
0.02499999999999991 -0.75
0.05000000000000004 -0.75
0.07499999999999996 -0.75
0.1000000000000001 -0.75
0.125 -0.75
0.1499999999999999 -0.75
0.175 -0.75
0.2 -0.75
0.2250000000000001 -0.75
0.25 -0.75
0.2749999999999999 -0.75
0.3 -0.75
0.325 -0.75
0.3500000000000001 -0.75
0.375 -0.75
0.3999999999999999 -0.75
0.425 -0.75
0.45 -0.75
0.4750000000000001 -0.75
0.5 -0.75
0.5249999999999999 -0.75
0.55 -0.75
0.575 -0.75
0.6000000000000001 -0.75
0.625 -0.75
0.6499999999999999 -0.75
0.675 -0.75
0.7 -0.75
0.7250000000000001 -0.75
0.75 -0.75
0.7749999999999999 -0.75
0.8 -0.75
0.825 -0.75
0.8500000000000001 -0.75
0.875 -0.75
0.8999999999999999 -0.75
0.925 -0.75
0.95 -0.75
0.9750000000000001 -0.75
1 -0.75
-1 -0.725
-0.975 -0.725
-0.95 -0.725
-0.925 -0.725
-0.9 -0.725
-0.875 -0.725
-0.85 -0.725
-0.825 -0.725
-0.8 -0.725
-0.775 -0.725
-0.75 -0.725
-0.725 -0.725
-0.7 -0.725
-0.675 -0.725
-0.65 -0.725
-0.625 -0.725
-0.6 -0.725
-0.575 -0.725
-0.55 -0.725
-0.525 -0.725
-0.5 -0.725
-0.475 -0.725
-0.45 -0.725
-0.425 -0.725
-0.4 -0.725
-0.375 -0.725
-0.35 -0.725
-0.325 -0.725
-0.3 -0.725
-0.275 -0.725
-0.25 -0.725
-0.225 -0.725
-0.2 -0.725
-0.175 -0.725
-0.15 -0.725
-0.125 -0.725
-0.09999999999999998 -0.725
-0.07499999999999996 -0.725
-0.05000000000000004 -0.725
-0.02500000000000002 -0.725
0 -0.725
0.02499999999999991 -0.725
0.05000000000000004 -0.725
0.07499999999999996 -0.725
0.1000000000000001 -0.725
0.125 -0.725
0.1499999999999999 -0.725
0.175 -0.725
0.2 -0.725
0.2250000000000001 -0.725
0.25 -0.725
0.2749999999999999 -0.725
0.3 -0.725
0.325 -0.725
0.3500000000000001 -0.725
0.375 -0.725
0.3999999999999999 -0.725
0.425 -0.725
0.45 -0.725
0.4750000000000001 -0.725
0.5 -0.725
0.5249999999999999 -0.725
0.55 -0.725
0.575 -0.725
0.6000000000000001 -0.725
0.625 -0.725
0.6499999999999999 -0.725
0.675 -0.725
0.7 -0.725
0.7250000000000001 -0.725
0.75 -0.725
0.7749999999999999 -0.725
0.8 -0.725
0.825 -0.725
0.8500000000000001 -0.725
0.875 -0.725
0.8999999999999999 -0.725
0.925 -0.725
0.95 -0.725
0.9750000000000001 -0.725
1 -0.725
-1 -0.7
-0.975 -0.7
-0.95 -0.7
-0.925 -0.7
-0.9 -0.7
-0.875 -0.7
-0.85 -0.7
-0.825 -0.7
-0.8 -0.7
-0.775 -0.7
-0.75 -0.7
-0.725 -0.7
-0.7 -0.7
-0.675 -0.7
-0.65 -0.7
-0.625 -0.7
-0.6 -0.7
-0.575 -0.7
-0.55 -0.7
-0.525 -0.7
-0.5 -0.7
-0.475 -0.7
-0.45 -0.7
-0.425 -0.7
-0.4 -0.7
-0.375 -0.7
-0.35 -0.7
-0.325 -0.7
-0.3 -0.7
-0.275 -0.7
-0.25 -0.7
-0.225 -0.7
-0.2 -0.7
-0.175 -0.7
-0.15 -0.7
-0.125 -0.7
-0.09999999999999998 -0.7
-0.07499999999999996 -0.7
-0.05000000000000004 -0.7
-0.02500000000000002 -0.7
0 -0.7
0.02499999999999991 -0.7
0.05000000000000004 -0.7
0.07499999999999996 -0.7
0.1000000000000001 -0.7
0.125 -0.7
0.1499999999999999 -0.7
0.175 -0.7
0.2 -0.7
0.2250000000000001 -0.7
0.25 -0.7
0.2749999999999999 -0.7
0.3 -0.7
0.325 -0.7
0.3500000000000001 -0.7
0.375 -0.7
0.3999999999999999 -0.7
0.425 -0.7
0.45 -0.7
0.4750000000000001 -0.7
0.5 -0.7
0.5249999999999999 -0.7
0.55 -0.7
0.575 -0.7
0.6000000000000001 -0.7
0.625 -0.7
0.6499999999999999 -0.7
0.675 -0.7
0.7 -0.7
0.7250000000000001 -0.7
0.75 -0.7
0.7749999999999999 -0.7
0.8 -0.7
0.825 -0.7
0.8500000000000001 -0.7
0.875 -0.7
0.8999999999999999 -0.7
0.925 -0.7
0.95 -0.7
0.9750000000000001 -0.7
1 -0.7
-1 -0.675
-0.975 -0.675
-0.95 -0.675
-0.925 -0.675
-0.9 -0.675
-0.875 -0.675
-0.85 -0.675
-0.825 -0.675
-0.8 -0.675
-0.775 -0.675
-0.75 -0.675
-0.725 -0.675
-0.7 -0.675
-0.675 -0.675
-0.65 -0.675
-0.625 -0.675
-0.6 -0.675
-0.575 -0.675
-0.55 -0.675
-0.525 -0.675
-0.5 -0.675
-0.475 -0.675
-0.45 -0.675
-0.425 -0.675
-0.4 -0.675
-0.375 -0.675
-0.35 -0.675
-0.325 -0.675
-0.3 -0.675
-0.275 -0.675
-0.25 -0.675
-0.225 -0.675
-0.2 -0.675
-0.175 -0.675
-0.15 -0.675
-0.125 -0.675
-0.09999999999999998 -0.675
-0.07499999999999996 -0.675
-0.05000000000000004 -0.675
-0.02500000000000002 -0.675
0 -0.675
0.02499999999999991 -0.675
0.05000000000000004 -0.675
0.07499999999999996 -0.675
0.1000000000000001 -0.675
0.125 -0.675
0.1499999999999999 -0.675
0.175 -0.675
0.2 -0.675
0.2250000000000001 -0.675
0.25 -0.675
0.2749999999999999 -0.675
0.3 -0.675
0.325 -0.675
0.3500000000000001 -0.675
0.375 -0.675
0.3999999999999999 -0.675
0.425 -0.675
0.45 -0.675
0.4750000000000001 -0.675
0.5 -0.675
0.5249999999999999 -0.675
0.55 -0.675
0.575 -0.675
0.6000000000000001 -0.675
0.625 -0.675
0.6499999999999999 -0.675
0.675 -0.675
0.7 -0.675
0.7250000000000001 -0.675
0.75 -0.675
0.7749999999999999 -0.675
0.8 -0.675
0.825 -0.675
0.8500000000000001 -0.675
0.875 -0.675
0.8999999999999999 -0.675
0.925 -0.675
0.95 -0.675
0.9750000000000001 -0.675
1 -0.675
-1 -0.65
-0.975 -0.65
-0.95 -0.65
-0.925 -0.65
-0.9 -0.65
-0.875 -0.65
-0.85 -0.65
-0.825 -0.65
-0.8 -0.65
-0.775 -0.65
-0.75 -0.65
-0.725 -0.65
-0.7 -0.65
-0.675 -0.65
-0.65 -0.65
-0.625 -0.65
-0.6 -0.65
-0.575 -0.65
-0.55 -0.65
-0.525 -0.65
-0.5 -0.65
-0.475 -0.65
-0.45 -0.65
-0.425 -0.65
-0.4 -0.65
-0.375 -0.65
-0.35 -0.65
-0.325 -0.65
-0.3 -0.65
-0.275 -0.65
-0.25 -0.65
-0.225 -0.65
-0.2 -0.65
-0.175 -0.65
-0.15 -0.65
-0.125 -0.65
-0.09999999999999998 -0.65
-0.07499999999999996 -0.65
-0.05000000000000004 -0.65
-0.02500000000000002 -0.65
0 -0.65
0.02499999999999991 -0.65
0.05000000000000004 -0.65
0.07499999999999996 -0.65
0.1000000000000001 -0.65
0.125 -0.65
0.1499999999999999 -0.65
0.175 -0.65
0.2 -0.65
0.2250000000000001 -0.65
0.25 -0.65
0.2749999999999999 -0.65
0.3 -0.65
0.325 -0.65
0.3500000000000001 -0.65
0.375 -0.65
0.3999999999999999 -0.65
0.425 -0.65
0.45 -0.65
0.4750000000000001 -0.65
0.5 -0.65
0.5249999999999999 -0.65
0.55 -0.65
0.575 -0.65
0.6000000000000001 -0.65
0.625 -0.65
0.6499999999999999 -0.65
0.675 -0.65
0.7 -0.65
0.7250000000000001 -0.65
0.75 -0.65
0.7749999999999999 -0.65
0.8 -0.65
0.825 -0.65
0.8500000000000001 -0.65
0.875 -0.65
0.8999999999999999 -0.65
0.925 -0.65
0.95 -0.65
0.9750000000000001 -0.65
1 -0.65
-1 -0.625
-0.975 -0.625
-0.95 -0.625
-0.925 -0.625
-0.9 -0.625
-0.875 -0.625
-0.85 -0.625
-0.825 -0.625
-0.8 -0.625
-0.775 -0.625
-0.75 -0.625
-0.725 -0.625
-0.7 -0.625
-0.675 -0.625
-0.65 -0.625
-0.625 -0.625
-0.6 -0.625
-0.575 -0.625
-0.55 -0.625
-0.525 -0.625
-0.5 -0.625
-0.475 -0.625
-0.45 -0.625
-0.425 -0.625
-0.4 -0.625
-0.375 -0.625
-0.35 -0.625
-0.325 -0.625
-0.3 -0.625
-0.275 -0.625
-0.25 -0.625
-0.225 -0.625
-0.2 -0.625
-0.175 -0.625
-0.15 -0.625
-0.125 -0.625
-0.09999999999999998 -0.625
-0.07499999999999996 -0.625
-0.05000000000000004 -0.625
-0.02500000000000002 -0.625
0 -0.625
0.02499999999999991 -0.625
0.05000000000000004 -0.625
0.07499999999999996 -0.625
0.1000000000000001 -0.625
0.125 -0.625
0.1499999999999999 -0.625
0.175 -0.625
0.2 -0.625
0.2250000000000001 -0.625
0.25 -0.625
0.2749999999999999 -0.625
0.3 -0.625
0.325 -0.625
0.3500000000000001 -0.625
0.375 -0.625
0.3999999999999999 -0.625
0.425 -0.625
0.45 -0.625
0.4750000000000001 -0.625
0.5 -0.625
0.5249999999999999 -0.625
0.55 -0.625
0.575 -0.625
0.6000000000000001 -0.625
0.625 -0.625
0.6499999999999999 -0.625
0.675 -0.625
0.7 -0.625
0.7250000000000001 -0.625
0.75 -0.625
0.7749999999999999 -0.625
0.8 -0.625
0.825 -0.625
0.8500000000000001 -0.625
0.875 -0.625
0.8999999999999999 -0.625
0.925 -0.625
0.95 -0.625
0.9750000000000001 -0.625
1 -0.625
-1 -0.6
-0.975 -0.6
-0.95 -0.6
-0.925 -0.6
-0.9 -0.6
-0.875 -0.6
-0.85 -0.6
-0.825 -0.6
-0.8 -0.6
-0.775 -0.6
-0.75 -0.6
-0.725 -0.6
-0.7 -0.6
-0.675 -0.6
-0.65 -0.6
-0.625 -0.6
-0.6 -0.6
-0.575 -0.6
-0.55 -0.6
-0.525 -0.6
-0.5 -0.6
-0.475 -0.6
-0.45 -0.6
-0.425 -0.6
-0.4 -0.6
-0.375 -0.6
-0.35 -0.6
-0.325 -0.6
-0.3 -0.6
-0.275 -0.6
-0.25 -0.6
-0.225 -0.6
-0.2 -0.6
-0.175 -0.6
-0.15 -0.6
-0.125 -0.6
-0.09999999999999998 -0.6
-0.07499999999999996 -0.6
-0.05000000000000004 -0.6
-0.02500000000000002 -0.6
0 -0.6
0.02499999999999991 -0.6
0.05000000000000004 -0.6
0.07499999999999996 -0.6
0.1000000000000001 -0.6
0.125 -0.6
0.1499999999999999 -0.6
0.175 -0.6
0.2 -0.6
0.2250000000000001 -0.6
0.25 -0.6
0.2749999999999999 -0.6
0.3 -0.6
0.325 -0.6
0.3500000000000001 -0.6
0.375 -0.6
0.3999999999999999 -0.6
0.425 -0.6
0.45 -0.6
0.4750000000000001 -0.6
0.5 -0.6
0.5249999999999999 -0.6
0.55 -0.6
0.575 -0.6
0.6000000000000001 -0.6
0.625 -0.6
0.6499999999999999 -0.6
0.675 -0.6
0.7 -0.6
0.7250000000000001 -0.6
0.75 -0.6
0.7749999999999999 -0.6
0.8 -0.6
0.825 -0.6
0.8500000000000001 -0.6
0.875 -0.6
0.8999999999999999 -0.6
0.925 -0.6
0.95 -0.6
0.9750000000000001 -0.6
1 -0.6
-1 -0.575
-0.975 -0.575
-0.95 -0.575
-0.925 -0.575
-0.9 -0.575
-0.875 -0.575
-0.85 -0.575
-0.825 -0.575
-0.8 -0.575
-0.775 -0.575
-0.75 -0.575
-0.725 -0.575
-0.7 -0.575
-0.675 -0.575
-0.65 -0.575
-0.625 -0.575
-0.6 -0.575
-0.575 -0.575
-0.55 -0.575
-0.525 -0.575
-0.5 -0.575
-0.475 -0.575
-0.45 -0.575
-0.425 -0.575
-0.4 -0.575
-0.375 -0.575
-0.35 -0.575
-0.325 -0.575
-0.3 -0.575
-0.275 -0.575
-0.25 -0.575
-0.225 -0.575
-0.2 -0.575
-0.175 -0.575
-0.15 -0.575
-0.125 -0.575
-0.09999999999999998 -0.575
-0.07499999999999996 -0.575
-0.05000000000000004 -0.575
-0.02500000000000002 -0.575
0 -0.575
0.02499999999999991 -0.575
0.05000000000000004 -0.575
0.07499999999999996 -0.575
0.1000000000000001 -0.575
0.125 -0.575
0.1499999999999999 -0.575
0.175 -0.575
0.2 -0.575
0.2250000000000001 -0.575
0.25 -0.575
0.2749999999999999 -0.575
0.3 -0.575
0.325 -0.575
0.3500000000000001 -0.575
0.375 -0.575
0.3999999999999999 -0.575
0.425 -0.575
0.45 -0.575
0.4750000000000001 -0.575
0.5 -0.575
0.5249999999999999 -0.575
0.55 -0.575
0.575 -0.575
0.6000000000000001 -0.575
0.625 -0.575
0.6499999999999999 -0.575
0.675 -0.575
0.7 -0.575
0.7250000000000001 -0.575
0.75 -0.575
0.7749999999999999 -0.575
0.8 -0.575
0.825 -0.575
0.8500000000000001 -0.575
0.875 -0.575
0.8999999999999999 -0.575
0.925 -0.575
0.95 -0.575
0.9750000000000001 -0.575
1 -0.575
-1 -0.55
-0.975 -0.55
-0.95 -0.55
-0.925 -0.55
-0.9 -0.55
-0.875 -0.55
-0.85 -0.55
-0.825 -0.55
-0.8 -0.55
-0.775 -0.55
-0.75 -0.55
-0.725 -0.55
-0.7 -0.55
-0.675 -0.55
-0.65 -0.55
-0.625 -0.55
-0.6 -0.55
-0.575 -0.55
-0.55 -0.55
-0.525 -0.55
-0.5 -0.55
-0.475 -0.55
-0.45 -0.55
-0.425 -0.55
-0.4 -0.55
-0.375 -0.55
-0.35 -0.55
-0.325 -0.55
-0.3 -0.55
-0.275 -0.55
-0.25 -0.55
-0.225 -0.55
-0.2 -0.55
-0.175 -0.55
-0.15 -0.55
-0.125 -0.55
-0.09999999999999998 -0.55
-0.07499999999999996 -0.55
-0.05000000000000004 -0.55
-0.02500000000000002 -0.55
0 -0.55
0.02499999999999991 -0.55
0.05000000000000004 -0.55
0.07499999999999996 -0.55
0.1000000000000001 -0.55
0.125 -0.55
0.1499999999999999 -0.55
0.175 -0.55
0.2 -0.55
0.2250000000000001 -0.55
0.25 -0.55
0.2749999999999999 -0.55
0.3 -0.55
0.325 -0.55
0.3500000000000001 -0.55
0.375 -0.55
0.3999999999999999 -0.55
0.425 -0.55
0.45 -0.55
0.4750000000000001 -0.55
0.5 -0.55
0.5249999999999999 -0.55
0.55 -0.55
0.575 -0.55
0.6000000000000001 -0.55
0.625 -0.55
0.6499999999999999 -0.55
0.675 -0.55
0.7 -0.55
0.7250000000000001 -0.55
0.75 -0.55
0.7749999999999999 -0.55
0.8 -0.55
0.825 -0.55
0.8500000000000001 -0.55
0.875 -0.55
0.8999999999999999 -0.55
0.925 -0.55
0.95 -0.55
0.9750000000000001 -0.55
1 -0.55
-1 -0.525
-0.975 -0.525
-0.95 -0.525
-0.925 -0.525
-0.9 -0.525
-0.875 -0.525
-0.85 -0.525
-0.825 -0.525
-0.8 -0.525
-0.775 -0.525
-0.75 -0.525
-0.725 -0.525
-0.7 -0.525
-0.675 -0.525
-0.65 -0.525
-0.625 -0.525
-0.6 -0.525
-0.575 -0.525
-0.55 -0.525
-0.525 -0.525
-0.5 -0.525
-0.475 -0.525
-0.45 -0.525
-0.425 -0.525
-0.4 -0.525
-0.375 -0.525
-0.35 -0.525
-0.325 -0.525
-0.3 -0.525
-0.275 -0.525
-0.25 -0.525
-0.225 -0.525
-0.2 -0.525
-0.175 -0.525
-0.15 -0.525
-0.125 -0.525
-0.09999999999999998 -0.525
-0.07499999999999996 -0.525
-0.05000000000000004 -0.525
-0.02500000000000002 -0.525
0 -0.525
0.02499999999999991 -0.525
0.05000000000000004 -0.525
0.07499999999999996 -0.525
0.1000000000000001 -0.525
0.125 -0.525
0.1499999999999999 -0.525
0.175 -0.525
0.2 -0.525
0.2250000000000001 -0.525
0.25 -0.525
0.2749999999999999 -0.525
0.3 -0.525
0.325 -0.525
0.3500000000000001 -0.525
0.375 -0.525
0.3999999999999999 -0.525
0.425 -0.525
0.45 -0.525
0.4750000000000001 -0.525
0.5 -0.525
0.5249999999999999 -0.525
0.55 -0.525
0.575 -0.525
0.6000000000000001 -0.525
0.625 -0.525
0.6499999999999999 -0.525
0.675 -0.525
0.7 -0.525
0.7250000000000001 -0.525
0.75 -0.525
0.7749999999999999 -0.525
0.8 -0.525
0.825 -0.525
0.8500000000000001 -0.525
0.875 -0.525
0.8999999999999999 -0.525
0.925 -0.525
0.95 -0.525
0.9750000000000001 -0.525
1 -0.525
-1 -0.5
-0.975 -0.5
-0.95 -0.5
-0.925 -0.5
-0.9 -0.5
-0.875 -0.5
-0.85 -0.5
-0.825 -0.5
-0.8 -0.5
-0.775 -0.5
-0.75 -0.5
-0.725 -0.5
-0.7 -0.5
-0.675 -0.5
-0.65 -0.5
-0.625 -0.5
-0.6 -0.5
-0.575 -0.5
-0.55 -0.5
-0.525 -0.5
-0.5 -0.5
-0.475 -0.5
-0.45 -0.5
-0.425 -0.5
-0.4 -0.5
-0.375 -0.5
-0.35 -0.5
-0.325 -0.5
-0.3 -0.5
-0.275 -0.5
-0.25 -0.5
-0.225 -0.5
-0.2 -0.5
-0.175 -0.5
-0.15 -0.5
-0.125 -0.5
-0.09999999999999998 -0.5
-0.07499999999999996 -0.5
-0.05000000000000004 -0.5
-0.02500000000000002 -0.5
0 -0.5
0.02499999999999991 -0.5
0.05000000000000004 -0.5
0.07499999999999996 -0.5
0.1000000000000001 -0.5
0.125 -0.5
0.1499999999999999 -0.5
0.175 -0.5
0.2 -0.5
0.2250000000000001 -0.5
0.25 -0.5
0.2749999999999999 -0.5
0.3 -0.5
0.325 -0.5
0.3500000000000001 -0.5
0.375 -0.5
0.3999999999999999 -0.5
0.425 -0.5
0.45 -0.5
0.4750000000000001 -0.5
0.5 -0.5
0.5249999999999999 -0.5
0.55 -0.5
0.575 -0.5
0.6000000000000001 -0.5
0.625 -0.5
0.6499999999999999 -0.5
0.675 -0.5
0.7 -0.5
0.7250000000000001 -0.5
0.75 -0.5
0.7749999999999999 -0.5
0.8 -0.5
0.825 -0.5
0.8500000000000001 -0.5
0.875 -0.5
0.8999999999999999 -0.5
0.925 -0.5
0.95 -0.5
0.9750000000000001 -0.5
1 -0.5
-1 -0.475
-0.975 -0.475
-0.95 -0.475
-0.925 -0.475
-0.9 -0.475
-0.875 -0.475
-0.85 -0.475
-0.825 -0.475
-0.8 -0.475
-0.775 -0.475
-0.75 -0.475
-0.725 -0.475
-0.7 -0.475
-0.675 -0.475
-0.65 -0.475
-0.625 -0.475
-0.6 -0.475
-0.575 -0.475
-0.55 -0.475
-0.525 -0.475
-0.5 -0.475
-0.475 -0.475
-0.45 -0.475
-0.425 -0.475
-0.4 -0.475
-0.375 -0.475
-0.35 -0.475
-0.325 -0.475
-0.3 -0.475
-0.275 -0.475
-0.25 -0.475
-0.225 -0.475
-0.2 -0.475
-0.175 -0.475
-0.15 -0.475
-0.125 -0.475
-0.09999999999999998 -0.475
-0.07499999999999996 -0.475
-0.05000000000000004 -0.475
-0.02500000000000002 -0.475
0 -0.475
0.02499999999999991 -0.475
0.05000000000000004 -0.475
0.07499999999999996 -0.475
0.1000000000000001 -0.475
0.125 -0.475
0.1499999999999999 -0.475
0.175 -0.475
0.2 -0.475
0.2250000000000001 -0.475
0.25 -0.475
0.2749999999999999 -0.475
0.3 -0.475
0.325 -0.475
0.3500000000000001 -0.475
0.375 -0.475
0.3999999999999999 -0.475
0.425 -0.475
0.45 -0.475
0.4750000000000001 -0.475
0.5 -0.475
0.5249999999999999 -0.475
0.55 -0.475
0.575 -0.475
0.6000000000000001 -0.475
0.625 -0.475
0.6499999999999999 -0.475
0.675 -0.475
0.7 -0.475
0.7250000000000001 -0.475
0.75 -0.475
0.7749999999999999 -0.475
0.8 -0.475
0.825 -0.475
0.8500000000000001 -0.475
0.875 -0.475
0.8999999999999999 -0.475
0.925 -0.475
0.95 -0.475
0.9750000000000001 -0.475
1 -0.475
-1 -0.45
-0.975 -0.45
-0.95 -0.45
-0.925 -0.45
-0.9 -0.45
-0.875 -0.45
-0.85 -0.45
-0.825 -0.45
-0.8 -0.45
-0.775 -0.45
-0.75 -0.45
-0.725 -0.45
-0.7 -0.45
-0.675 -0.45
-0.65 -0.45
-0.625 -0.45
-0.6 -0.45
-0.575 -0.45
-0.55 -0.45
-0.525 -0.45
-0.5 -0.45
-0.475 -0.45
-0.45 -0.45
-0.425 -0.45
-0.4 -0.45
-0.375 -0.45
-0.35 -0.45
-0.325 -0.45
-0.3 -0.45
-0.275 -0.45
-0.25 -0.45
-0.225 -0.45
-0.2 -0.45
-0.175 -0.45
-0.15 -0.45
-0.125 -0.45
-0.09999999999999998 -0.45
-0.07499999999999996 -0.45
-0.05000000000000004 -0.45
-0.02500000000000002 -0.45
0 -0.45
0.02499999999999991 -0.45
0.05000000000000004 -0.45
0.07499999999999996 -0.45
0.1000000000000001 -0.45
0.125 -0.45
0.1499999999999999 -0.45
0.175 -0.45
0.2 -0.45
0.2250000000000001 -0.45
0.25 -0.45
0.2749999999999999 -0.45
0.3 -0.45
0.325 -0.45
0.3500000000000001 -0.45
0.375 -0.45
0.3999999999999999 -0.45
0.425 -0.45
0.45 -0.45
0.4750000000000001 -0.45
0.5 -0.45
0.5249999999999999 -0.45
0.55 -0.45
0.575 -0.45
0.6000000000000001 -0.45
0.625 -0.45
0.6499999999999999 -0.45
0.675 -0.45
0.7 -0.45
0.7250000000000001 -0.45
0.75 -0.45
0.7749999999999999 -0.45
0.8 -0.45
0.825 -0.45
0.8500000000000001 -0.45
0.875 -0.45
0.8999999999999999 -0.45
0.925 -0.45
0.95 -0.45
0.9750000000000001 -0.45
1 -0.45
-1 -0.425
-0.975 -0.425
-0.95 -0.425
-0.925 -0.425
-0.9 -0.425
-0.875 -0.425
-0.85 -0.425
-0.825 -0.425
-0.8 -0.425
-0.775 -0.425
-0.75 -0.425
-0.725 -0.425
-0.7 -0.425
-0.675 -0.425
-0.65 -0.425
-0.625 -0.425
-0.6 -0.425
-0.575 -0.425
-0.55 -0.425
-0.525 -0.425
-0.5 -0.425
-0.475 -0.425
-0.45 -0.425
-0.425 -0.425
-0.4 -0.425
-0.375 -0.425
-0.35 -0.425
-0.325 -0.425
-0.3 -0.425
-0.275 -0.425
-0.25 -0.425
-0.225 -0.425
-0.2 -0.425
-0.175 -0.425
-0.15 -0.425
-0.125 -0.425
-0.09999999999999998 -0.425
-0.07499999999999996 -0.425
-0.05000000000000004 -0.425
-0.02500000000000002 -0.425
0 -0.425
0.02499999999999991 -0.425
0.05000000000000004 -0.425
0.07499999999999996 -0.425
0.1000000000000001 -0.425
0.125 -0.425
0.1499999999999999 -0.425
0.175 -0.425
0.2 -0.425
0.2250000000000001 -0.425
0.25 -0.425
0.2749999999999999 -0.425
0.3 -0.425
0.325 -0.425
0.3500000000000001 -0.425
0.375 -0.425
0.3999999999999999 -0.425
0.425 -0.425
0.45 -0.425
0.4750000000000001 -0.425
0.5 -0.425
0.5249999999999999 -0.425
0.55 -0.425
0.575 -0.425
0.6000000000000001 -0.425
0.625 -0.425
0.6499999999999999 -0.425
0.675 -0.425
0.7 -0.425
0.7250000000000001 -0.425
0.75 -0.425
0.7749999999999999 -0.425
0.8 -0.425
0.825 -0.425
0.8500000000000001 -0.425
0.875 -0.425
0.8999999999999999 -0.425
0.925 -0.425
0.95 -0.425
0.9750000000000001 -0.425
1 -0.425
-1 -0.4
-0.975 -0.4
-0.95 -0.4
-0.925 -0.4
-0.9 -0.4
-0.875 -0.4
-0.85 -0.4
-0.825 -0.4
-0.8 -0.4
-0.775 -0.4
-0.75 -0.4
-0.725 -0.4
-0.7 -0.4
-0.675 -0.4
-0.65 -0.4
-0.625 -0.4
-0.6 -0.4
-0.575 -0.4
-0.55 -0.4
-0.525 -0.4
-0.5 -0.4
-0.475 -0.4
-0.45 -0.4
-0.425 -0.4
-0.4 -0.4
-0.375 -0.4
-0.35 -0.4
-0.325 -0.4
-0.3 -0.4
-0.275 -0.4
-0.25 -0.4
-0.225 -0.4
-0.2 -0.4
-0.175 -0.4
-0.15 -0.4
-0.125 -0.4
-0.09999999999999998 -0.4
-0.07499999999999996 -0.4
-0.05000000000000004 -0.4
-0.02500000000000002 -0.4
0 -0.4
0.02499999999999991 -0.4
0.05000000000000004 -0.4
0.07499999999999996 -0.4
0.1000000000000001 -0.4
0.125 -0.4
0.1499999999999999 -0.4
0.175 -0.4
0.2 -0.4
0.2250000000000001 -0.4
0.25 -0.4
0.2749999999999999 -0.4
0.3 -0.4
0.325 -0.4
0.3500000000000001 -0.4
0.375 -0.4
0.3999999999999999 -0.4
0.425 -0.4
0.45 -0.4
0.4750000000000001 -0.4
0.5 -0.4
0.5249999999999999 -0.4
0.55 -0.4
0.575 -0.4
0.6000000000000001 -0.4
0.625 -0.4
0.6499999999999999 -0.4
0.675 -0.4
0.7 -0.4
0.7250000000000001 -0.4
0.75 -0.4
0.7749999999999999 -0.4
0.8 -0.4
0.825 -0.4
0.8500000000000001 -0.4
0.875 -0.4
0.8999999999999999 -0.4
0.925 -0.4
0.95 -0.4
0.9750000000000001 -0.4
1 -0.4
-1 -0.375
-0.975 -0.375
-0.95 -0.375
-0.925 -0.375
-0.9 -0.375
-0.875 -0.375
-0.85 -0.375
-0.825 -0.375
-0.8 -0.375
-0.775 -0.375
-0.75 -0.375
-0.725 -0.375
-0.7 -0.375
-0.675 -0.375
-0.65 -0.375
-0.625 -0.375
-0.6 -0.375
-0.575 -0.375
-0.55 -0.375
-0.525 -0.375
-0.5 -0.375
-0.475 -0.375
-0.45 -0.375
-0.425 -0.375
-0.4 -0.375
-0.375 -0.375
-0.35 -0.375
-0.325 -0.375
-0.3 -0.375
-0.275 -0.375
-0.25 -0.375
-0.225 -0.375
-0.2 -0.375
-0.175 -0.375
-0.15 -0.375
-0.125 -0.375
-0.09999999999999998 -0.375
-0.07499999999999996 -0.375
-0.05000000000000004 -0.375
-0.02500000000000002 -0.375
0 -0.375
0.02499999999999991 -0.375
0.05000000000000004 -0.375
0.07499999999999996 -0.375
0.1000000000000001 -0.375
0.125 -0.375
0.1499999999999999 -0.375
0.175 -0.375
0.2 -0.375
0.2250000000000001 -0.375
0.25 -0.375
0.2749999999999999 -0.375
0.3 -0.375
0.325 -0.375
0.3500000000000001 -0.375
0.375 -0.375
0.3999999999999999 -0.375
0.425 -0.375
0.45 -0.375
0.4750000000000001 -0.375
0.5 -0.375
0.5249999999999999 -0.375
0.55 -0.375
0.575 -0.375
0.6000000000000001 -0.375
0.625 -0.375
0.6499999999999999 -0.375
0.675 -0.375
0.7 -0.375
0.7250000000000001 -0.375
0.75 -0.375
0.7749999999999999 -0.375
0.8 -0.375
0.825 -0.375
0.8500000000000001 -0.375
0.875 -0.375
0.8999999999999999 -0.375
0.925 -0.375
0.95 -0.375
0.9750000000000001 -0.375
1 -0.375
-1 -0.35
-0.975 -0.35
-0.95 -0.35
-0.925 -0.35
-0.9 -0.35
-0.875 -0.35
-0.85 -0.35
-0.825 -0.35
-0.8 -0.35
-0.775 -0.35
-0.75 -0.35
-0.725 -0.35
-0.7 -0.35
-0.675 -0.35
-0.65 -0.35
-0.625 -0.35
-0.6 -0.35
-0.575 -0.35
-0.55 -0.35
-0.525 -0.35
-0.5 -0.35
-0.475 -0.35
-0.45 -0.35
-0.425 -0.35
-0.4 -0.35
-0.375 -0.35
-0.35 -0.35
-0.325 -0.35
-0.3 -0.35
-0.275 -0.35
-0.25 -0.35
-0.225 -0.35
-0.2 -0.35
-0.175 -0.35
-0.15 -0.35
-0.125 -0.35
-0.09999999999999998 -0.35
-0.07499999999999996 -0.35
-0.05000000000000004 -0.35
-0.02500000000000002 -0.35
0 -0.35
0.02499999999999991 -0.35
0.05000000000000004 -0.35
0.07499999999999996 -0.35
0.1000000000000001 -0.35
0.125 -0.35
0.1499999999999999 -0.35
0.175 -0.35
0.2 -0.35
0.2250000000000001 -0.35
0.25 -0.35
0.2749999999999999 -0.35
0.3 -0.35
0.325 -0.35
0.3500000000000001 -0.35
0.375 -0.35
0.3999999999999999 -0.35
0.425 -0.35
0.45 -0.35
0.4750000000000001 -0.35
0.5 -0.35
0.5249999999999999 -0.35
0.55 -0.35
0.575 -0.35
0.6000000000000001 -0.35
0.625 -0.35
0.6499999999999999 -0.35
0.675 -0.35
0.7 -0.35
0.7250000000000001 -0.35
0.75 -0.35
0.7749999999999999 -0.35
0.8 -0.35
0.825 -0.35
0.8500000000000001 -0.35
0.875 -0.35
0.8999999999999999 -0.35
0.925 -0.35
0.95 -0.35
0.9750000000000001 -0.35
1 -0.35
-1 -0.325
-0.975 -0.325
-0.95 -0.325
-0.925 -0.325
-0.9 -0.325
-0.875 -0.325
-0.85 -0.325
-0.825 -0.325
-0.8 -0.325
-0.775 -0.325
-0.75 -0.325
-0.725 -0.325
-0.7 -0.325
-0.675 -0.325
-0.65 -0.325
-0.625 -0.325
-0.6 -0.325
-0.575 -0.325
-0.55 -0.325
-0.525 -0.325
-0.5 -0.325
-0.475 -0.325
-0.45 -0.325
-0.425 -0.325
-0.4 -0.325
-0.375 -0.325
-0.35 -0.325
-0.325 -0.325
-0.3 -0.325
-0.275 -0.325
-0.25 -0.325
-0.225 -0.325
-0.2 -0.325
-0.175 -0.325
-0.15 -0.325
-0.125 -0.325
-0.09999999999999998 -0.325
-0.07499999999999996 -0.325
-0.05000000000000004 -0.325
-0.02500000000000002 -0.325
0 -0.325
0.02499999999999991 -0.325
0.05000000000000004 -0.325
0.07499999999999996 -0.325
0.1000000000000001 -0.325
0.125 -0.325
0.1499999999999999 -0.325
0.175 -0.325
0.2 -0.325
0.2250000000000001 -0.325
0.25 -0.325
0.2749999999999999 -0.325
0.3 -0.325
0.325 -0.325
0.3500000000000001 -0.325
0.375 -0.325
0.3999999999999999 -0.325
0.425 -0.325
0.45 -0.325
0.4750000000000001 -0.325
0.5 -0.325
0.5249999999999999 -0.325
0.55 -0.325
0.575 -0.325
0.6000000000000001 -0.325
0.625 -0.325
0.6499999999999999 -0.325
0.675 -0.325
0.7 -0.325
0.7250000000000001 -0.325
0.75 -0.325
0.7749999999999999 -0.325
0.8 -0.325
0.825 -0.325
0.8500000000000001 -0.325
0.875 -0.325
0.8999999999999999 -0.325
0.925 -0.325
0.95 -0.325
0.9750000000000001 -0.325
1 -0.325
-1 -0.3
-0.975 -0.3
-0.95 -0.3
-0.925 -0.3
-0.9 -0.3
-0.875 -0.3
-0.85 -0.3
-0.825 -0.3
-0.8 -0.3
-0.775 -0.3
-0.75 -0.3
-0.725 -0.3
-0.7 -0.3
-0.675 -0.3
-0.65 -0.3
-0.625 -0.3
-0.6 -0.3
-0.575 -0.3
-0.55 -0.3
-0.525 -0.3
-0.5 -0.3
-0.475 -0.3
-0.45 -0.3
-0.425 -0.3
-0.4 -0.3
-0.375 -0.3
-0.35 -0.3
-0.325 -0.3
-0.3 -0.3
-0.275 -0.3
-0.25 -0.3
-0.225 -0.3
-0.2 -0.3
-0.175 -0.3
-0.15 -0.3
-0.125 -0.3
-0.09999999999999998 -0.3
-0.07499999999999996 -0.3
-0.05000000000000004 -0.3
-0.02500000000000002 -0.3
0 -0.3
0.02499999999999991 -0.3
0.05000000000000004 -0.3
0.07499999999999996 -0.3
0.1000000000000001 -0.3
0.125 -0.3
0.1499999999999999 -0.3
0.175 -0.3
0.2 -0.3
0.2250000000000001 -0.3
0.25 -0.3
0.2749999999999999 -0.3
0.3 -0.3
0.325 -0.3
0.3500000000000001 -0.3
0.375 -0.3
0.3999999999999999 -0.3
0.425 -0.3
0.45 -0.3
0.4750000000000001 -0.3
0.5 -0.3
0.5249999999999999 -0.3
0.55 -0.3
0.575 -0.3
0.6000000000000001 -0.3
0.625 -0.3
0.6499999999999999 -0.3
0.675 -0.3
0.7 -0.3
0.7250000000000001 -0.3
0.75 -0.3
0.7749999999999999 -0.3
0.8 -0.3
0.825 -0.3
0.8500000000000001 -0.3
0.875 -0.3
0.8999999999999999 -0.3
0.925 -0.3
0.95 -0.3
0.9750000000000001 -0.3
1 -0.3
-1 -0.275
-0.975 -0.275
-0.95 -0.275
-0.925 -0.275
-0.9 -0.275
-0.875 -0.275
-0.85 -0.275
-0.825 -0.275
-0.8 -0.275
-0.775 -0.275
-0.75 -0.275
-0.725 -0.275
-0.7 -0.275
-0.675 -0.275
-0.65 -0.275
-0.625 -0.275
-0.6 -0.275
-0.575 -0.275
-0.55 -0.275
-0.525 -0.275
-0.5 -0.275
-0.475 -0.275
-0.45 -0.275
-0.425 -0.275
-0.4 -0.275
-0.375 -0.275
-0.35 -0.275
-0.325 -0.275
-0.3 -0.275
-0.275 -0.275
-0.25 -0.275
-0.225 -0.275
-0.2 -0.275
-0.175 -0.275
-0.15 -0.275
-0.125 -0.275
-0.09999999999999998 -0.275
-0.07499999999999996 -0.275
-0.05000000000000004 -0.275
-0.02500000000000002 -0.275
0 -0.275
0.02499999999999991 -0.275
0.05000000000000004 -0.275
0.07499999999999996 -0.275
0.1000000000000001 -0.275
0.125 -0.275
0.1499999999999999 -0.275
0.175 -0.275
0.2 -0.275
0.2250000000000001 -0.275
0.25 -0.275
0.2749999999999999 -0.275
0.3 -0.275
0.325 -0.275
0.3500000000000001 -0.275
0.375 -0.275
0.3999999999999999 -0.275
0.425 -0.275
0.45 -0.275
0.4750000000000001 -0.275
0.5 -0.275
0.5249999999999999 -0.275
0.55 -0.275
0.575 -0.275
0.6000000000000001 -0.275
0.625 -0.275
0.6499999999999999 -0.275
0.675 -0.275
0.7 -0.275
0.7250000000000001 -0.275
0.75 -0.275
0.7749999999999999 -0.275
0.8 -0.275
0.825 -0.275
0.8500000000000001 -0.275
0.875 -0.275
0.8999999999999999 -0.275
0.925 -0.275
0.95 -0.275
0.9750000000000001 -0.275
1 -0.275
-1 -0.25
-0.975 -0.25
-0.95 -0.25
-0.925 -0.25
-0.9 -0.25
-0.875 -0.25
-0.85 -0.25
-0.825 -0.25
-0.8 -0.25
-0.775 -0.25
-0.75 -0.25
-0.725 -0.25
-0.7 -0.25
-0.675 -0.25
-0.65 -0.25
-0.625 -0.25
-0.6 -0.25
-0.575 -0.25
-0.55 -0.25
-0.525 -0.25
-0.5 -0.25
-0.475 -0.25
-0.45 -0.25
-0.425 -0.25
-0.4 -0.25
-0.375 -0.25
-0.35 -0.25
-0.325 -0.25
-0.3 -0.25
-0.275 -0.25
-0.25 -0.25
-0.225 -0.25
-0.2 -0.25
-0.175 -0.25
-0.15 -0.25
-0.125 -0.25
-0.09999999999999998 -0.25
-0.07499999999999996 -0.25
-0.05000000000000004 -0.25
-0.02500000000000002 -0.25
0 -0.25
0.02499999999999991 -0.25
0.05000000000000004 -0.25
0.07499999999999996 -0.25
0.1000000000000001 -0.25
0.125 -0.25
0.1499999999999999 -0.25
0.175 -0.25
0.2 -0.25
0.2250000000000001 -0.25
0.25 -0.25
0.2749999999999999 -0.25
0.3 -0.25
0.325 -0.25
0.3500000000000001 -0.25
0.375 -0.25
0.3999999999999999 -0.25
0.425 -0.25
0.45 -0.25
0.4750000000000001 -0.25
0.5 -0.25
0.5249999999999999 -0.25
0.55 -0.25
0.575 -0.25
0.6000000000000001 -0.25
0.625 -0.25
0.6499999999999999 -0.25
0.675 -0.25
0.7 -0.25
0.7250000000000001 -0.25
0.75 -0.25
0.7749999999999999 -0.25
0.8 -0.25
0.825 -0.25
0.8500000000000001 -0.25
0.875 -0.25
0.8999999999999999 -0.25
0.925 -0.25
0.95 -0.25
0.9750000000000001 -0.25
1 -0.25
-1 -0.225
-0.975 -0.225
-0.95 -0.225
-0.925 -0.225
-0.9 -0.225
-0.875 -0.225
-0.85 -0.225
-0.825 -0.225
-0.8 -0.225
-0.775 -0.225
-0.75 -0.225
-0.725 -0.225
-0.7 -0.225
-0.675 -0.225
-0.65 -0.225
-0.625 -0.225
-0.6 -0.225
-0.575 -0.225
-0.55 -0.225
-0.525 -0.225
-0.5 -0.225
-0.475 -0.225
-0.45 -0.225
-0.425 -0.225
-0.4 -0.225
-0.375 -0.225
-0.35 -0.225
-0.325 -0.225
-0.3 -0.225
-0.275 -0.225
-0.25 -0.225
-0.225 -0.225
-0.2 -0.225
-0.175 -0.225
-0.15 -0.225
-0.125 -0.225
-0.09999999999999998 -0.225
-0.07499999999999996 -0.225
-0.05000000000000004 -0.225
-0.02500000000000002 -0.225
0 -0.225
0.02499999999999991 -0.225
0.05000000000000004 -0.225
0.07499999999999996 -0.225
0.1000000000000001 -0.225
0.125 -0.225
0.1499999999999999 -0.225
0.175 -0.225
0.2 -0.225
0.2250000000000001 -0.225
0.25 -0.225
0.2749999999999999 -0.225
0.3 -0.225
0.325 -0.225
0.3500000000000001 -0.225
0.375 -0.225
0.3999999999999999 -0.225
0.425 -0.225
0.45 -0.225
0.4750000000000001 -0.225
0.5 -0.225
0.5249999999999999 -0.225
0.55 -0.225
0.575 -0.225
0.6000000000000001 -0.225
0.625 -0.225
0.6499999999999999 -0.225
0.675 -0.225
0.7 -0.225
0.7250000000000001 -0.225
0.75 -0.225
0.7749999999999999 -0.225
0.8 -0.225
0.825 -0.225
0.8500000000000001 -0.225
0.875 -0.225
0.8999999999999999 -0.225
0.925 -0.225
0.95 -0.225
0.9750000000000001 -0.225
1 -0.225
-1 -0.2
-0.975 -0.2
-0.95 -0.2
-0.925 -0.2
-0.9 -0.2
-0.875 -0.2
-0.85 -0.2
-0.825 -0.2
-0.8 -0.2
-0.775 -0.2
-0.75 -0.2
-0.725 -0.2
-0.7 -0.2
-0.675 -0.2
-0.65 -0.2
-0.625 -0.2
-0.6 -0.2
-0.575 -0.2
-0.55 -0.2
-0.525 -0.2
-0.5 -0.2
-0.475 -0.2
-0.45 -0.2
-0.425 -0.2
-0.4 -0.2
-0.375 -0.2
-0.35 -0.2
-0.325 -0.2
-0.3 -0.2
-0.275 -0.2
-0.25 -0.2
-0.225 -0.2
-0.2 -0.2
-0.175 -0.2
-0.15 -0.2
-0.125 -0.2
-0.09999999999999998 -0.2
-0.07499999999999996 -0.2
-0.05000000000000004 -0.2
-0.02500000000000002 -0.2
0 -0.2
0.02499999999999991 -0.2
0.05000000000000004 -0.2
0.07499999999999996 -0.2
0.1000000000000001 -0.2
0.125 -0.2
0.1499999999999999 -0.2
0.175 -0.2
0.2 -0.2
0.2250000000000001 -0.2
0.25 -0.2
0.2749999999999999 -0.2
0.3 -0.2
0.325 -0.2
0.3500000000000001 -0.2
0.375 -0.2
0.3999999999999999 -0.2
0.425 -0.2
0.45 -0.2
0.4750000000000001 -0.2
0.5 -0.2
0.5249999999999999 -0.2
0.55 -0.2
0.575 -0.2
0.6000000000000001 -0.2
0.625 -0.2
0.6499999999999999 -0.2
0.675 -0.2
0.7 -0.2
0.7250000000000001 -0.2
0.75 -0.2
0.7749999999999999 -0.2
0.8 -0.2
0.825 -0.2
0.8500000000000001 -0.2
0.875 -0.2
0.8999999999999999 -0.2
0.925 -0.2
0.95 -0.2
0.9750000000000001 -0.2
1 -0.2
-1 -0.175
-0.975 -0.175
-0.95 -0.175
-0.925 -0.175
-0.9 -0.175
-0.875 -0.175
-0.85 -0.175
-0.825 -0.175
-0.8 -0.175
-0.775 -0.175
-0.75 -0.175
-0.725 -0.175
-0.7 -0.175
-0.675 -0.175
-0.65 -0.175
-0.625 -0.175
-0.6 -0.175
-0.575 -0.175
-0.55 -0.175
-0.525 -0.175
-0.5 -0.175
-0.475 -0.175
-0.45 -0.175
-0.425 -0.175
-0.4 -0.175
-0.375 -0.175
-0.35 -0.175
-0.325 -0.175
-0.3 -0.175
-0.275 -0.175
-0.25 -0.175
-0.225 -0.175
-0.2 -0.175
-0.175 -0.175
-0.15 -0.175
-0.125 -0.175
-0.09999999999999998 -0.175
-0.07499999999999996 -0.175
-0.05000000000000004 -0.175
-0.02500000000000002 -0.175
0 -0.175
0.02499999999999991 -0.175
0.05000000000000004 -0.175
0.07499999999999996 -0.175
0.1000000000000001 -0.175
0.125 -0.175
0.1499999999999999 -0.175
0.175 -0.175
0.2 -0.175
0.2250000000000001 -0.175
0.25 -0.175
0.2749999999999999 -0.175
0.3 -0.175
0.325 -0.175
0.3500000000000001 -0.175
0.375 -0.175
0.3999999999999999 -0.175
0.425 -0.175
0.45 -0.175
0.4750000000000001 -0.175
0.5 -0.175
0.5249999999999999 -0.175
0.55 -0.175
0.575 -0.175
0.6000000000000001 -0.175
0.625 -0.175
0.6499999999999999 -0.175
0.675 -0.175
0.7 -0.175
0.7250000000000001 -0.175
0.75 -0.175
0.7749999999999999 -0.175
0.8 -0.175
0.825 -0.175
0.8500000000000001 -0.175
0.875 -0.175
0.8999999999999999 -0.175
0.925 -0.175
0.95 -0.175
0.9750000000000001 -0.175
1 -0.175
-1 -0.15
-0.975 -0.15
-0.95 -0.15
-0.925 -0.15
-0.9 -0.15
-0.875 -0.15
-0.85 -0.15
-0.825 -0.15
-0.8 -0.15
-0.775 -0.15
-0.75 -0.15
-0.725 -0.15
-0.7 -0.15
-0.675 -0.15
-0.65 -0.15
-0.625 -0.15
-0.6 -0.15
-0.575 -0.15
-0.55 -0.15
-0.525 -0.15
-0.5 -0.15
-0.475 -0.15
-0.45 -0.15
-0.425 -0.15
-0.4 -0.15
-0.375 -0.15
-0.35 -0.15
-0.325 -0.15
-0.3 -0.15
-0.275 -0.15
-0.25 -0.15
-0.225 -0.15
-0.2 -0.15
-0.175 -0.15
-0.15 -0.15
-0.125 -0.15
-0.09999999999999998 -0.15
-0.07499999999999996 -0.15
-0.05000000000000004 -0.15
-0.02500000000000002 -0.15
0 -0.15
0.02499999999999991 -0.15
0.05000000000000004 -0.15
0.07499999999999996 -0.15
0.1000000000000001 -0.15
0.125 -0.15
0.1499999999999999 -0.15
0.175 -0.15
0.2 -0.15
0.2250000000000001 -0.15
0.25 -0.15
0.2749999999999999 -0.15
0.3 -0.15
0.325 -0.15
0.3500000000000001 -0.15
0.375 -0.15
0.3999999999999999 -0.15
0.425 -0.15
0.45 -0.15
0.4750000000000001 -0.15
0.5 -0.15
0.5249999999999999 -0.15
0.55 -0.15
0.575 -0.15
0.6000000000000001 -0.15
0.625 -0.15
0.6499999999999999 -0.15
0.675 -0.15
0.7 -0.15
0.7250000000000001 -0.15
0.75 -0.15
0.7749999999999999 -0.15
0.8 -0.15
0.825 -0.15
0.8500000000000001 -0.15
0.875 -0.15
0.8999999999999999 -0.15
0.925 -0.15
0.95 -0.15
0.9750000000000001 -0.15
1 -0.15
-1 -0.125
-0.975 -0.125
-0.95 -0.125
-0.925 -0.125
-0.9 -0.125
-0.875 -0.125
-0.85 -0.125
-0.825 -0.125
-0.8 -0.125
-0.775 -0.125
-0.75 -0.125
-0.725 -0.125
-0.7 -0.125
-0.675 -0.125
-0.65 -0.125
-0.625 -0.125
-0.6 -0.125
-0.575 -0.125
-0.55 -0.125
-0.525 -0.125
-0.5 -0.125
-0.475 -0.125
-0.45 -0.125
-0.425 -0.125
-0.4 -0.125
-0.375 -0.125
-0.35 -0.125
-0.325 -0.125
-0.3 -0.125
-0.275 -0.125
-0.25 -0.125
-0.225 -0.125
-0.2 -0.125
-0.175 -0.125
-0.15 -0.125
-0.125 -0.125
-0.09999999999999998 -0.125
-0.07499999999999996 -0.125
-0.05000000000000004 -0.125
-0.02500000000000002 -0.125
0 -0.125
0.02499999999999991 -0.125
0.05000000000000004 -0.125
0.07499999999999996 -0.125
0.1000000000000001 -0.125
0.125 -0.125
0.1499999999999999 -0.125
0.175 -0.125
0.2 -0.125
0.2250000000000001 -0.125
0.25 -0.125
0.2749999999999999 -0.125
0.3 -0.125
0.325 -0.125
0.3500000000000001 -0.125
0.375 -0.125
0.3999999999999999 -0.125
0.425 -0.125
0.45 -0.125
0.4750000000000001 -0.125
0.5 -0.125
0.5249999999999999 -0.125
0.55 -0.125
0.575 -0.125
0.6000000000000001 -0.125
0.625 -0.125
0.6499999999999999 -0.125
0.675 -0.125
0.7 -0.125
0.7250000000000001 -0.125
0.75 -0.125
0.7749999999999999 -0.125
0.8 -0.125
0.825 -0.125
0.8500000000000001 -0.125
0.875 -0.125
0.8999999999999999 -0.125
0.925 -0.125
0.95 -0.125
0.9750000000000001 -0.125
1 -0.125
-1 -0.09999999999999998
-0.975 -0.09999999999999998
-0.95 -0.09999999999999998
-0.925 -0.09999999999999998
-0.9 -0.09999999999999998
-0.875 -0.09999999999999998
-0.85 -0.09999999999999998
-0.825 -0.09999999999999998
-0.8 -0.09999999999999998
-0.775 -0.09999999999999998
-0.75 -0.09999999999999998
-0.725 -0.09999999999999998
-0.7 -0.09999999999999998
-0.675 -0.09999999999999998
-0.65 -0.09999999999999998
-0.625 -0.09999999999999998
-0.6 -0.09999999999999998
-0.575 -0.09999999999999998
-0.55 -0.09999999999999998
-0.525 -0.09999999999999998
-0.5 -0.09999999999999998
-0.475 -0.09999999999999998
-0.45 -0.09999999999999998
-0.425 -0.09999999999999998
-0.4 -0.09999999999999998
-0.375 -0.09999999999999998
-0.35 -0.09999999999999998
-0.325 -0.09999999999999998
-0.3 -0.09999999999999998
-0.275 -0.09999999999999998
-0.25 -0.09999999999999998
-0.225 -0.09999999999999998
-0.2 -0.09999999999999998
-0.175 -0.09999999999999998
-0.15 -0.09999999999999998
-0.125 -0.09999999999999998
-0.09999999999999998 -0.09999999999999998
-0.07499999999999996 -0.09999999999999998
-0.05000000000000004 -0.09999999999999998
-0.02500000000000002 -0.09999999999999998
0 -0.09999999999999998
0.02499999999999991 -0.09999999999999998
0.05000000000000004 -0.09999999999999998
0.07499999999999996 -0.09999999999999998
0.1000000000000001 -0.09999999999999998
0.125 -0.09999999999999998
0.1499999999999999 -0.09999999999999998
0.175 -0.09999999999999998
0.2 -0.09999999999999998
0.2250000000000001 -0.09999999999999998
0.25 -0.09999999999999998
0.2749999999999999 -0.09999999999999998
0.3 -0.09999999999999998
0.325 -0.09999999999999998
0.3500000000000001 -0.09999999999999998
0.375 -0.09999999999999998
0.3999999999999999 -0.09999999999999998
0.425 -0.09999999999999998
0.45 -0.09999999999999998
0.4750000000000001 -0.09999999999999998
0.5 -0.09999999999999998
0.5249999999999999 -0.09999999999999998
0.55 -0.09999999999999998
0.575 -0.09999999999999998
0.6000000000000001 -0.09999999999999998
0.625 -0.09999999999999998
0.6499999999999999 -0.09999999999999998
0.675 -0.09999999999999998
0.7 -0.09999999999999998
0.7250000000000001 -0.09999999999999998
0.75 -0.09999999999999998
0.7749999999999999 -0.09999999999999998
0.8 -0.09999999999999998
0.825 -0.09999999999999998
0.8500000000000001 -0.09999999999999998
0.875 -0.09999999999999998
0.8999999999999999 -0.09999999999999998
0.925 -0.09999999999999998
0.95 -0.09999999999999998
0.9750000000000001 -0.09999999999999998
1 -0.09999999999999998
-1 -0.07499999999999996
-0.975 -0.07499999999999996
-0.95 -0.07499999999999996
-0.925 -0.07499999999999996
-0.9 -0.07499999999999996
-0.875 -0.07499999999999996
-0.85 -0.07499999999999996
-0.825 -0.07499999999999996
-0.8 -0.07499999999999996
-0.775 -0.07499999999999996
-0.75 -0.07499999999999996
-0.725 -0.07499999999999996
-0.7 -0.07499999999999996
-0.675 -0.07499999999999996
-0.65 -0.07499999999999996
-0.625 -0.07499999999999996
-0.6 -0.07499999999999996
-0.575 -0.07499999999999996
-0.55 -0.07499999999999996
-0.525 -0.07499999999999996
-0.5 -0.07499999999999996
-0.475 -0.07499999999999996
-0.45 -0.07499999999999996
-0.425 -0.07499999999999996
-0.4 -0.07499999999999996
-0.375 -0.07499999999999996
-0.35 -0.07499999999999996
-0.325 -0.07499999999999996
-0.3 -0.07499999999999996
-0.275 -0.07499999999999996
-0.25 -0.07499999999999996
-0.225 -0.07499999999999996
-0.2 -0.07499999999999996
-0.175 -0.07499999999999996
-0.15 -0.07499999999999996
-0.125 -0.07499999999999996
-0.09999999999999998 -0.07499999999999996
-0.07499999999999996 -0.07499999999999996
-0.05000000000000004 -0.07499999999999996
-0.02500000000000002 -0.07499999999999996
0 -0.07499999999999996
0.02499999999999991 -0.07499999999999996
0.05000000000000004 -0.07499999999999996
0.07499999999999996 -0.07499999999999996
0.1000000000000001 -0.07499999999999996
0.125 -0.07499999999999996
0.1499999999999999 -0.07499999999999996
0.175 -0.07499999999999996
0.2 -0.07499999999999996
0.2250000000000001 -0.07499999999999996
0.25 -0.07499999999999996
0.2749999999999999 -0.07499999999999996
0.3 -0.07499999999999996
0.325 -0.07499999999999996
0.3500000000000001 -0.07499999999999996
0.375 -0.07499999999999996
0.3999999999999999 -0.07499999999999996
0.425 -0.07499999999999996
0.45 -0.07499999999999996
0.4750000000000001 -0.07499999999999996
0.5 -0.07499999999999996
0.5249999999999999 -0.07499999999999996
0.55 -0.07499999999999996
0.575 -0.07499999999999996
0.6000000000000001 -0.07499999999999996
0.625 -0.07499999999999996
0.6499999999999999 -0.07499999999999996
0.675 -0.07499999999999996
0.7 -0.07499999999999996
0.7250000000000001 -0.07499999999999996
0.75 -0.07499999999999996
0.7749999999999999 -0.07499999999999996
0.8 -0.07499999999999996
0.825 -0.07499999999999996
0.8500000000000001 -0.07499999999999996
0.875 -0.07499999999999996
0.8999999999999999 -0.07499999999999996
0.925 -0.07499999999999996
0.95 -0.07499999999999996
0.9750000000000001 -0.07499999999999996
1 -0.07499999999999996
-1 -0.05000000000000004
-0.975 -0.05000000000000004
-0.95 -0.05000000000000004
-0.925 -0.05000000000000004
-0.9 -0.05000000000000004
-0.875 -0.05000000000000004
-0.85 -0.05000000000000004
-0.825 -0.05000000000000004
-0.8 -0.05000000000000004
-0.775 -0.05000000000000004
-0.75 -0.05000000000000004
-0.725 -0.05000000000000004
-0.7 -0.05000000000000004
-0.675 -0.05000000000000004
-0.65 -0.05000000000000004
-0.625 -0.05000000000000004
-0.6 -0.05000000000000004
-0.575 -0.05000000000000004
-0.55 -0.05000000000000004
-0.525 -0.05000000000000004
-0.5 -0.05000000000000004
-0.475 -0.05000000000000004
-0.45 -0.05000000000000004
-0.425 -0.05000000000000004
-0.4 -0.05000000000000004
-0.375 -0.05000000000000004
-0.35 -0.05000000000000004
-0.325 -0.05000000000000004
-0.3 -0.05000000000000004
-0.275 -0.05000000000000004
-0.25 -0.05000000000000004
-0.225 -0.05000000000000004
-0.2 -0.05000000000000004
-0.175 -0.05000000000000004
-0.15 -0.05000000000000004
-0.125 -0.05000000000000004
-0.09999999999999998 -0.05000000000000004
-0.07499999999999996 -0.05000000000000004
-0.05000000000000004 -0.05000000000000004
-0.02500000000000002 -0.05000000000000004
0 -0.05000000000000004
0.02499999999999991 -0.05000000000000004
0.05000000000000004 -0.05000000000000004
0.07499999999999996 -0.05000000000000004
0.1000000000000001 -0.05000000000000004
0.125 -0.05000000000000004
0.1499999999999999 -0.05000000000000004
0.175 -0.05000000000000004
0.2 -0.05000000000000004
0.2250000000000001 -0.05000000000000004
0.25 -0.05000000000000004
0.2749999999999999 -0.05000000000000004
0.3 -0.05000000000000004
0.325 -0.05000000000000004
0.3500000000000001 -0.05000000000000004
0.375 -0.05000000000000004
0.3999999999999999 -0.05000000000000004
0.425 -0.05000000000000004
0.45 -0.05000000000000004
0.4750000000000001 -0.05000000000000004
0.5 -0.05000000000000004
0.5249999999999999 -0.05000000000000004
0.55 -0.05000000000000004
0.575 -0.05000000000000004
0.6000000000000001 -0.05000000000000004
0.625 -0.05000000000000004
0.6499999999999999 -0.05000000000000004
0.675 -0.05000000000000004
0.7 -0.05000000000000004
0.7250000000000001 -0.05000000000000004
0.75 -0.05000000000000004
0.7749999999999999 -0.05000000000000004
0.8 -0.05000000000000004
0.825 -0.05000000000000004
0.8500000000000001 -0.05000000000000004
0.875 -0.05000000000000004
0.8999999999999999 -0.05000000000000004
0.925 -0.05000000000000004
0.95 -0.05000000000000004
0.9750000000000001 -0.05000000000000004
1 -0.05000000000000004
-1 -0.02500000000000002
-0.975 -0.02500000000000002
-0.95 -0.02500000000000002
-0.925 -0.02500000000000002
-0.9 -0.02500000000000002
-0.875 -0.02500000000000002
-0.85 -0.02500000000000002
-0.825 -0.02500000000000002
-0.8 -0.02500000000000002
-0.775 -0.02500000000000002
-0.75 -0.02500000000000002
-0.725 -0.02500000000000002
-0.7 -0.02500000000000002
-0.675 -0.02500000000000002
-0.65 -0.02500000000000002
-0.625 -0.02500000000000002
-0.6 -0.02500000000000002
-0.575 -0.02500000000000002
-0.55 -0.02500000000000002
-0.525 -0.02500000000000002
-0.5 -0.02500000000000002
-0.475 -0.02500000000000002
-0.45 -0.02500000000000002
-0.425 -0.02500000000000002
-0.4 -0.02500000000000002
-0.375 -0.02500000000000002
-0.35 -0.02500000000000002
-0.325 -0.02500000000000002
-0.3 -0.02500000000000002
-0.275 -0.02500000000000002
-0.25 -0.02500000000000002
-0.225 -0.02500000000000002
-0.2 -0.02500000000000002
-0.175 -0.02500000000000002
-0.15 -0.02500000000000002
-0.125 -0.02500000000000002
-0.09999999999999998 -0.02500000000000002
-0.07499999999999996 -0.02500000000000002
-0.05000000000000004 -0.02500000000000002
-0.02500000000000002 -0.02500000000000002
0 -0.02500000000000002
0.02499999999999991 -0.02500000000000002
0.05000000000000004 -0.02500000000000002
0.07499999999999996 -0.02500000000000002
0.1000000000000001 -0.02500000000000002
0.125 -0.02500000000000002
0.1499999999999999 -0.02500000000000002
0.175 -0.02500000000000002
0.2 -0.02500000000000002
0.2250000000000001 -0.02500000000000002
0.25 -0.02500000000000002
0.2749999999999999 -0.02500000000000002
0.3 -0.02500000000000002
0.325 -0.02500000000000002
0.3500000000000001 -0.02500000000000002
0.375 -0.02500000000000002
0.3999999999999999 -0.02500000000000002
0.425 -0.02500000000000002
0.45 -0.02500000000000002
0.4750000000000001 -0.02500000000000002
0.5 -0.02500000000000002
0.5249999999999999 -0.02500000000000002
0.55 -0.02500000000000002
0.575 -0.02500000000000002
0.6000000000000001 -0.02500000000000002
0.625 -0.02500000000000002
0.6499999999999999 -0.02500000000000002
0.675 -0.02500000000000002
0.7 -0.02500000000000002
0.7250000000000001 -0.02500000000000002
0.75 -0.02500000000000002
0.7749999999999999 -0.02500000000000002
0.8 -0.02500000000000002
0.825 -0.02500000000000002
0.8500000000000001 -0.02500000000000002
0.875 -0.02500000000000002
0.8999999999999999 -0.02500000000000002
0.925 -0.02500000000000002
0.95 -0.02500000000000002
0.9750000000000001 -0.02500000000000002
1 -0.02500000000000002
-1 0
-0.975 0
-0.95 0
-0.925 0
-0.9 0
-0.875 0
-0.85 0
-0.825 0
-0.8 0
-0.775 0
-0.75 0
-0.725 0
-0.7 0
-0.675 0
-0.65 0
-0.625 0
-0.6 0
-0.575 0
-0.55 0
-0.525 0
-0.5 0
-0.475 0
-0.45 0
-0.425 0
-0.4 0
-0.375 0
-0.35 0
-0.325 0
-0.3 0
-0.275 0
-0.25 0
-0.225 0
-0.2 0
-0.175 0
-0.15 0
-0.125 0
-0.09999999999999998 0
-0.07499999999999996 0
-0.05000000000000004 0
-0.02500000000000002 0
0 0
0.02499999999999991 0
0.05000000000000004 0
0.07499999999999996 0
0.1000000000000001 0
0.125 0
0.1499999999999999 0
0.175 0
0.2 0
0.2250000000000001 0
0.25 0
0.2749999999999999 0
0.3 0
0.325 0
0.3500000000000001 0
0.375 0
0.3999999999999999 0
0.425 0
0.45 0
0.4750000000000001 0
0.5 0
0.5249999999999999 0
0.55 0
0.575 0
0.6000000000000001 0
0.625 0
0.6499999999999999 0
0.675 0
0.7 0
0.7250000000000001 0
0.75 0
0.7749999999999999 0
0.8 0
0.825 0
0.8500000000000001 0
0.875 0
0.8999999999999999 0
0.925 0
0.95 0
0.9750000000000001 0
1 0
-1 0.02499999999999991
-0.975 0.02499999999999991
-0.95 0.02499999999999991
-0.925 0.02499999999999991
-0.9 0.02499999999999991
-0.875 0.02499999999999991
-0.85 0.02499999999999991
-0.825 0.02499999999999991
-0.8 0.02499999999999991
-0.775 0.02499999999999991
-0.75 0.02499999999999991
-0.725 0.02499999999999991
-0.7 0.02499999999999991
-0.675 0.02499999999999991
-0.65 0.02499999999999991
-0.625 0.02499999999999991
-0.6 0.02499999999999991
-0.575 0.02499999999999991
-0.55 0.02499999999999991
-0.525 0.02499999999999991
-0.5 0.02499999999999991
-0.475 0.02499999999999991
-0.45 0.02499999999999991
-0.425 0.02499999999999991
-0.4 0.02499999999999991
-0.375 0.02499999999999991
-0.35 0.02499999999999991
-0.325 0.02499999999999991
-0.3 0.02499999999999991
-0.275 0.02499999999999991
-0.25 0.02499999999999991
-0.225 0.02499999999999991
-0.2 0.02499999999999991
-0.175 0.02499999999999991
-0.15 0.02499999999999991
-0.125 0.02499999999999991
-0.09999999999999998 0.02499999999999991
-0.07499999999999996 0.02499999999999991
-0.05000000000000004 0.02499999999999991
-0.02500000000000002 0.02499999999999991
0 0.02499999999999991
0.02499999999999991 0.02499999999999991
0.05000000000000004 0.02499999999999991
0.07499999999999996 0.02499999999999991
0.1000000000000001 0.02499999999999991
0.125 0.02499999999999991
0.1499999999999999 0.02499999999999991
0.175 0.02499999999999991
0.2 0.02499999999999991
0.2250000000000001 0.02499999999999991
0.25 0.02499999999999991
0.2749999999999999 0.02499999999999991
0.3 0.02499999999999991
0.325 0.02499999999999991
0.3500000000000001 0.02499999999999991
0.375 0.02499999999999991
0.3999999999999999 0.02499999999999991
0.425 0.02499999999999991
0.45 0.02499999999999991
0.4750000000000001 0.02499999999999991
0.5 0.02499999999999991
0.5249999999999999 0.02499999999999991
0.55 0.02499999999999991
0.575 0.02499999999999991
0.6000000000000001 0.02499999999999991
0.625 0.02499999999999991
0.6499999999999999 0.02499999999999991
0.675 0.02499999999999991
0.7 0.02499999999999991
0.7250000000000001 0.02499999999999991
0.75 0.02499999999999991
0.7749999999999999 0.02499999999999991
0.8 0.02499999999999991
0.825 0.02499999999999991
0.8500000000000001 0.02499999999999991
0.875 0.02499999999999991
0.8999999999999999 0.02499999999999991
0.925 0.02499999999999991
0.95 0.02499999999999991
0.9750000000000001 0.02499999999999991
1 0.02499999999999991
-1 0.05000000000000004
-0.975 0.05000000000000004
-0.95 0.05000000000000004
-0.925 0.05000000000000004
-0.9 0.05000000000000004
-0.875 0.05000000000000004
-0.85 0.05000000000000004
-0.825 0.05000000000000004
-0.8 0.05000000000000004
-0.775 0.05000000000000004
-0.75 0.05000000000000004
-0.725 0.05000000000000004
-0.7 0.05000000000000004
-0.675 0.05000000000000004
-0.65 0.05000000000000004
-0.625 0.05000000000000004
-0.6 0.05000000000000004
-0.575 0.05000000000000004
-0.55 0.05000000000000004
-0.525 0.05000000000000004
-0.5 0.05000000000000004
-0.475 0.05000000000000004
-0.45 0.05000000000000004
-0.425 0.05000000000000004
-0.4 0.05000000000000004
-0.375 0.05000000000000004
-0.35 0.05000000000000004
-0.325 0.05000000000000004
-0.3 0.05000000000000004
-0.275 0.05000000000000004
-0.25 0.05000000000000004
-0.225 0.05000000000000004
-0.2 0.05000000000000004
-0.175 0.05000000000000004
-0.15 0.05000000000000004
-0.125 0.05000000000000004
-0.09999999999999998 0.05000000000000004
-0.07499999999999996 0.05000000000000004
-0.05000000000000004 0.05000000000000004
-0.02500000000000002 0.05000000000000004
0 0.05000000000000004
0.02499999999999991 0.05000000000000004
0.05000000000000004 0.05000000000000004
0.07499999999999996 0.05000000000000004
0.1000000000000001 0.05000000000000004
0.125 0.05000000000000004
0.1499999999999999 0.05000000000000004
0.175 0.05000000000000004
0.2 0.05000000000000004
0.2250000000000001 0.05000000000000004
0.25 0.05000000000000004
0.2749999999999999 0.05000000000000004
0.3 0.05000000000000004
0.325 0.05000000000000004
0.3500000000000001 0.05000000000000004
0.375 0.05000000000000004
0.3999999999999999 0.05000000000000004
0.425 0.05000000000000004
0.45 0.05000000000000004
0.4750000000000001 0.05000000000000004
0.5 0.05000000000000004
0.5249999999999999 0.05000000000000004
0.55 0.05000000000000004
0.575 0.05000000000000004
0.6000000000000001 0.05000000000000004
0.625 0.05000000000000004
0.6499999999999999 0.05000000000000004
0.675 0.05000000000000004
0.7 0.05000000000000004
0.7250000000000001 0.05000000000000004
0.75 0.05000000000000004
0.7749999999999999 0.05000000000000004
0.8 0.05000000000000004
0.825 0.05000000000000004
0.8500000000000001 0.05000000000000004
0.875 0.05000000000000004
0.8999999999999999 0.05000000000000004
0.925 0.05000000000000004
0.95 0.05000000000000004
0.9750000000000001 0.05000000000000004
1 0.05000000000000004
-1 0.07499999999999996
-0.975 0.07499999999999996
-0.95 0.07499999999999996
-0.925 0.07499999999999996
-0.9 0.07499999999999996
-0.875 0.07499999999999996
-0.85 0.07499999999999996
-0.825 0.07499999999999996
-0.8 0.07499999999999996
-0.775 0.07499999999999996
-0.75 0.07499999999999996
-0.725 0.07499999999999996
-0.7 0.07499999999999996
-0.675 0.07499999999999996
-0.65 0.07499999999999996
-0.625 0.07499999999999996
-0.6 0.07499999999999996
-0.575 0.07499999999999996
-0.55 0.07499999999999996
-0.525 0.07499999999999996
-0.5 0.07499999999999996
-0.475 0.07499999999999996
-0.45 0.07499999999999996
-0.425 0.07499999999999996
-0.4 0.07499999999999996
-0.375 0.07499999999999996
-0.35 0.07499999999999996
-0.325 0.07499999999999996
-0.3 0.07499999999999996
-0.275 0.07499999999999996
-0.25 0.07499999999999996
-0.225 0.07499999999999996
-0.2 0.07499999999999996
-0.175 0.07499999999999996
-0.15 0.07499999999999996
-0.125 0.07499999999999996
-0.09999999999999998 0.07499999999999996
-0.07499999999999996 0.07499999999999996
-0.05000000000000004 0.07499999999999996
-0.02500000000000002 0.07499999999999996
0 0.07499999999999996
0.02499999999999991 0.07499999999999996
0.05000000000000004 0.07499999999999996
0.07499999999999996 0.07499999999999996
0.1000000000000001 0.07499999999999996
0.125 0.07499999999999996
0.1499999999999999 0.07499999999999996
0.175 0.07499999999999996
0.2 0.07499999999999996
0.2250000000000001 0.07499999999999996
0.25 0.07499999999999996
0.2749999999999999 0.07499999999999996
0.3 0.07499999999999996
0.325 0.07499999999999996
0.3500000000000001 0.07499999999999996
0.375 0.07499999999999996
0.3999999999999999 0.07499999999999996
0.425 0.07499999999999996
0.45 0.07499999999999996
0.4750000000000001 0.07499999999999996
0.5 0.07499999999999996
0.5249999999999999 0.07499999999999996
0.55 0.07499999999999996
0.575 0.07499999999999996
0.6000000000000001 0.07499999999999996
0.625 0.07499999999999996
0.6499999999999999 0.07499999999999996
0.675 0.07499999999999996
0.7 0.07499999999999996
0.7250000000000001 0.07499999999999996
0.75 0.07499999999999996
0.7749999999999999 0.07499999999999996
0.8 0.07499999999999996
0.825 0.07499999999999996
0.8500000000000001 0.07499999999999996
0.875 0.07499999999999996
0.8999999999999999 0.07499999999999996
0.925 0.07499999999999996
0.95 0.07499999999999996
0.9750000000000001 0.07499999999999996
1 0.07499999999999996
-1 0.1000000000000001
-0.975 0.1000000000000001
-0.95 0.1000000000000001
-0.925 0.1000000000000001
-0.9 0.1000000000000001
-0.875 0.1000000000000001
-0.85 0.1000000000000001
-0.825 0.1000000000000001
-0.8 0.1000000000000001
-0.775 0.1000000000000001
-0.75 0.1000000000000001
-0.725 0.1000000000000001
-0.7 0.1000000000000001
-0.675 0.1000000000000001
-0.65 0.1000000000000001
-0.625 0.1000000000000001
-0.6 0.1000000000000001
-0.575 0.1000000000000001
-0.55 0.1000000000000001
-0.525 0.1000000000000001
-0.5 0.1000000000000001
-0.475 0.1000000000000001
-0.45 0.1000000000000001
-0.425 0.1000000000000001
-0.4 0.1000000000000001
-0.375 0.1000000000000001
-0.35 0.1000000000000001
-0.325 0.1000000000000001
-0.3 0.1000000000000001
-0.275 0.1000000000000001
-0.25 0.1000000000000001
-0.225 0.1000000000000001
-0.2 0.1000000000000001
-0.175 0.1000000000000001
-0.15 0.1000000000000001
-0.125 0.1000000000000001
-0.09999999999999998 0.1000000000000001
-0.07499999999999996 0.1000000000000001
-0.05000000000000004 0.1000000000000001
-0.02500000000000002 0.1000000000000001
0 0.1000000000000001
0.02499999999999991 0.1000000000000001
0.05000000000000004 0.1000000000000001
0.07499999999999996 0.1000000000000001
0.1000000000000001 0.1000000000000001
0.125 0.1000000000000001
0.1499999999999999 0.1000000000000001
0.175 0.1000000000000001
0.2 0.1000000000000001
0.2250000000000001 0.1000000000000001
0.25 0.1000000000000001
0.2749999999999999 0.1000000000000001
0.3 0.1000000000000001
0.325 0.1000000000000001
0.3500000000000001 0.1000000000000001
0.375 0.1000000000000001
0.3999999999999999 0.1000000000000001
0.425 0.1000000000000001
0.45 0.1000000000000001
0.4750000000000001 0.1000000000000001
0.5 0.1000000000000001
0.5249999999999999 0.1000000000000001
0.55 0.1000000000000001
0.575 0.1000000000000001
0.6000000000000001 0.1000000000000001
0.625 0.1000000000000001
0.6499999999999999 0.1000000000000001
0.675 0.1000000000000001
0.7 0.1000000000000001
0.7250000000000001 0.1000000000000001
0.75 0.1000000000000001
0.7749999999999999 0.1000000000000001
0.8 0.1000000000000001
0.825 0.1000000000000001
0.8500000000000001 0.1000000000000001
0.875 0.1000000000000001
0.8999999999999999 0.1000000000000001
0.925 0.1000000000000001
0.95 0.1000000000000001
0.9750000000000001 0.1000000000000001
1 0.1000000000000001
-1 0.125
-0.975 0.125
-0.95 0.125
-0.925 0.125
-0.9 0.125
-0.875 0.125
-0.85 0.125
-0.825 0.125
-0.8 0.125
-0.775 0.125
-0.75 0.125
-0.725 0.125
-0.7 0.125
-0.675 0.125
-0.65 0.125
-0.625 0.125
-0.6 0.125
-0.575 0.125
-0.55 0.125
-0.525 0.125
-0.5 0.125
-0.475 0.125
-0.45 0.125
-0.425 0.125
-0.4 0.125
-0.375 0.125
-0.35 0.125
-0.325 0.125
-0.3 0.125
-0.275 0.125
-0.25 0.125
-0.225 0.125
-0.2 0.125
-0.175 0.125
-0.15 0.125
-0.125 0.125
-0.09999999999999998 0.125
-0.07499999999999996 0.125
-0.05000000000000004 0.125
-0.02500000000000002 0.125
0 0.125
0.02499999999999991 0.125
0.05000000000000004 0.125
0.07499999999999996 0.125
0.1000000000000001 0.125
0.125 0.125
0.1499999999999999 0.125
0.175 0.125
0.2 0.125
0.2250000000000001 0.125
0.25 0.125
0.2749999999999999 0.125
0.3 0.125
0.325 0.125
0.3500000000000001 0.125
0.375 0.125
0.3999999999999999 0.125
0.425 0.125
0.45 0.125
0.4750000000000001 0.125
0.5 0.125
0.5249999999999999 0.125
0.55 0.125
0.575 0.125
0.6000000000000001 0.125
0.625 0.125
0.6499999999999999 0.125
0.675 0.125
0.7 0.125
0.7250000000000001 0.125
0.75 0.125
0.7749999999999999 0.125
0.8 0.125
0.825 0.125
0.8500000000000001 0.125
0.875 0.125
0.8999999999999999 0.125
0.925 0.125
0.95 0.125
0.9750000000000001 0.125
1 0.125
-1 0.1499999999999999
-0.975 0.1499999999999999
-0.95 0.1499999999999999
-0.925 0.1499999999999999
-0.9 0.1499999999999999
-0.875 0.1499999999999999
-0.85 0.1499999999999999
-0.825 0.1499999999999999
-0.8 0.1499999999999999
-0.775 0.1499999999999999
-0.75 0.1499999999999999
-0.725 0.1499999999999999
-0.7 0.1499999999999999
-0.675 0.1499999999999999
-0.65 0.1499999999999999
-0.625 0.1499999999999999
-0.6 0.1499999999999999
-0.575 0.1499999999999999
-0.55 0.1499999999999999
-0.525 0.1499999999999999
-0.5 0.1499999999999999
-0.475 0.1499999999999999
-0.45 0.1499999999999999
-0.425 0.1499999999999999
-0.4 0.1499999999999999
-0.375 0.1499999999999999
-0.35 0.1499999999999999
-0.325 0.1499999999999999
-0.3 0.1499999999999999
-0.275 0.1499999999999999
-0.25 0.1499999999999999
-0.225 0.1499999999999999
-0.2 0.1499999999999999
-0.175 0.1499999999999999
-0.15 0.1499999999999999
-0.125 0.1499999999999999
-0.09999999999999998 0.1499999999999999
-0.07499999999999996 0.1499999999999999
-0.05000000000000004 0.1499999999999999
-0.02500000000000002 0.1499999999999999
0 0.1499999999999999
0.02499999999999991 0.1499999999999999
0.05000000000000004 0.1499999999999999
0.07499999999999996 0.1499999999999999
0.1000000000000001 0.1499999999999999
0.125 0.1499999999999999
0.1499999999999999 0.1499999999999999
0.175 0.1499999999999999
0.2 0.1499999999999999
0.2250000000000001 0.1499999999999999
0.25 0.1499999999999999
0.2749999999999999 0.1499999999999999
0.3 0.1499999999999999
0.325 0.1499999999999999
0.3500000000000001 0.1499999999999999
0.375 0.1499999999999999
0.3999999999999999 0.1499999999999999
0.425 0.1499999999999999
0.45 0.1499999999999999
0.4750000000000001 0.1499999999999999
0.5 0.1499999999999999
0.5249999999999999 0.1499999999999999
0.55 0.1499999999999999
0.575 0.1499999999999999
0.6000000000000001 0.1499999999999999
0.625 0.1499999999999999
0.6499999999999999 0.1499999999999999
0.675 0.1499999999999999
0.7 0.1499999999999999
0.7250000000000001 0.1499999999999999
0.75 0.1499999999999999
0.7749999999999999 0.1499999999999999
0.8 0.1499999999999999
0.825 0.1499999999999999
0.8500000000000001 0.1499999999999999
0.875 0.1499999999999999
0.8999999999999999 0.1499999999999999
0.925 0.1499999999999999
0.95 0.1499999999999999
0.9750000000000001 0.1499999999999999
1 0.1499999999999999
-1 0.175
-0.975 0.175
-0.95 0.175
-0.925 0.175
-0.9 0.175
-0.875 0.175
-0.85 0.175
-0.825 0.175
-0.8 0.175
-0.775 0.175
-0.75 0.175
-0.725 0.175
-0.7 0.175
-0.675 0.175
-0.65 0.175
-0.625 0.175
-0.6 0.175
-0.575 0.175
-0.55 0.175
-0.525 0.175
-0.5 0.175
-0.475 0.175
-0.45 0.175
-0.425 0.175
-0.4 0.175
-0.375 0.175
-0.35 0.175
-0.325 0.175
-0.3 0.175
-0.275 0.175
-0.25 0.175
-0.225 0.175
-0.2 0.175
-0.175 0.175
-0.15 0.175
-0.125 0.175
-0.09999999999999998 0.175
-0.07499999999999996 0.175
-0.05000000000000004 0.175
-0.02500000000000002 0.175
0 0.175
0.02499999999999991 0.175
0.05000000000000004 0.175
0.07499999999999996 0.175
0.1000000000000001 0.175
0.125 0.175
0.1499999999999999 0.175
0.175 0.175
0.2 0.175
0.2250000000000001 0.175
0.25 0.175
0.2749999999999999 0.175
0.3 0.175
0.325 0.175
0.3500000000000001 0.175
0.375 0.175
0.3999999999999999 0.175
0.425 0.175
0.45 0.175
0.4750000000000001 0.175
0.5 0.175
0.5249999999999999 0.175
0.55 0.175
0.575 0.175
0.6000000000000001 0.175
0.625 0.175
0.6499999999999999 0.175
0.675 0.175
0.7 0.175
0.7250000000000001 0.175
0.75 0.175
0.7749999999999999 0.175
0.8 0.175
0.825 0.175
0.8500000000000001 0.175
0.875 0.175
0.8999999999999999 0.175
0.925 0.175
0.95 0.175
0.9750000000000001 0.175
1 0.175
-1 0.2
-0.975 0.2
-0.95 0.2
-0.925 0.2
-0.9 0.2
-0.875 0.2
-0.85 0.2
-0.825 0.2
-0.8 0.2
-0.775 0.2
-0.75 0.2
-0.725 0.2
-0.7 0.2
-0.675 0.2
-0.65 0.2
-0.625 0.2
-0.6 0.2
-0.575 0.2
-0.55 0.2
-0.525 0.2
-0.5 0.2
-0.475 0.2
-0.45 0.2
-0.425 0.2
-0.4 0.2
-0.375 0.2
-0.35 0.2
-0.325 0.2
-0.3 0.2
-0.275 0.2
-0.25 0.2
-0.225 0.2
-0.2 0.2
-0.175 0.2
-0.15 0.2
-0.125 0.2
-0.09999999999999998 0.2
-0.07499999999999996 0.2
-0.05000000000000004 0.2
-0.02500000000000002 0.2
0 0.2
0.02499999999999991 0.2
0.05000000000000004 0.2
0.07499999999999996 0.2
0.1000000000000001 0.2
0.125 0.2
0.1499999999999999 0.2
0.175 0.2
0.2 0.2
0.2250000000000001 0.2
0.25 0.2
0.2749999999999999 0.2
0.3 0.2
0.325 0.2
0.3500000000000001 0.2
0.375 0.2
0.3999999999999999 0.2
0.425 0.2
0.45 0.2
0.4750000000000001 0.2
0.5 0.2
0.5249999999999999 0.2
0.55 0.2
0.575 0.2
0.6000000000000001 0.2
0.625 0.2
0.6499999999999999 0.2
0.675 0.2
0.7 0.2
0.7250000000000001 0.2
0.75 0.2
0.7749999999999999 0.2
0.8 0.2
0.825 0.2
0.8500000000000001 0.2
0.875 0.2
0.8999999999999999 0.2
0.925 0.2
0.95 0.2
0.9750000000000001 0.2
1 0.2
-1 0.2250000000000001
-0.975 0.2250000000000001
-0.95 0.2250000000000001
-0.925 0.2250000000000001
-0.9 0.2250000000000001
-0.875 0.2250000000000001
-0.85 0.2250000000000001
-0.825 0.2250000000000001
-0.8 0.2250000000000001
-0.775 0.2250000000000001
-0.75 0.2250000000000001
-0.725 0.2250000000000001
-0.7 0.2250000000000001
-0.675 0.2250000000000001
-0.65 0.2250000000000001
-0.625 0.2250000000000001
-0.6 0.2250000000000001
-0.575 0.2250000000000001
-0.55 0.2250000000000001
-0.525 0.2250000000000001
-0.5 0.2250000000000001
-0.475 0.2250000000000001
-0.45 0.2250000000000001
-0.425 0.2250000000000001
-0.4 0.2250000000000001
-0.375 0.2250000000000001
-0.35 0.2250000000000001
-0.325 0.2250000000000001
-0.3 0.2250000000000001
-0.275 0.2250000000000001
-0.25 0.2250000000000001
-0.225 0.2250000000000001
-0.2 0.2250000000000001
-0.175 0.2250000000000001
-0.15 0.2250000000000001
-0.125 0.2250000000000001
-0.09999999999999998 0.2250000000000001
-0.07499999999999996 0.2250000000000001
-0.05000000000000004 0.2250000000000001
-0.02500000000000002 0.2250000000000001
0 0.2250000000000001
0.02499999999999991 0.2250000000000001
0.05000000000000004 0.2250000000000001
0.07499999999999996 0.2250000000000001
0.1000000000000001 0.2250000000000001
0.125 0.2250000000000001
0.1499999999999999 0.2250000000000001
0.175 0.2250000000000001
0.2 0.2250000000000001
0.2250000000000001 0.2250000000000001
0.25 0.2250000000000001
0.2749999999999999 0.2250000000000001
0.3 0.2250000000000001
0.325 0.2250000000000001
0.3500000000000001 0.2250000000000001
0.375 0.2250000000000001
0.3999999999999999 0.2250000000000001
0.425 0.2250000000000001
0.45 0.2250000000000001
0.4750000000000001 0.2250000000000001
0.5 0.2250000000000001
0.5249999999999999 0.2250000000000001
0.55 0.2250000000000001
0.575 0.2250000000000001
0.6000000000000001 0.2250000000000001
0.625 0.2250000000000001
0.6499999999999999 0.2250000000000001
0.675 0.2250000000000001
0.7 0.2250000000000001
0.7250000000000001 0.2250000000000001
0.75 0.2250000000000001
0.7749999999999999 0.2250000000000001
0.8 0.2250000000000001
0.825 0.2250000000000001
0.8500000000000001 0.2250000000000001
0.875 0.2250000000000001
0.8999999999999999 0.2250000000000001
0.925 0.2250000000000001
0.95 0.2250000000000001
0.9750000000000001 0.2250000000000001
1 0.2250000000000001
-1 0.25
-0.975 0.25
-0.95 0.25
-0.925 0.25
-0.9 0.25
-0.875 0.25
-0.85 0.25
-0.825 0.25
-0.8 0.25
-0.775 0.25
-0.75 0.25
-0.725 0.25
-0.7 0.25
-0.675 0.25
-0.65 0.25
-0.625 0.25
-0.6 0.25
-0.575 0.25
-0.55 0.25
-0.525 0.25
-0.5 0.25
-0.475 0.25
-0.45 0.25
-0.425 0.25
-0.4 0.25
-0.375 0.25
-0.35 0.25
-0.325 0.25
-0.3 0.25
-0.275 0.25
-0.25 0.25
-0.225 0.25
-0.2 0.25
-0.175 0.25
-0.15 0.25
-0.125 0.25
-0.09999999999999998 0.25
-0.07499999999999996 0.25
-0.05000000000000004 0.25
-0.02500000000000002 0.25
0 0.25
0.02499999999999991 0.25
0.05000000000000004 0.25
0.07499999999999996 0.25
0.1000000000000001 0.25
0.125 0.25
0.1499999999999999 0.25
0.175 0.25
0.2 0.25
0.2250000000000001 0.25
0.25 0.25
0.2749999999999999 0.25
0.3 0.25
0.325 0.25
0.3500000000000001 0.25
0.375 0.25
0.3999999999999999 0.25
0.425 0.25
0.45 0.25
0.4750000000000001 0.25
0.5 0.25
0.5249999999999999 0.25
0.55 0.25
0.575 0.25
0.6000000000000001 0.25
0.625 0.25
0.6499999999999999 0.25
0.675 0.25
0.7 0.25
0.7250000000000001 0.25
0.75 0.25
0.7749999999999999 0.25
0.8 0.25
0.825 0.25
0.8500000000000001 0.25
0.875 0.25
0.8999999999999999 0.25
0.925 0.25
0.95 0.25
0.9750000000000001 0.25
1 0.25
-1 0.2749999999999999
-0.975 0.2749999999999999
-0.95 0.2749999999999999
-0.925 0.2749999999999999
-0.9 0.2749999999999999
-0.875 0.2749999999999999
-0.85 0.2749999999999999
-0.825 0.2749999999999999
-0.8 0.2749999999999999
-0.775 0.2749999999999999
-0.75 0.2749999999999999
-0.725 0.2749999999999999
-0.7 0.2749999999999999
-0.675 0.2749999999999999
-0.65 0.2749999999999999
-0.625 0.2749999999999999
-0.6 0.2749999999999999
-0.575 0.2749999999999999
-0.55 0.2749999999999999
-0.525 0.2749999999999999
-0.5 0.2749999999999999
-0.475 0.2749999999999999
-0.45 0.2749999999999999
-0.425 0.2749999999999999
-0.4 0.2749999999999999
-0.375 0.2749999999999999
-0.35 0.2749999999999999
-0.325 0.2749999999999999
-0.3 0.2749999999999999
-0.275 0.2749999999999999
-0.25 0.2749999999999999
-0.225 0.2749999999999999
-0.2 0.2749999999999999
-0.175 0.2749999999999999
-0.15 0.2749999999999999
-0.125 0.2749999999999999
-0.09999999999999998 0.2749999999999999
-0.07499999999999996 0.2749999999999999
-0.05000000000000004 0.2749999999999999
-0.02500000000000002 0.2749999999999999
0 0.2749999999999999
0.02499999999999991 0.2749999999999999
0.05000000000000004 0.2749999999999999
0.07499999999999996 0.2749999999999999
0.1000000000000001 0.2749999999999999
0.125 0.2749999999999999
0.1499999999999999 0.2749999999999999
0.175 0.2749999999999999
0.2 0.2749999999999999
0.2250000000000001 0.2749999999999999
0.25 0.2749999999999999
0.2749999999999999 0.2749999999999999
0.3 0.2749999999999999
0.325 0.2749999999999999
0.3500000000000001 0.2749999999999999
0.375 0.2749999999999999
0.3999999999999999 0.2749999999999999
0.425 0.2749999999999999
0.45 0.2749999999999999
0.4750000000000001 0.2749999999999999
0.5 0.2749999999999999
0.5249999999999999 0.2749999999999999
0.55 0.2749999999999999
0.575 0.2749999999999999
0.6000000000000001 0.2749999999999999
0.625 0.2749999999999999
0.6499999999999999 0.2749999999999999
0.675 0.2749999999999999
0.7 0.2749999999999999
0.7250000000000001 0.2749999999999999
0.75 0.2749999999999999
0.7749999999999999 0.2749999999999999
0.8 0.2749999999999999
0.825 0.2749999999999999
0.8500000000000001 0.2749999999999999
0.875 0.2749999999999999
0.8999999999999999 0.2749999999999999
0.925 0.2749999999999999
0.95 0.2749999999999999
0.9750000000000001 0.2749999999999999
1 0.2749999999999999
-1 0.3
-0.975 0.3
-0.95 0.3
-0.925 0.3
-0.9 0.3
-0.875 0.3
-0.85 0.3
-0.825 0.3
-0.8 0.3
-0.775 0.3
-0.75 0.3
-0.725 0.3
-0.7 0.3
-0.675 0.3
-0.65 0.3
-0.625 0.3
-0.6 0.3
-0.575 0.3
-0.55 0.3
-0.525 0.3
-0.5 0.3
-0.475 0.3
-0.45 0.3
-0.425 0.3
-0.4 0.3
-0.375 0.3
-0.35 0.3
-0.325 0.3
-0.3 0.3
-0.275 0.3
-0.25 0.3
-0.225 0.3
-0.2 0.3
-0.175 0.3
-0.15 0.3
-0.125 0.3
-0.09999999999999998 0.3
-0.07499999999999996 0.3
-0.05000000000000004 0.3
-0.02500000000000002 0.3
0 0.3
0.02499999999999991 0.3
0.05000000000000004 0.3
0.07499999999999996 0.3
0.1000000000000001 0.3
0.125 0.3
0.1499999999999999 0.3
0.175 0.3
0.2 0.3
0.2250000000000001 0.3
0.25 0.3
0.2749999999999999 0.3
0.3 0.3
0.325 0.3
0.3500000000000001 0.3
0.375 0.3
0.3999999999999999 0.3
0.425 0.3
0.45 0.3
0.4750000000000001 0.3
0.5 0.3
0.5249999999999999 0.3
0.55 0.3
0.575 0.3
0.6000000000000001 0.3
0.625 0.3
0.6499999999999999 0.3
0.675 0.3
0.7 0.3
0.7250000000000001 0.3
0.75 0.3
0.7749999999999999 0.3
0.8 0.3
0.825 0.3
0.8500000000000001 0.3
0.875 0.3
0.8999999999999999 0.3
0.925 0.3
0.95 0.3
0.9750000000000001 0.3
1 0.3
-1 0.325
-0.975 0.325
-0.95 0.325
-0.925 0.325
-0.9 0.325
-0.875 0.325
-0.85 0.325
-0.825 0.325
-0.8 0.325
-0.775 0.325
-0.75 0.325
-0.725 0.325
-0.7 0.325
-0.675 0.325
-0.65 0.325
-0.625 0.325
-0.6 0.325
-0.575 0.325
-0.55 0.325
-0.525 0.325
-0.5 0.325
-0.475 0.325
-0.45 0.325
-0.425 0.325
-0.4 0.325
-0.375 0.325
-0.35 0.325
-0.325 0.325
-0.3 0.325
-0.275 0.325
-0.25 0.325
-0.225 0.325
-0.2 0.325
-0.175 0.325
-0.15 0.325
-0.125 0.325
-0.09999999999999998 0.325
-0.07499999999999996 0.325
-0.05000000000000004 0.325
-0.02500000000000002 0.325
0 0.325
0.02499999999999991 0.325
0.05000000000000004 0.325
0.07499999999999996 0.325
0.1000000000000001 0.325
0.125 0.325
0.1499999999999999 0.325
0.175 0.325
0.2 0.325
0.2250000000000001 0.325
0.25 0.325
0.2749999999999999 0.325
0.3 0.325
0.325 0.325
0.3500000000000001 0.325
0.375 0.325
0.3999999999999999 0.325
0.425 0.325
0.45 0.325
0.4750000000000001 0.325
0.5 0.325
0.5249999999999999 0.325
0.55 0.325
0.575 0.325
0.6000000000000001 0.325
0.625 0.325
0.6499999999999999 0.325
0.675 0.325
0.7 0.325
0.7250000000000001 0.325
0.75 0.325
0.7749999999999999 0.325
0.8 0.325
0.825 0.325
0.8500000000000001 0.325
0.875 0.325
0.8999999999999999 0.325
0.925 0.325
0.95 0.325
0.9750000000000001 0.325
1 0.325
-1 0.3500000000000001
-0.975 0.3500000000000001
-0.95 0.3500000000000001
-0.925 0.3500000000000001
-0.9 0.3500000000000001
-0.875 0.3500000000000001
-0.85 0.3500000000000001
-0.825 0.3500000000000001
-0.8 0.3500000000000001
-0.775 0.3500000000000001
-0.75 0.3500000000000001
-0.725 0.3500000000000001
-0.7 0.3500000000000001
-0.675 0.3500000000000001
-0.65 0.3500000000000001
-0.625 0.3500000000000001
-0.6 0.3500000000000001
-0.575 0.3500000000000001
-0.55 0.3500000000000001
-0.525 0.3500000000000001
-0.5 0.3500000000000001
-0.475 0.3500000000000001
-0.45 0.3500000000000001
-0.425 0.3500000000000001
-0.4 0.3500000000000001
-0.375 0.3500000000000001
-0.35 0.3500000000000001
-0.325 0.3500000000000001
-0.3 0.3500000000000001
-0.275 0.3500000000000001
-0.25 0.3500000000000001
-0.225 0.3500000000000001
-0.2 0.3500000000000001
-0.175 0.3500000000000001
-0.15 0.3500000000000001
-0.125 0.3500000000000001
-0.09999999999999998 0.3500000000000001
-0.07499999999999996 0.3500000000000001
-0.05000000000000004 0.3500000000000001
-0.02500000000000002 0.3500000000000001
0 0.3500000000000001
0.02499999999999991 0.3500000000000001
0.05000000000000004 0.3500000000000001
0.07499999999999996 0.3500000000000001
0.1000000000000001 0.3500000000000001
0.125 0.3500000000000001
0.1499999999999999 0.3500000000000001
0.175 0.3500000000000001
0.2 0.3500000000000001
0.2250000000000001 0.3500000000000001
0.25 0.3500000000000001
0.2749999999999999 0.3500000000000001
0.3 0.3500000000000001
0.325 0.3500000000000001
0.3500000000000001 0.3500000000000001
0.375 0.3500000000000001
0.3999999999999999 0.3500000000000001
0.425 0.3500000000000001
0.45 0.3500000000000001
0.4750000000000001 0.3500000000000001
0.5 0.3500000000000001
0.5249999999999999 0.3500000000000001
0.55 0.3500000000000001
0.575 0.3500000000000001
0.6000000000000001 0.3500000000000001
0.625 0.3500000000000001
0.6499999999999999 0.3500000000000001
0.675 0.3500000000000001
0.7 0.3500000000000001
0.7250000000000001 0.3500000000000001
0.75 0.3500000000000001
0.7749999999999999 0.3500000000000001
0.8 0.3500000000000001
0.825 0.3500000000000001
0.8500000000000001 0.3500000000000001
0.875 0.3500000000000001
0.8999999999999999 0.3500000000000001
0.925 0.3500000000000001
0.95 0.3500000000000001
0.9750000000000001 0.3500000000000001
1 0.3500000000000001
-1 0.375
-0.975 0.375
-0.95 0.375
-0.925 0.375
-0.9 0.375
-0.875 0.375
-0.85 0.375
-0.825 0.375
-0.8 0.375
-0.775 0.375
-0.75 0.375
-0.725 0.375
-0.7 0.375
-0.675 0.375
-0.65 0.375
-0.625 0.375
-0.6 0.375
-0.575 0.375
-0.55 0.375
-0.525 0.375
-0.5 0.375
-0.475 0.375
-0.45 0.375
-0.425 0.375
-0.4 0.375
-0.375 0.375
-0.35 0.375
-0.325 0.375
-0.3 0.375
-0.275 0.375
-0.25 0.375
-0.225 0.375
-0.2 0.375
-0.175 0.375
-0.15 0.375
-0.125 0.375
-0.09999999999999998 0.375
-0.07499999999999996 0.375
-0.05000000000000004 0.375
-0.02500000000000002 0.375
0 0.375
0.02499999999999991 0.375
0.05000000000000004 0.375
0.07499999999999996 0.375
0.1000000000000001 0.375
0.125 0.375
0.1499999999999999 0.375
0.175 0.375
0.2 0.375
0.2250000000000001 0.375
0.25 0.375
0.2749999999999999 0.375
0.3 0.375
0.325 0.375
0.3500000000000001 0.375
0.375 0.375
0.3999999999999999 0.375
0.425 0.375
0.45 0.375
0.4750000000000001 0.375
0.5 0.375
0.5249999999999999 0.375
0.55 0.375
0.575 0.375
0.6000000000000001 0.375
0.625 0.375
0.6499999999999999 0.375
0.675 0.375
0.7 0.375
0.7250000000000001 0.375
0.75 0.375
0.7749999999999999 0.375
0.8 0.375
0.825 0.375
0.8500000000000001 0.375
0.875 0.375
0.8999999999999999 0.375
0.925 0.375
0.95 0.375
0.9750000000000001 0.375
1 0.375
-1 0.3999999999999999
-0.975 0.3999999999999999
-0.95 0.3999999999999999
-0.925 0.3999999999999999
-0.9 0.3999999999999999
-0.875 0.3999999999999999
-0.85 0.3999999999999999
-0.825 0.3999999999999999
-0.8 0.3999999999999999
-0.775 0.3999999999999999
-0.75 0.3999999999999999
-0.725 0.3999999999999999
-0.7 0.3999999999999999
-0.675 0.3999999999999999
-0.65 0.3999999999999999
-0.625 0.3999999999999999
-0.6 0.3999999999999999
-0.575 0.3999999999999999
-0.55 0.3999999999999999
-0.525 0.3999999999999999
-0.5 0.3999999999999999
-0.475 0.3999999999999999
-0.45 0.3999999999999999
-0.425 0.3999999999999999
-0.4 0.3999999999999999
-0.375 0.3999999999999999
-0.35 0.3999999999999999
-0.325 0.3999999999999999
-0.3 0.3999999999999999
-0.275 0.3999999999999999
-0.25 0.3999999999999999
-0.225 0.3999999999999999
-0.2 0.3999999999999999
-0.175 0.3999999999999999
-0.15 0.3999999999999999
-0.125 0.3999999999999999
-0.09999999999999998 0.3999999999999999
-0.07499999999999996 0.3999999999999999
-0.05000000000000004 0.3999999999999999
-0.02500000000000002 0.3999999999999999
0 0.3999999999999999
0.02499999999999991 0.3999999999999999
0.05000000000000004 0.3999999999999999
0.07499999999999996 0.3999999999999999
0.1000000000000001 0.3999999999999999
0.125 0.3999999999999999
0.1499999999999999 0.3999999999999999
0.175 0.3999999999999999
0.2 0.3999999999999999
0.2250000000000001 0.3999999999999999
0.25 0.3999999999999999
0.2749999999999999 0.3999999999999999
0.3 0.3999999999999999
0.325 0.3999999999999999
0.3500000000000001 0.3999999999999999
0.375 0.3999999999999999
0.3999999999999999 0.3999999999999999
0.425 0.3999999999999999
0.45 0.3999999999999999
0.4750000000000001 0.3999999999999999
0.5 0.3999999999999999
0.5249999999999999 0.3999999999999999
0.55 0.3999999999999999
0.575 0.3999999999999999
0.6000000000000001 0.3999999999999999
0.625 0.3999999999999999
0.6499999999999999 0.3999999999999999
0.675 0.3999999999999999
0.7 0.3999999999999999
0.7250000000000001 0.3999999999999999
0.75 0.3999999999999999
0.7749999999999999 0.3999999999999999
0.8 0.3999999999999999
0.825 0.3999999999999999
0.8500000000000001 0.3999999999999999
0.875 0.3999999999999999
0.8999999999999999 0.3999999999999999
0.925 0.3999999999999999
0.95 0.3999999999999999
0.9750000000000001 0.3999999999999999
1 0.3999999999999999
-1 0.425
-0.975 0.425
-0.95 0.425
-0.925 0.425
-0.9 0.425
-0.875 0.425
-0.85 0.425
-0.825 0.425
-0.8 0.425
-0.775 0.425
-0.75 0.425
-0.725 0.425
-0.7 0.425
-0.675 0.425
-0.65 0.425
-0.625 0.425
-0.6 0.425
-0.575 0.425
-0.55 0.425
-0.525 0.425
-0.5 0.425
-0.475 0.425
-0.45 0.425
-0.425 0.425
-0.4 0.425
-0.375 0.425
-0.35 0.425
-0.325 0.425
-0.3 0.425
-0.275 0.425
-0.25 0.425
-0.225 0.425
-0.2 0.425
-0.175 0.425
-0.15 0.425
-0.125 0.425
-0.09999999999999998 0.425
-0.07499999999999996 0.425
-0.05000000000000004 0.425
-0.02500000000000002 0.425
0 0.425
0.02499999999999991 0.425
0.05000000000000004 0.425
0.07499999999999996 0.425
0.1000000000000001 0.425
0.125 0.425
0.1499999999999999 0.425
0.175 0.425
0.2 0.425
0.2250000000000001 0.425
0.25 0.425
0.2749999999999999 0.425
0.3 0.425
0.325 0.425
0.3500000000000001 0.425
0.375 0.425
0.3999999999999999 0.425
0.425 0.425
0.45 0.425
0.4750000000000001 0.425
0.5 0.425
0.5249999999999999 0.425
0.55 0.425
0.575 0.425
0.6000000000000001 0.425
0.625 0.425
0.6499999999999999 0.425
0.675 0.425
0.7 0.425
0.7250000000000001 0.425
0.75 0.425
0.7749999999999999 0.425
0.8 0.425
0.825 0.425
0.8500000000000001 0.425
0.875 0.425
0.8999999999999999 0.425
0.925 0.425
0.95 0.425
0.9750000000000001 0.425
1 0.425
-1 0.45
-0.975 0.45
-0.95 0.45
-0.925 0.45
-0.9 0.45
-0.875 0.45
-0.85 0.45
-0.825 0.45
-0.8 0.45
-0.775 0.45
-0.75 0.45
-0.725 0.45
-0.7 0.45
-0.675 0.45
-0.65 0.45
-0.625 0.45
-0.6 0.45
-0.575 0.45
-0.55 0.45
-0.525 0.45
-0.5 0.45
-0.475 0.45
-0.45 0.45
-0.425 0.45
-0.4 0.45
-0.375 0.45
-0.35 0.45
-0.325 0.45
-0.3 0.45
-0.275 0.45
-0.25 0.45
-0.225 0.45
-0.2 0.45
-0.175 0.45
-0.15 0.45
-0.125 0.45
-0.09999999999999998 0.45
-0.07499999999999996 0.45
-0.05000000000000004 0.45
-0.02500000000000002 0.45
0 0.45
0.02499999999999991 0.45
0.05000000000000004 0.45
0.07499999999999996 0.45
0.1000000000000001 0.45
0.125 0.45
0.1499999999999999 0.45
0.175 0.45
0.2 0.45
0.2250000000000001 0.45
0.25 0.45
0.2749999999999999 0.45
0.3 0.45
0.325 0.45
0.3500000000000001 0.45
0.375 0.45
0.3999999999999999 0.45
0.425 0.45
0.45 0.45
0.4750000000000001 0.45
0.5 0.45
0.5249999999999999 0.45
0.55 0.45
0.575 0.45
0.6000000000000001 0.45
0.625 0.45
0.6499999999999999 0.45
0.675 0.45
0.7 0.45
0.7250000000000001 0.45
0.75 0.45
0.7749999999999999 0.45
0.8 0.45
0.825 0.45
0.8500000000000001 0.45
0.875 0.45
0.8999999999999999 0.45
0.925 0.45
0.95 0.45
0.9750000000000001 0.45
1 0.45
-1 0.4750000000000001
-0.975 0.4750000000000001
-0.95 0.4750000000000001
-0.925 0.4750000000000001
-0.9 0.4750000000000001
-0.875 0.4750000000000001
-0.85 0.4750000000000001
-0.825 0.4750000000000001
-0.8 0.4750000000000001
-0.775 0.4750000000000001
-0.75 0.4750000000000001
-0.725 0.4750000000000001
-0.7 0.4750000000000001
-0.675 0.4750000000000001
-0.65 0.4750000000000001
-0.625 0.4750000000000001
-0.6 0.4750000000000001
-0.575 0.4750000000000001
-0.55 0.4750000000000001
-0.525 0.4750000000000001
-0.5 0.4750000000000001
-0.475 0.4750000000000001
-0.45 0.4750000000000001
-0.425 0.4750000000000001
-0.4 0.4750000000000001
-0.375 0.4750000000000001
-0.35 0.4750000000000001
-0.325 0.4750000000000001
-0.3 0.4750000000000001
-0.275 0.4750000000000001
-0.25 0.4750000000000001
-0.225 0.4750000000000001
-0.2 0.4750000000000001
-0.175 0.4750000000000001
-0.15 0.4750000000000001
-0.125 0.4750000000000001
-0.09999999999999998 0.4750000000000001
-0.07499999999999996 0.4750000000000001
-0.05000000000000004 0.4750000000000001
-0.02500000000000002 0.4750000000000001
0 0.4750000000000001
0.02499999999999991 0.4750000000000001
0.05000000000000004 0.4750000000000001
0.07499999999999996 0.4750000000000001
0.1000000000000001 0.4750000000000001
0.125 0.4750000000000001
0.1499999999999999 0.4750000000000001
0.175 0.4750000000000001
0.2 0.4750000000000001
0.2250000000000001 0.4750000000000001
0.25 0.4750000000000001
0.2749999999999999 0.4750000000000001
0.3 0.4750000000000001
0.325 0.4750000000000001
0.3500000000000001 0.4750000000000001
0.375 0.4750000000000001
0.3999999999999999 0.4750000000000001
0.425 0.4750000000000001
0.45 0.4750000000000001
0.4750000000000001 0.4750000000000001
0.5 0.4750000000000001
0.5249999999999999 0.4750000000000001
0.55 0.4750000000000001
0.575 0.4750000000000001
0.6000000000000001 0.4750000000000001
0.625 0.4750000000000001
0.6499999999999999 0.4750000000000001
0.675 0.4750000000000001
0.7 0.4750000000000001
0.7250000000000001 0.4750000000000001
0.75 0.4750000000000001
0.7749999999999999 0.4750000000000001
0.8 0.4750000000000001
0.825 0.4750000000000001
0.8500000000000001 0.4750000000000001
0.875 0.4750000000000001
0.8999999999999999 0.4750000000000001
0.925 0.4750000000000001
0.95 0.4750000000000001
0.9750000000000001 0.4750000000000001
1 0.4750000000000001
-1 0.5
-0.975 0.5
-0.95 0.5
-0.925 0.5
-0.9 0.5
-0.875 0.5
-0.85 0.5
-0.825 0.5
-0.8 0.5
-0.775 0.5
-0.75 0.5
-0.725 0.5
-0.7 0.5
-0.675 0.5
-0.65 0.5
-0.625 0.5
-0.6 0.5
-0.575 0.5
-0.55 0.5
-0.525 0.5
-0.5 0.5
-0.475 0.5
-0.45 0.5
-0.425 0.5
-0.4 0.5
-0.375 0.5
-0.35 0.5
-0.325 0.5
-0.3 0.5
-0.275 0.5
-0.25 0.5
-0.225 0.5
-0.2 0.5
-0.175 0.5
-0.15 0.5
-0.125 0.5
-0.09999999999999998 0.5
-0.07499999999999996 0.5
-0.05000000000000004 0.5
-0.02500000000000002 0.5
0 0.5
0.02499999999999991 0.5
0.05000000000000004 0.5
0.07499999999999996 0.5
0.1000000000000001 0.5
0.125 0.5
0.1499999999999999 0.5
0.175 0.5
0.2 0.5
0.2250000000000001 0.5
0.25 0.5
0.2749999999999999 0.5
0.3 0.5
0.325 0.5
0.3500000000000001 0.5
0.375 0.5
0.3999999999999999 0.5
0.425 0.5
0.45 0.5
0.4750000000000001 0.5
0.5 0.5
0.5249999999999999 0.5
0.55 0.5
0.575 0.5
0.6000000000000001 0.5
0.625 0.5
0.6499999999999999 0.5
0.675 0.5
0.7 0.5
0.7250000000000001 0.5
0.75 0.5
0.7749999999999999 0.5
0.8 0.5
0.825 0.5
0.8500000000000001 0.5
0.875 0.5
0.8999999999999999 0.5
0.925 0.5
0.95 0.5
0.9750000000000001 0.5
1 0.5
-1 0.5249999999999999
-0.975 0.5249999999999999
-0.95 0.5249999999999999
-0.925 0.5249999999999999
-0.9 0.5249999999999999
-0.875 0.5249999999999999
-0.85 0.5249999999999999
-0.825 0.5249999999999999
-0.8 0.5249999999999999
-0.775 0.5249999999999999
-0.75 0.5249999999999999
-0.725 0.5249999999999999
-0.7 0.5249999999999999
-0.675 0.5249999999999999
-0.65 0.5249999999999999
-0.625 0.5249999999999999
-0.6 0.5249999999999999
-0.575 0.5249999999999999
-0.55 0.5249999999999999
-0.525 0.5249999999999999
-0.5 0.5249999999999999
-0.475 0.5249999999999999
-0.45 0.5249999999999999
-0.425 0.5249999999999999
-0.4 0.5249999999999999
-0.375 0.5249999999999999
-0.35 0.5249999999999999
-0.325 0.5249999999999999
-0.3 0.5249999999999999
-0.275 0.5249999999999999
-0.25 0.5249999999999999
-0.225 0.5249999999999999
-0.2 0.5249999999999999
-0.175 0.5249999999999999
-0.15 0.5249999999999999
-0.125 0.5249999999999999
-0.09999999999999998 0.5249999999999999
-0.07499999999999996 0.5249999999999999
-0.05000000000000004 0.5249999999999999
-0.02500000000000002 0.5249999999999999
0 0.5249999999999999
0.02499999999999991 0.5249999999999999
0.05000000000000004 0.5249999999999999
0.07499999999999996 0.5249999999999999
0.1000000000000001 0.5249999999999999
0.125 0.5249999999999999
0.1499999999999999 0.5249999999999999
0.175 0.5249999999999999
0.2 0.5249999999999999
0.2250000000000001 0.5249999999999999
0.25 0.5249999999999999
0.2749999999999999 0.5249999999999999
0.3 0.5249999999999999
0.325 0.5249999999999999
0.3500000000000001 0.5249999999999999
0.375 0.5249999999999999
0.3999999999999999 0.5249999999999999
0.425 0.5249999999999999
0.45 0.5249999999999999
0.4750000000000001 0.5249999999999999
0.5 0.5249999999999999
0.5249999999999999 0.5249999999999999
0.55 0.5249999999999999
0.575 0.5249999999999999
0.6000000000000001 0.5249999999999999
0.625 0.5249999999999999
0.6499999999999999 0.5249999999999999
0.675 0.5249999999999999
0.7 0.5249999999999999
0.7250000000000001 0.5249999999999999
0.75 0.5249999999999999
0.7749999999999999 0.5249999999999999
0.8 0.5249999999999999
0.825 0.5249999999999999
0.8500000000000001 0.5249999999999999
0.875 0.5249999999999999
0.8999999999999999 0.5249999999999999
0.925 0.5249999999999999
0.95 0.5249999999999999
0.9750000000000001 0.5249999999999999
1 0.5249999999999999
-1 0.55
-0.975 0.55
-0.95 0.55
-0.925 0.55
-0.9 0.55
-0.875 0.55
-0.85 0.55
-0.825 0.55
-0.8 0.55
-0.775 0.55
-0.75 0.55
-0.725 0.55
-0.7 0.55
-0.675 0.55
-0.65 0.55
-0.625 0.55
-0.6 0.55
-0.575 0.55
-0.55 0.55
-0.525 0.55
-0.5 0.55
-0.475 0.55
-0.45 0.55
-0.425 0.55
-0.4 0.55
-0.375 0.55
-0.35 0.55
-0.325 0.55
-0.3 0.55
-0.275 0.55
-0.25 0.55
-0.225 0.55
-0.2 0.55
-0.175 0.55
-0.15 0.55
-0.125 0.55
-0.09999999999999998 0.55
-0.07499999999999996 0.55
-0.05000000000000004 0.55
-0.02500000000000002 0.55
0 0.55
0.02499999999999991 0.55
0.05000000000000004 0.55
0.07499999999999996 0.55
0.1000000000000001 0.55
0.125 0.55
0.1499999999999999 0.55
0.175 0.55
0.2 0.55
0.2250000000000001 0.55
0.25 0.55
0.2749999999999999 0.55
0.3 0.55
0.325 0.55
0.3500000000000001 0.55
0.375 0.55
0.3999999999999999 0.55
0.425 0.55
0.45 0.55
0.4750000000000001 0.55
0.5 0.55
0.5249999999999999 0.55
0.55 0.55
0.575 0.55
0.6000000000000001 0.55
0.625 0.55
0.6499999999999999 0.55
0.675 0.55
0.7 0.55
0.7250000000000001 0.55
0.75 0.55
0.7749999999999999 0.55
0.8 0.55
0.825 0.55
0.8500000000000001 0.55
0.875 0.55
0.8999999999999999 0.55
0.925 0.55
0.95 0.55
0.9750000000000001 0.55
1 0.55
-1 0.575
-0.975 0.575
-0.95 0.575
-0.925 0.575
-0.9 0.575
-0.875 0.575
-0.85 0.575
-0.825 0.575
-0.8 0.575
-0.775 0.575
-0.75 0.575
-0.725 0.575
-0.7 0.575
-0.675 0.575
-0.65 0.575
-0.625 0.575
-0.6 0.575
-0.575 0.575
-0.55 0.575
-0.525 0.575
-0.5 0.575
-0.475 0.575
-0.45 0.575
-0.425 0.575
-0.4 0.575
-0.375 0.575
-0.35 0.575
-0.325 0.575
-0.3 0.575
-0.275 0.575
-0.25 0.575
-0.225 0.575
-0.2 0.575
-0.175 0.575
-0.15 0.575
-0.125 0.575
-0.09999999999999998 0.575
-0.07499999999999996 0.575
-0.05000000000000004 0.575
-0.02500000000000002 0.575
0 0.575
0.02499999999999991 0.575
0.05000000000000004 0.575
0.07499999999999996 0.575
0.1000000000000001 0.575
0.125 0.575
0.1499999999999999 0.575
0.175 0.575
0.2 0.575
0.2250000000000001 0.575
0.25 0.575
0.2749999999999999 0.575
0.3 0.575
0.325 0.575
0.3500000000000001 0.575
0.375 0.575
0.3999999999999999 0.575
0.425 0.575
0.45 0.575
0.4750000000000001 0.575
0.5 0.575
0.5249999999999999 0.575
0.55 0.575
0.575 0.575
0.6000000000000001 0.575
0.625 0.575
0.6499999999999999 0.575
0.675 0.575
0.7 0.575
0.7250000000000001 0.575
0.75 0.575
0.7749999999999999 0.575
0.8 0.575
0.825 0.575
0.8500000000000001 0.575
0.875 0.575
0.8999999999999999 0.575
0.925 0.575
0.95 0.575
0.9750000000000001 0.575
1 0.575
-1 0.6000000000000001
-0.975 0.6000000000000001
-0.95 0.6000000000000001
-0.925 0.6000000000000001
-0.9 0.6000000000000001
-0.875 0.6000000000000001
-0.85 0.6000000000000001
-0.825 0.6000000000000001
-0.8 0.6000000000000001
-0.775 0.6000000000000001
-0.75 0.6000000000000001
-0.725 0.6000000000000001
-0.7 0.6000000000000001
-0.675 0.6000000000000001
-0.65 0.6000000000000001
-0.625 0.6000000000000001
-0.6 0.6000000000000001
-0.575 0.6000000000000001
-0.55 0.6000000000000001
-0.525 0.6000000000000001
-0.5 0.6000000000000001
-0.475 0.6000000000000001
-0.45 0.6000000000000001
-0.425 0.6000000000000001
-0.4 0.6000000000000001
-0.375 0.6000000000000001
-0.35 0.6000000000000001
-0.325 0.6000000000000001
-0.3 0.6000000000000001
-0.275 0.6000000000000001
-0.25 0.6000000000000001
-0.225 0.6000000000000001
-0.2 0.6000000000000001
-0.175 0.6000000000000001
-0.15 0.6000000000000001
-0.125 0.6000000000000001
-0.09999999999999998 0.6000000000000001
-0.07499999999999996 0.6000000000000001
-0.05000000000000004 0.6000000000000001
-0.02500000000000002 0.6000000000000001
0 0.6000000000000001
0.02499999999999991 0.6000000000000001
0.05000000000000004 0.6000000000000001
0.07499999999999996 0.6000000000000001
0.1000000000000001 0.6000000000000001
0.125 0.6000000000000001
0.1499999999999999 0.6000000000000001
0.175 0.6000000000000001
0.2 0.6000000000000001
0.2250000000000001 0.6000000000000001
0.25 0.6000000000000001
0.2749999999999999 0.6000000000000001
0.3 0.6000000000000001
0.325 0.6000000000000001
0.3500000000000001 0.6000000000000001
0.375 0.6000000000000001
0.3999999999999999 0.6000000000000001
0.425 0.6000000000000001
0.45 0.6000000000000001
0.4750000000000001 0.6000000000000001
0.5 0.6000000000000001
0.5249999999999999 0.6000000000000001
0.55 0.6000000000000001
0.575 0.6000000000000001
0.6000000000000001 0.6000000000000001
0.625 0.6000000000000001
0.6499999999999999 0.6000000000000001
0.675 0.6000000000000001
0.7 0.6000000000000001
0.7250000000000001 0.6000000000000001
0.75 0.6000000000000001
0.7749999999999999 0.6000000000000001
0.8 0.6000000000000001
0.825 0.6000000000000001
0.8500000000000001 0.6000000000000001
0.875 0.6000000000000001
0.8999999999999999 0.6000000000000001
0.925 0.6000000000000001
0.95 0.6000000000000001
0.9750000000000001 0.6000000000000001
1 0.6000000000000001
-1 0.625
-0.975 0.625
-0.95 0.625
-0.925 0.625
-0.9 0.625
-0.875 0.625
-0.85 0.625
-0.825 0.625
-0.8 0.625
-0.775 0.625
-0.75 0.625
-0.725 0.625
-0.7 0.625
-0.675 0.625
-0.65 0.625
-0.625 0.625
-0.6 0.625
-0.575 0.625
-0.55 0.625
-0.525 0.625
-0.5 0.625
-0.475 0.625
-0.45 0.625
-0.425 0.625
-0.4 0.625
-0.375 0.625
-0.35 0.625
-0.325 0.625
-0.3 0.625
-0.275 0.625
-0.25 0.625
-0.225 0.625
-0.2 0.625
-0.175 0.625
-0.15 0.625
-0.125 0.625
-0.09999999999999998 0.625
-0.07499999999999996 0.625
-0.05000000000000004 0.625
-0.02500000000000002 0.625
0 0.625
0.02499999999999991 0.625
0.05000000000000004 0.625
0.07499999999999996 0.625
0.1000000000000001 0.625
0.125 0.625
0.1499999999999999 0.625
0.175 0.625
0.2 0.625
0.2250000000000001 0.625
0.25 0.625
0.2749999999999999 0.625
0.3 0.625
0.325 0.625
0.3500000000000001 0.625
0.375 0.625
0.3999999999999999 0.625
0.425 0.625
0.45 0.625
0.4750000000000001 0.625
0.5 0.625
0.5249999999999999 0.625
0.55 0.625
0.575 0.625
0.6000000000000001 0.625
0.625 0.625
0.6499999999999999 0.625
0.675 0.625
0.7 0.625
0.7250000000000001 0.625
0.75 0.625
0.7749999999999999 0.625
0.8 0.625
0.825 0.625
0.8500000000000001 0.625
0.875 0.625
0.8999999999999999 0.625
0.925 0.625
0.95 0.625
0.9750000000000001 0.625
1 0.625
-1 0.6499999999999999
-0.975 0.6499999999999999
-0.95 0.6499999999999999
-0.925 0.6499999999999999
-0.9 0.6499999999999999
-0.875 0.6499999999999999
-0.85 0.6499999999999999
-0.825 0.6499999999999999
-0.8 0.6499999999999999
-0.775 0.6499999999999999
-0.75 0.6499999999999999
-0.725 0.6499999999999999
-0.7 0.6499999999999999
-0.675 0.6499999999999999
-0.65 0.6499999999999999
-0.625 0.6499999999999999
-0.6 0.6499999999999999
-0.575 0.6499999999999999
-0.55 0.6499999999999999
-0.525 0.6499999999999999
-0.5 0.6499999999999999
-0.475 0.6499999999999999
-0.45 0.6499999999999999
-0.425 0.6499999999999999
-0.4 0.6499999999999999
-0.375 0.6499999999999999
-0.35 0.6499999999999999
-0.325 0.6499999999999999
-0.3 0.6499999999999999
-0.275 0.6499999999999999
-0.25 0.6499999999999999
-0.225 0.6499999999999999
-0.2 0.6499999999999999
-0.175 0.6499999999999999
-0.15 0.6499999999999999
-0.125 0.6499999999999999
-0.09999999999999998 0.6499999999999999
-0.07499999999999996 0.6499999999999999
-0.05000000000000004 0.6499999999999999
-0.02500000000000002 0.6499999999999999
0 0.6499999999999999
0.02499999999999991 0.6499999999999999
0.05000000000000004 0.6499999999999999
0.07499999999999996 0.6499999999999999
0.1000000000000001 0.6499999999999999
0.125 0.6499999999999999
0.1499999999999999 0.6499999999999999
0.175 0.6499999999999999
0.2 0.6499999999999999
0.2250000000000001 0.6499999999999999
0.25 0.6499999999999999
0.2749999999999999 0.6499999999999999
0.3 0.6499999999999999
0.325 0.6499999999999999
0.3500000000000001 0.6499999999999999
0.375 0.6499999999999999
0.3999999999999999 0.6499999999999999
0.425 0.6499999999999999
0.45 0.6499999999999999
0.4750000000000001 0.6499999999999999
0.5 0.6499999999999999
0.5249999999999999 0.6499999999999999
0.55 0.6499999999999999
0.575 0.6499999999999999
0.6000000000000001 0.6499999999999999
0.625 0.6499999999999999
0.6499999999999999 0.6499999999999999
0.675 0.6499999999999999
0.7 0.6499999999999999
0.7250000000000001 0.6499999999999999
0.75 0.6499999999999999
0.7749999999999999 0.6499999999999999
0.8 0.6499999999999999
0.825 0.6499999999999999
0.8500000000000001 0.6499999999999999
0.875 0.6499999999999999
0.8999999999999999 0.6499999999999999
0.925 0.6499999999999999
0.95 0.6499999999999999
0.9750000000000001 0.6499999999999999
1 0.6499999999999999
-1 0.675
-0.975 0.675
-0.95 0.675
-0.925 0.675
-0.9 0.675
-0.875 0.675
-0.85 0.675
-0.825 0.675
-0.8 0.675
-0.775 0.675
-0.75 0.675
-0.725 0.675
-0.7 0.675
-0.675 0.675
-0.65 0.675
-0.625 0.675
-0.6 0.675
-0.575 0.675
-0.55 0.675
-0.525 0.675
-0.5 0.675
-0.475 0.675
-0.45 0.675
-0.425 0.675
-0.4 0.675
-0.375 0.675
-0.35 0.675
-0.325 0.675
-0.3 0.675
-0.275 0.675
-0.25 0.675
-0.225 0.675
-0.2 0.675
-0.175 0.675
-0.15 0.675
-0.125 0.675
-0.09999999999999998 0.675
-0.07499999999999996 0.675
-0.05000000000000004 0.675
-0.02500000000000002 0.675
0 0.675
0.02499999999999991 0.675
0.05000000000000004 0.675
0.07499999999999996 0.675
0.1000000000000001 0.675
0.125 0.675
0.1499999999999999 0.675
0.175 0.675
0.2 0.675
0.2250000000000001 0.675
0.25 0.675
0.2749999999999999 0.675
0.3 0.675
0.325 0.675
0.3500000000000001 0.675
0.375 0.675
0.3999999999999999 0.675
0.425 0.675
0.45 0.675
0.4750000000000001 0.675
0.5 0.675
0.5249999999999999 0.675
0.55 0.675
0.575 0.675
0.6000000000000001 0.675
0.625 0.675
0.6499999999999999 0.675
0.675 0.675
0.7 0.675
0.7250000000000001 0.675
0.75 0.675
0.7749999999999999 0.675
0.8 0.675
0.825 0.675
0.8500000000000001 0.675
0.875 0.675
0.8999999999999999 0.675
0.925 0.675
0.95 0.675
0.9750000000000001 0.675
1 0.675
-1 0.7
-0.975 0.7
-0.95 0.7
-0.925 0.7
-0.9 0.7
-0.875 0.7
-0.85 0.7
-0.825 0.7
-0.8 0.7
-0.775 0.7
-0.75 0.7
-0.725 0.7
-0.7 0.7
-0.675 0.7
-0.65 0.7
-0.625 0.7
-0.6 0.7
-0.575 0.7
-0.55 0.7
-0.525 0.7
-0.5 0.7
-0.475 0.7
-0.45 0.7
-0.425 0.7
-0.4 0.7
-0.375 0.7
-0.35 0.7
-0.325 0.7
-0.3 0.7
-0.275 0.7
-0.25 0.7
-0.225 0.7
-0.2 0.7
-0.175 0.7
-0.15 0.7
-0.125 0.7
-0.09999999999999998 0.7
-0.07499999999999996 0.7
-0.05000000000000004 0.7
-0.02500000000000002 0.7
0 0.7
0.02499999999999991 0.7
0.05000000000000004 0.7
0.07499999999999996 0.7
0.1000000000000001 0.7
0.125 0.7
0.1499999999999999 0.7
0.175 0.7
0.2 0.7
0.2250000000000001 0.7
0.25 0.7
0.2749999999999999 0.7
0.3 0.7
0.325 0.7
0.3500000000000001 0.7
0.375 0.7
0.3999999999999999 0.7
0.425 0.7
0.45 0.7
0.4750000000000001 0.7
0.5 0.7
0.5249999999999999 0.7
0.55 0.7
0.575 0.7
0.6000000000000001 0.7
0.625 0.7
0.6499999999999999 0.7
0.675 0.7
0.7 0.7
0.7250000000000001 0.7
0.75 0.7
0.7749999999999999 0.7
0.8 0.7
0.825 0.7
0.8500000000000001 0.7
0.875 0.7
0.8999999999999999 0.7
0.925 0.7
0.95 0.7
0.9750000000000001 0.7
1 0.7
-1 0.7250000000000001
-0.975 0.7250000000000001
-0.95 0.7250000000000001
-0.925 0.7250000000000001
-0.9 0.7250000000000001
-0.875 0.7250000000000001
-0.85 0.7250000000000001
-0.825 0.7250000000000001
-0.8 0.7250000000000001
-0.775 0.7250000000000001
-0.75 0.7250000000000001
-0.725 0.7250000000000001
-0.7 0.7250000000000001
-0.675 0.7250000000000001
-0.65 0.7250000000000001
-0.625 0.7250000000000001
-0.6 0.7250000000000001
-0.575 0.7250000000000001
-0.55 0.7250000000000001
-0.525 0.7250000000000001
-0.5 0.7250000000000001
-0.475 0.7250000000000001
-0.45 0.7250000000000001
-0.425 0.7250000000000001
-0.4 0.7250000000000001
-0.375 0.7250000000000001
-0.35 0.7250000000000001
-0.325 0.7250000000000001
-0.3 0.7250000000000001
-0.275 0.7250000000000001
-0.25 0.7250000000000001
-0.225 0.7250000000000001
-0.2 0.7250000000000001
-0.175 0.7250000000000001
-0.15 0.7250000000000001
-0.125 0.7250000000000001
-0.09999999999999998 0.7250000000000001
-0.07499999999999996 0.7250000000000001
-0.05000000000000004 0.7250000000000001
-0.02500000000000002 0.7250000000000001
0 0.7250000000000001
0.02499999999999991 0.7250000000000001
0.05000000000000004 0.7250000000000001
0.07499999999999996 0.7250000000000001
0.1000000000000001 0.7250000000000001
0.125 0.7250000000000001
0.1499999999999999 0.7250000000000001
0.175 0.7250000000000001
0.2 0.7250000000000001
0.2250000000000001 0.7250000000000001
0.25 0.7250000000000001
0.2749999999999999 0.7250000000000001
0.3 0.7250000000000001
0.325 0.7250000000000001
0.3500000000000001 0.7250000000000001
0.375 0.7250000000000001
0.3999999999999999 0.7250000000000001
0.425 0.7250000000000001
0.45 0.7250000000000001
0.4750000000000001 0.7250000000000001
0.5 0.7250000000000001
0.5249999999999999 0.7250000000000001
0.55 0.7250000000000001
0.575 0.7250000000000001
0.6000000000000001 0.7250000000000001
0.625 0.7250000000000001
0.6499999999999999 0.7250000000000001
0.675 0.7250000000000001
0.7 0.7250000000000001
0.7250000000000001 0.7250000000000001
0.75 0.7250000000000001
0.7749999999999999 0.7250000000000001
0.8 0.7250000000000001
0.825 0.7250000000000001
0.8500000000000001 0.7250000000000001
0.875 0.7250000000000001
0.8999999999999999 0.7250000000000001
0.925 0.7250000000000001
0.95 0.7250000000000001
0.9750000000000001 0.7250000000000001
1 0.7250000000000001
-1 0.75
-0.975 0.75
-0.95 0.75
-0.925 0.75
-0.9 0.75
-0.875 0.75
-0.85 0.75
-0.825 0.75
-0.8 0.75
-0.775 0.75
-0.75 0.75
-0.725 0.75
-0.7 0.75
-0.675 0.75
-0.65 0.75
-0.625 0.75
-0.6 0.75
-0.575 0.75
-0.55 0.75
-0.525 0.75
-0.5 0.75
-0.475 0.75
-0.45 0.75
-0.425 0.75
-0.4 0.75
-0.375 0.75
-0.35 0.75
-0.325 0.75
-0.3 0.75
-0.275 0.75
-0.25 0.75
-0.225 0.75
-0.2 0.75
-0.175 0.75
-0.15 0.75
-0.125 0.75
-0.09999999999999998 0.75
-0.07499999999999996 0.75
-0.05000000000000004 0.75
-0.02500000000000002 0.75
0 0.75
0.02499999999999991 0.75
0.05000000000000004 0.75
0.07499999999999996 0.75
0.1000000000000001 0.75
0.125 0.75
0.1499999999999999 0.75
0.175 0.75
0.2 0.75
0.2250000000000001 0.75
0.25 0.75
0.2749999999999999 0.75
0.3 0.75
0.325 0.75
0.3500000000000001 0.75
0.375 0.75
0.3999999999999999 0.75
0.425 0.75
0.45 0.75
0.4750000000000001 0.75
0.5 0.75
0.5249999999999999 0.75
0.55 0.75
0.575 0.75
0.6000000000000001 0.75
0.625 0.75
0.6499999999999999 0.75
0.675 0.75
0.7 0.75
0.7250000000000001 0.75
0.75 0.75
0.7749999999999999 0.75
0.8 0.75
0.825 0.75
0.8500000000000001 0.75
0.875 0.75
0.8999999999999999 0.75
0.925 0.75
0.95 0.75
0.9750000000000001 0.75
1 0.75
-1 0.7749999999999999
-0.975 0.7749999999999999
-0.95 0.7749999999999999
-0.925 0.7749999999999999
-0.9 0.7749999999999999
-0.875 0.7749999999999999
-0.85 0.7749999999999999
-0.825 0.7749999999999999
-0.8 0.7749999999999999
-0.775 0.7749999999999999
-0.75 0.7749999999999999
-0.725 0.7749999999999999
-0.7 0.7749999999999999
-0.675 0.7749999999999999
-0.65 0.7749999999999999
-0.625 0.7749999999999999
-0.6 0.7749999999999999
-0.575 0.7749999999999999
-0.55 0.7749999999999999
-0.525 0.7749999999999999
-0.5 0.7749999999999999
-0.475 0.7749999999999999
-0.45 0.7749999999999999
-0.425 0.7749999999999999
-0.4 0.7749999999999999
-0.375 0.7749999999999999
-0.35 0.7749999999999999
-0.325 0.7749999999999999
-0.3 0.7749999999999999
-0.275 0.7749999999999999
-0.25 0.7749999999999999
-0.225 0.7749999999999999
-0.2 0.7749999999999999
-0.175 0.7749999999999999
-0.15 0.7749999999999999
-0.125 0.7749999999999999
-0.09999999999999998 0.7749999999999999
-0.07499999999999996 0.7749999999999999
-0.05000000000000004 0.7749999999999999
-0.02500000000000002 0.7749999999999999
0 0.7749999999999999
0.02499999999999991 0.7749999999999999
0.05000000000000004 0.7749999999999999
0.07499999999999996 0.7749999999999999
0.1000000000000001 0.7749999999999999
0.125 0.7749999999999999
0.1499999999999999 0.7749999999999999
0.175 0.7749999999999999
0.2 0.7749999999999999
0.2250000000000001 0.7749999999999999
0.25 0.7749999999999999
0.2749999999999999 0.7749999999999999
0.3 0.7749999999999999
0.325 0.7749999999999999
0.3500000000000001 0.7749999999999999
0.375 0.7749999999999999
0.3999999999999999 0.7749999999999999
0.425 0.7749999999999999
0.45 0.7749999999999999
0.4750000000000001 0.7749999999999999
0.5 0.7749999999999999
0.5249999999999999 0.7749999999999999
0.55 0.7749999999999999
0.575 0.7749999999999999
0.6000000000000001 0.7749999999999999
0.625 0.7749999999999999
0.6499999999999999 0.7749999999999999
0.675 0.7749999999999999
0.7 0.7749999999999999
0.7250000000000001 0.7749999999999999
0.75 0.7749999999999999
0.7749999999999999 0.7749999999999999
0.8 0.7749999999999999
0.825 0.7749999999999999
0.8500000000000001 0.7749999999999999
0.875 0.7749999999999999
0.8999999999999999 0.7749999999999999
0.925 0.7749999999999999
0.95 0.7749999999999999
0.9750000000000001 0.7749999999999999
1 0.7749999999999999
-1 0.8
-0.975 0.8
-0.95 0.8
-0.925 0.8
-0.9 0.8
-0.875 0.8
-0.85 0.8
-0.825 0.8
-0.8 0.8
-0.775 0.8
-0.75 0.8
-0.725 0.8
-0.7 0.8
-0.675 0.8
-0.65 0.8
-0.625 0.8
-0.6 0.8
-0.575 0.8
-0.55 0.8
-0.525 0.8
-0.5 0.8
-0.475 0.8
-0.45 0.8
-0.425 0.8
-0.4 0.8
-0.375 0.8
-0.35 0.8
-0.325 0.8
-0.3 0.8
-0.275 0.8
-0.25 0.8
-0.225 0.8
-0.2 0.8
-0.175 0.8
-0.15 0.8
-0.125 0.8
-0.09999999999999998 0.8
-0.07499999999999996 0.8
-0.05000000000000004 0.8
-0.02500000000000002 0.8
0 0.8
0.02499999999999991 0.8
0.05000000000000004 0.8
0.07499999999999996 0.8
0.1000000000000001 0.8
0.125 0.8
0.1499999999999999 0.8
0.175 0.8
0.2 0.8
0.2250000000000001 0.8
0.25 0.8
0.2749999999999999 0.8
0.3 0.8
0.325 0.8
0.3500000000000001 0.8
0.375 0.8
0.3999999999999999 0.8
0.425 0.8
0.45 0.8
0.4750000000000001 0.8
0.5 0.8
0.5249999999999999 0.8
0.55 0.8
0.575 0.8
0.6000000000000001 0.8
0.625 0.8
0.6499999999999999 0.8
0.675 0.8
0.7 0.8
0.7250000000000001 0.8
0.75 0.8
0.7749999999999999 0.8
0.8 0.8
0.825 0.8
0.8500000000000001 0.8
0.875 0.8
0.8999999999999999 0.8
0.925 0.8
0.95 0.8
0.9750000000000001 0.8
1 0.8
-1 0.825
-0.975 0.825
-0.95 0.825
-0.925 0.825
-0.9 0.825
-0.875 0.825
-0.85 0.825
-0.825 0.825
-0.8 0.825
-0.775 0.825
-0.75 0.825
-0.725 0.825
-0.7 0.825
-0.675 0.825
-0.65 0.825
-0.625 0.825
-0.6 0.825
-0.575 0.825
-0.55 0.825
-0.525 0.825
-0.5 0.825
-0.475 0.825
-0.45 0.825
-0.425 0.825
-0.4 0.825
-0.375 0.825
-0.35 0.825
-0.325 0.825
-0.3 0.825
-0.275 0.825
-0.25 0.825
-0.225 0.825
-0.2 0.825
-0.175 0.825
-0.15 0.825
-0.125 0.825
-0.09999999999999998 0.825
-0.07499999999999996 0.825
-0.05000000000000004 0.825
-0.02500000000000002 0.825
0 0.825
0.02499999999999991 0.825
0.05000000000000004 0.825
0.07499999999999996 0.825
0.1000000000000001 0.825
0.125 0.825
0.1499999999999999 0.825
0.175 0.825
0.2 0.825
0.2250000000000001 0.825
0.25 0.825
0.2749999999999999 0.825
0.3 0.825
0.325 0.825
0.3500000000000001 0.825
0.375 0.825
0.3999999999999999 0.825
0.425 0.825
0.45 0.825
0.4750000000000001 0.825
0.5 0.825
0.5249999999999999 0.825
0.55 0.825
0.575 0.825
0.6000000000000001 0.825
0.625 0.825
0.6499999999999999 0.825
0.675 0.825
0.7 0.825
0.7250000000000001 0.825
0.75 0.825
0.7749999999999999 0.825
0.8 0.825
0.825 0.825
0.8500000000000001 0.825
0.875 0.825
0.8999999999999999 0.825
0.925 0.825
0.95 0.825
0.9750000000000001 0.825
1 0.825
-1 0.8500000000000001
-0.975 0.8500000000000001
-0.95 0.8500000000000001
-0.925 0.8500000000000001
-0.9 0.8500000000000001
-0.875 0.8500000000000001
-0.85 0.8500000000000001
-0.825 0.8500000000000001
-0.8 0.8500000000000001
-0.775 0.8500000000000001
-0.75 0.8500000000000001
-0.725 0.8500000000000001
-0.7 0.8500000000000001
-0.675 0.8500000000000001
-0.65 0.8500000000000001
-0.625 0.8500000000000001
-0.6 0.8500000000000001
-0.575 0.8500000000000001
-0.55 0.8500000000000001
-0.525 0.8500000000000001
-0.5 0.8500000000000001
-0.475 0.8500000000000001
-0.45 0.8500000000000001
-0.425 0.8500000000000001
-0.4 0.8500000000000001
-0.375 0.8500000000000001
-0.35 0.8500000000000001
-0.325 0.8500000000000001
-0.3 0.8500000000000001
-0.275 0.8500000000000001
-0.25 0.8500000000000001
-0.225 0.8500000000000001
-0.2 0.8500000000000001
-0.175 0.8500000000000001
-0.15 0.8500000000000001
-0.125 0.8500000000000001
-0.09999999999999998 0.8500000000000001
-0.07499999999999996 0.8500000000000001
-0.05000000000000004 0.8500000000000001
-0.02500000000000002 0.8500000000000001
0 0.8500000000000001
0.02499999999999991 0.8500000000000001
0.05000000000000004 0.8500000000000001
0.07499999999999996 0.8500000000000001
0.1000000000000001 0.8500000000000001
0.125 0.8500000000000001
0.1499999999999999 0.8500000000000001
0.175 0.8500000000000001
0.2 0.8500000000000001
0.2250000000000001 0.8500000000000001
0.25 0.8500000000000001
0.2749999999999999 0.8500000000000001
0.3 0.8500000000000001
0.325 0.8500000000000001
0.3500000000000001 0.8500000000000001
0.375 0.8500000000000001
0.3999999999999999 0.8500000000000001
0.425 0.8500000000000001
0.45 0.8500000000000001
0.4750000000000001 0.8500000000000001
0.5 0.8500000000000001
0.5249999999999999 0.8500000000000001
0.55 0.8500000000000001
0.575 0.8500000000000001
0.6000000000000001 0.8500000000000001
0.625 0.8500000000000001
0.6499999999999999 0.8500000000000001
0.675 0.8500000000000001
0.7 0.8500000000000001
0.7250000000000001 0.8500000000000001
0.75 0.8500000000000001
0.7749999999999999 0.8500000000000001
0.8 0.8500000000000001
0.825 0.8500000000000001
0.8500000000000001 0.8500000000000001
0.875 0.8500000000000001
0.8999999999999999 0.8500000000000001
0.925 0.8500000000000001
0.95 0.8500000000000001
0.9750000000000001 0.8500000000000001
1 0.8500000000000001
-1 0.875
-0.975 0.875
-0.95 0.875
-0.925 0.875
-0.9 0.875
-0.875 0.875
-0.85 0.875
-0.825 0.875
-0.8 0.875
-0.775 0.875
-0.75 0.875
-0.725 0.875
-0.7 0.875
-0.675 0.875
-0.65 0.875
-0.625 0.875
-0.6 0.875
-0.575 0.875
-0.55 0.875
-0.525 0.875
-0.5 0.875
-0.475 0.875
-0.45 0.875
-0.425 0.875
-0.4 0.875
-0.375 0.875
-0.35 0.875
-0.325 0.875
-0.3 0.875
-0.275 0.875
-0.25 0.875
-0.225 0.875
-0.2 0.875
-0.175 0.875
-0.15 0.875
-0.125 0.875
-0.09999999999999998 0.875
-0.07499999999999996 0.875
-0.05000000000000004 0.875
-0.02500000000000002 0.875
0 0.875
0.02499999999999991 0.875
0.05000000000000004 0.875
0.07499999999999996 0.875
0.1000000000000001 0.875
0.125 0.875
0.1499999999999999 0.875
0.175 0.875
0.2 0.875
0.2250000000000001 0.875
0.25 0.875
0.2749999999999999 0.875
0.3 0.875
0.325 0.875
0.3500000000000001 0.875
0.375 0.875
0.3999999999999999 0.875
0.425 0.875
0.45 0.875
0.4750000000000001 0.875
0.5 0.875
0.5249999999999999 0.875
0.55 0.875
0.575 0.875
0.6000000000000001 0.875
0.625 0.875
0.6499999999999999 0.875
0.675 0.875
0.7 0.875
0.7250000000000001 0.875
0.75 0.875
0.7749999999999999 0.875
0.8 0.875
0.825 0.875
0.8500000000000001 0.875
0.875 0.875
0.8999999999999999 0.875
0.925 0.875
0.95 0.875
0.9750000000000001 0.875
1 0.875
-1 0.8999999999999999
-0.975 0.8999999999999999
-0.95 0.8999999999999999
-0.925 0.8999999999999999
-0.9 0.8999999999999999
-0.875 0.8999999999999999
-0.85 0.8999999999999999
-0.825 0.8999999999999999
-0.8 0.8999999999999999
-0.775 0.8999999999999999
-0.75 0.8999999999999999
-0.725 0.8999999999999999
-0.7 0.8999999999999999
-0.675 0.8999999999999999
-0.65 0.8999999999999999
-0.625 0.8999999999999999
-0.6 0.8999999999999999
-0.575 0.8999999999999999
-0.55 0.8999999999999999
-0.525 0.8999999999999999
-0.5 0.8999999999999999
-0.475 0.8999999999999999
-0.45 0.8999999999999999
-0.425 0.8999999999999999
-0.4 0.8999999999999999
-0.375 0.8999999999999999
-0.35 0.8999999999999999
-0.325 0.8999999999999999
-0.3 0.8999999999999999
-0.275 0.8999999999999999
-0.25 0.8999999999999999
-0.225 0.8999999999999999
-0.2 0.8999999999999999
-0.175 0.8999999999999999
-0.15 0.8999999999999999
-0.125 0.8999999999999999
-0.09999999999999998 0.8999999999999999
-0.07499999999999996 0.8999999999999999
-0.05000000000000004 0.8999999999999999
-0.02500000000000002 0.8999999999999999
0 0.8999999999999999
0.02499999999999991 0.8999999999999999
0.05000000000000004 0.8999999999999999
0.07499999999999996 0.8999999999999999
0.1000000000000001 0.8999999999999999
0.125 0.8999999999999999
0.1499999999999999 0.8999999999999999
0.175 0.8999999999999999
0.2 0.8999999999999999
0.2250000000000001 0.8999999999999999
0.25 0.8999999999999999
0.2749999999999999 0.8999999999999999
0.3 0.8999999999999999
0.325 0.8999999999999999
0.3500000000000001 0.8999999999999999
0.375 0.8999999999999999
0.3999999999999999 0.8999999999999999
0.425 0.8999999999999999
0.45 0.8999999999999999
0.4750000000000001 0.8999999999999999
0.5 0.8999999999999999
0.5249999999999999 0.8999999999999999
0.55 0.8999999999999999
0.575 0.8999999999999999
0.6000000000000001 0.8999999999999999
0.625 0.8999999999999999
0.6499999999999999 0.8999999999999999
0.675 0.8999999999999999
0.7 0.8999999999999999
0.7250000000000001 0.8999999999999999
0.75 0.8999999999999999
0.7749999999999999 0.8999999999999999
0.8 0.8999999999999999
0.825 0.8999999999999999
0.8500000000000001 0.8999999999999999
0.875 0.8999999999999999
0.8999999999999999 0.8999999999999999
0.925 0.8999999999999999
0.95 0.8999999999999999
0.9750000000000001 0.8999999999999999
1 0.8999999999999999
-1 0.925
-0.975 0.925
-0.95 0.925
-0.925 0.925
-0.9 0.925
-0.875 0.925
-0.85 0.925
-0.825 0.925
-0.8 0.925
-0.775 0.925
-0.75 0.925
-0.725 0.925
-0.7 0.925
-0.675 0.925
-0.65 0.925
-0.625 0.925
-0.6 0.925
-0.575 0.925
-0.55 0.925
-0.525 0.925
-0.5 0.925
-0.475 0.925
-0.45 0.925
-0.425 0.925
-0.4 0.925
-0.375 0.925
-0.35 0.925
-0.325 0.925
-0.3 0.925
-0.275 0.925
-0.25 0.925
-0.225 0.925
-0.2 0.925
-0.175 0.925
-0.15 0.925
-0.125 0.925
-0.09999999999999998 0.925
-0.07499999999999996 0.925
-0.05000000000000004 0.925
-0.02500000000000002 0.925
0 0.925
0.02499999999999991 0.925
0.05000000000000004 0.925
0.07499999999999996 0.925
0.1000000000000001 0.925
0.125 0.925
0.1499999999999999 0.925
0.175 0.925
0.2 0.925
0.2250000000000001 0.925
0.25 0.925
0.2749999999999999 0.925
0.3 0.925
0.325 0.925
0.3500000000000001 0.925
0.375 0.925
0.3999999999999999 0.925
0.425 0.925
0.45 0.925
0.4750000000000001 0.925
0.5 0.925
0.5249999999999999 0.925
0.55 0.925
0.575 0.925
0.6000000000000001 0.925
0.625 0.925
0.6499999999999999 0.925
0.675 0.925
0.7 0.925
0.7250000000000001 0.925
0.75 0.925
0.7749999999999999 0.925
0.8 0.925
0.825 0.925
0.8500000000000001 0.925
0.875 0.925
0.8999999999999999 0.925
0.925 0.925
0.95 0.925
0.9750000000000001 0.925
1 0.925
-1 0.95
-0.975 0.95
-0.95 0.95
-0.925 0.95
-0.9 0.95
-0.875 0.95
-0.85 0.95
-0.825 0.95
-0.8 0.95
-0.775 0.95
-0.75 0.95
-0.725 0.95
-0.7 0.95
-0.675 0.95
-0.65 0.95
-0.625 0.95
-0.6 0.95
-0.575 0.95
-0.55 0.95
-0.525 0.95
-0.5 0.95
-0.475 0.95
-0.45 0.95
-0.425 0.95
-0.4 0.95
-0.375 0.95
-0.35 0.95
-0.325 0.95
-0.3 0.95
-0.275 0.95
-0.25 0.95
-0.225 0.95
-0.2 0.95
-0.175 0.95
-0.15 0.95
-0.125 0.95
-0.09999999999999998 0.95
-0.07499999999999996 0.95
-0.05000000000000004 0.95
-0.02500000000000002 0.95
0 0.95
0.02499999999999991 0.95
0.05000000000000004 0.95
0.07499999999999996 0.95
0.1000000000000001 0.95
0.125 0.95
0.1499999999999999 0.95
0.175 0.95
0.2 0.95
0.2250000000000001 0.95
0.25 0.95
0.2749999999999999 0.95
0.3 0.95
0.325 0.95
0.3500000000000001 0.95
0.375 0.95
0.3999999999999999 0.95
0.425 0.95
0.45 0.95
0.4750000000000001 0.95
0.5 0.95
0.5249999999999999 0.95
0.55 0.95
0.575 0.95
0.6000000000000001 0.95
0.625 0.95
0.6499999999999999 0.95
0.675 0.95
0.7 0.95
0.7250000000000001 0.95
0.75 0.95
0.7749999999999999 0.95
0.8 0.95
0.825 0.95
0.8500000000000001 0.95
0.875 0.95
0.8999999999999999 0.95
0.925 0.95
0.95 0.95
0.9750000000000001 0.95
1 0.95
-1 0.9750000000000001
-0.975 0.9750000000000001
-0.95 0.9750000000000001
-0.925 0.9750000000000001
-0.9 0.9750000000000001
-0.875 0.9750000000000001
-0.85 0.9750000000000001
-0.825 0.9750000000000001
-0.8 0.9750000000000001
-0.775 0.9750000000000001
-0.75 0.9750000000000001
-0.725 0.9750000000000001
-0.7 0.9750000000000001
-0.675 0.9750000000000001
-0.65 0.9750000000000001
-0.625 0.9750000000000001
-0.6 0.9750000000000001
-0.575 0.9750000000000001
-0.55 0.9750000000000001
-0.525 0.9750000000000001
-0.5 0.9750000000000001
-0.475 0.9750000000000001
-0.45 0.9750000000000001
-0.425 0.9750000000000001
-0.4 0.9750000000000001
-0.375 0.9750000000000001
-0.35 0.9750000000000001
-0.325 0.9750000000000001
-0.3 0.9750000000000001
-0.275 0.9750000000000001
-0.25 0.9750000000000001
-0.225 0.9750000000000001
-0.2 0.9750000000000001
-0.175 0.9750000000000001
-0.15 0.9750000000000001
-0.125 0.9750000000000001
-0.09999999999999998 0.9750000000000001
-0.07499999999999996 0.9750000000000001
-0.05000000000000004 0.9750000000000001
-0.02500000000000002 0.9750000000000001
0 0.9750000000000001
0.02499999999999991 0.9750000000000001
0.05000000000000004 0.9750000000000001
0.07499999999999996 0.9750000000000001
0.1000000000000001 0.9750000000000001
0.125 0.9750000000000001
0.1499999999999999 0.9750000000000001
0.175 0.9750000000000001
0.2 0.9750000000000001
0.2250000000000001 0.9750000000000001
0.25 0.9750000000000001
0.2749999999999999 0.9750000000000001
0.3 0.9750000000000001
0.325 0.9750000000000001
0.3500000000000001 0.9750000000000001
0.375 0.9750000000000001
0.3999999999999999 0.9750000000000001
0.425 0.9750000000000001
0.45 0.9750000000000001
0.4750000000000001 0.9750000000000001
0.5 0.9750000000000001
0.5249999999999999 0.9750000000000001
0.55 0.9750000000000001
0.575 0.9750000000000001
0.6000000000000001 0.9750000000000001
0.625 0.9750000000000001
0.6499999999999999 0.9750000000000001
0.675 0.9750000000000001
0.7 0.9750000000000001
0.7250000000000001 0.9750000000000001
0.75 0.9750000000000001
0.7749999999999999 0.9750000000000001
0.8 0.9750000000000001
0.825 0.9750000000000001
0.8500000000000001 0.9750000000000001
0.875 0.9750000000000001
0.8999999999999999 0.9750000000000001
0.925 0.9750000000000001
0.95 0.9750000000000001
0.9750000000000001 0.9750000000000001
1 0.9750000000000001
-1 1
-0.975 1
-0.95 1
-0.925 1
-0.9 1
-0.875 1
-0.85 1
-0.825 1
-0.8 1
-0.775 1
-0.75 1
-0.725 1
-0.7 1
-0.675 1
-0.65 1
-0.625 1
-0.6 1
-0.575 1
-0.55 1
-0.525 1
-0.5 1
-0.475 1
-0.45 1
-0.425 1
-0.4 1
-0.375 1
-0.35 1
-0.325 1
-0.3 1
-0.275 1
-0.25 1
-0.225 1
-0.2 1
-0.175 1
-0.15 1
-0.125 1
-0.09999999999999998 1
-0.07499999999999996 1
-0.05000000000000004 1
-0.02500000000000002 1
0 1
0.02499999999999991 1
0.05000000000000004 1
0.07499999999999996 1
0.1000000000000001 1
0.125 1
0.1499999999999999 1
0.175 1
0.2 1
0.2250000000000001 1
0.25 1
0.2749999999999999 1
0.3 1
0.325 1
0.3500000000000001 1
0.375 1
0.3999999999999999 1
0.425 1
0.45 1
0.4750000000000001 1
0.5 1
0.5249999999999999 1
0.55 1
0.575 1
0.6000000000000001 1
0.625 1
0.6499999999999999 1
0.675 1
0.7 1
0.7250000000000001 1
0.75 1
0.7749999999999999 1
0.8 1
0.825 1
0.8500000000000001 1
0.875 1
0.8999999999999999 1
0.925 1
0.95 1
0.9750000000000001 1
1 1
