MFEM mesh v1.0

#
# MFEM Geometry Types (see fem/geom.hpp):
#
# POINT       = 0
# SEGMENT     = 1
# TRIANGLE    = 2
# SQUARE      = 3
# TETRAHEDRON = 4
# CUBE        = 5
# PRISM       = 6
# PYRAMID     = 7
#

dimension
2

elements
2500
1 3 0 1 52 51
1 3 1 2 53 52
1 3 52 53 104 103
1 3 51 52 103 102
1 3 102 103 154 153
1 3 103 104 155 154
1 3 104 105 156 155
1 3 105 106 157 156
1 3 54 55 106 105
1 3 53 54 105 104
1 3 2 3 54 53
1 3 3 4 55 54
1 3 4 5 56 55
1 3 5 6 57 56
1 3 56 57 108 107
1 3 55 56 107 106
1 3 106 107 158 157
1 3 107 108 159 158
1 3 158 159 210 209
1 3 157 158 209 208
1 3 208 209 260 259
1 3 209 210 261 260
1 3 260 261 312 311
1 3 259 260 311 310
1 3 258 259 310 309
1 3 257 258 309 308
1 3 206 207 258 257
1 3 207 208 259 258
1 3 156 157 208 207
1 3 155 156 207 206
1 3 154 155 206 205
1 3 153 154 205 204
1 3 204 205 256 255
1 3 205 206 257 256
1 3 256 257 308 307
1 3 255 256 307 306
1 3 306 307 358 357
1 3 357 358 409 408
1 3 358 359 410 409
1 3 307 308 359 358
1 3 308 309 360 359
1 3 359 360 411 410
1 3 410 411 462 461
1 3 461 462 513 512
1 3 460 461 512 511
1 3 409 410 461 460
1 3 408 409 460 459
1 3 459 460 511 510
1 3 510 511 562 561
1 3 511 512 563 562
1 3 562 563 614 613
1 3 561 562 613 612
1 3 612 613 664 663
1 3 613 614 665 664
1 3 614 615 666 665
1 3 615 616 667 666
1 3 564 565 616 615
1 3 563 564 615 614
1 3 512 513 564 563
1 3 513 514 565 564
1 3 514 515 566 565
1 3 565 566 617 616
1 3 616 617 668 667
1 3 617 618 669 668
1 3 566 567 618 617
1 3 515 516 567 566
1 3 464 465 516 515
1 3 413 414 465 464
1 3 412 413 464 463
1 3 463 464 515 514
1 3 462 463 514 513
1 3 411 412 463 462
1 3 360 361 412 411
1 3 309 310 361 360
1 3 310 311 362 361
1 3 361 362 413 412
1 3 362 363 414 413
1 3 311 312 363 362
1 3 312 313 364 363
1 3 363 364 415 414
1 3 364 365 416 415
1 3 313 314 365 364
1 3 314 315 366 365
1 3 365 366 417 416
1 3 416 417 468 467
1 3 467 468 519 518
1 3 466 467 518 517
1 3 415 416 467 466
1 3 414 415 466 465
1 3 465 466 517 516
1 3 516 517 568 567
1 3 517 518 569 568
1 3 568 569 620 619
1 3 567 568 619 618
1 3 618 619 670 669
1 3 619 620 671 670
1 3 620 621 672 671
1 3 621 622 673 672
1 3 570 571 622 621
1 3 569 570 621 620
1 3 518 519 570 569
1 3 519 520 571 570
1 3 520 521 572 571
1 3 571 572 623 622
1 3 622 623 674 673
1 3 623 624 675 674
1 3 572 573 624 623
1 3 521 522 573 572
1 3 470 471 522 521
1 3 419 420 471 470
1 3 418 419 470 469
1 3 469 470 521 520
1 3 468 469 520 519
1 3 417 418 469 468
1 3 366 367 418 417
1 3 315 316 367 366
1 3 316 317 368 367
1 3 367 368 419 418
1 3 368 369 420 419
1 3 317 318 369 368
1 3 266 267 318 317
1 3 265 266 317 316
1 3 214 215 266 265
1 3 215 216 267 266
1 3 164 165 216 215
1 3 163 164 215 214
1 3 162 163 214 213
1 3 161 162 213 212
1 3 212 213 264 263
1 3 213 214 265 264
1 3 264 265 316 315
1 3 263 264 315 314
1 3 262 263 314 313
1 3 261 262 313 312
1 3 210 211 262 261
1 3 211 212 263 262
1 3 160 161 212 211
1 3 159 160 211 210
1 3 108 109 160 159
1 3 109 110 161 160
1 3 58 59 110 109
1 3 57 58 109 108
1 3 6 7 58 57
1 3 7 8 59 58
1 3 8 9 60 59
1 3 9 10 61 60
1 3 60 61 112 111
1 3 59 60 111 110
1 3 110 111 162 161
1 3 111 112 163 162
1 3 112 113 164 163
1 3 113 114 165 164
1 3 62 63 114 113
1 3 61 62 113 112
1 3 10 11 62 61
1 3 11 12 63 62
1 3 12 13 64 63
1 3 63 64 115 114
1 3 64 65 116 115
1 3 13 14 65 64
1 3 14 15 66 65
1 3 65 66 117 116
1 3 116 117 168 167
1 3 167 168 219 218
1 3 166 167 218 217
1 3 115 116 167 166
1 3 114 115 166 165
1 3 165 166 217 216
1 3 216 217 268 267
1 3 217 218 269 268
1 3 268 269 320 319
1 3 267 268 319 318
1 3 318 319 370 369
1 3 319 320 371 370
1 3 320 321 372 371
1 3 321 322 373 372
1 3 270 271 322 321
1 3 269 270 321 320
1 3 218 219 270 269
1 3 219 220 271 270
1 3 220 221 272 271
1 3 271 272 323 322
1 3 322 323 374 373
1 3 323 324 375 374
1 3 272 273 324 323
1 3 221 222 273 272
1 3 170 171 222 221
1 3 119 120 171 170
1 3 118 119 170 169
1 3 169 170 221 220
1 3 168 169 220 219
1 3 117 118 169 168
1 3 66 67 118 117
1 3 15 16 67 66
1 3 16 17 68 67
1 3 67 68 119 118
1 3 68 69 120 119
1 3 17 18 69 68
1 3 18 19 70 69
1 3 19 20 71 70
1 3 70 71 122 121
1 3 69 70 121 120
1 3 120 121 172 171
1 3 171 172 223 222
1 3 172 173 224 223
1 3 121 122 173 172
1 3 122 123 174 173
1 3 173 174 225 224
1 3 174 175 226 225
1 3 123 124 175 174
1 3 72 73 124 123
1 3 71 72 123 122
1 3 20 21 72 71
1 3 21 22 73 72
1 3 22 23 74 73
1 3 73 74 125 124
1 3 74 75 126 125
1 3 23 24 75 74
1 3 24 25 76 75
1 3 75 76 127 126
1 3 126 127 178 177
1 3 177 178 229 228
1 3 176 177 228 227
1 3 125 126 177 176
1 3 124 125 176 175
1 3 175 176 227 226
1 3 226 227 278 277
1 3 277 278 329 328
1 3 278 279 330 329
1 3 227 228 279 278
1 3 228 229 280 279
1 3 279 280 331 330
1 3 330 331 382 381
1 3 381 382 433 432
1 3 380 381 432 431
1 3 329 330 381 380
1 3 328 329 380 379
1 3 379 380 431 430
1 3 378 379 430 429
1 3 377 378 429 428
1 3 326 327 378 377
1 3 327 328 379 378
1 3 276 277 328 327
1 3 225 226 277 276
1 3 224 225 276 275
1 3 275 276 327 326
1 3 274 275 326 325
1 3 223 224 275 274
1 3 222 223 274 273
1 3 273 274 325 324
1 3 324 325 376 375
1 3 325 326 377 376
1 3 376 377 428 427
1 3 375 376 427 426
1 3 426 427 478 477
1 3 427 428 479 478
1 3 478 479 530 529
1 3 477 478 529 528
1 3 528 529 580 579
1 3 529 530 581 580
1 3 530 531 582 581
1 3 531 532 583 582
1 3 480 481 532 531
1 3 479 480 531 530
1 3 428 429 480 479
1 3 429 430 481 480
1 3 430 431 482 481
1 3 481 482 533 532
1 3 482 483 534 533
1 3 431 432 483 482
1 3 432 433 484 483
1 3 483 484 535 534
1 3 534 535 586 585
1 3 585 586 637 636
1 3 584 585 636 635
1 3 533 534 585 584
1 3 532 533 584 583
1 3 583 584 635 634
1 3 634 635 686 685
1 3 635 636 687 686
1 3 636 637 688 687
1 3 687 688 739 738
1 3 686 687 738 737
1 3 685 686 737 736
1 3 684 685 736 735
1 3 683 684 735 734
1 3 632 633 684 683
1 3 633 634 685 684
1 3 582 583 634 633
1 3 581 582 633 632
1 3 580 581 632 631
1 3 579 580 631 630
1 3 630 631 682 681
1 3 631 632 683 682
1 3 682 683 734 733
1 3 681 682 733 732
1 3 680 681 732 731
1 3 629 630 681 680
1 3 628 629 680 679
1 3 679 680 731 730
1 3 678 679 730 729
1 3 627 628 679 678
1 3 576 577 628 627
1 3 525 526 577 576
1 3 526 527 578 577
1 3 577 578 629 628
1 3 578 579 630 629
1 3 527 528 579 578
1 3 476 477 528 527
1 3 475 476 527 526
1 3 424 425 476 475
1 3 425 426 477 476
1 3 374 375 426 425
1 3 373 374 425 424
1 3 372 373 424 423
1 3 371 372 423 422
1 3 422 423 474 473
1 3 423 424 475 474
1 3 474 475 526 525
1 3 473 474 525 524
1 3 472 473 524 523
1 3 421 422 473 472
1 3 370 371 422 421
1 3 369 370 421 420
1 3 420 421 472 471
1 3 471 472 523 522
1 3 522 523 574 573
1 3 573 574 625 624
1 3 574 575 626 625
1 3 523 524 575 574
1 3 524 525 576 575
1 3 575 576 627 626
1 3 626 627 678 677
1 3 677 678 729 728
1 3 676 677 728 727
1 3 625 626 677 676
1 3 624 625 676 675
1 3 675 676 727 726
1 3 726 727 778 777
1 3 777 778 829 828
1 3 778 779 830 829
1 3 727 728 779 778
1 3 728 729 780 779
1 3 779 780 831 830
1 3 830 831 882 881
1 3 881 882 933 932
1 3 880 881 932 931
1 3 829 830 881 880
1 3 828 829 880 879
1 3 879 880 931 930
1 3 930 931 982 981
1 3 981 982 1033 1032
1 3 982 983 1034 1033
1 3 931 932 983 982
1 3 932 933 984 983
1 3 983 984 1035 1034
1 3 984 985 1036 1035
1 3 933 934 985 984
1 3 934 935 986 985
1 3 985 986 1037 1036
1 3 986 987 1038 1037
1 3 935 936 987 986
1 3 884 885 936 935
1 3 833 834 885 884
1 3 832 833 884 883
1 3 883 884 935 934
1 3 882 883 934 933
1 3 831 832 883 882
1 3 780 781 832 831
1 3 729 730 781 780
1 3 730 731 782 781
1 3 781 782 833 832
1 3 782 783 834 833
1 3 731 732 783 782
1 3 732 733 784 783
1 3 733 734 785 784
1 3 784 785 836 835
1 3 783 784 835 834
1 3 834 835 886 885
1 3 835 836 887 886
1 3 836 837 888 887
1 3 837 838 889 888
1 3 786 787 838 837
1 3 785 786 837 836
1 3 734 735 786 785
1 3 735 736 787 786
1 3 736 737 788 787
1 3 787 788 839 838
1 3 788 789 840 839
1 3 737 738 789 788
1 3 738 739 790 789
1 3 789 790 841 840
1 3 840 841 892 891
1 3 891 892 943 942
1 3 890 891 942 941
1 3 839 840 891 890
1 3 838 839 890 889
1 3 889 890 941 940
1 3 940 941 992 991
1 3 941 942 993 992
1 3 942 943 994 993
1 3 993 994 1045 1044
1 3 992 993 1044 1043
1 3 991 992 1043 1042
1 3 990 991 1042 1041
1 3 989 990 1041 1040
1 3 938 939 990 989
1 3 939 940 991 990
1 3 888 889 940 939
1 3 887 888 939 938
1 3 886 887 938 937
1 3 885 886 937 936
1 3 936 937 988 987
1 3 937 938 989 988
1 3 988 989 1040 1039
1 3 987 988 1039 1038
1 3 1038 1039 1090 1089
1 3 1039 1040 1091 1090
1 3 1090 1091 1142 1141
1 3 1089 1090 1141 1140
1 3 1140 1141 1192 1191
1 3 1141 1142 1193 1192
1 3 1142 1143 1194 1193
1 3 1143 1144 1195 1194
1 3 1092 1093 1144 1143
1 3 1091 1092 1143 1142
1 3 1040 1041 1092 1091
1 3 1041 1042 1093 1092
1 3 1042 1043 1094 1093
1 3 1093 1094 1145 1144
1 3 1094 1095 1146 1145
1 3 1043 1044 1095 1094
1 3 1044 1045 1096 1095
1 3 1095 1096 1147 1146
1 3 1146 1147 1198 1197
1 3 1197 1198 1249 1248
1 3 1196 1197 1248 1247
1 3 1145 1146 1197 1196
1 3 1144 1145 1196 1195
1 3 1195 1196 1247 1246
1 3 1246 1247 1298 1297
1 3 1247 1248 1299 1298
1 3 1248 1249 1300 1299
1 3 1299 1300 1351 1350
1 3 1298 1299 1350 1349
1 3 1297 1298 1349 1348
1 3 1296 1297 1348 1347
1 3 1295 1296 1347 1346
1 3 1244 1245 1296 1295
1 3 1245 1246 1297 1296
1 3 1194 1195 1246 1245
1 3 1193 1194 1245 1244
1 3 1192 1193 1244 1243
1 3 1191 1192 1243 1242
1 3 1242 1243 1294 1293
1 3 1243 1244 1295 1294
1 3 1294 1295 1346 1345
1 3 1293 1294 1345 1344
1 3 1292 1293 1344 1343
1 3 1241 1242 1293 1292
1 3 1240 1241 1292 1291
1 3 1291 1292 1343 1342
1 3 1290 1291 1342 1341
1 3 1239 1240 1291 1290
1 3 1188 1189 1240 1239
1 3 1137 1138 1189 1188
1 3 1138 1139 1190 1189
1 3 1189 1190 1241 1240
1 3 1190 1191 1242 1241
1 3 1139 1140 1191 1190
1 3 1088 1089 1140 1139
1 3 1037 1038 1089 1088
1 3 1036 1037 1088 1087
1 3 1087 1088 1139 1138
1 3 1086 1087 1138 1137
1 3 1035 1036 1087 1086
1 3 1034 1035 1086 1085
1 3 1085 1086 1137 1136
1 3 1084 1085 1136 1135
1 3 1033 1034 1085 1084
1 3 1032 1033 1084 1083
1 3 1083 1084 1135 1134
1 3 1134 1135 1186 1185
1 3 1185 1186 1237 1236
1 3 1186 1187 1238 1237
1 3 1135 1136 1187 1186
1 3 1136 1137 1188 1187
1 3 1187 1188 1239 1238
1 3 1238 1239 1290 1289
1 3 1289 1290 1341 1340
1 3 1288 1289 1340 1339
1 3 1237 1238 1289 1288
1 3 1236 1237 1288 1287
1 3 1287 1288 1339 1338
1 3 1286 1287 1338 1337
1 3 1285 1286 1337 1336
1 3 1234 1235 1286 1285
1 3 1235 1236 1287 1286
1 3 1184 1185 1236 1235
1 3 1183 1184 1235 1234
1 3 1182 1183 1234 1233
1 3 1181 1182 1233 1232
1 3 1232 1233 1284 1283
1 3 1233 1234 1285 1284
1 3 1284 1285 1336 1335
1 3 1283 1284 1335 1334
1 3 1282 1283 1334 1333
1 3 1281 1282 1333 1332
1 3 1230 1231 1282 1281
1 3 1231 1232 1283 1282
1 3 1180 1181 1232 1231
1 3 1179 1180 1231 1230
1 3 1128 1129 1180 1179
1 3 1129 1130 1181 1180
1 3 1078 1079 1130 1129
1 3 1077 1078 1129 1128
1 3 1026 1027 1078 1077
1 3 1027 1028 1079 1078
1 3 1028 1029 1080 1079
1 3 1029 1030 1081 1080
1 3 1080 1081 1132 1131
1 3 1079 1080 1131 1130
1 3 1130 1131 1182 1181
1 3 1131 1132 1183 1182
1 3 1132 1133 1184 1183
1 3 1133 1134 1185 1184
1 3 1082 1083 1134 1133
1 3 1081 1082 1133 1132
1 3 1030 1031 1082 1081
1 3 1031 1032 1083 1082
1 3 980 981 1032 1031
1 3 929 930 981 980
1 3 928 929 980 979
1 3 979 980 1031 1030
1 3 978 979 1030 1029
1 3 927 928 979 978
1 3 876 877 928 927
1 3 825 826 877 876
1 3 826 827 878 877
1 3 877 878 929 928
1 3 878 879 930 929
1 3 827 828 879 878
1 3 776 777 828 827
1 3 775 776 827 826
1 3 724 725 776 775
1 3 725 726 777 776
1 3 674 675 726 725
1 3 673 674 725 724
1 3 672 673 724 723
1 3 671 672 723 722
1 3 722 723 774 773
1 3 723 724 775 774
1 3 774 775 826 825
1 3 773 774 825 824
1 3 772 773 824 823
1 3 721 722 773 772
1 3 670 671 722 721
1 3 669 670 721 720
1 3 720 721 772 771
1 3 771 772 823 822
1 3 822 823 874 873
1 3 873 874 925 924
1 3 874 875 926 925
1 3 823 824 875 874
1 3 824 825 876 875
1 3 875 876 927 926
1 3 926 927 978 977
1 3 977 978 1029 1028
1 3 976 977 1028 1027
1 3 925 926 977 976
1 3 924 925 976 975
1 3 975 976 1027 1026
1 3 974 975 1026 1025
1 3 923 924 975 974
1 3 922 923 974 973
1 3 973 974 1025 1024
1 3 972 973 1024 1023
1 3 921 922 973 972
1 3 870 871 922 921
1 3 819 820 871 870
1 3 820 821 872 871
1 3 871 872 923 922
1 3 872 873 924 923
1 3 821 822 873 872
1 3 770 771 822 821
1 3 769 770 821 820
1 3 718 719 770 769
1 3 719 720 771 770
1 3 668 669 720 719
1 3 667 668 719 718
1 3 666 667 718 717
1 3 665 666 717 716
1 3 716 717 768 767
1 3 717 718 769 768
1 3 768 769 820 819
1 3 767 768 819 818
1 3 766 767 818 817
1 3 715 716 767 766
1 3 664 665 716 715
1 3 663 664 715 714
1 3 714 715 766 765
1 3 765 766 817 816
1 3 816 817 868 867
1 3 867 868 919 918
1 3 868 869 920 919
1 3 817 818 869 868
1 3 818 819 870 869
1 3 869 870 921 920
1 3 920 921 972 971
1 3 971 972 1023 1022
1 3 970 971 1022 1021
1 3 919 920 971 970
1 3 918 919 970 969
1 3 969 970 1021 1020
1 3 1020 1021 1072 1071
1 3 1021 1022 1073 1072
1 3 1072 1073 1124 1123
1 3 1071 1072 1123 1122
1 3 1122 1123 1174 1173
1 3 1123 1124 1175 1174
1 3 1124 1125 1176 1175
1 3 1125 1126 1177 1176
1 3 1074 1075 1126 1125
1 3 1073 1074 1125 1124
1 3 1022 1023 1074 1073
1 3 1023 1024 1075 1074
1 3 1024 1025 1076 1075
1 3 1025 1026 1077 1076
1 3 1076 1077 1128 1127
1 3 1075 1076 1127 1126
1 3 1126 1127 1178 1177
1 3 1127 1128 1179 1178
1 3 1178 1179 1230 1229
1 3 1177 1178 1229 1228
1 3 1228 1229 1280 1279
1 3 1229 1230 1281 1280
1 3 1280 1281 1332 1331
1 3 1279 1280 1331 1330
1 3 1278 1279 1330 1329
1 3 1277 1278 1329 1328
1 3 1226 1227 1278 1277
1 3 1227 1228 1279 1278
1 3 1176 1177 1228 1227
1 3 1175 1176 1227 1226
1 3 1174 1175 1226 1225
1 3 1173 1174 1225 1224
1 3 1224 1225 1276 1275
1 3 1225 1226 1277 1276
1 3 1276 1277 1328 1327
1 3 1275 1276 1327 1326
1 3 1326 1327 1378 1377
1 3 1377 1378 1429 1428
1 3 1378 1379 1430 1429
1 3 1327 1328 1379 1378
1 3 1328 1329 1380 1379
1 3 1379 1380 1431 1430
1 3 1430 1431 1482 1481
1 3 1481 1482 1533 1532
1 3 1480 1481 1532 1531
1 3 1429 1430 1481 1480
1 3 1428 1429 1480 1479
1 3 1479 1480 1531 1530
1 3 1530 1531 1582 1581
1 3 1581 1582 1633 1632
1 3 1582 1583 1634 1633
1 3 1531 1532 1583 1582
1 3 1532 1533 1584 1583
1 3 1583 1584 1635 1634
1 3 1584 1585 1636 1635
1 3 1533 1534 1585 1584
1 3 1534 1535 1586 1585
1 3 1585 1586 1637 1636
1 3 1586 1587 1638 1637
1 3 1535 1536 1587 1586
1 3 1484 1485 1536 1535
1 3 1433 1434 1485 1484
1 3 1432 1433 1484 1483
1 3 1483 1484 1535 1534
1 3 1482 1483 1534 1533
1 3 1431 1432 1483 1482
1 3 1380 1381 1432 1431
1 3 1329 1330 1381 1380
1 3 1330 1331 1382 1381
1 3 1381 1382 1433 1432
1 3 1382 1383 1434 1433
1 3 1331 1332 1383 1382
1 3 1332 1333 1384 1383
1 3 1333 1334 1385 1384
1 3 1384 1385 1436 1435
1 3 1383 1384 1435 1434
1 3 1434 1435 1486 1485
1 3 1435 1436 1487 1486
1 3 1436 1437 1488 1487
1 3 1437 1438 1489 1488
1 3 1386 1387 1438 1437
1 3 1385 1386 1437 1436
1 3 1334 1335 1386 1385
1 3 1335 1336 1387 1386
1 3 1336 1337 1388 1387
1 3 1387 1388 1439 1438
1 3 1388 1389 1440 1439
1 3 1337 1338 1389 1388
1 3 1338 1339 1390 1389
1 3 1389 1390 1441 1440
1 3 1440 1441 1492 1491
1 3 1491 1492 1543 1542
1 3 1490 1491 1542 1541
1 3 1439 1440 1491 1490
1 3 1438 1439 1490 1489
1 3 1489 1490 1541 1540
1 3 1540 1541 1592 1591
1 3 1541 1542 1593 1592
1 3 1542 1543 1594 1593
1 3 1593 1594 1645 1644
1 3 1592 1593 1644 1643
1 3 1591 1592 1643 1642
1 3 1590 1591 1642 1641
1 3 1589 1590 1641 1640
1 3 1538 1539 1590 1589
1 3 1539 1540 1591 1590
1 3 1488 1489 1540 1539
1 3 1487 1488 1539 1538
1 3 1486 1487 1538 1537
1 3 1485 1486 1537 1536
1 3 1536 1537 1588 1587
1 3 1537 1538 1589 1588
1 3 1588 1589 1640 1639
1 3 1587 1588 1639 1638
1 3 1638 1639 1690 1689
1 3 1639 1640 1691 1690
1 3 1690 1691 1742 1741
1 3 1689 1690 1741 1740
1 3 1740 1741 1792 1791
1 3 1741 1742 1793 1792
1 3 1742 1743 1794 1793
1 3 1743 1744 1795 1794
1 3 1692 1693 1744 1743
1 3 1691 1692 1743 1742
1 3 1640 1641 1692 1691
1 3 1641 1642 1693 1692
1 3 1642 1643 1694 1693
1 3 1693 1694 1745 1744
1 3 1694 1695 1746 1745
1 3 1643 1644 1695 1694
1 3 1644 1645 1696 1695
1 3 1695 1696 1747 1746
1 3 1746 1747 1798 1797
1 3 1797 1798 1849 1848
1 3 1796 1797 1848 1847
1 3 1745 1746 1797 1796
1 3 1744 1745 1796 1795
1 3 1795 1796 1847 1846
1 3 1846 1847 1898 1897
1 3 1847 1848 1899 1898
1 3 1848 1849 1900 1899
1 3 1899 1900 1951 1950
1 3 1898 1899 1950 1949
1 3 1897 1898 1949 1948
1 3 1896 1897 1948 1947
1 3 1895 1896 1947 1946
1 3 1844 1845 1896 1895
1 3 1845 1846 1897 1896
1 3 1794 1795 1846 1845
1 3 1793 1794 1845 1844
1 3 1792 1793 1844 1843
1 3 1791 1792 1843 1842
1 3 1842 1843 1894 1893
1 3 1843 1844 1895 1894
1 3 1894 1895 1946 1945
1 3 1893 1894 1945 1944
1 3 1892 1893 1944 1943
1 3 1841 1842 1893 1892
1 3 1840 1841 1892 1891
1 3 1891 1892 1943 1942
1 3 1890 1891 1942 1941
1 3 1839 1840 1891 1890
1 3 1788 1789 1840 1839
1 3 1737 1738 1789 1788
1 3 1738 1739 1790 1789
1 3 1789 1790 1841 1840
1 3 1790 1791 1842 1841
1 3 1739 1740 1791 1790
1 3 1688 1689 1740 1739
1 3 1637 1638 1689 1688
1 3 1636 1637 1688 1687
1 3 1687 1688 1739 1738
1 3 1686 1687 1738 1737
1 3 1635 1636 1687 1686
1 3 1634 1635 1686 1685
1 3 1685 1686 1737 1736
1 3 1684 1685 1736 1735
1 3 1633 1634 1685 1684
1 3 1632 1633 1684 1683
1 3 1683 1684 1735 1734
1 3 1734 1735 1786 1785
1 3 1785 1786 1837 1836
1 3 1786 1787 1838 1837
1 3 1735 1736 1787 1786
1 3 1736 1737 1788 1787
1 3 1787 1788 1839 1838
1 3 1838 1839 1890 1889
1 3 1889 1890 1941 1940
1 3 1888 1889 1940 1939
1 3 1837 1838 1889 1888
1 3 1836 1837 1888 1887
1 3 1887 1888 1939 1938
1 3 1938 1939 1990 1989
1 3 1939 1940 1991 1990
1 3 1990 1991 2042 2041
1 3 1989 1990 2041 2040
1 3 2040 2041 2092 2091
1 3 2041 2042 2093 2092
1 3 2042 2043 2094 2093
1 3 2043 2044 2095 2094
1 3 1992 1993 2044 2043
1 3 1991 1992 2043 2042
1 3 1940 1941 1992 1991
1 3 1941 1942 1993 1992
1 3 1942 1943 1994 1993
1 3 1993 1994 2045 2044
1 3 1994 1995 2046 2045
1 3 1943 1944 1995 1994
1 3 1944 1945 1996 1995
1 3 1995 1996 2047 2046
1 3 2046 2047 2098 2097
1 3 2097 2098 2149 2148
1 3 2096 2097 2148 2147
1 3 2045 2046 2097 2096
1 3 2044 2045 2096 2095
1 3 2095 2096 2147 2146
1 3 2146 2147 2198 2197
1 3 2147 2148 2199 2198
1 3 2148 2149 2200 2199
1 3 2199 2200 2251 2250
1 3 2198 2199 2250 2249
1 3 2197 2198 2249 2248
1 3 2196 2197 2248 2247
1 3 2195 2196 2247 2246
1 3 2144 2145 2196 2195
1 3 2145 2146 2197 2196
1 3 2094 2095 2146 2145
1 3 2093 2094 2145 2144
1 3 2092 2093 2144 2143
1 3 2091 2092 2143 2142
1 3 2142 2143 2194 2193
1 3 2143 2144 2195 2194
1 3 2194 2195 2246 2245
1 3 2193 2194 2245 2244
1 3 2244 2245 2296 2295
1 3 2295 2296 2347 2346
1 3 2296 2297 2348 2347
1 3 2245 2246 2297 2296
1 3 2246 2247 2298 2297
1 3 2247 2248 2299 2298
1 3 2298 2299 2350 2349
1 3 2297 2298 2349 2348
1 3 2348 2349 2400 2399
1 3 2349 2350 2401 2400
1 3 2400 2401 2452 2451
1 3 2399 2400 2451 2450
1 3 2398 2399 2450 2449
1 3 2347 2348 2399 2398
1 3 2346 2347 2398 2397
1 3 2397 2398 2449 2448
1 3 2448 2449 2500 2499
1 3 2499 2500 2551 2550
1 3 2500 2501 2552 2551
1 3 2449 2450 2501 2500
1 3 2450 2451 2502 2501
1 3 2501 2502 2553 2552
1 3 2502 2503 2554 2553
1 3 2451 2452 2503 2502
1 3 2452 2453 2504 2503
1 3 2503 2504 2555 2554
1 3 2504 2505 2556 2555
1 3 2453 2454 2505 2504
1 3 2454 2455 2506 2505
1 3 2505 2506 2557 2556
1 3 2506 2507 2558 2557
1 3 2455 2456 2507 2506
1 3 2404 2405 2456 2455
1 3 2353 2354 2405 2404
1 3 2352 2353 2404 2403
1 3 2403 2404 2455 2454
1 3 2402 2403 2454 2453
1 3 2401 2402 2453 2452
1 3 2350 2351 2402 2401
1 3 2351 2352 2403 2402
1 3 2300 2301 2352 2351
1 3 2299 2300 2351 2350
1 3 2248 2249 2300 2299
1 3 2249 2250 2301 2300
1 3 2250 2251 2302 2301
1 3 2301 2302 2353 2352
1 3 2302 2303 2354 2353
1 3 2251 2252 2303 2302
1 3 2252 2253 2304 2303
1 3 2303 2304 2355 2354
1 3 2304 2305 2356 2355
1 3 2253 2254 2305 2304
1 3 2254 2255 2306 2305
1 3 2305 2306 2357 2356
1 3 2356 2357 2408 2407
1 3 2407 2408 2459 2458
1 3 2406 2407 2458 2457
1 3 2355 2356 2407 2406
1 3 2354 2355 2406 2405
1 3 2405 2406 2457 2456
1 3 2456 2457 2508 2507
1 3 2507 2508 2559 2558
1 3 2508 2509 2560 2559
1 3 2457 2458 2509 2508
1 3 2458 2459 2510 2509
1 3 2509 2510 2561 2560
1 3 2510 2511 2562 2561
1 3 2459 2460 2511 2510
1 3 2460 2461 2512 2511
1 3 2511 2512 2563 2562
1 3 2512 2513 2564 2563
1 3 2461 2462 2513 2512
1 3 2410 2411 2462 2461
1 3 2359 2360 2411 2410
1 3 2358 2359 2410 2409
1 3 2409 2410 2461 2460
1 3 2408 2409 2460 2459
1 3 2357 2358 2409 2408
1 3 2306 2307 2358 2357
1 3 2255 2256 2307 2306
1 3 2256 2257 2308 2307
1 3 2307 2308 2359 2358
1 3 2308 2309 2360 2359
1 3 2257 2258 2309 2308
1 3 2206 2207 2258 2257
1 3 2205 2206 2257 2256
1 3 2154 2155 2206 2205
1 3 2155 2156 2207 2206
1 3 2104 2105 2156 2155
1 3 2103 2104 2155 2154
1 3 2102 2103 2154 2153
1 3 2101 2102 2153 2152
1 3 2152 2153 2204 2203
1 3 2153 2154 2205 2204
1 3 2204 2205 2256 2255
1 3 2203 2204 2255 2254
1 3 2202 2203 2254 2253
1 3 2151 2152 2203 2202
1 3 2150 2151 2202 2201
1 3 2201 2202 2253 2252
1 3 2200 2201 2252 2251
1 3 2149 2150 2201 2200
1 3 2098 2099 2150 2149
1 3 2047 2048 2099 2098
1 3 2048 2049 2100 2099
1 3 2099 2100 2151 2150
1 3 2100 2101 2152 2151
1 3 2049 2050 2101 2100
1 3 1998 1999 2050 2049
1 3 1997 1998 2049 2048
1 3 1996 1997 2048 2047
1 3 1945 1946 1997 1996
1 3 1946 1947 1998 1997
1 3 1947 1948 1999 1998
1 3 1948 1949 2000 1999
1 3 1949 1950 2001 2000
1 3 2000 2001 2052 2051
1 3 1999 2000 2051 2050
1 3 2050 2051 2102 2101
1 3 2051 2052 2103 2102
1 3 2052 2053 2104 2103
1 3 2053 2054 2105 2104
1 3 2002 2003 2054 2053
1 3 2001 2002 2053 2052
1 3 1950 1951 2002 2001
1 3 1951 1952 2003 2002
1 3 1952 1953 2004 2003
1 3 1953 1954 2005 2004
1 3 2004 2005 2056 2055
1 3 2003 2004 2055 2054
1 3 2054 2055 2106 2105
1 3 2055 2056 2107 2106
1 3 2056 2057 2108 2107
1 3 2057 2058 2109 2108
1 3 2006 2007 2058 2057
1 3 2005 2006 2057 2056
1 3 1954 1955 2006 2005
1 3 1955 1956 2007 2006
1 3 1956 1957 2008 2007
1 3 1957 1958 2009 2008
1 3 2008 2009 2060 2059
1 3 2007 2008 2059 2058
1 3 2058 2059 2110 2109
1 3 2059 2060 2111 2110
1 3 2110 2111 2162 2161
1 3 2109 2110 2161 2160
1 3 2160 2161 2212 2211
1 3 2161 2162 2213 2212
1 3 2212 2213 2264 2263
1 3 2211 2212 2263 2262
1 3 2210 2211 2262 2261
1 3 2209 2210 2261 2260
1 3 2158 2159 2210 2209
1 3 2159 2160 2211 2210
1 3 2108 2109 2160 2159
1 3 2107 2108 2159 2158
1 3 2106 2107 2158 2157
1 3 2105 2106 2157 2156
1 3 2156 2157 2208 2207
1 3 2157 2158 2209 2208
1 3 2208 2209 2260 2259
1 3 2207 2208 2259 2258
1 3 2258 2259 2310 2309
1 3 2309 2310 2361 2360
1 3 2310 2311 2362 2361
1 3 2259 2260 2311 2310
1 3 2260 2261 2312 2311
1 3 2311 2312 2363 2362
1 3 2362 2363 2414 2413
1 3 2413 2414 2465 2464
1 3 2412 2413 2464 2463
1 3 2361 2362 2413 2412
1 3 2360 2361 2412 2411
1 3 2411 2412 2463 2462
1 3 2462 2463 2514 2513
1 3 2513 2514 2565 2564
1 3 2514 2515 2566 2565
1 3 2463 2464 2515 2514
1 3 2464 2465 2516 2515
1 3 2515 2516 2567 2566
1 3 2516 2517 2568 2567
1 3 2465 2466 2517 2516
1 3 2466 2467 2518 2517
1 3 2517 2518 2569 2568
1 3 2518 2519 2570 2569
1 3 2467 2468 2519 2518
1 3 2416 2417 2468 2467
1 3 2365 2366 2417 2416
1 3 2364 2365 2416 2415
1 3 2415 2416 2467 2466
1 3 2414 2415 2466 2465
1 3 2363 2364 2415 2414
1 3 2312 2313 2364 2363
1 3 2261 2262 2313 2312
1 3 2262 2263 2314 2313
1 3 2313 2314 2365 2364
1 3 2314 2315 2366 2365
1 3 2263 2264 2315 2314
1 3 2264 2265 2316 2315
1 3 2315 2316 2367 2366
1 3 2316 2317 2368 2367
1 3 2265 2266 2317 2316
1 3 2266 2267 2318 2317
1 3 2317 2318 2369 2368
1 3 2368 2369 2420 2419
1 3 2419 2420 2471 2470
1 3 2418 2419 2470 2469
1 3 2367 2368 2419 2418
1 3 2366 2367 2418 2417
1 3 2417 2418 2469 2468
1 3 2468 2469 2520 2519
1 3 2519 2520 2571 2570
1 3 2520 2521 2572 2571
1 3 2469 2470 2521 2520
1 3 2470 2471 2522 2521
1 3 2521 2522 2573 2572
1 3 2522 2523 2574 2573
1 3 2471 2472 2523 2522
1 3 2472 2473 2524 2523
1 3 2523 2524 2575 2574
1 3 2524 2525 2576 2575
1 3 2473 2474 2525 2524
1 3 2422 2423 2474 2473
1 3 2371 2372 2423 2422
1 3 2370 2371 2422 2421
1 3 2421 2422 2473 2472
1 3 2420 2421 2472 2471
1 3 2369 2370 2421 2420
1 3 2318 2319 2370 2369
1 3 2267 2268 2319 2318
1 3 2268 2269 2320 2319
1 3 2319 2320 2371 2370
1 3 2320 2321 2372 2371
1 3 2269 2270 2321 2320
1 3 2218 2219 2270 2269
1 3 2217 2218 2269 2268
1 3 2166 2167 2218 2217
1 3 2167 2168 2219 2218
1 3 2116 2117 2168 2167
1 3 2115 2116 2167 2166
1 3 2114 2115 2166 2165
1 3 2113 2114 2165 2164
1 3 2164 2165 2216 2215
1 3 2165 2166 2217 2216
1 3 2216 2217 2268 2267
1 3 2215 2216 2267 2266
1 3 2214 2215 2266 2265
1 3 2213 2214 2265 2264
1 3 2162 2163 2214 2213
1 3 2163 2164 2215 2214
1 3 2112 2113 2164 2163
1 3 2111 2112 2163 2162
1 3 2060 2061 2112 2111
1 3 2061 2062 2113 2112
1 3 2010 2011 2062 2061
1 3 2009 2010 2061 2060
1 3 1958 1959 2010 2009
1 3 1959 1960 2011 2010
1 3 1960 1961 2012 2011
1 3 1961 1962 2013 2012
1 3 2012 2013 2064 2063
1 3 2011 2012 2063 2062
1 3 2062 2063 2114 2113
1 3 2063 2064 2115 2114
1 3 2064 2065 2116 2115
1 3 2065 2066 2117 2116
1 3 2014 2015 2066 2065
1 3 2013 2014 2065 2064
1 3 1962 1963 2014 2013
1 3 1963 1964 2015 2014
1 3 1912 1913 1964 1963
1 3 1861 1862 1913 1912
1 3 1860 1861 1912 1911
1 3 1911 1912 1963 1962
1 3 1910 1911 1962 1961
1 3 1859 1860 1911 1910
1 3 1808 1809 1860 1859
1 3 1757 1758 1809 1808
1 3 1758 1759 1810 1809
1 3 1809 1810 1861 1860
1 3 1810 1811 1862 1861
1 3 1759 1760 1811 1810
1 3 1708 1709 1760 1759
1 3 1657 1658 1709 1708
1 3 1656 1657 1708 1707
1 3 1707 1708 1759 1758
1 3 1706 1707 1758 1757
1 3 1655 1656 1707 1706
1 3 1654 1655 1706 1705
1 3 1705 1706 1757 1756
1 3 1704 1705 1756 1755
1 3 1653 1654 1705 1704
1 3 1652 1653 1704 1703
1 3 1703 1704 1755 1754
1 3 1754 1755 1806 1805
1 3 1805 1806 1857 1856
1 3 1806 1807 1858 1857
1 3 1755 1756 1807 1806
1 3 1756 1757 1808 1807
1 3 1807 1808 1859 1858
1 3 1858 1859 1910 1909
1 3 1909 1910 1961 1960
1 3 1908 1909 1960 1959
1 3 1857 1858 1909 1908
1 3 1856 1857 1908 1907
1 3 1907 1908 1959 1958
1 3 1906 1907 1958 1957
1 3 1905 1906 1957 1956
1 3 1854 1855 1906 1905
1 3 1855 1856 1907 1906
1 3 1804 1805 1856 1855
1 3 1803 1804 1855 1854
1 3 1802 1803 1854 1853
1 3 1801 1802 1853 1852
1 3 1852 1853 1904 1903
1 3 1853 1854 1905 1904
1 3 1904 1905 1956 1955
1 3 1903 1904 1955 1954
1 3 1902 1903 1954 1953
1 3 1851 1852 1903 1902
1 3 1850 1851 1902 1901
1 3 1901 1902 1953 1952
1 3 1900 1901 1952 1951
1 3 1849 1850 1901 1900
1 3 1798 1799 1850 1849
1 3 1747 1748 1799 1798
1 3 1748 1749 1800 1799
1 3 1799 1800 1851 1850
1 3 1800 1801 1852 1851
1 3 1749 1750 1801 1800
1 3 1698 1699 1750 1749
1 3 1697 1698 1749 1748
1 3 1696 1697 1748 1747
1 3 1645 1646 1697 1696
1 3 1646 1647 1698 1697
1 3 1647 1648 1699 1698
1 3 1648 1649 1700 1699
1 3 1649 1650 1701 1700
1 3 1700 1701 1752 1751
1 3 1699 1700 1751 1750
1 3 1750 1751 1802 1801
1 3 1751 1752 1803 1802
1 3 1752 1753 1804 1803
1 3 1753 1754 1805 1804
1 3 1702 1703 1754 1753
1 3 1701 1702 1753 1752
1 3 1650 1651 1702 1701
1 3 1651 1652 1703 1702
1 3 1600 1601 1652 1651
1 3 1599 1600 1651 1650
1 3 1548 1549 1600 1599
1 3 1549 1550 1601 1600
1 3 1498 1499 1550 1549
1 3 1497 1498 1549 1548
1 3 1496 1497 1548 1547
1 3 1495 1496 1547 1546
1 3 1546 1547 1598 1597
1 3 1547 1548 1599 1598
1 3 1598 1599 1650 1649
1 3 1597 1598 1649 1648
1 3 1596 1597 1648 1647
1 3 1545 1546 1597 1596
1 3 1544 1545 1596 1595
1 3 1595 1596 1647 1646
1 3 1594 1595 1646 1645
1 3 1543 1544 1595 1594
1 3 1492 1493 1544 1543
1 3 1441 1442 1493 1492
1 3 1442 1443 1494 1493
1 3 1493 1494 1545 1544
1 3 1494 1495 1546 1545
1 3 1443 1444 1495 1494
1 3 1392 1393 1444 1443
1 3 1391 1392 1443 1442
1 3 1390 1391 1442 1441
1 3 1339 1340 1391 1390
1 3 1340 1341 1392 1391
1 3 1341 1342 1393 1392
1 3 1342 1343 1394 1393
1 3 1343 1344 1395 1394
1 3 1394 1395 1446 1445
1 3 1393 1394 1445 1444
1 3 1444 1445 1496 1495
1 3 1445 1446 1497 1496
1 3 1446 1447 1498 1497
1 3 1447 1448 1499 1498
1 3 1396 1397 1448 1447
1 3 1395 1396 1447 1446
1 3 1344 1345 1396 1395
1 3 1345 1346 1397 1396
1 3 1346 1347 1398 1397
1 3 1397 1398 1449 1448
1 3 1398 1399 1450 1449
1 3 1347 1348 1399 1398
1 3 1348 1349 1400 1399
1 3 1399 1400 1451 1450
1 3 1450 1451 1502 1501
1 3 1501 1502 1553 1552
1 3 1500 1501 1552 1551
1 3 1449 1450 1501 1500
1 3 1448 1449 1500 1499
1 3 1499 1500 1551 1550
1 3 1550 1551 1602 1601
1 3 1601 1602 1653 1652
1 3 1602 1603 1654 1653
1 3 1551 1552 1603 1602
1 3 1552 1553 1604 1603
1 3 1603 1604 1655 1654
1 3 1604 1605 1656 1655
1 3 1553 1554 1605 1604
1 3 1554 1555 1606 1605
1 3 1605 1606 1657 1656
1 3 1606 1607 1658 1657
1 3 1555 1556 1607 1606
1 3 1504 1505 1556 1555
1 3 1453 1454 1505 1504
1 3 1452 1453 1504 1503
1 3 1503 1504 1555 1554
1 3 1502 1503 1554 1553
1 3 1451 1452 1503 1502
1 3 1400 1401 1452 1451
1 3 1349 1350 1401 1400
1 3 1350 1351 1402 1401
1 3 1401 1402 1453 1452
1 3 1402 1403 1454 1453
1 3 1351 1352 1403 1402
1 3 1352 1353 1404 1403
1 3 1403 1404 1455 1454
1 3 1404 1405 1456 1455
1 3 1353 1354 1405 1404
1 3 1354 1355 1406 1405
1 3 1405 1406 1457 1456
1 3 1456 1457 1508 1507
1 3 1507 1508 1559 1558
1 3 1506 1507 1558 1557
1 3 1455 1456 1507 1506
1 3 1454 1455 1506 1505
1 3 1505 1506 1557 1556
1 3 1556 1557 1608 1607
1 3 1607 1608 1659 1658
1 3 1608 1609 1660 1659
1 3 1557 1558 1609 1608
1 3 1558 1559 1610 1609
1 3 1609 1610 1661 1660
1 3 1610 1611 1662 1661
1 3 1559 1560 1611 1610
1 3 1560 1561 1612 1611
1 3 1611 1612 1663 1662
1 3 1612 1613 1664 1663
1 3 1561 1562 1613 1612
1 3 1510 1511 1562 1561
1 3 1459 1460 1511 1510
1 3 1458 1459 1510 1509
1 3 1509 1510 1561 1560
1 3 1508 1509 1560 1559
1 3 1457 1458 1509 1508
1 3 1406 1407 1458 1457
1 3 1355 1356 1407 1406
1 3 1356 1357 1408 1407
1 3 1407 1408 1459 1458
1 3 1408 1409 1460 1459
1 3 1357 1358 1409 1408
1 3 1358 1359 1410 1409
1 3 1359 1360 1411 1410
1 3 1410 1411 1462 1461
1 3 1409 1410 1461 1460
1 3 1460 1461 1512 1511
1 3 1461 1462 1513 1512
1 3 1462 1463 1514 1513
1 3 1463 1464 1515 1514
1 3 1412 1413 1464 1463
1 3 1411 1412 1463 1462
1 3 1360 1361 1412 1411
1 3 1361 1362 1413 1412
1 3 1362 1363 1414 1413
1 3 1363 1364 1415 1414
1 3 1414 1415 1466 1465
1 3 1413 1414 1465 1464
1 3 1464 1465 1516 1515
1 3 1465 1466 1517 1516
1 3 1516 1517 1568 1567
1 3 1515 1516 1567 1566
1 3 1566 1567 1618 1617
1 3 1567 1568 1619 1618
1 3 1618 1619 1670 1669
1 3 1617 1618 1669 1668
1 3 1616 1617 1668 1667
1 3 1615 1616 1667 1666
1 3 1564 1565 1616 1615
1 3 1565 1566 1617 1616
1 3 1514 1515 1566 1565
1 3 1513 1514 1565 1564
1 3 1512 1513 1564 1563
1 3 1511 1512 1563 1562
1 3 1562 1563 1614 1613
1 3 1563 1564 1615 1614
1 3 1614 1615 1666 1665
1 3 1613 1614 1665 1664
1 3 1664 1665 1716 1715
1 3 1665 1666 1717 1716
1 3 1716 1717 1768 1767
1 3 1715 1716 1767 1766
1 3 1766 1767 1818 1817
1 3 1767 1768 1819 1818
1 3 1768 1769 1820 1819
1 3 1769 1770 1821 1820
1 3 1718 1719 1770 1769
1 3 1717 1718 1769 1768
1 3 1666 1667 1718 1717
1 3 1667 1668 1719 1718
1 3 1668 1669 1720 1719
1 3 1669 1670 1721 1720
1 3 1720 1721 1772 1771
1 3 1719 1720 1771 1770
1 3 1770 1771 1822 1821
1 3 1771 1772 1823 1822
1 3 1822 1823 1874 1873
1 3 1821 1822 1873 1872
1 3 1872 1873 1924 1923
1 3 1873 1874 1925 1924
1 3 1924 1925 1976 1975
1 3 1923 1924 1975 1974
1 3 1922 1923 1974 1973
1 3 1921 1922 1973 1972
1 3 1870 1871 1922 1921
1 3 1871 1872 1923 1922
1 3 1820 1821 1872 1871
1 3 1819 1820 1871 1870
1 3 1818 1819 1870 1869
1 3 1817 1818 1869 1868
1 3 1868 1869 1920 1919
1 3 1869 1870 1921 1920
1 3 1920 1921 1972 1971
1 3 1919 1920 1971 1970
1 3 1918 1919 1970 1969
1 3 1867 1868 1919 1918
1 3 1866 1867 1918 1917
1 3 1917 1918 1969 1968
1 3 1916 1917 1968 1967
1 3 1865 1866 1917 1916
1 3 1814 1815 1866 1865
1 3 1763 1764 1815 1814
1 3 1764 1765 1816 1815
1 3 1815 1816 1867 1866
1 3 1816 1817 1868 1867
1 3 1765 1766 1817 1816
1 3 1714 1715 1766 1765
1 3 1663 1664 1715 1714
1 3 1662 1663 1714 1713
1 3 1713 1714 1765 1764
1 3 1712 1713 1764 1763
1 3 1661 1662 1713 1712
1 3 1660 1661 1712 1711
1 3 1711 1712 1763 1762
1 3 1710 1711 1762 1761
1 3 1659 1660 1711 1710
1 3 1658 1659 1710 1709
1 3 1709 1710 1761 1760
1 3 1760 1761 1812 1811
1 3 1811 1812 1863 1862
1 3 1812 1813 1864 1863
1 3 1761 1762 1813 1812
1 3 1762 1763 1814 1813
1 3 1813 1814 1865 1864
1 3 1864 1865 1916 1915
1 3 1915 1916 1967 1966
1 3 1914 1915 1966 1965
1 3 1863 1864 1915 1914
1 3 1862 1863 1914 1913
1 3 1913 1914 1965 1964
1 3 1964 1965 2016 2015
1 3 1965 1966 2017 2016
1 3 2016 2017 2068 2067
1 3 2015 2016 2067 2066
1 3 2066 2067 2118 2117
1 3 2067 2068 2119 2118
1 3 2068 2069 2120 2119
1 3 2069 2070 2121 2120
1 3 2018 2019 2070 2069
1 3 2017 2018 2069 2068
1 3 1966 1967 2018 2017
1 3 1967 1968 2019 2018
1 3 1968 1969 2020 2019
1 3 1969 1970 2021 2020
1 3 2020 2021 2072 2071
1 3 2019 2020 2071 2070
1 3 2070 2071 2122 2121
1 3 2071 2072 2123 2122
1 3 2122 2123 2174 2173
1 3 2121 2122 2173 2172
1 3 2172 2173 2224 2223
1 3 2173 2174 2225 2224
1 3 2224 2225 2276 2275
1 3 2223 2224 2275 2274
1 3 2222 2223 2274 2273
1 3 2221 2222 2273 2272
1 3 2170 2171 2222 2221
1 3 2171 2172 2223 2222
1 3 2120 2121 2172 2171
1 3 2119 2120 2171 2170
1 3 2118 2119 2170 2169
1 3 2117 2118 2169 2168
1 3 2168 2169 2220 2219
1 3 2169 2170 2221 2220
1 3 2220 2221 2272 2271
1 3 2219 2220 2271 2270
1 3 2270 2271 2322 2321
1 3 2321 2322 2373 2372
1 3 2322 2323 2374 2373
1 3 2271 2272 2323 2322
1 3 2272 2273 2324 2323
1 3 2323 2324 2375 2374
1 3 2374 2375 2426 2425
1 3 2425 2426 2477 2476
1 3 2424 2425 2476 2475
1 3 2373 2374 2425 2424
1 3 2372 2373 2424 2423
1 3 2423 2424 2475 2474
1 3 2474 2475 2526 2525
1 3 2525 2526 2577 2576
1 3 2526 2527 2578 2577
1 3 2475 2476 2527 2526
1 3 2476 2477 2528 2527
1 3 2527 2528 2579 2578
1 3 2528 2529 2580 2579
1 3 2477 2478 2529 2528
1 3 2478 2479 2530 2529
1 3 2529 2530 2581 2580
1 3 2530 2531 2582 2581
1 3 2479 2480 2531 2530
1 3 2428 2429 2480 2479
1 3 2377 2378 2429 2428
1 3 2376 2377 2428 2427
1 3 2427 2428 2479 2478
1 3 2426 2427 2478 2477
1 3 2375 2376 2427 2426
1 3 2324 2325 2376 2375
1 3 2273 2274 2325 2324
1 3 2274 2275 2326 2325
1 3 2325 2326 2377 2376
1 3 2326 2327 2378 2377
1 3 2275 2276 2327 2326
1 3 2276 2277 2328 2327
1 3 2327 2328 2379 2378
1 3 2328 2329 2380 2379
1 3 2277 2278 2329 2328
1 3 2278 2279 2330 2329
1 3 2329 2330 2381 2380
1 3 2380 2381 2432 2431
1 3 2431 2432 2483 2482
1 3 2430 2431 2482 2481
1 3 2379 2380 2431 2430
1 3 2378 2379 2430 2429
1 3 2429 2430 2481 2480
1 3 2480 2481 2532 2531
1 3 2531 2532 2583 2582
1 3 2532 2533 2584 2583
1 3 2481 2482 2533 2532
1 3 2482 2483 2534 2533
1 3 2533 2534 2585 2584
1 3 2534 2535 2586 2585
1 3 2483 2484 2535 2534
1 3 2484 2485 2536 2535
1 3 2535 2536 2587 2586
1 3 2536 2537 2588 2587
1 3 2485 2486 2537 2536
1 3 2434 2435 2486 2485
1 3 2383 2384 2435 2434
1 3 2382 2383 2434 2433
1 3 2433 2434 2485 2484
1 3 2432 2433 2484 2483
1 3 2381 2382 2433 2432
1 3 2330 2331 2382 2381
1 3 2279 2280 2331 2330
1 3 2280 2281 2332 2331
1 3 2331 2332 2383 2382
1 3 2332 2333 2384 2383
1 3 2281 2282 2333 2332
1 3 2230 2231 2282 2281
1 3 2229 2230 2281 2280
1 3 2178 2179 2230 2229
1 3 2179 2180 2231 2230
1 3 2128 2129 2180 2179
1 3 2127 2128 2179 2178
1 3 2126 2127 2178 2177
1 3 2125 2126 2177 2176
1 3 2176 2177 2228 2227
1 3 2177 2178 2229 2228
1 3 2228 2229 2280 2279
1 3 2227 2228 2279 2278
1 3 2226 2227 2278 2277
1 3 2225 2226 2277 2276
1 3 2174 2175 2226 2225
1 3 2175 2176 2227 2226
1 3 2124 2125 2176 2175
1 3 2123 2124 2175 2174
1 3 2072 2073 2124 2123
1 3 2073 2074 2125 2124
1 3 2022 2023 2074 2073
1 3 2021 2022 2073 2072
1 3 1970 1971 2022 2021
1 3 1971 1972 2023 2022
1 3 1972 1973 2024 2023
1 3 1973 1974 2025 2024
1 3 2024 2025 2076 2075
1 3 2023 2024 2075 2074
1 3 2074 2075 2126 2125
1 3 2075 2076 2127 2126
1 3 2076 2077 2128 2127
1 3 2077 2078 2129 2128
1 3 2026 2027 2078 2077
1 3 2025 2026 2077 2076
1 3 1974 1975 2026 2025
1 3 1975 1976 2027 2026
1 3 1976 1977 2028 2027
1 3 1977 1978 2029 2028
1 3 2028 2029 2080 2079
1 3 2027 2028 2079 2078
1 3 2078 2079 2130 2129
1 3 2079 2080 2131 2130
1 3 2080 2081 2132 2131
1 3 2081 2082 2133 2132
1 3 2030 2031 2082 2081
1 3 2029 2030 2081 2080
1 3 1978 1979 2030 2029
1 3 1979 1980 2031 2030
1 3 1980 1981 2032 2031
1 3 1981 1982 2033 2032
1 3 2032 2033 2084 2083
1 3 2031 2032 2083 2082
1 3 2082 2083 2134 2133
1 3 2083 2084 2135 2134
1 3 2134 2135 2186 2185
1 3 2133 2134 2185 2184
1 3 2184 2185 2236 2235
1 3 2185 2186 2237 2236
1 3 2236 2237 2288 2287
1 3 2235 2236 2287 2286
1 3 2234 2235 2286 2285
1 3 2233 2234 2285 2284
1 3 2182 2183 2234 2233
1 3 2183 2184 2235 2234
1 3 2132 2133 2184 2183
1 3 2131 2132 2183 2182
1 3 2130 2131 2182 2181
1 3 2129 2130 2181 2180
1 3 2180 2181 2232 2231
1 3 2181 2182 2233 2232
1 3 2232 2233 2284 2283
1 3 2231 2232 2283 2282
1 3 2282 2283 2334 2333
1 3 2333 2334 2385 2384
1 3 2334 2335 2386 2385
1 3 2283 2284 2335 2334
1 3 2284 2285 2336 2335
1 3 2335 2336 2387 2386
1 3 2386 2387 2438 2437
1 3 2437 2438 2489 2488
1 3 2436 2437 2488 2487
1 3 2385 2386 2437 2436
1 3 2384 2385 2436 2435
1 3 2435 2436 2487 2486
1 3 2486 2487 2538 2537
1 3 2537 2538 2589 2588
1 3 2538 2539 2590 2589
1 3 2487 2488 2539 2538
1 3 2488 2489 2540 2539
1 3 2539 2540 2591 2590
1 3 2540 2541 2592 2591
1 3 2489 2490 2541 2540
1 3 2490 2491 2542 2541
1 3 2541 2542 2593 2592
1 3 2542 2543 2594 2593
1 3 2491 2492 2543 2542
1 3 2440 2441 2492 2491
1 3 2389 2390 2441 2440
1 3 2388 2389 2440 2439
1 3 2439 2440 2491 2490
1 3 2438 2439 2490 2489
1 3 2387 2388 2439 2438
1 3 2336 2337 2388 2387
1 3 2285 2286 2337 2336
1 3 2286 2287 2338 2337
1 3 2337 2338 2389 2388
1 3 2338 2339 2390 2389
1 3 2287 2288 2339 2338
1 3 2288 2289 2340 2339
1 3 2339 2340 2391 2390
1 3 2340 2341 2392 2391
1 3 2289 2290 2341 2340
1 3 2290 2291 2342 2341
1 3 2341 2342 2393 2392
1 3 2392 2393 2444 2443
1 3 2443 2444 2495 2494
1 3 2442 2443 2494 2493
1 3 2391 2392 2443 2442
1 3 2390 2391 2442 2441
1 3 2441 2442 2493 2492
1 3 2492 2493 2544 2543
1 3 2543 2544 2595 2594
1 3 2544 2545 2596 2595
1 3 2493 2494 2545 2544
1 3 2494 2495 2546 2545
1 3 2545 2546 2597 2596
1 3 2546 2547 2598 2597
1 3 2495 2496 2547 2546
1 3 2496 2497 2548 2547
1 3 2547 2548 2599 2598
1 3 2548 2549 2600 2599
1 3 2497 2498 2549 2548
1 3 2446 2447 2498 2497
1 3 2395 2396 2447 2446
1 3 2394 2395 2446 2445
1 3 2445 2446 2497 2496
1 3 2444 2445 2496 2495
1 3 2393 2394 2445 2444
1 3 2342 2343 2394 2393
1 3 2291 2292 2343 2342
1 3 2292 2293 2344 2343
1 3 2343 2344 2395 2394
1 3 2344 2345 2396 2395
1 3 2293 2294 2345 2344
1 3 2242 2243 2294 2293
1 3 2241 2242 2293 2292
1 3 2190 2191 2242 2241
1 3 2191 2192 2243 2242
1 3 2140 2141 2192 2191
1 3 2139 2140 2191 2190
1 3 2138 2139 2190 2189
1 3 2137 2138 2189 2188
1 3 2188 2189 2240 2239
1 3 2189 2190 2241 2240
1 3 2240 2241 2292 2291
1 3 2239 2240 2291 2290
1 3 2238 2239 2290 2289
1 3 2237 2238 2289 2288
1 3 2186 2187 2238 2237
1 3 2187 2188 2239 2238
1 3 2136 2137 2188 2187
1 3 2135 2136 2187 2186
1 3 2084 2085 2136 2135
1 3 2085 2086 2137 2136
1 3 2034 2035 2086 2085
1 3 2033 2034 2085 2084
1 3 1982 1983 2034 2033
1 3 1983 1984 2035 2034
1 3 1984 1985 2036 2035
1 3 1985 1986 2037 2036
1 3 2036 2037 2088 2087
1 3 2035 2036 2087 2086
1 3 2086 2087 2138 2137
1 3 2087 2088 2139 2138
1 3 2088 2089 2140 2139
1 3 2089 2090 2141 2140
1 3 2038 2039 2090 2089
1 3 2037 2038 2089 2088
1 3 1986 1987 2038 2037
1 3 1987 1988 2039 2038
1 3 1936 1937 1988 1987
1 3 1885 1886 1937 1936
1 3 1884 1885 1936 1935
1 3 1935 1936 1987 1986
1 3 1934 1935 1986 1985
1 3 1883 1884 1935 1934
1 3 1832 1833 1884 1883
1 3 1781 1782 1833 1832
1 3 1782 1783 1834 1833
1 3 1833 1834 1885 1884
1 3 1834 1835 1886 1885
1 3 1783 1784 1835 1834
1 3 1732 1733 1784 1783
1 3 1681 1682 1733 1732
1 3 1680 1681 1732 1731
1 3 1731 1732 1783 1782
1 3 1730 1731 1782 1781
1 3 1679 1680 1731 1730
1 3 1678 1679 1730 1729
1 3 1729 1730 1781 1780
1 3 1728 1729 1780 1779
1 3 1677 1678 1729 1728
1 3 1676 1677 1728 1727
1 3 1727 1728 1779 1778
1 3 1778 1779 1830 1829
1 3 1829 1830 1881 1880
1 3 1830 1831 1882 1881
1 3 1779 1780 1831 1830
1 3 1780 1781 1832 1831
1 3 1831 1832 1883 1882
1 3 1882 1883 1934 1933
1 3 1933 1934 1985 1984
1 3 1932 1933 1984 1983
1 3 1881 1882 1933 1932
1 3 1880 1881 1932 1931
1 3 1931 1932 1983 1982
1 3 1930 1931 1982 1981
1 3 1929 1930 1981 1980
1 3 1878 1879 1930 1929
1 3 1879 1880 1931 1930
1 3 1828 1829 1880 1879
1 3 1827 1828 1879 1878
1 3 1826 1827 1878 1877
1 3 1825 1826 1877 1876
1 3 1876 1877 1928 1927
1 3 1877 1878 1929 1928
1 3 1928 1929 1980 1979
1 3 1927 1928 1979 1978
1 3 1926 1927 1978 1977
1 3 1925 1926 1977 1976
1 3 1874 1875 1926 1925
1 3 1875 1876 1927 1926
1 3 1824 1825 1876 1875
1 3 1823 1824 1875 1874
1 3 1772 1773 1824 1823
1 3 1773 1774 1825 1824
1 3 1722 1723 1774 1773
1 3 1721 1722 1773 1772
1 3 1670 1671 1722 1721
1 3 1671 1672 1723 1722
1 3 1672 1673 1724 1723
1 3 1673 1674 1725 1724
1 3 1724 1725 1776 1775
1 3 1723 1724 1775 1774
1 3 1774 1775 1826 1825
1 3 1775 1776 1827 1826
1 3 1776 1777 1828 1827
1 3 1777 1778 1829 1828
1 3 1726 1727 1778 1777
1 3 1725 1726 1777 1776
1 3 1674 1675 1726 1725
1 3 1675 1676 1727 1726
1 3 1624 1625 1676 1675
1 3 1623 1624 1675 1674
1 3 1572 1573 1624 1623
1 3 1573 1574 1625 1624
1 3 1522 1523 1574 1573
1 3 1521 1522 1573 1572
1 3 1520 1521 1572 1571
1 3 1519 1520 1571 1570
1 3 1570 1571 1622 1621
1 3 1571 1572 1623 1622
1 3 1622 1623 1674 1673
1 3 1621 1622 1673 1672
1 3 1620 1621 1672 1671
1 3 1619 1620 1671 1670
1 3 1568 1569 1620 1619
1 3 1569 1570 1621 1620
1 3 1518 1519 1570 1569
1 3 1517 1518 1569 1568
1 3 1466 1467 1518 1517
1 3 1467 1468 1519 1518
1 3 1416 1417 1468 1467
1 3 1415 1416 1467 1466
1 3 1364 1365 1416 1415
1 3 1365 1366 1417 1416
1 3 1366 1367 1418 1417
1 3 1367 1368 1419 1418
1 3 1418 1419 1470 1469
1 3 1417 1418 1469 1468
1 3 1468 1469 1520 1519
1 3 1469 1470 1521 1520
1 3 1470 1471 1522 1521
1 3 1471 1472 1523 1522
1 3 1420 1421 1472 1471
1 3 1419 1420 1471 1470
1 3 1368 1369 1420 1419
1 3 1369 1370 1421 1420
1 3 1370 1371 1422 1421
1 3 1421 1422 1473 1472
1 3 1422 1423 1474 1473
1 3 1371 1372 1423 1422
1 3 1372 1373 1424 1423
1 3 1423 1424 1475 1474
1 3 1474 1475 1526 1525
1 3 1525 1526 1577 1576
1 3 1524 1525 1576 1575
1 3 1473 1474 1525 1524
1 3 1472 1473 1524 1523
1 3 1523 1524 1575 1574
1 3 1574 1575 1626 1625
1 3 1625 1626 1677 1676
1 3 1626 1627 1678 1677
1 3 1575 1576 1627 1626
1 3 1576 1577 1628 1627
1 3 1627 1628 1679 1678
1 3 1628 1629 1680 1679
1 3 1577 1578 1629 1628
1 3 1578 1579 1630 1629
1 3 1629 1630 1681 1680
1 3 1630 1631 1682 1681
1 3 1579 1580 1631 1630
1 3 1528 1529 1580 1579
1 3 1477 1478 1529 1528
1 3 1476 1477 1528 1527
1 3 1527 1528 1579 1578
1 3 1526 1527 1578 1577
1 3 1475 1476 1527 1526
1 3 1424 1425 1476 1475
1 3 1373 1374 1425 1424
1 3 1374 1375 1426 1425
1 3 1425 1426 1477 1476
1 3 1426 1427 1478 1477
1 3 1375 1376 1427 1426
1 3 1324 1325 1376 1375
1 3 1323 1324 1375 1374
1 3 1272 1273 1324 1323
1 3 1273 1274 1325 1324
1 3 1222 1223 1274 1273
1 3 1221 1222 1273 1272
1 3 1220 1221 1272 1271
1 3 1219 1220 1271 1270
1 3 1270 1271 1322 1321
1 3 1271 1272 1323 1322
1 3 1322 1323 1374 1373
1 3 1321 1322 1373 1372
1 3 1320 1321 1372 1371
1 3 1319 1320 1371 1370
1 3 1268 1269 1320 1319
1 3 1269 1270 1321 1320
1 3 1218 1219 1270 1269
1 3 1217 1218 1269 1268
1 3 1166 1167 1218 1217
1 3 1167 1168 1219 1218
1 3 1116 1117 1168 1167
1 3 1115 1116 1167 1166
1 3 1064 1065 1116 1115
1 3 1065 1066 1117 1116
1 3 1066 1067 1118 1117
1 3 1067 1068 1119 1118
1 3 1118 1119 1170 1169
1 3 1117 1118 1169 1168
1 3 1168 1169 1220 1219
1 3 1169 1170 1221 1220
1 3 1170 1171 1222 1221
1 3 1171 1172 1223 1222
1 3 1120 1121 1172 1171
1 3 1119 1120 1171 1170
1 3 1068 1069 1120 1119
1 3 1069 1070 1121 1120
1 3 1018 1019 1070 1069
1 3 967 968 1019 1018
1 3 966 967 1018 1017
1 3 1017 1018 1069 1068
1 3 1016 1017 1068 1067
1 3 965 966 1017 1016
1 3 914 915 966 965
1 3 863 864 915 914
1 3 864 865 916 915
1 3 915 916 967 966
1 3 916 917 968 967
1 3 865 866 917 916
1 3 814 815 866 865
1 3 813 814 865 864
1 3 762 763 814 813
1 3 763 764 815 814
1 3 712 713 764 763
1 3 711 712 763 762
1 3 710 711 762 761
1 3 709 710 761 760
1 3 760 761 812 811
1 3 761 762 813 812
1 3 812 813 864 863
1 3 811 812 863 862
1 3 810 811 862 861
1 3 759 760 811 810
1 3 708 709 760 759
1 3 707 708 759 758
1 3 758 759 810 809
1 3 809 810 861 860
1 3 860 861 912 911
1 3 911 912 963 962
1 3 912 913 964 963
1 3 861 862 913 912
1 3 862 863 914 913
1 3 913 914 965 964
1 3 964 965 1016 1015
1 3 1015 1016 1067 1066
1 3 1014 1015 1066 1065
1 3 963 964 1015 1014
1 3 962 963 1014 1013
1 3 1013 1014 1065 1064
1 3 1012 1013 1064 1063
1 3 961 962 1013 1012
1 3 960 961 1012 1011
1 3 1011 1012 1063 1062
1 3 1010 1011 1062 1061
1 3 959 960 1011 1010
1 3 908 909 960 959
1 3 857 858 909 908
1 3 858 859 910 909
1 3 909 910 961 960
1 3 910 911 962 961
1 3 859 860 911 910
1 3 808 809 860 859
1 3 807 808 859 858
1 3 756 757 808 807
1 3 757 758 809 808
1 3 706 707 758 757
1 3 705 706 757 756
1 3 704 705 756 755
1 3 703 704 755 754
1 3 754 755 806 805
1 3 755 756 807 806
1 3 806 807 858 857
1 3 805 806 857 856
1 3 804 805 856 855
1 3 753 754 805 804
1 3 702 703 754 753
1 3 701 702 753 752
1 3 752 753 804 803
1 3 803 804 855 854
1 3 854 855 906 905
1 3 905 906 957 956
1 3 906 907 958 957
1 3 855 856 907 906
1 3 856 857 908 907
1 3 907 908 959 958
1 3 958 959 1010 1009
1 3 1009 1010 1061 1060
1 3 1008 1009 1060 1059
1 3 957 958 1009 1008
1 3 956 957 1008 1007
1 3 1007 1008 1059 1058
1 3 1058 1059 1110 1109
1 3 1059 1060 1111 1110
1 3 1110 1111 1162 1161
1 3 1109 1110 1161 1160
1 3 1160 1161 1212 1211
1 3 1161 1162 1213 1212
1 3 1162 1163 1214 1213
1 3 1163 1164 1215 1214
1 3 1112 1113 1164 1163
1 3 1111 1112 1163 1162
1 3 1060 1061 1112 1111
1 3 1061 1062 1113 1112
1 3 1062 1063 1114 1113
1 3 1063 1064 1115 1114
1 3 1114 1115 1166 1165
1 3 1113 1114 1165 1164
1 3 1164 1165 1216 1215
1 3 1165 1166 1217 1216
1 3 1216 1217 1268 1267
1 3 1215 1216 1267 1266
1 3 1266 1267 1318 1317
1 3 1267 1268 1319 1318
1 3 1318 1319 1370 1369
1 3 1317 1318 1369 1368
1 3 1316 1317 1368 1367
1 3 1315 1316 1367 1366
1 3 1264 1265 1316 1315
1 3 1265 1266 1317 1316
1 3 1214 1215 1266 1265
1 3 1213 1214 1265 1264
1 3 1212 1213 1264 1263
1 3 1211 1212 1263 1262
1 3 1262 1263 1314 1313
1 3 1263 1264 1315 1314
1 3 1314 1315 1366 1365
1 3 1313 1314 1365 1364
1 3 1312 1313 1364 1363
1 3 1261 1262 1313 1312
1 3 1260 1261 1312 1311
1 3 1311 1312 1363 1362
1 3 1310 1311 1362 1361
1 3 1259 1260 1311 1310
1 3 1208 1209 1260 1259
1 3 1157 1158 1209 1208
1 3 1158 1159 1210 1209
1 3 1209 1210 1261 1260
1 3 1210 1211 1262 1261
1 3 1159 1160 1211 1210
1 3 1108 1109 1160 1159
1 3 1107 1108 1159 1158
1 3 1056 1057 1108 1107
1 3 1057 1058 1109 1108
1 3 1006 1007 1058 1057
1 3 1005 1006 1057 1056
1 3 1004 1005 1056 1055
1 3 1003 1004 1055 1054
1 3 1054 1055 1106 1105
1 3 1055 1056 1107 1106
1 3 1106 1107 1158 1157
1 3 1105 1106 1157 1156
1 3 1104 1105 1156 1155
1 3 1053 1054 1105 1104
1 3 1002 1003 1054 1053
1 3 1001 1002 1053 1052
1 3 1052 1053 1104 1103
1 3 1103 1104 1155 1154
1 3 1154 1155 1206 1205
1 3 1205 1206 1257 1256
1 3 1206 1207 1258 1257
1 3 1155 1156 1207 1206
1 3 1156 1157 1208 1207
1 3 1207 1208 1259 1258
1 3 1258 1259 1310 1309
1 3 1309 1310 1361 1360
1 3 1308 1309 1360 1359
1 3 1257 1258 1309 1308
1 3 1256 1257 1308 1307
1 3 1307 1308 1359 1358
1 3 1306 1307 1358 1357
1 3 1305 1306 1357 1356
1 3 1254 1255 1306 1305
1 3 1255 1256 1307 1306
1 3 1204 1205 1256 1255
1 3 1153 1154 1205 1204
1 3 1152 1153 1204 1203
1 3 1203 1204 1255 1254
1 3 1202 1203 1254 1253
1 3 1151 1152 1203 1202
1 3 1150 1151 1202 1201
1 3 1201 1202 1253 1252
1 3 1252 1253 1304 1303
1 3 1253 1254 1305 1304
1 3 1304 1305 1356 1355
1 3 1303 1304 1355 1354
1 3 1302 1303 1354 1353
1 3 1251 1252 1303 1302
1 3 1250 1251 1302 1301
1 3 1301 1302 1353 1352
1 3 1300 1301 1352 1351
1 3 1249 1250 1301 1300
1 3 1198 1199 1250 1249
1 3 1147 1148 1199 1198
1 3 1148 1149 1200 1199
1 3 1199 1200 1251 1250
1 3 1200 1201 1252 1251
1 3 1149 1150 1201 1200
1 3 1098 1099 1150 1149
1 3 1047 1048 1099 1098
1 3 1046 1047 1098 1097
1 3 1097 1098 1149 1148
1 3 1096 1097 1148 1147
1 3 1045 1046 1097 1096
1 3 994 995 1046 1045
1 3 943 944 995 994
1 3 944 945 996 995
1 3 995 996 1047 1046
1 3 996 997 1048 1047
1 3 945 946 997 996
1 3 946 947 998 997
1 3 947 948 999 998
1 3 998 999 1050 1049
1 3 997 998 1049 1048
1 3 1048 1049 1100 1099
1 3 1099 1100 1151 1150
1 3 1100 1101 1152 1151
1 3 1049 1050 1101 1100
1 3 1050 1051 1102 1101
1 3 1101 1102 1153 1152
1 3 1102 1103 1154 1153
1 3 1051 1052 1103 1102
1 3 1000 1001 1052 1051
1 3 999 1000 1051 1050
1 3 948 949 1000 999
1 3 949 950 1001 1000
1 3 898 899 950 949
1 3 897 898 949 948
1 3 846 847 898 897
1 3 847 848 899 898
1 3 796 797 848 847
1 3 795 796 847 846
1 3 794 795 846 845
1 3 793 794 845 844
1 3 844 845 896 895
1 3 845 846 897 896
1 3 896 897 948 947
1 3 895 896 947 946
1 3 894 895 946 945
1 3 843 844 895 894
1 3 842 843 894 893
1 3 893 894 945 944
1 3 892 893 944 943
1 3 841 842 893 892
1 3 790 791 842 841
1 3 739 740 791 790
1 3 740 741 792 791
1 3 791 792 843 842
1 3 792 793 844 843
1 3 741 742 793 792
1 3 690 691 742 741
1 3 689 690 741 740
1 3 688 689 740 739
1 3 637 638 689 688
1 3 638 639 690 689
1 3 639 640 691 690
1 3 640 641 692 691
1 3 641 642 693 692
1 3 692 693 744 743
1 3 691 692 743 742
1 3 742 743 794 793
1 3 743 744 795 794
1 3 744 745 796 795
1 3 745 746 797 796
1 3 694 695 746 745
1 3 693 694 745 744
1 3 642 643 694 693
1 3 643 644 695 694
1 3 644 645 696 695
1 3 695 696 747 746
1 3 696 697 748 747
1 3 645 646 697 696
1 3 646 647 698 697
1 3 697 698 749 748
1 3 748 749 800 799
1 3 799 800 851 850
1 3 798 799 850 849
1 3 747 748 799 798
1 3 746 747 798 797
1 3 797 798 849 848
1 3 848 849 900 899
1 3 849 850 901 900
1 3 900 901 952 951
1 3 899 900 951 950
1 3 950 951 1002 1001
1 3 951 952 1003 1002
1 3 952 953 1004 1003
1 3 953 954 1005 1004
1 3 902 903 954 953
1 3 901 902 953 952
1 3 850 851 902 901
1 3 851 852 903 902
1 3 852 853 904 903
1 3 903 904 955 954
1 3 954 955 1006 1005
1 3 955 956 1007 1006
1 3 904 905 956 955
1 3 853 854 905 904
1 3 802 803 854 853
1 3 751 752 803 802
1 3 750 751 802 801
1 3 801 802 853 852
1 3 800 801 852 851
1 3 749 750 801 800
1 3 698 699 750 749
1 3 647 648 699 698
1 3 648 649 700 699
1 3 699 700 751 750
1 3 700 701 752 751
1 3 649 650 701 700
1 3 598 599 650 649
1 3 547 548 599 598
1 3 546 547 598 597
1 3 597 598 649 648
1 3 596 597 648 647
1 3 545 546 597 596
1 3 494 495 546 545
1 3 443 444 495 494
1 3 444 445 496 495
1 3 495 496 547 546
1 3 496 497 548 547
1 3 445 446 497 496
1 3 394 395 446 445
1 3 343 344 395 394
1 3 342 343 394 393
1 3 393 394 445 444
1 3 392 393 444 443
1 3 341 342 393 392
1 3 340 341 392 391
1 3 391 392 443 442
1 3 390 391 442 441
1 3 339 340 391 390
1 3 338 339 390 389
1 3 389 390 441 440
1 3 440 441 492 491
1 3 491 492 543 542
1 3 492 493 544 543
1 3 441 442 493 492
1 3 442 443 494 493
1 3 493 494 545 544
1 3 544 545 596 595
1 3 595 596 647 646
1 3 594 595 646 645
1 3 543 544 595 594
1 3 542 543 594 593
1 3 593 594 645 644
1 3 592 593 644 643
1 3 591 592 643 642
1 3 540 541 592 591
1 3 541 542 593 592
1 3 490 491 542 541
1 3 489 490 541 540
1 3 488 489 540 539
1 3 487 488 539 538
1 3 538 539 590 589
1 3 539 540 591 590
1 3 590 591 642 641
1 3 589 590 641 640
1 3 588 589 640 639
1 3 537 538 589 588
1 3 536 537 588 587
1 3 587 588 639 638
1 3 586 587 638 637
1 3 535 536 587 586
1 3 484 485 536 535
1 3 433 434 485 484
1 3 434 435 486 485
1 3 485 486 537 536
1 3 486 487 538 537
1 3 435 436 487 486
1 3 384 385 436 435
1 3 383 384 435 434
1 3 382 383 434 433
1 3 331 332 383 382
1 3 332 333 384 383
1 3 333 334 385 384
1 3 334 335 386 385
1 3 335 336 387 386
1 3 386 387 438 437
1 3 385 386 437 436
1 3 436 437 488 487
1 3 437 438 489 488
1 3 438 439 490 489
1 3 439 440 491 490
1 3 388 389 440 439
1 3 387 388 439 438
1 3 336 337 388 387
1 3 337 338 389 388
1 3 286 287 338 337
1 3 285 286 337 336
1 3 234 235 286 285
1 3 235 236 287 286
1 3 184 185 236 235
1 3 183 184 235 234
1 3 182 183 234 233
1 3 181 182 233 232
1 3 232 233 284 283
1 3 233 234 285 284
1 3 284 285 336 335
1 3 283 284 335 334
1 3 282 283 334 333
1 3 231 232 283 282
1 3 230 231 282 281
1 3 281 282 333 332
1 3 280 281 332 331
1 3 229 230 281 280
1 3 178 179 230 229
1 3 127 128 179 178
1 3 128 129 180 179
1 3 179 180 231 230
1 3 180 181 232 231
1 3 129 130 181 180
1 3 78 79 130 129
1 3 77 78 129 128
1 3 76 77 128 127
1 3 25 26 77 76
1 3 26 27 78 77
1 3 27 28 79 78
1 3 28 29 80 79
1 3 29 30 81 80
1 3 80 81 132 131
1 3 79 80 131 130
1 3 130 131 182 181
1 3 131 132 183 182
1 3 132 133 184 183
1 3 133 134 185 184
1 3 82 83 134 133
1 3 81 82 133 132
1 3 30 31 82 81
1 3 31 32 83 82
1 3 32 33 84 83
1 3 83 84 135 134
1 3 84 85 136 135
1 3 33 34 85 84
1 3 34 35 86 85
1 3 85 86 137 136
1 3 136 137 188 187
1 3 187 188 239 238
1 3 186 187 238 237
1 3 135 136 187 186
1 3 134 135 186 185
1 3 185 186 237 236
1 3 236 237 288 287
1 3 287 288 339 338
1 3 288 289 340 339
1 3 237 238 289 288
1 3 238 239 290 289
1 3 289 290 341 340
1 3 290 291 342 341
1 3 239 240 291 290
1 3 240 241 292 291
1 3 291 292 343 342
1 3 292 293 344 343
1 3 241 242 293 292
1 3 190 191 242 241
1 3 139 140 191 190
1 3 138 139 190 189
1 3 189 190 241 240
1 3 188 189 240 239
1 3 137 138 189 188
1 3 86 87 138 137
1 3 35 36 87 86
1 3 36 37 88 87
1 3 87 88 139 138
1 3 88 89 140 139
1 3 37 38 89 88
1 3 38 39 90 89
1 3 39 40 91 90
1 3 90 91 142 141
1 3 89 90 141 140
1 3 140 141 192 191
1 3 141 142 193 192
1 3 142 143 194 193
1 3 143 144 195 194
1 3 92 93 144 143
1 3 91 92 143 142
1 3 40 41 92 91
1 3 41 42 93 92
1 3 42 43 94 93
1 3 43 44 95 94
1 3 94 95 146 145
1 3 93 94 145 144
1 3 144 145 196 195
1 3 145 146 197 196
1 3 196 197 248 247
1 3 195 196 247 246
1 3 246 247 298 297
1 3 247 248 299 298
1 3 298 299 350 349
1 3 297 298 349 348
1 3 296 297 348 347
1 3 295 296 347 346
1 3 244 245 296 295
1 3 245 246 297 296
1 3 194 195 246 245
1 3 193 194 245 244
1 3 192 193 244 243
1 3 191 192 243 242
1 3 242 243 294 293
1 3 243 244 295 294
1 3 294 295 346 345
1 3 293 294 345 344
1 3 344 345 396 395
1 3 395 396 447 446
1 3 396 397 448 447
1 3 345 346 397 396
1 3 346 347 398 397
1 3 397 398 449 448
1 3 448 449 500 499
1 3 499 500 551 550
1 3 498 499 550 549
1 3 447 448 499 498
1 3 446 447 498 497
1 3 497 498 549 548
1 3 548 549 600 599
1 3 549 550 601 600
1 3 600 601 652 651
1 3 599 600 651 650
1 3 650 651 702 701
1 3 651 652 703 702
1 3 652 653 704 703
1 3 653 654 705 704
1 3 602 603 654 653
1 3 601 602 653 652
1 3 550 551 602 601
1 3 551 552 603 602
1 3 552 553 604 603
1 3 603 604 655 654
1 3 654 655 706 705
1 3 655 656 707 706
1 3 604 605 656 655
1 3 553 554 605 604
1 3 502 503 554 553
1 3 451 452 503 502
1 3 450 451 502 501
1 3 501 502 553 552
1 3 500 501 552 551
1 3 449 450 501 500
1 3 398 399 450 449
1 3 347 348 399 398
1 3 348 349 400 399
1 3 399 400 451 450
1 3 400 401 452 451
1 3 349 350 401 400
1 3 350 351 402 401
1 3 401 402 453 452
1 3 402 403 454 453
1 3 351 352 403 402
1 3 352 353 404 403
1 3 403 404 455 454
1 3 454 455 506 505
1 3 505 506 557 556
1 3 504 505 556 555
1 3 453 454 505 504
1 3 452 453 504 503
1 3 503 504 555 554
1 3 554 555 606 605
1 3 555 556 607 606
1 3 606 607 658 657
1 3 605 606 657 656
1 3 656 657 708 707
1 3 657 658 709 708
1 3 658 659 710 709
1 3 659 660 711 710
1 3 608 609 660 659
1 3 607 608 659 658
1 3 556 557 608 607
1 3 557 558 609 608
1 3 558 559 610 609
1 3 609 610 661 660
1 3 660 661 712 711
1 3 661 662 713 712
1 3 610 611 662 661
1 3 559 560 611 610
1 3 508 509 560 559
1 3 457 458 509 508
1 3 456 457 508 507
1 3 507 508 559 558
1 3 506 507 558 557
1 3 455 456 507 506
1 3 404 405 456 455
1 3 353 354 405 404
1 3 354 355 406 405
1 3 405 406 457 456
1 3 406 407 458 457
1 3 355 356 407 406
1 3 304 305 356 355
1 3 303 304 355 354
1 3 252 253 304 303
1 3 253 254 305 304
1 3 202 203 254 253
1 3 201 202 253 252
1 3 200 201 252 251
1 3 199 200 251 250
1 3 250 251 302 301
1 3 251 252 303 302
1 3 302 303 354 353
1 3 301 302 353 352
1 3 300 301 352 351
1 3 299 300 351 350
1 3 248 249 300 299
1 3 249 250 301 300
1 3 198 199 250 249
1 3 197 198 249 248
1 3 146 147 198 197
1 3 147 148 199 198
1 3 96 97 148 147
1 3 95 96 147 146
1 3 44 45 96 95
1 3 45 46 97 96
1 3 46 47 98 97
1 3 47 48 99 98
1 3 98 99 150 149
1 3 97 98 149 148
1 3 148 149 200 199
1 3 149 150 201 200
1 3 150 151 202 201
1 3 151 152 203 202
1 3 100 101 152 151
1 3 99 100 151 150
1 3 48 49 100 99
1 3 49 50 101 100

boundary
200
1 1 0 1
1 1 1 2
1 1 2 3
1 1 3 4
1 1 4 5
1 1 5 6
1 1 6 7
1 1 7 8
1 1 8 9
1 1 9 10
1 1 10 11
1 1 11 12
1 1 12 13
1 1 13 14
1 1 14 15
1 1 15 16
1 1 16 17
1 1 17 18
1 1 18 19
1 1 19 20
1 1 20 21
1 1 21 22
1 1 22 23
1 1 23 24
1 1 24 25
1 1 25 26
1 1 26 27
1 1 27 28
1 1 28 29
1 1 29 30
1 1 30 31
1 1 31 32
1 1 32 33
1 1 33 34
1 1 34 35
1 1 35 36
1 1 36 37
1 1 37 38
1 1 38 39
1 1 39 40
1 1 40 41
1 1 41 42
1 1 42 43
1 1 43 44
1 1 44 45
1 1 45 46
1 1 46 47
1 1 47 48
1 1 48 49
1 1 49 50
3 1 2551 2550
3 1 2552 2551
3 1 2553 2552
3 1 2554 2553
3 1 2555 2554
3 1 2556 2555
3 1 2557 2556
3 1 2558 2557
3 1 2559 2558
3 1 2560 2559
3 1 2561 2560
3 1 2562 2561
3 1 2563 2562
3 1 2564 2563
3 1 2565 2564
3 1 2566 2565
3 1 2567 2566
3 1 2568 2567
3 1 2569 2568
3 1 2570 2569
3 1 2571 2570
3 1 2572 2571
3 1 2573 2572
3 1 2574 2573
3 1 2575 2574
3 1 2576 2575
3 1 2577 2576
3 1 2578 2577
3 1 2579 2578
3 1 2580 2579
3 1 2581 2580
3 1 2582 2581
3 1 2583 2582
3 1 2584 2583
3 1 2585 2584
3 1 2586 2585
3 1 2587 2586
3 1 2588 2587
3 1 2589 2588
3 1 2590 2589
3 1 2591 2590
3 1 2592 2591
3 1 2593 2592
3 1 2594 2593
3 1 2595 2594
3 1 2596 2595
3 1 2597 2596
3 1 2598 2597
3 1 2599 2598
3 1 2600 2599
4 1 51 0
4 1 102 51
4 1 153 102
4 1 204 153
4 1 255 204
4 1 306 255
4 1 357 306
4 1 408 357
4 1 459 408
4 1 510 459
4 1 561 510
4 1 612 561
4 1 663 612
4 1 714 663
4 1 765 714
4 1 816 765
4 1 867 816
4 1 918 867
4 1 969 918
4 1 1020 969
4 1 1071 1020
4 1 1122 1071
4 1 1173 1122
4 1 1224 1173
4 1 1275 1224
4 1 1326 1275
4 1 1377 1326
4 1 1428 1377
4 1 1479 1428
4 1 1530 1479
4 1 1581 1530
4 1 1632 1581
4 1 1683 1632
4 1 1734 1683
4 1 1785 1734
4 1 1836 1785
4 1 1887 1836
4 1 1938 1887
4 1 1989 1938
4 1 2040 1989
4 1 2091 2040
4 1 2142 2091
4 1 2193 2142
4 1 2244 2193
4 1 2295 2244
4 1 2346 2295
4 1 2397 2346
4 1 2448 2397
4 1 2499 2448
4 1 2550 2499
2 1 50 101
2 1 101 152
2 1 152 203
2 1 203 254
2 1 254 305
2 1 305 356
2 1 356 407
2 1 407 458
2 1 458 509
2 1 509 560
2 1 560 611
2 1 611 662
2 1 662 713
2 1 713 764
2 1 764 815
2 1 815 866
2 1 866 917
2 1 917 968
2 1 968 1019
2 1 1019 1070
2 1 1070 1121
2 1 1121 1172
2 1 1172 1223
2 1 1223 1274
2 1 1274 1325
2 1 1325 1376
2 1 1376 1427
2 1 1427 1478
2 1 1478 1529
2 1 1529 1580
2 1 1580 1631
2 1 1631 1682
2 1 1682 1733
2 1 1733 1784
2 1 1784 1835
2 1 1835 1886
2 1 1886 1937
2 1 1937 1988
2 1 1988 2039
2 1 2039 2090
2 1 2090 2141
2 1 2141 2192
2 1 2192 2243
2 1 2243 2294
2 1 2294 2345
2 1 2345 2396
2 1 2396 2447
2 1 2447 2498
2 1 2498 2549
2 1 2549 2600

vertices
2601
2
-1 -1
-0.96 -1
-0.92 -1
-0.88 -1
-0.84 -1
-0.8 -1
-0.76 -1
-0.72 -1
-0.6799999999999999 -1
-0.64 -1
-0.6 -1
-0.5600000000000001 -1
-0.52 -1
-0.48 -1
-0.4399999999999999 -1
-0.4 -1
-0.36 -1
-0.32 -1
-0.28 -1
-0.24 -1
-0.2 -1
-0.16 -1
-0.12 -1
-0.07999999999999996 -1
-0.04000000000000004 -1
0 -1
0.04000000000000004 -1
0.08000000000000007 -1
0.1200000000000001 -1
0.1599999999999999 -1
0.2 -1
0.24 -1
0.28 -1
0.3200000000000001 -1
0.3600000000000001 -1
0.3999999999999999 -1
0.4399999999999999 -1
0.48 -1
0.52 -1
0.5600000000000001 -1
0.6000000000000001 -1
0.6399999999999999 -1
0.6799999999999999 -1
0.72 -1
0.76 -1
0.8 -1
0.8400000000000001 -1
0.8799999999999999 -1
0.9199999999999999 -1
0.96 -1
1 -1
-1 -0.96
-0.96 -0.96
-0.92 -0.96
-0.88 -0.96
-0.84 -0.96
-0.8 -0.96
-0.76 -0.96
-0.72 -0.96
-0.6799999999999999 -0.96
-0.64 -0.96
-0.6 -0.96
-0.5600000000000001 -0.96
-0.52 -0.96
-0.48 -0.96
-0.4399999999999999 -0.96
-0.4 -0.96
-0.36 -0.96
-0.32 -0.96
-0.28 -0.96
-0.24 -0.96
-0.2 -0.96
-0.16 -0.96
-0.12 -0.96
-0.07999999999999996 -0.96
-0.04000000000000004 -0.96
0 -0.96
0.04000000000000004 -0.96
0.08000000000000007 -0.96
0.1200000000000001 -0.96
0.1599999999999999 -0.96
0.2 -0.96
0.24 -0.96
0.28 -0.96
0.3200000000000001 -0.96
0.3600000000000001 -0.96
0.3999999999999999 -0.96
0.4399999999999999 -0.96
0.48 -0.96
0.52 -0.96
0.5600000000000001 -0.96
0.6000000000000001 -0.96
0.6399999999999999 -0.96
0.6799999999999999 -0.96
0.72 -0.96
0.76 -0.96
0.8 -0.96
0.8400000000000001 -0.96
0.8799999999999999 -0.96
0.9199999999999999 -0.96
0.96 -0.96
1 -0.96
-1 -0.92
-0.96 -0.92
-0.92 -0.92
-0.88 -0.92
-0.84 -0.92
-0.8 -0.92
-0.76 -0.92
-0.72 -0.92
-0.6799999999999999 -0.92
-0.64 -0.92
-0.6 -0.92
-0.5600000000000001 -0.92
-0.52 -0.92
-0.48 -0.92
-0.4399999999999999 -0.92
-0.4 -0.92
-0.36 -0.92
-0.32 -0.92
-0.28 -0.92
-0.24 -0.92
-0.2 -0.92
-0.16 -0.92
-0.12 -0.92
-0.07999999999999996 -0.92
-0.04000000000000004 -0.92
0 -0.92
0.04000000000000004 -0.92
0.08000000000000007 -0.92
0.1200000000000001 -0.92
0.1599999999999999 -0.92
0.2 -0.92
0.24 -0.92
0.28 -0.92
0.3200000000000001 -0.92
0.3600000000000001 -0.92
0.3999999999999999 -0.92
0.4399999999999999 -0.92
0.48 -0.92
0.52 -0.92
0.5600000000000001 -0.92
0.6000000000000001 -0.92
0.6399999999999999 -0.92
0.6799999999999999 -0.92
0.72 -0.92
0.76 -0.92
0.8 -0.92
0.8400000000000001 -0.92
0.8799999999999999 -0.92
0.9199999999999999 -0.92
0.96 -0.92
1 -0.92
-1 -0.88
-0.96 -0.88
-0.92 -0.88
-0.88 -0.88
-0.84 -0.88
-0.8 -0.88
-0.76 -0.88
-0.72 -0.88
-0.6799999999999999 -0.88
-0.64 -0.88
-0.6 -0.88
-0.5600000000000001 -0.88
-0.52 -0.88
-0.48 -0.88
-0.4399999999999999 -0.88
-0.4 -0.88
-0.36 -0.88
-0.32 -0.88
-0.28 -0.88
-0.24 -0.88
-0.2 -0.88
-0.16 -0.88
-0.12 -0.88
-0.07999999999999996 -0.88
-0.04000000000000004 -0.88
0 -0.88
0.04000000000000004 -0.88
0.08000000000000007 -0.88
0.1200000000000001 -0.88
0.1599999999999999 -0.88
0.2 -0.88
0.24 -0.88
0.28 -0.88
0.3200000000000001 -0.88
0.3600000000000001 -0.88
0.3999999999999999 -0.88
0.4399999999999999 -0.88
0.48 -0.88
0.52 -0.88
0.5600000000000001 -0.88
0.6000000000000001 -0.88
0.6399999999999999 -0.88
0.6799999999999999 -0.88
0.72 -0.88
0.76 -0.88
0.8 -0.88
0.8400000000000001 -0.88
0.8799999999999999 -0.88
0.9199999999999999 -0.88
0.96 -0.88
1 -0.88
-1 -0.84
-0.96 -0.84
-0.92 -0.84
-0.88 -0.84
-0.84 -0.84
-0.8 -0.84
-0.76 -0.84
-0.72 -0.84
-0.6799999999999999 -0.84
-0.64 -0.84
-0.6 -0.84
-0.5600000000000001 -0.84
-0.52 -0.84
-0.48 -0.84
-0.4399999999999999 -0.84
-0.4 -0.84
-0.36 -0.84
-0.32 -0.84
-0.28 -0.84
-0.24 -0.84
-0.2 -0.84
-0.16 -0.84
-0.12 -0.84
-0.07999999999999996 -0.84
-0.04000000000000004 -0.84
0 -0.84
0.04000000000000004 -0.84
0.08000000000000007 -0.84
0.1200000000000001 -0.84
0.1599999999999999 -0.84
0.2 -0.84
0.24 -0.84
0.28 -0.84
0.3200000000000001 -0.84
0.3600000000000001 -0.84
0.3999999999999999 -0.84
0.4399999999999999 -0.84
0.48 -0.84
0.52 -0.84
0.5600000000000001 -0.84
0.6000000000000001 -0.84
0.6399999999999999 -0.84
0.6799999999999999 -0.84
0.72 -0.84
0.76 -0.84
0.8 -0.84
0.8400000000000001 -0.84
0.8799999999999999 -0.84
0.9199999999999999 -0.84
0.96 -0.84
1 -0.84
-1 -0.8
-0.96 -0.8
-0.92 -0.8
-0.88 -0.8
-0.84 -0.8
-0.8 -0.8
-0.76 -0.8
-0.72 -0.8
-0.6799999999999999 -0.8
-0.64 -0.8
-0.6 -0.8
-0.5600000000000001 -0.8
-0.52 -0.8
-0.48 -0.8
-0.4399999999999999 -0.8
-0.4 -0.8
-0.36 -0.8
-0.32 -0.8
-0.28 -0.8
-0.24 -0.8
-0.2 -0.8
-0.16 -0.8
-0.12 -0.8
-0.07999999999999996 -0.8
-0.04000000000000004 -0.8
0 -0.8
0.04000000000000004 -0.8
0.08000000000000007 -0.8
0.1200000000000001 -0.8
0.1599999999999999 -0.8
0.2 -0.8
0.24 -0.8
0.28 -0.8
0.3200000000000001 -0.8
0.3600000000000001 -0.8
0.3999999999999999 -0.8
0.4399999999999999 -0.8
0.48 -0.8
0.52 -0.8
0.5600000000000001 -0.8
0.6000000000000001 -0.8
0.6399999999999999 -0.8
0.6799999999999999 -0.8
0.72 -0.8
0.76 -0.8
0.8 -0.8
0.8400000000000001 -0.8
0.8799999999999999 -0.8
0.9199999999999999 -0.8
0.96 -0.8
1 -0.8
-1 -0.76
-0.96 -0.76
-0.92 -0.76
-0.88 -0.76
-0.84 -0.76
-0.8 -0.76
-0.76 -0.76
-0.72 -0.76
-0.6799999999999999 -0.76
-0.64 -0.76
-0.6 -0.76
-0.5600000000000001 -0.76
-0.52 -0.76
-0.48 -0.76
-0.4399999999999999 -0.76
-0.4 -0.76
-0.36 -0.76
-0.32 -0.76
-0.28 -0.76
-0.24 -0.76
-0.2 -0.76
-0.16 -0.76
-0.12 -0.76
-0.07999999999999996 -0.76
-0.04000000000000004 -0.76
0 -0.76
0.04000000000000004 -0.76
0.08000000000000007 -0.76
0.1200000000000001 -0.76
0.1599999999999999 -0.76
0.2 -0.76
0.24 -0.76
0.28 -0.76
0.3200000000000001 -0.76
0.3600000000000001 -0.76
0.3999999999999999 -0.76
0.4399999999999999 -0.76
0.48 -0.76
0.52 -0.76
0.5600000000000001 -0.76
0.6000000000000001 -0.76
0.6399999999999999 -0.76
0.6799999999999999 -0.76
0.72 -0.76
0.76 -0.76
0.8 -0.76
0.8400000000000001 -0.76
0.8799999999999999 -0.76
0.9199999999999999 -0.76
0.96 -0.76
1 -0.76
-1 -0.72
-0.96 -0.72
-0.92 -0.72
-0.88 -0.72
-0.84 -0.72
-0.8 -0.72
-0.76 -0.72
-0.72 -0.72
-0.6799999999999999 -0.72
-0.64 -0.72
-0.6 -0.72
-0.5600000000000001 -0.72
-0.52 -0.72
-0.48 -0.72
-0.4399999999999999 -0.72
-0.4 -0.72
-0.36 -0.72
-0.32 -0.72
-0.28 -0.72
-0.24 -0.72
-0.2 -0.72
-0.16 -0.72
-0.12 -0.72
-0.07999999999999996 -0.72
-0.04000000000000004 -0.72
0 -0.72
0.04000000000000004 -0.72
0.08000000000000007 -0.72
0.1200000000000001 -0.72
0.1599999999999999 -0.72
0.2 -0.72
0.24 -0.72
0.28 -0.72
0.3200000000000001 -0.72
0.3600000000000001 -0.72
0.3999999999999999 -0.72
0.4399999999999999 -0.72
0.48 -0.72
0.52 -0.72
0.5600000000000001 -0.72
0.6000000000000001 -0.72
0.6399999999999999 -0.72
0.6799999999999999 -0.72
0.72 -0.72
0.76 -0.72
0.8 -0.72
0.8400000000000001 -0.72
0.8799999999999999 -0.72
0.9199999999999999 -0.72
0.96 -0.72
1 -0.72
-1 -0.6799999999999999
-0.96 -0.6799999999999999
-0.92 -0.6799999999999999
-0.88 -0.6799999999999999
-0.84 -0.6799999999999999
-0.8 -0.6799999999999999
-0.76 -0.6799999999999999
-0.72 -0.6799999999999999
-0.6799999999999999 -0.6799999999999999
-0.64 -0.6799999999999999
-0.6 -0.6799999999999999
-0.5600000000000001 -0.6799999999999999
-0.52 -0.6799999999999999
-0.48 -0.6799999999999999
-0.4399999999999999 -0.6799999999999999
-0.4 -0.6799999999999999
-0.36 -0.6799999999999999
-0.32 -0.6799999999999999
-0.28 -0.6799999999999999
-0.24 -0.6799999999999999
-0.2 -0.6799999999999999
-0.16 -0.6799999999999999
-0.12 -0.6799999999999999
-0.07999999999999996 -0.6799999999999999
-0.04000000000000004 -0.6799999999999999
0 -0.6799999999999999
0.04000000000000004 -0.6799999999999999
0.08000000000000007 -0.6799999999999999
0.1200000000000001 -0.6799999999999999
0.1599999999999999 -0.6799999999999999
0.2 -0.6799999999999999
0.24 -0.6799999999999999
0.28 -0.6799999999999999
0.3200000000000001 -0.6799999999999999
0.3600000000000001 -0.6799999999999999
0.3999999999999999 -0.6799999999999999
0.4399999999999999 -0.6799999999999999
0.48 -0.6799999999999999
0.52 -0.6799999999999999
0.5600000000000001 -0.6799999999999999
0.6000000000000001 -0.6799999999999999
0.6399999999999999 -0.6799999999999999
0.6799999999999999 -0.6799999999999999
0.72 -0.6799999999999999
0.76 -0.6799999999999999
0.8 -0.6799999999999999
0.8400000000000001 -0.6799999999999999
0.8799999999999999 -0.6799999999999999
0.9199999999999999 -0.6799999999999999
0.96 -0.6799999999999999
1 -0.6799999999999999
-1 -0.64
-0.96 -0.64
-0.92 -0.64
-0.88 -0.64
-0.84 -0.64
-0.8 -0.64
-0.76 -0.64
-0.72 -0.64
-0.6799999999999999 -0.64
-0.64 -0.64
-0.6 -0.64
-0.5600000000000001 -0.64
-0.52 -0.64
-0.48 -0.64
-0.4399999999999999 -0.64
-0.4 -0.64
-0.36 -0.64
-0.32 -0.64
-0.28 -0.64
-0.24 -0.64
-0.2 -0.64
-0.16 -0.64
-0.12 -0.64
-0.07999999999999996 -0.64
-0.04000000000000004 -0.64
0 -0.64
0.04000000000000004 -0.64
0.08000000000000007 -0.64
0.1200000000000001 -0.64
0.1599999999999999 -0.64
0.2 -0.64
0.24 -0.64
0.28 -0.64
0.3200000000000001 -0.64
0.3600000000000001 -0.64
0.3999999999999999 -0.64
0.4399999999999999 -0.64
0.48 -0.64
0.52 -0.64
0.5600000000000001 -0.64
0.6000000000000001 -0.64
0.6399999999999999 -0.64
0.6799999999999999 -0.64
0.72 -0.64
0.76 -0.64
0.8 -0.64
0.8400000000000001 -0.64
0.8799999999999999 -0.64
0.9199999999999999 -0.64
0.96 -0.64
1 -0.64
-1 -0.6
-0.96 -0.6
-0.92 -0.6
-0.88 -0.6
-0.84 -0.6
-0.8 -0.6
-0.76 -0.6
-0.72 -0.6
-0.6799999999999999 -0.6
-0.64 -0.6
-0.6 -0.6
-0.5600000000000001 -0.6
-0.52 -0.6
-0.48 -0.6
-0.4399999999999999 -0.6
-0.4 -0.6
-0.36 -0.6
-0.32 -0.6
-0.28 -0.6
-0.24 -0.6
-0.2 -0.6
-0.16 -0.6
-0.12 -0.6
-0.07999999999999996 -0.6
-0.04000000000000004 -0.6
0 -0.6
0.04000000000000004 -0.6
0.08000000000000007 -0.6
0.1200000000000001 -0.6
0.1599999999999999 -0.6
0.2 -0.6
0.24 -0.6
0.28 -0.6
0.3200000000000001 -0.6
0.3600000000000001 -0.6
0.3999999999999999 -0.6
0.4399999999999999 -0.6
0.48 -0.6
0.52 -0.6
0.5600000000000001 -0.6
0.6000000000000001 -0.6
0.6399999999999999 -0.6
0.6799999999999999 -0.6
0.72 -0.6
0.76 -0.6
0.8 -0.6
0.8400000000000001 -0.6
0.8799999999999999 -0.6
0.9199999999999999 -0.6
0.96 -0.6
1 -0.6
-1 -0.5600000000000001
-0.96 -0.5600000000000001
-0.92 -0.5600000000000001
-0.88 -0.5600000000000001
-0.84 -0.5600000000000001
-0.8 -0.5600000000000001
-0.76 -0.5600000000000001
-0.72 -0.5600000000000001
-0.6799999999999999 -0.5600000000000001
-0.64 -0.5600000000000001
-0.6 -0.5600000000000001
-0.5600000000000001 -0.5600000000000001
-0.52 -0.5600000000000001
-0.48 -0.5600000000000001
-0.4399999999999999 -0.5600000000000001
-0.4 -0.5600000000000001
-0.36 -0.5600000000000001
-0.32 -0.5600000000000001
-0.28 -0.5600000000000001
-0.24 -0.5600000000000001
-0.2 -0.5600000000000001
-0.16 -0.5600000000000001
-0.12 -0.5600000000000001
-0.07999999999999996 -0.5600000000000001
-0.04000000000000004 -0.5600000000000001
0 -0.5600000000000001
0.04000000000000004 -0.5600000000000001
0.08000000000000007 -0.5600000000000001
0.1200000000000001 -0.5600000000000001
0.1599999999999999 -0.5600000000000001
0.2 -0.5600000000000001
0.24 -0.5600000000000001
0.28 -0.5600000000000001
0.3200000000000001 -0.5600000000000001
0.3600000000000001 -0.5600000000000001
0.3999999999999999 -0.5600000000000001
0.4399999999999999 -0.5600000000000001
0.48 -0.5600000000000001
0.52 -0.5600000000000001
0.5600000000000001 -0.5600000000000001
0.6000000000000001 -0.5600000000000001
0.6399999999999999 -0.5600000000000001
0.6799999999999999 -0.5600000000000001
0.72 -0.5600000000000001
0.76 -0.5600000000000001
0.8 -0.5600000000000001
0.8400000000000001 -0.5600000000000001
0.8799999999999999 -0.5600000000000001
0.9199999999999999 -0.5600000000000001
0.96 -0.5600000000000001
1 -0.5600000000000001
-1 -0.52
-0.96 -0.52
-0.92 -0.52
-0.88 -0.52
-0.84 -0.52
-0.8 -0.52
-0.76 -0.52
-0.72 -0.52
-0.6799999999999999 -0.52
-0.64 -0.52
-0.6 -0.52
-0.5600000000000001 -0.52
-0.52 -0.52
-0.48 -0.52
-0.4399999999999999 -0.52
-0.4 -0.52
-0.36 -0.52
-0.32 -0.52
-0.28 -0.52
-0.24 -0.52
-0.2 -0.52
-0.16 -0.52
-0.12 -0.52
-0.07999999999999996 -0.52
-0.04000000000000004 -0.52
0 -0.52
0.04000000000000004 -0.52
0.08000000000000007 -0.52
0.1200000000000001 -0.52
0.1599999999999999 -0.52
0.2 -0.52
0.24 -0.52
0.28 -0.52
0.3200000000000001 -0.52
0.3600000000000001 -0.52
0.3999999999999999 -0.52
0.4399999999999999 -0.52
0.48 -0.52
0.52 -0.52
0.5600000000000001 -0.52
0.6000000000000001 -0.52
0.6399999999999999 -0.52
0.6799999999999999 -0.52
0.72 -0.52
0.76 -0.52
0.8 -0.52
0.8400000000000001 -0.52
0.8799999999999999 -0.52
0.9199999999999999 -0.52
0.96 -0.52
1 -0.52
-1 -0.48
-0.96 -0.48
-0.92 -0.48
-0.88 -0.48
-0.84 -0.48
-0.8 -0.48
-0.76 -0.48
-0.72 -0.48
-0.6799999999999999 -0.48
-0.64 -0.48
-0.6 -0.48
-0.5600000000000001 -0.48
-0.52 -0.48
-0.48 -0.48
-0.4399999999999999 -0.48
-0.4 -0.48
-0.36 -0.48
-0.32 -0.48
-0.28 -0.48
-0.24 -0.48
-0.2 -0.48
-0.16 -0.48
-0.12 -0.48
-0.07999999999999996 -0.48
-0.04000000000000004 -0.48
0 -0.48
0.04000000000000004 -0.48
0.08000000000000007 -0.48
0.1200000000000001 -0.48
0.1599999999999999 -0.48
0.2 -0.48
0.24 -0.48
0.28 -0.48
0.3200000000000001 -0.48
0.3600000000000001 -0.48
0.3999999999999999 -0.48
0.4399999999999999 -0.48
0.48 -0.48
0.52 -0.48
0.5600000000000001 -0.48
0.6000000000000001 -0.48
0.6399999999999999 -0.48
0.6799999999999999 -0.48
0.72 -0.48
0.76 -0.48
0.8 -0.48
0.8400000000000001 -0.48
0.8799999999999999 -0.48
0.9199999999999999 -0.48
0.96 -0.48
1 -0.48
-1 -0.4399999999999999
-0.96 -0.4399999999999999
-0.92 -0.4399999999999999
-0.88 -0.4399999999999999
-0.84 -0.4399999999999999
-0.8 -0.4399999999999999
-0.76 -0.4399999999999999
-0.72 -0.4399999999999999
-0.6799999999999999 -0.4399999999999999
-0.64 -0.4399999999999999
-0.6 -0.4399999999999999
-0.5600000000000001 -0.4399999999999999
-0.52 -0.4399999999999999
-0.48 -0.4399999999999999
-0.4399999999999999 -0.4399999999999999
-0.4 -0.4399999999999999
-0.36 -0.4399999999999999
-0.32 -0.4399999999999999
-0.28 -0.4399999999999999
-0.24 -0.4399999999999999
-0.2 -0.4399999999999999
-0.16 -0.4399999999999999
-0.12 -0.4399999999999999
-0.07999999999999996 -0.4399999999999999
-0.04000000000000004 -0.4399999999999999
0 -0.4399999999999999
0.04000000000000004 -0.4399999999999999
0.08000000000000007 -0.4399999999999999
0.1200000000000001 -0.4399999999999999
0.1599999999999999 -0.4399999999999999
0.2 -0.4399999999999999
0.24 -0.4399999999999999
0.28 -0.4399999999999999
0.3200000000000001 -0.4399999999999999
0.3600000000000001 -0.4399999999999999
0.3999999999999999 -0.4399999999999999
0.4399999999999999 -0.4399999999999999
0.48 -0.4399999999999999
0.52 -0.4399999999999999
0.5600000000000001 -0.4399999999999999
0.6000000000000001 -0.4399999999999999
0.6399999999999999 -0.4399999999999999
0.6799999999999999 -0.4399999999999999
0.72 -0.4399999999999999
0.76 -0.4399999999999999
0.8 -0.4399999999999999
0.8400000000000001 -0.4399999999999999
0.8799999999999999 -0.4399999999999999
0.9199999999999999 -0.4399999999999999
0.96 -0.4399999999999999
1 -0.4399999999999999
-1 -0.4
-0.96 -0.4
-0.92 -0.4
-0.88 -0.4
-0.84 -0.4
-0.8 -0.4
-0.76 -0.4
-0.72 -0.4
-0.6799999999999999 -0.4
-0.64 -0.4
-0.6 -0.4
-0.5600000000000001 -0.4
-0.52 -0.4
-0.48 -0.4
-0.4399999999999999 -0.4
-0.4 -0.4
-0.36 -0.4
-0.32 -0.4
-0.28 -0.4
-0.24 -0.4
-0.2 -0.4
-0.16 -0.4
-0.12 -0.4
-0.07999999999999996 -0.4
-0.04000000000000004 -0.4
0 -0.4
0.04000000000000004 -0.4
0.08000000000000007 -0.4
0.1200000000000001 -0.4
0.1599999999999999 -0.4
0.2 -0.4
0.24 -0.4
0.28 -0.4
0.3200000000000001 -0.4
0.3600000000000001 -0.4
0.3999999999999999 -0.4
0.4399999999999999 -0.4
0.48 -0.4
0.52 -0.4
0.5600000000000001 -0.4
0.6000000000000001 -0.4
0.6399999999999999 -0.4
0.6799999999999999 -0.4
0.72 -0.4
0.76 -0.4
0.8 -0.4
0.8400000000000001 -0.4
0.8799999999999999 -0.4
0.9199999999999999 -0.4
0.96 -0.4
1 -0.4
-1 -0.36
-0.96 -0.36
-0.92 -0.36
-0.88 -0.36
-0.84 -0.36
-0.8 -0.36
-0.76 -0.36
-0.72 -0.36
-0.6799999999999999 -0.36
-0.64 -0.36
-0.6 -0.36
-0.5600000000000001 -0.36
-0.52 -0.36
-0.48 -0.36
-0.4399999999999999 -0.36
-0.4 -0.36
-0.36 -0.36
-0.32 -0.36
-0.28 -0.36
-0.24 -0.36
-0.2 -0.36
-0.16 -0.36
-0.12 -0.36
-0.07999999999999996 -0.36
-0.04000000000000004 -0.36
0 -0.36
0.04000000000000004 -0.36
0.08000000000000007 -0.36
0.1200000000000001 -0.36
0.1599999999999999 -0.36
0.2 -0.36
0.24 -0.36
0.28 -0.36
0.3200000000000001 -0.36
0.3600000000000001 -0.36
0.3999999999999999 -0.36
0.4399999999999999 -0.36
0.48 -0.36
0.52 -0.36
0.5600000000000001 -0.36
0.6000000000000001 -0.36
0.6399999999999999 -0.36
0.6799999999999999 -0.36
0.72 -0.36
0.76 -0.36
0.8 -0.36
0.8400000000000001 -0.36
0.8799999999999999 -0.36
0.9199999999999999 -0.36
0.96 -0.36
1 -0.36
-1 -0.32
-0.96 -0.32
-0.92 -0.32
-0.88 -0.32
-0.84 -0.32
-0.8 -0.32
-0.76 -0.32
-0.72 -0.32
-0.6799999999999999 -0.32
-0.64 -0.32
-0.6 -0.32
-0.5600000000000001 -0.32
-0.52 -0.32
-0.48 -0.32
-0.4399999999999999 -0.32
-0.4 -0.32
-0.36 -0.32
-0.32 -0.32
-0.28 -0.32
-0.24 -0.32
-0.2 -0.32
-0.16 -0.32
-0.12 -0.32
-0.07999999999999996 -0.32
-0.04000000000000004 -0.32
0 -0.32
0.04000000000000004 -0.32
0.08000000000000007 -0.32
0.1200000000000001 -0.32
0.1599999999999999 -0.32
0.2 -0.32
0.24 -0.32
0.28 -0.32
0.3200000000000001 -0.32
0.3600000000000001 -0.32
0.3999999999999999 -0.32
0.4399999999999999 -0.32
0.48 -0.32
0.52 -0.32
0.5600000000000001 -0.32
0.6000000000000001 -0.32
0.6399999999999999 -0.32
0.6799999999999999 -0.32
0.72 -0.32
0.76 -0.32
0.8 -0.32
0.8400000000000001 -0.32
0.8799999999999999 -0.32
0.9199999999999999 -0.32
0.96 -0.32
1 -0.32
-1 -0.28
-0.96 -0.28
-0.92 -0.28
-0.88 -0.28
-0.84 -0.28
-0.8 -0.28
-0.76 -0.28
-0.72 -0.28
-0.6799999999999999 -0.28
-0.64 -0.28
-0.6 -0.28
-0.5600000000000001 -0.28
-0.52 -0.28
-0.48 -0.28
-0.4399999999999999 -0.28
-0.4 -0.28
-0.36 -0.28
-0.32 -0.28
-0.28 -0.28
-0.24 -0.28
-0.2 -0.28
-0.16 -0.28
-0.12 -0.28
-0.07999999999999996 -0.28
-0.04000000000000004 -0.28
0 -0.28
0.04000000000000004 -0.28
0.08000000000000007 -0.28
0.1200000000000001 -0.28
0.1599999999999999 -0.28
0.2 -0.28
0.24 -0.28
0.28 -0.28
0.3200000000000001 -0.28
0.3600000000000001 -0.28
0.3999999999999999 -0.28
0.4399999999999999 -0.28
0.48 -0.28
0.52 -0.28
0.5600000000000001 -0.28
0.6000000000000001 -0.28
0.6399999999999999 -0.28
0.6799999999999999 -0.28
0.72 -0.28
0.76 -0.28
0.8 -0.28
0.8400000000000001 -0.28
0.8799999999999999 -0.28
0.9199999999999999 -0.28
0.96 -0.28
1 -0.28
-1 -0.24
-0.96 -0.24
-0.92 -0.24
-0.88 -0.24
-0.84 -0.24
-0.8 -0.24
-0.76 -0.24
-0.72 -0.24
-0.6799999999999999 -0.24
-0.64 -0.24
-0.6 -0.24
-0.5600000000000001 -0.24
-0.52 -0.24
-0.48 -0.24
-0.4399999999999999 -0.24
-0.4 -0.24
-0.36 -0.24
-0.32 -0.24
-0.28 -0.24
-0.24 -0.24
-0.2 -0.24
-0.16 -0.24
-0.12 -0.24
-0.07999999999999996 -0.24
-0.04000000000000004 -0.24
0 -0.24
0.04000000000000004 -0.24
0.08000000000000007 -0.24
0.1200000000000001 -0.24
0.1599999999999999 -0.24
0.2 -0.24
0.24 -0.24
0.28 -0.24
0.3200000000000001 -0.24
0.3600000000000001 -0.24
0.3999999999999999 -0.24
0.4399999999999999 -0.24
0.48 -0.24
0.52 -0.24
0.5600000000000001 -0.24
0.6000000000000001 -0.24
0.6399999999999999 -0.24
0.6799999999999999 -0.24
0.72 -0.24
0.76 -0.24
0.8 -0.24
0.8400000000000001 -0.24
0.8799999999999999 -0.24
0.9199999999999999 -0.24
0.96 -0.24
1 -0.24
-1 -0.2
-0.96 -0.2
-0.92 -0.2
-0.88 -0.2
-0.84 -0.2
-0.8 -0.2
-0.76 -0.2
-0.72 -0.2
-0.6799999999999999 -0.2
-0.64 -0.2
-0.6 -0.2
-0.5600000000000001 -0.2
-0.52 -0.2
-0.48 -0.2
-0.4399999999999999 -0.2
-0.4 -0.2
-0.36 -0.2
-0.32 -0.2
-0.28 -0.2
-0.24 -0.2
-0.2 -0.2
-0.16 -0.2
-0.12 -0.2
-0.07999999999999996 -0.2
-0.04000000000000004 -0.2
0 -0.2
0.04000000000000004 -0.2
0.08000000000000007 -0.2
0.1200000000000001 -0.2
0.1599999999999999 -0.2
0.2 -0.2
0.24 -0.2
0.28 -0.2
0.3200000000000001 -0.2
0.3600000000000001 -0.2
0.3999999999999999 -0.2
0.4399999999999999 -0.2
0.48 -0.2
0.52 -0.2
0.5600000000000001 -0.2
0.6000000000000001 -0.2
0.6399999999999999 -0.2
0.6799999999999999 -0.2
0.72 -0.2
0.76 -0.2
0.8 -0.2
0.8400000000000001 -0.2
0.8799999999999999 -0.2
0.9199999999999999 -0.2
0.96 -0.2
1 -0.2
-1 -0.16
-0.96 -0.16
-0.92 -0.16
-0.88 -0.16
-0.84 -0.16
-0.8 -0.16
-0.76 -0.16
-0.72 -0.16
-0.6799999999999999 -0.16
-0.64 -0.16
-0.6 -0.16
-0.5600000000000001 -0.16
-0.52 -0.16
-0.48 -0.16
-0.4399999999999999 -0.16
-0.4 -0.16
-0.36 -0.16
-0.32 -0.16
-0.28 -0.16
-0.24 -0.16
-0.2 -0.16
-0.16 -0.16
-0.12 -0.16
-0.07999999999999996 -0.16
-0.04000000000000004 -0.16
0 -0.16
0.04000000000000004 -0.16
0.08000000000000007 -0.16
0.1200000000000001 -0.16
0.1599999999999999 -0.16
0.2 -0.16
0.24 -0.16
0.28 -0.16
0.3200000000000001 -0.16
0.3600000000000001 -0.16
0.3999999999999999 -0.16
0.4399999999999999 -0.16
0.48 -0.16
0.52 -0.16
0.5600000000000001 -0.16
0.6000000000000001 -0.16
0.6399999999999999 -0.16
0.6799999999999999 -0.16
0.72 -0.16
0.76 -0.16
0.8 -0.16
0.8400000000000001 -0.16
0.8799999999999999 -0.16
0.9199999999999999 -0.16
0.96 -0.16
1 -0.16
-1 -0.12
-0.96 -0.12
-0.92 -0.12
-0.88 -0.12
-0.84 -0.12
-0.8 -0.12
-0.76 -0.12
-0.72 -0.12
-0.6799999999999999 -0.12
-0.64 -0.12
-0.6 -0.12
-0.5600000000000001 -0.12
-0.52 -0.12
-0.48 -0.12
-0.4399999999999999 -0.12
-0.4 -0.12
-0.36 -0.12
-0.32 -0.12
-0.28 -0.12
-0.24 -0.12
-0.2 -0.12
-0.16 -0.12
-0.12 -0.12
-0.07999999999999996 -0.12
-0.04000000000000004 -0.12
0 -0.12
0.04000000000000004 -0.12
0.08000000000000007 -0.12
0.1200000000000001 -0.12
0.1599999999999999 -0.12
0.2 -0.12
0.24 -0.12
0.28 -0.12
0.3200000000000001 -0.12
0.3600000000000001 -0.12
0.3999999999999999 -0.12
0.4399999999999999 -0.12
0.48 -0.12
0.52 -0.12
0.5600000000000001 -0.12
0.6000000000000001 -0.12
0.6399999999999999 -0.12
0.6799999999999999 -0.12
0.72 -0.12
0.76 -0.12
0.8 -0.12
0.8400000000000001 -0.12
0.8799999999999999 -0.12
0.9199999999999999 -0.12
0.96 -0.12
1 -0.12
-1 -0.07999999999999996
-0.96 -0.07999999999999996
-0.92 -0.07999999999999996
-0.88 -0.07999999999999996
-0.84 -0.07999999999999996
-0.8 -0.07999999999999996
-0.76 -0.07999999999999996
-0.72 -0.07999999999999996
-0.6799999999999999 -0.07999999999999996
-0.64 -0.07999999999999996
-0.6 -0.07999999999999996
-0.5600000000000001 -0.07999999999999996
-0.52 -0.07999999999999996
-0.48 -0.07999999999999996
-0.4399999999999999 -0.07999999999999996
-0.4 -0.07999999999999996
-0.36 -0.07999999999999996
-0.32 -0.07999999999999996
-0.28 -0.07999999999999996
-0.24 -0.07999999999999996
-0.2 -0.07999999999999996
-0.16 -0.07999999999999996
-0.12 -0.07999999999999996
-0.07999999999999996 -0.07999999999999996
-0.04000000000000004 -0.07999999999999996
0 -0.07999999999999996
0.04000000000000004 -0.07999999999999996
0.08000000000000007 -0.07999999999999996
0.1200000000000001 -0.07999999999999996
0.1599999999999999 -0.07999999999999996
0.2 -0.07999999999999996
0.24 -0.07999999999999996
0.28 -0.07999999999999996
0.3200000000000001 -0.07999999999999996
0.3600000000000001 -0.07999999999999996
0.3999999999999999 -0.07999999999999996
0.4399999999999999 -0.07999999999999996
0.48 -0.07999999999999996
0.52 -0.07999999999999996
0.5600000000000001 -0.07999999999999996
0.6000000000000001 -0.07999999999999996
0.6399999999999999 -0.07999999999999996
0.6799999999999999 -0.07999999999999996
0.72 -0.07999999999999996
0.76 -0.07999999999999996
0.8 -0.07999999999999996
0.8400000000000001 -0.07999999999999996
0.8799999999999999 -0.07999999999999996
0.9199999999999999 -0.07999999999999996
0.96 -0.07999999999999996
1 -0.07999999999999996
-1 -0.04000000000000004
-0.96 -0.04000000000000004
-0.92 -0.04000000000000004
-0.88 -0.04000000000000004
-0.84 -0.04000000000000004
-0.8 -0.04000000000000004
-0.76 -0.04000000000000004
-0.72 -0.04000000000000004
-0.6799999999999999 -0.04000000000000004
-0.64 -0.04000000000000004
-0.6 -0.04000000000000004
-0.5600000000000001 -0.04000000000000004
-0.52 -0.04000000000000004
-0.48 -0.04000000000000004
-0.4399999999999999 -0.04000000000000004
-0.4 -0.04000000000000004
-0.36 -0.04000000000000004
-0.32 -0.04000000000000004
-0.28 -0.04000000000000004
-0.24 -0.04000000000000004
-0.2 -0.04000000000000004
-0.16 -0.04000000000000004
-0.12 -0.04000000000000004
-0.07999999999999996 -0.04000000000000004
-0.04000000000000004 -0.04000000000000004
0 -0.04000000000000004
0.04000000000000004 -0.04000000000000004
0.08000000000000007 -0.04000000000000004
0.1200000000000001 -0.04000000000000004
0.1599999999999999 -0.04000000000000004
0.2 -0.04000000000000004
0.24 -0.04000000000000004
0.28 -0.04000000000000004
0.3200000000000001 -0.04000000000000004
0.3600000000000001 -0.04000000000000004
0.3999999999999999 -0.04000000000000004
0.4399999999999999 -0.04000000000000004
0.48 -0.04000000000000004
0.52 -0.04000000000000004
0.5600000000000001 -0.04000000000000004
0.6000000000000001 -0.04000000000000004
0.6399999999999999 -0.04000000000000004
0.6799999999999999 -0.04000000000000004
0.72 -0.04000000000000004
0.76 -0.04000000000000004
0.8 -0.04000000000000004
0.8400000000000001 -0.04000000000000004
0.8799999999999999 -0.04000000000000004
0.9199999999999999 -0.04000000000000004
0.96 -0.04000000000000004
1 -0.04000000000000004
-1 0
-0.96 0
-0.92 0
-0.88 0
-0.84 0
-0.8 0
-0.76 0
-0.72 0
-0.6799999999999999 0
-0.64 0
-0.6 0
-0.5600000000000001 0
-0.52 0
-0.48 0
-0.4399999999999999 0
-0.4 0
-0.36 0
-0.32 0
-0.28 0
-0.24 0
-0.2 0
-0.16 0
-0.12 0
-0.07999999999999996 0
-0.04000000000000004 0
0 0
0.04000000000000004 0
0.08000000000000007 0
0.1200000000000001 0
0.1599999999999999 0
0.2 0
0.24 0
0.28 0
0.3200000000000001 0
0.3600000000000001 0
0.3999999999999999 0
0.4399999999999999 0
0.48 0
0.52 0
0.5600000000000001 0
0.6000000000000001 0
0.6399999999999999 0
0.6799999999999999 0
0.72 0
0.76 0
0.8 0
0.8400000000000001 0
0.8799999999999999 0
0.9199999999999999 0
0.96 0
1 0
-1 0.04000000000000004
-0.96 0.04000000000000004
-0.92 0.04000000000000004
-0.88 0.04000000000000004
-0.84 0.04000000000000004
-0.8 0.04000000000000004
-0.76 0.04000000000000004
-0.72 0.04000000000000004
-0.6799999999999999 0.04000000000000004
-0.64 0.04000000000000004
-0.6 0.04000000000000004
-0.5600000000000001 0.04000000000000004
-0.52 0.04000000000000004
-0.48 0.04000000000000004
-0.4399999999999999 0.04000000000000004
-0.4 0.04000000000000004
-0.36 0.04000000000000004
-0.32 0.04000000000000004
-0.28 0.04000000000000004
-0.24 0.04000000000000004
-0.2 0.04000000000000004
-0.16 0.04000000000000004
-0.12 0.04000000000000004
-0.07999999999999996 0.04000000000000004
-0.04000000000000004 0.04000000000000004
0 0.04000000000000004
0.04000000000000004 0.04000000000000004
0.08000000000000007 0.04000000000000004
0.1200000000000001 0.04000000000000004
0.1599999999999999 0.04000000000000004
0.2 0.04000000000000004
0.24 0.04000000000000004
0.28 0.04000000000000004
0.3200000000000001 0.04000000000000004
0.3600000000000001 0.04000000000000004
0.3999999999999999 0.04000000000000004
0.4399999999999999 0.04000000000000004
0.48 0.04000000000000004
0.52 0.04000000000000004
0.5600000000000001 0.04000000000000004
0.6000000000000001 0.04000000000000004
0.6399999999999999 0.04000000000000004
0.6799999999999999 0.04000000000000004
0.72 0.04000000000000004
0.76 0.04000000000000004
0.8 0.04000000000000004
0.8400000000000001 0.04000000000000004
0.8799999999999999 0.04000000000000004
0.9199999999999999 0.04000000000000004
0.96 0.04000000000000004
1 0.04000000000000004
-1 0.08000000000000007
-0.96 0.08000000000000007
-0.92 0.08000000000000007
-0.88 0.08000000000000007
-0.84 0.08000000000000007
-0.8 0.08000000000000007
-0.76 0.08000000000000007
-0.72 0.08000000000000007
-0.6799999999999999 0.08000000000000007
-0.64 0.08000000000000007
-0.6 0.08000000000000007
-0.5600000000000001 0.08000000000000007
-0.52 0.08000000000000007
-0.48 0.08000000000000007
-0.4399999999999999 0.08000000000000007
-0.4 0.08000000000000007
-0.36 0.08000000000000007
-0.32 0.08000000000000007
-0.28 0.08000000000000007
-0.24 0.08000000000000007
-0.2 0.08000000000000007
-0.16 0.08000000000000007
-0.12 0.08000000000000007
-0.07999999999999996 0.08000000000000007
-0.04000000000000004 0.08000000000000007
0 0.08000000000000007
0.04000000000000004 0.08000000000000007
0.08000000000000007 0.08000000000000007
0.1200000000000001 0.08000000000000007
0.1599999999999999 0.08000000000000007
0.2 0.08000000000000007
0.24 0.08000000000000007
0.28 0.08000000000000007
0.3200000000000001 0.08000000000000007
0.3600000000000001 0.08000000000000007
0.3999999999999999 0.08000000000000007
0.4399999999999999 0.08000000000000007
0.48 0.08000000000000007
0.52 0.08000000000000007
0.5600000000000001 0.08000000000000007
0.6000000000000001 0.08000000000000007
0.6399999999999999 0.08000000000000007
0.6799999999999999 0.08000000000000007
0.72 0.08000000000000007
0.76 0.08000000000000007
0.8 0.08000000000000007
0.8400000000000001 0.08000000000000007
0.8799999999999999 0.08000000000000007
0.9199999999999999 0.08000000000000007
0.96 0.08000000000000007
1 0.08000000000000007
-1 0.1200000000000001
-0.96 0.1200000000000001
-0.92 0.1200000000000001
-0.88 0.1200000000000001
-0.84 0.1200000000000001
-0.8 0.1200000000000001
-0.76 0.1200000000000001
-0.72 0.1200000000000001
-0.6799999999999999 0.1200000000000001
-0.64 0.1200000000000001
-0.6 0.1200000000000001
-0.5600000000000001 0.1200000000000001
-0.52 0.1200000000000001
-0.48 0.1200000000000001
-0.4399999999999999 0.1200000000000001
-0.4 0.1200000000000001
-0.36 0.1200000000000001
-0.32 0.1200000000000001
-0.28 0.1200000000000001
-0.24 0.1200000000000001
-0.2 0.1200000000000001
-0.16 0.1200000000000001
-0.12 0.1200000000000001
-0.07999999999999996 0.1200000000000001
-0.04000000000000004 0.1200000000000001
0 0.1200000000000001
0.04000000000000004 0.1200000000000001
0.08000000000000007 0.1200000000000001
0.1200000000000001 0.1200000000000001
0.1599999999999999 0.1200000000000001
0.2 0.1200000000000001
0.24 0.1200000000000001
0.28 0.1200000000000001
0.3200000000000001 0.1200000000000001
0.3600000000000001 0.1200000000000001
0.3999999999999999 0.1200000000000001
0.4399999999999999 0.1200000000000001
0.48 0.1200000000000001
0.52 0.1200000000000001
0.5600000000000001 0.1200000000000001
0.6000000000000001 0.1200000000000001
0.6399999999999999 0.1200000000000001
0.6799999999999999 0.1200000000000001
0.72 0.1200000000000001
0.76 0.1200000000000001
0.8 0.1200000000000001
0.8400000000000001 0.1200000000000001
0.8799999999999999 0.1200000000000001
0.9199999999999999 0.1200000000000001
0.96 0.1200000000000001
1 0.1200000000000001
-1 0.1599999999999999
-0.96 0.1599999999999999
-0.92 0.1599999999999999
-0.88 0.1599999999999999
-0.84 0.1599999999999999
-0.8 0.1599999999999999
-0.76 0.1599999999999999
-0.72 0.1599999999999999
-0.6799999999999999 0.1599999999999999
-0.64 0.1599999999999999
-0.6 0.1599999999999999
-0.5600000000000001 0.1599999999999999
-0.52 0.1599999999999999
-0.48 0.1599999999999999
-0.4399999999999999 0.1599999999999999
-0.4 0.1599999999999999
-0.36 0.1599999999999999
-0.32 0.1599999999999999
-0.28 0.1599999999999999
-0.24 0.1599999999999999
-0.2 0.1599999999999999
-0.16 0.1599999999999999
-0.12 0.1599999999999999
-0.07999999999999996 0.1599999999999999
-0.04000000000000004 0.1599999999999999
0 0.1599999999999999
0.04000000000000004 0.1599999999999999
0.08000000000000007 0.1599999999999999
0.1200000000000001 0.1599999999999999
0.1599999999999999 0.1599999999999999
0.2 0.1599999999999999
0.24 0.1599999999999999
0.28 0.1599999999999999
0.3200000000000001 0.1599999999999999
0.3600000000000001 0.1599999999999999
0.3999999999999999 0.1599999999999999
0.4399999999999999 0.1599999999999999
0.48 0.1599999999999999
0.52 0.1599999999999999
0.5600000000000001 0.1599999999999999
0.6000000000000001 0.1599999999999999
0.6399999999999999 0.1599999999999999
0.6799999999999999 0.1599999999999999
0.72 0.1599999999999999
0.76 0.1599999999999999
0.8 0.1599999999999999
0.8400000000000001 0.1599999999999999
0.8799999999999999 0.1599999999999999
0.9199999999999999 0.1599999999999999
0.96 0.1599999999999999
1 0.1599999999999999
-1 0.2
-0.96 0.2
-0.92 0.2
-0.88 0.2
-0.84 0.2
-0.8 0.2
-0.76 0.2
-0.72 0.2
-0.6799999999999999 0.2
-0.64 0.2
-0.6 0.2
-0.5600000000000001 0.2
-0.52 0.2
-0.48 0.2
-0.4399999999999999 0.2
-0.4 0.2
-0.36 0.2
-0.32 0.2
-0.28 0.2
-0.24 0.2
-0.2 0.2
-0.16 0.2
-0.12 0.2
-0.07999999999999996 0.2
-0.04000000000000004 0.2
0 0.2
0.04000000000000004 0.2
0.08000000000000007 0.2
0.1200000000000001 0.2
0.1599999999999999 0.2
0.2 0.2
0.24 0.2
0.28 0.2
0.3200000000000001 0.2
0.3600000000000001 0.2
0.3999999999999999 0.2
0.4399999999999999 0.2
0.48 0.2
0.52 0.2
0.5600000000000001 0.2
0.6000000000000001 0.2
0.6399999999999999 0.2
0.6799999999999999 0.2
0.72 0.2
0.76 0.2
0.8 0.2
0.8400000000000001 0.2
0.8799999999999999 0.2
0.9199999999999999 0.2
0.96 0.2
1 0.2
-1 0.24
-0.96 0.24
-0.92 0.24
-0.88 0.24
-0.84 0.24
-0.8 0.24
-0.76 0.24
-0.72 0.24
-0.6799999999999999 0.24
-0.64 0.24
-0.6 0.24
-0.5600000000000001 0.24
-0.52 0.24
-0.48 0.24
-0.4399999999999999 0.24
-0.4 0.24
-0.36 0.24
-0.32 0.24
-0.28 0.24
-0.24 0.24
-0.2 0.24
-0.16 0.24
-0.12 0.24
-0.07999999999999996 0.24
-0.04000000000000004 0.24
0 0.24
0.04000000000000004 0.24
0.08000000000000007 0.24
0.1200000000000001 0.24
0.1599999999999999 0.24
0.2 0.24
0.24 0.24
0.28 0.24
0.3200000000000001 0.24
0.3600000000000001 0.24
0.3999999999999999 0.24
0.4399999999999999 0.24
0.48 0.24
0.52 0.24
0.5600000000000001 0.24
0.6000000000000001 0.24
0.6399999999999999 0.24
0.6799999999999999 0.24
0.72 0.24
0.76 0.24
0.8 0.24
0.8400000000000001 0.24
0.8799999999999999 0.24
0.9199999999999999 0.24
0.96 0.24
1 0.24
-1 0.28
-0.96 0.28
-0.92 0.28
-0.88 0.28
-0.84 0.28
-0.8 0.28
-0.76 0.28
-0.72 0.28
-0.6799999999999999 0.28
-0.64 0.28
-0.6 0.28
-0.5600000000000001 0.28
-0.52 0.28
-0.48 0.28
-0.4399999999999999 0.28
-0.4 0.28
-0.36 0.28
-0.32 0.28
-0.28 0.28
-0.24 0.28
-0.2 0.28
-0.16 0.28
-0.12 0.28
-0.07999999999999996 0.28
-0.04000000000000004 0.28
0 0.28
0.04000000000000004 0.28
0.08000000000000007 0.28
0.1200000000000001 0.28
0.1599999999999999 0.28
0.2 0.28
0.24 0.28
0.28 0.28
0.3200000000000001 0.28
0.3600000000000001 0.28
0.3999999999999999 0.28
0.4399999999999999 0.28
0.48 0.28
0.52 0.28
0.5600000000000001 0.28
0.6000000000000001 0.28
0.6399999999999999 0.28
0.6799999999999999 0.28
0.72 0.28
0.76 0.28
0.8 0.28
0.8400000000000001 0.28
0.8799999999999999 0.28
0.9199999999999999 0.28
0.96 0.28
1 0.28
-1 0.3200000000000001
-0.96 0.3200000000000001
-0.92 0.3200000000000001
-0.88 0.3200000000000001
-0.84 0.3200000000000001
-0.8 0.3200000000000001
-0.76 0.3200000000000001
-0.72 0.3200000000000001
-0.6799999999999999 0.3200000000000001
-0.64 0.3200000000000001
-0.6 0.3200000000000001
-0.5600000000000001 0.3200000000000001
-0.52 0.3200000000000001
-0.48 0.3200000000000001
-0.4399999999999999 0.3200000000000001
-0.4 0.3200000000000001
-0.36 0.3200000000000001
-0.32 0.3200000000000001
-0.28 0.3200000000000001
-0.24 0.3200000000000001
-0.2 0.3200000000000001
-0.16 0.3200000000000001
-0.12 0.3200000000000001
-0.07999999999999996 0.3200000000000001
-0.04000000000000004 0.3200000000000001
0 0.3200000000000001
0.04000000000000004 0.3200000000000001
0.08000000000000007 0.3200000000000001
0.1200000000000001 0.3200000000000001
0.1599999999999999 0.3200000000000001
0.2 0.3200000000000001
0.24 0.3200000000000001
0.28 0.3200000000000001
0.3200000000000001 0.3200000000000001
0.3600000000000001 0.3200000000000001
0.3999999999999999 0.3200000000000001
0.4399999999999999 0.3200000000000001
0.48 0.3200000000000001
0.52 0.3200000000000001
0.5600000000000001 0.3200000000000001
0.6000000000000001 0.3200000000000001
0.6399999999999999 0.3200000000000001
0.6799999999999999 0.3200000000000001
0.72 0.3200000000000001
0.76 0.3200000000000001
0.8 0.3200000000000001
0.8400000000000001 0.3200000000000001
0.8799999999999999 0.3200000000000001
0.9199999999999999 0.3200000000000001
0.96 0.3200000000000001
1 0.3200000000000001
-1 0.3600000000000001
-0.96 0.3600000000000001
-0.92 0.3600000000000001
-0.88 0.3600000000000001
-0.84 0.3600000000000001
-0.8 0.3600000000000001
-0.76 0.3600000000000001
-0.72 0.3600000000000001
-0.6799999999999999 0.3600000000000001
-0.64 0.3600000000000001
-0.6 0.3600000000000001
-0.5600000000000001 0.3600000000000001
-0.52 0.3600000000000001
-0.48 0.3600000000000001
-0.4399999999999999 0.3600000000000001
-0.4 0.3600000000000001
-0.36 0.3600000000000001
-0.32 0.3600000000000001
-0.28 0.3600000000000001
-0.24 0.3600000000000001
-0.2 0.3600000000000001
-0.16 0.3600000000000001
-0.12 0.3600000000000001
-0.07999999999999996 0.3600000000000001
-0.04000000000000004 0.3600000000000001
0 0.3600000000000001
0.04000000000000004 0.3600000000000001
0.08000000000000007 0.3600000000000001
0.1200000000000001 0.3600000000000001
0.1599999999999999 0.3600000000000001
0.2 0.3600000000000001
0.24 0.3600000000000001
0.28 0.3600000000000001
0.3200000000000001 0.3600000000000001
0.3600000000000001 0.3600000000000001
0.3999999999999999 0.3600000000000001
0.4399999999999999 0.3600000000000001
0.48 0.3600000000000001
0.52 0.3600000000000001
0.5600000000000001 0.3600000000000001
0.6000000000000001 0.3600000000000001
0.6399999999999999 0.3600000000000001
0.6799999999999999 0.3600000000000001
0.72 0.3600000000000001
0.76 0.3600000000000001
0.8 0.3600000000000001
0.8400000000000001 0.3600000000000001
0.8799999999999999 0.3600000000000001
0.9199999999999999 0.3600000000000001
0.96 0.3600000000000001
1 0.3600000000000001
-1 0.3999999999999999
-0.96 0.3999999999999999
-0.92 0.3999999999999999
-0.88 0.3999999999999999
-0.84 0.3999999999999999
-0.8 0.3999999999999999
-0.76 0.3999999999999999
-0.72 0.3999999999999999
-0.6799999999999999 0.3999999999999999
-0.64 0.3999999999999999
-0.6 0.3999999999999999
-0.5600000000000001 0.3999999999999999
-0.52 0.3999999999999999
-0.48 0.3999999999999999
-0.4399999999999999 0.3999999999999999
-0.4 0.3999999999999999
-0.36 0.3999999999999999
-0.32 0.3999999999999999
-0.28 0.3999999999999999
-0.24 0.3999999999999999
-0.2 0.3999999999999999
-0.16 0.3999999999999999
-0.12 0.3999999999999999
-0.07999999999999996 0.3999999999999999
-0.04000000000000004 0.3999999999999999
0 0.3999999999999999
0.04000000000000004 0.3999999999999999
0.08000000000000007 0.3999999999999999
0.1200000000000001 0.3999999999999999
0.1599999999999999 0.3999999999999999
0.2 0.3999999999999999
0.24 0.3999999999999999
0.28 0.3999999999999999
0.3200000000000001 0.3999999999999999
0.3600000000000001 0.3999999999999999
0.3999999999999999 0.3999999999999999
0.4399999999999999 0.3999999999999999
0.48 0.3999999999999999
0.52 0.3999999999999999
0.5600000000000001 0.3999999999999999
0.6000000000000001 0.3999999999999999
0.6399999999999999 0.3999999999999999
0.6799999999999999 0.3999999999999999
0.72 0.3999999999999999
0.76 0.3999999999999999
0.8 0.3999999999999999
0.8400000000000001 0.3999999999999999
0.8799999999999999 0.3999999999999999
0.9199999999999999 0.3999999999999999
0.96 0.3999999999999999
1 0.3999999999999999
-1 0.4399999999999999
-0.96 0.4399999999999999
-0.92 0.4399999999999999
-0.88 0.4399999999999999
-0.84 0.4399999999999999
-0.8 0.4399999999999999
-0.76 0.4399999999999999
-0.72 0.4399999999999999
-0.6799999999999999 0.4399999999999999
-0.64 0.4399999999999999
-0.6 0.4399999999999999
-0.5600000000000001 0.4399999999999999
-0.52 0.4399999999999999
-0.48 0.4399999999999999
-0.4399999999999999 0.4399999999999999
-0.4 0.4399999999999999
-0.36 0.4399999999999999
-0.32 0.4399999999999999
-0.28 0.4399999999999999
-0.24 0.4399999999999999
-0.2 0.4399999999999999
-0.16 0.4399999999999999
-0.12 0.4399999999999999
-0.07999999999999996 0.4399999999999999
-0.04000000000000004 0.4399999999999999
0 0.4399999999999999
0.04000000000000004 0.4399999999999999
0.08000000000000007 0.4399999999999999
0.1200000000000001 0.4399999999999999
0.1599999999999999 0.4399999999999999
0.2 0.4399999999999999
0.24 0.4399999999999999
0.28 0.4399999999999999
0.3200000000000001 0.4399999999999999
0.3600000000000001 0.4399999999999999
0.3999999999999999 0.4399999999999999
0.4399999999999999 0.4399999999999999
0.48 0.4399999999999999
0.52 0.4399999999999999
0.5600000000000001 0.4399999999999999
0.6000000000000001 0.4399999999999999
0.6399999999999999 0.4399999999999999
0.6799999999999999 0.4399999999999999
0.72 0.4399999999999999
0.76 0.4399999999999999
0.8 0.4399999999999999
0.8400000000000001 0.4399999999999999
0.8799999999999999 0.4399999999999999
0.9199999999999999 0.4399999999999999
0.96 0.4399999999999999
1 0.4399999999999999
-1 0.48
-0.96 0.48
-0.92 0.48
-0.88 0.48
-0.84 0.48
-0.8 0.48
-0.76 0.48
-0.72 0.48
-0.6799999999999999 0.48
-0.64 0.48
-0.6 0.48
-0.5600000000000001 0.48
-0.52 0.48
-0.48 0.48
-0.4399999999999999 0.48
-0.4 0.48
-0.36 0.48
-0.32 0.48
-0.28 0.48
-0.24 0.48
-0.2 0.48
-0.16 0.48
-0.12 0.48
-0.07999999999999996 0.48
-0.04000000000000004 0.48
0 0.48
0.04000000000000004 0.48
0.08000000000000007 0.48
0.1200000000000001 0.48
0.1599999999999999 0.48
0.2 0.48
0.24 0.48
0.28 0.48
0.3200000000000001 0.48
0.3600000000000001 0.48
0.3999999999999999 0.48
0.4399999999999999 0.48
0.48 0.48
0.52 0.48
0.5600000000000001 0.48
0.6000000000000001 0.48
0.6399999999999999 0.48
0.6799999999999999 0.48
0.72 0.48
0.76 0.48
0.8 0.48
0.8400000000000001 0.48
0.8799999999999999 0.48
0.9199999999999999 0.48
0.96 0.48
1 0.48
-1 0.52
-0.96 0.52
-0.92 0.52
-0.88 0.52
-0.84 0.52
-0.8 0.52
-0.76 0.52
-0.72 0.52
-0.6799999999999999 0.52
-0.64 0.52
-0.6 0.52
-0.5600000000000001 0.52
-0.52 0.52
-0.48 0.52
-0.4399999999999999 0.52
-0.4 0.52
-0.36 0.52
-0.32 0.52
-0.28 0.52
-0.24 0.52
-0.2 0.52
-0.16 0.52
-0.12 0.52
-0.07999999999999996 0.52
-0.04000000000000004 0.52
0 0.52
0.04000000000000004 0.52
0.08000000000000007 0.52
0.1200000000000001 0.52
0.1599999999999999 0.52
0.2 0.52
0.24 0.52
0.28 0.52
0.3200000000000001 0.52
0.3600000000000001 0.52
0.3999999999999999 0.52
0.4399999999999999 0.52
0.48 0.52
0.52 0.52
0.5600000000000001 0.52
0.6000000000000001 0.52
0.6399999999999999 0.52
0.6799999999999999 0.52
0.72 0.52
0.76 0.52
0.8 0.52
0.8400000000000001 0.52
0.8799999999999999 0.52
0.9199999999999999 0.52
0.96 0.52
1 0.52
-1 0.5600000000000001
-0.96 0.5600000000000001
-0.92 0.5600000000000001
-0.88 0.5600000000000001
-0.84 0.5600000000000001
-0.8 0.5600000000000001
-0.76 0.5600000000000001
-0.72 0.5600000000000001
-0.6799999999999999 0.5600000000000001
-0.64 0.5600000000000001
-0.6 0.5600000000000001
-0.5600000000000001 0.5600000000000001
-0.52 0.5600000000000001
-0.48 0.5600000000000001
-0.4399999999999999 0.5600000000000001
-0.4 0.5600000000000001
-0.36 0.5600000000000001
-0.32 0.5600000000000001
-0.28 0.5600000000000001
-0.24 0.5600000000000001
-0.2 0.5600000000000001
-0.16 0.5600000000000001
-0.12 0.5600000000000001
-0.07999999999999996 0.5600000000000001
-0.04000000000000004 0.5600000000000001
0 0.5600000000000001
0.04000000000000004 0.5600000000000001
0.08000000000000007 0.5600000000000001
0.1200000000000001 0.5600000000000001
0.1599999999999999 0.5600000000000001
0.2 0.5600000000000001
0.24 0.5600000000000001
0.28 0.5600000000000001
0.3200000000000001 0.5600000000000001
0.3600000000000001 0.5600000000000001
0.3999999999999999 0.5600000000000001
0.4399999999999999 0.5600000000000001
0.48 0.5600000000000001
0.52 0.5600000000000001
0.5600000000000001 0.5600000000000001
0.6000000000000001 0.5600000000000001
0.6399999999999999 0.5600000000000001
0.6799999999999999 0.5600000000000001
0.72 0.5600000000000001
0.76 0.5600000000000001
0.8 0.5600000000000001
0.8400000000000001 0.5600000000000001
0.8799999999999999 0.5600000000000001
0.9199999999999999 0.5600000000000001
0.96 0.5600000000000001
1 0.5600000000000001
-1 0.6000000000000001
-0.96 0.6000000000000001
-0.92 0.6000000000000001
-0.88 0.6000000000000001
-0.84 0.6000000000000001
-0.8 0.6000000000000001
-0.76 0.6000000000000001
-0.72 0.6000000000000001
-0.6799999999999999 0.6000000000000001
-0.64 0.6000000000000001
-0.6 0.6000000000000001
-0.5600000000000001 0.6000000000000001
-0.52 0.6000000000000001
-0.48 0.6000000000000001
-0.4399999999999999 0.6000000000000001
-0.4 0.6000000000000001
-0.36 0.6000000000000001
-0.32 0.6000000000000001
-0.28 0.6000000000000001
-0.24 0.6000000000000001
-0.2 0.6000000000000001
-0.16 0.6000000000000001
-0.12 0.6000000000000001
-0.07999999999999996 0.6000000000000001
-0.04000000000000004 0.6000000000000001
0 0.6000000000000001
0.04000000000000004 0.6000000000000001
0.08000000000000007 0.6000000000000001
0.1200000000000001 0.6000000000000001
0.1599999999999999 0.6000000000000001
0.2 0.6000000000000001
0.24 0.6000000000000001
0.28 0.6000000000000001
0.3200000000000001 0.6000000000000001
0.3600000000000001 0.6000000000000001
0.3999999999999999 0.6000000000000001
0.4399999999999999 0.6000000000000001
0.48 0.6000000000000001
0.52 0.6000000000000001
0.5600000000000001 0.6000000000000001
0.6000000000000001 0.6000000000000001
0.6399999999999999 0.6000000000000001
0.6799999999999999 0.6000000000000001
0.72 0.6000000000000001
0.76 0.6000000000000001
0.8 0.6000000000000001
0.8400000000000001 0.6000000000000001
0.8799999999999999 0.6000000000000001
0.9199999999999999 0.6000000000000001
0.96 0.6000000000000001
1 0.6000000000000001
-1 0.6399999999999999
-0.96 0.6399999999999999
-0.92 0.6399999999999999
-0.88 0.6399999999999999
-0.84 0.6399999999999999
-0.8 0.6399999999999999
-0.76 0.6399999999999999
-0.72 0.6399999999999999
-0.6799999999999999 0.6399999999999999
-0.64 0.6399999999999999
-0.6 0.6399999999999999
-0.5600000000000001 0.6399999999999999
-0.52 0.6399999999999999
-0.48 0.6399999999999999
-0.4399999999999999 0.6399999999999999
-0.4 0.6399999999999999
-0.36 0.6399999999999999
-0.32 0.6399999999999999
-0.28 0.6399999999999999
-0.24 0.6399999999999999
-0.2 0.6399999999999999
-0.16 0.6399999999999999
-0.12 0.6399999999999999
-0.07999999999999996 0.6399999999999999
-0.04000000000000004 0.6399999999999999
0 0.6399999999999999
0.04000000000000004 0.6399999999999999
0.08000000000000007 0.6399999999999999
0.1200000000000001 0.6399999999999999
0.1599999999999999 0.6399999999999999
0.2 0.6399999999999999
0.24 0.6399999999999999
0.28 0.6399999999999999
0.3200000000000001 0.6399999999999999
0.3600000000000001 0.6399999999999999
0.3999999999999999 0.6399999999999999
0.4399999999999999 0.6399999999999999
0.48 0.6399999999999999
0.52 0.6399999999999999
0.5600000000000001 0.6399999999999999
0.6000000000000001 0.6399999999999999
0.6399999999999999 0.6399999999999999
0.6799999999999999 0.6399999999999999
0.72 0.6399999999999999
0.76 0.6399999999999999
0.8 0.6399999999999999
0.8400000000000001 0.6399999999999999
0.8799999999999999 0.6399999999999999
0.9199999999999999 0.6399999999999999
0.96 0.6399999999999999
1 0.6399999999999999
-1 0.6799999999999999
-0.96 0.6799999999999999
-0.92 0.6799999999999999
-0.88 0.6799999999999999
-0.84 0.6799999999999999
-0.8 0.6799999999999999
-0.76 0.6799999999999999
-0.72 0.6799999999999999
-0.6799999999999999 0.6799999999999999
-0.64 0.6799999999999999
-0.6 0.6799999999999999
-0.5600000000000001 0.6799999999999999
-0.52 0.6799999999999999
-0.48 0.6799999999999999
-0.4399999999999999 0.6799999999999999
-0.4 0.6799999999999999
-0.36 0.6799999999999999
-0.32 0.6799999999999999
-0.28 0.6799999999999999
-0.24 0.6799999999999999
-0.2 0.6799999999999999
-0.16 0.6799999999999999
-0.12 0.6799999999999999
-0.07999999999999996 0.6799999999999999
-0.04000000000000004 0.6799999999999999
0 0.6799999999999999
0.04000000000000004 0.6799999999999999
0.08000000000000007 0.6799999999999999
0.1200000000000001 0.6799999999999999
0.1599999999999999 0.6799999999999999
0.2 0.6799999999999999
0.24 0.6799999999999999
0.28 0.6799999999999999
0.3200000000000001 0.6799999999999999
0.3600000000000001 0.6799999999999999
0.3999999999999999 0.6799999999999999
0.4399999999999999 0.6799999999999999
0.48 0.6799999999999999
0.52 0.6799999999999999
0.5600000000000001 0.6799999999999999
0.6000000000000001 0.6799999999999999
0.6399999999999999 0.6799999999999999
0.6799999999999999 0.6799999999999999
0.72 0.6799999999999999
0.76 0.6799999999999999
0.8 0.6799999999999999
0.8400000000000001 0.6799999999999999
0.8799999999999999 0.6799999999999999
0.9199999999999999 0.6799999999999999
0.96 0.6799999999999999
1 0.6799999999999999
-1 0.72
-0.96 0.72
-0.92 0.72
-0.88 0.72
-0.84 0.72
-0.8 0.72
-0.76 0.72
-0.72 0.72
-0.6799999999999999 0.72
-0.64 0.72
-0.6 0.72
-0.5600000000000001 0.72
-0.52 0.72
-0.48 0.72
-0.4399999999999999 0.72
-0.4 0.72
-0.36 0.72
-0.32 0.72
-0.28 0.72
-0.24 0.72
-0.2 0.72
-0.16 0.72
-0.12 0.72
-0.07999999999999996 0.72
-0.04000000000000004 0.72
0 0.72
0.04000000000000004 0.72
0.08000000000000007 0.72
0.1200000000000001 0.72
0.1599999999999999 0.72
0.2 0.72
0.24 0.72
0.28 0.72
0.3200000000000001 0.72
0.3600000000000001 0.72
0.3999999999999999 0.72
0.4399999999999999 0.72
0.48 0.72
0.52 0.72
0.5600000000000001 0.72
0.6000000000000001 0.72
0.6399999999999999 0.72
0.6799999999999999 0.72
0.72 0.72
0.76 0.72
0.8 0.72
0.8400000000000001 0.72
0.8799999999999999 0.72
0.9199999999999999 0.72
0.96 0.72
1 0.72
-1 0.76
-0.96 0.76
-0.92 0.76
-0.88 0.76
-0.84 0.76
-0.8 0.76
-0.76 0.76
-0.72 0.76
-0.6799999999999999 0.76
-0.64 0.76
-0.6 0.76
-0.5600000000000001 0.76
-0.52 0.76
-0.48 0.76
-0.4399999999999999 0.76
-0.4 0.76
-0.36 0.76
-0.32 0.76
-0.28 0.76
-0.24 0.76
-0.2 0.76
-0.16 0.76
-0.12 0.76
-0.07999999999999996 0.76
-0.04000000000000004 0.76
0 0.76
0.04000000000000004 0.76
0.08000000000000007 0.76
0.1200000000000001 0.76
0.1599999999999999 0.76
0.2 0.76
0.24 0.76
0.28 0.76
0.3200000000000001 0.76
0.3600000000000001 0.76
0.3999999999999999 0.76
0.4399999999999999 0.76
0.48 0.76
0.52 0.76
0.5600000000000001 0.76
0.6000000000000001 0.76
0.6399999999999999 0.76
0.6799999999999999 0.76
0.72 0.76
0.76 0.76
0.8 0.76
0.8400000000000001 0.76
0.8799999999999999 0.76
0.9199999999999999 0.76
0.96 0.76
1 0.76
-1 0.8
-0.96 0.8
-0.92 0.8
-0.88 0.8
-0.84 0.8
-0.8 0.8
-0.76 0.8
-0.72 0.8
-0.6799999999999999 0.8
-0.64 0.8
-0.6 0.8
-0.5600000000000001 0.8
-0.52 0.8
-0.48 0.8
-0.4399999999999999 0.8
-0.4 0.8
-0.36 0.8
-0.32 0.8
-0.28 0.8
-0.24 0.8
-0.2 0.8
-0.16 0.8
-0.12 0.8
-0.07999999999999996 0.8
-0.04000000000000004 0.8
0 0.8
0.04000000000000004 0.8
0.08000000000000007 0.8
0.1200000000000001 0.8
0.1599999999999999 0.8
0.2 0.8
0.24 0.8
0.28 0.8
0.3200000000000001 0.8
0.3600000000000001 0.8
0.3999999999999999 0.8
0.4399999999999999 0.8
0.48 0.8
0.52 0.8
0.5600000000000001 0.8
0.6000000000000001 0.8
0.6399999999999999 0.8
0.6799999999999999 0.8
0.72 0.8
0.76 0.8
0.8 0.8
0.8400000000000001 0.8
0.8799999999999999 0.8
0.9199999999999999 0.8
0.96 0.8
1 0.8
-1 0.8400000000000001
-0.96 0.8400000000000001
-0.92 0.8400000000000001
-0.88 0.8400000000000001
-0.84 0.8400000000000001
-0.8 0.8400000000000001
-0.76 0.8400000000000001
-0.72 0.8400000000000001
-0.6799999999999999 0.8400000000000001
-0.64 0.8400000000000001
-0.6 0.8400000000000001
-0.5600000000000001 0.8400000000000001
-0.52 0.8400000000000001
-0.48 0.8400000000000001
-0.4399999999999999 0.8400000000000001
-0.4 0.8400000000000001
-0.36 0.8400000000000001
-0.32 0.8400000000000001
-0.28 0.8400000000000001
-0.24 0.8400000000000001
-0.2 0.8400000000000001
-0.16 0.8400000000000001
-0.12 0.8400000000000001
-0.07999999999999996 0.8400000000000001
-0.04000000000000004 0.8400000000000001
0 0.8400000000000001
0.04000000000000004 0.8400000000000001
0.08000000000000007 0.8400000000000001
0.1200000000000001 0.8400000000000001
0.1599999999999999 0.8400000000000001
0.2 0.8400000000000001
0.24 0.8400000000000001
0.28 0.8400000000000001
0.3200000000000001 0.8400000000000001
0.3600000000000001 0.8400000000000001
0.3999999999999999 0.8400000000000001
0.4399999999999999 0.8400000000000001
0.48 0.8400000000000001
0.52 0.8400000000000001
0.5600000000000001 0.8400000000000001
0.6000000000000001 0.8400000000000001
0.6399999999999999 0.8400000000000001
0.6799999999999999 0.8400000000000001
0.72 0.8400000000000001
0.76 0.8400000000000001
0.8 0.8400000000000001
0.8400000000000001 0.8400000000000001
0.8799999999999999 0.8400000000000001
0.9199999999999999 0.8400000000000001
0.96 0.8400000000000001
1 0.8400000000000001
-1 0.8799999999999999
-0.96 0.8799999999999999
-0.92 0.8799999999999999
-0.88 0.8799999999999999
-0.84 0.8799999999999999
-0.8 0.8799999999999999
-0.76 0.8799999999999999
-0.72 0.8799999999999999
-0.6799999999999999 0.8799999999999999
-0.64 0.8799999999999999
-0.6 0.8799999999999999
-0.5600000000000001 0.8799999999999999
-0.52 0.8799999999999999
-0.48 0.8799999999999999
-0.4399999999999999 0.8799999999999999
-0.4 0.8799999999999999
-0.36 0.8799999999999999
-0.32 0.8799999999999999
-0.28 0.8799999999999999
-0.24 0.8799999999999999
-0.2 0.8799999999999999
-0.16 0.8799999999999999
-0.12 0.8799999999999999
-0.07999999999999996 0.8799999999999999
-0.04000000000000004 0.8799999999999999
0 0.8799999999999999
0.04000000000000004 0.8799999999999999
0.08000000000000007 0.8799999999999999
0.1200000000000001 0.8799999999999999
0.1599999999999999 0.8799999999999999
0.2 0.8799999999999999
0.24 0.8799999999999999
0.28 0.8799999999999999
0.3200000000000001 0.8799999999999999
0.3600000000000001 0.8799999999999999
0.3999999999999999 0.8799999999999999
0.4399999999999999 0.8799999999999999
0.48 0.8799999999999999
0.52 0.8799999999999999
0.5600000000000001 0.8799999999999999
0.6000000000000001 0.8799999999999999
0.6399999999999999 0.8799999999999999
0.6799999999999999 0.8799999999999999
0.72 0.8799999999999999
0.76 0.8799999999999999
0.8 0.8799999999999999
0.8400000000000001 0.8799999999999999
0.8799999999999999 0.8799999999999999
0.9199999999999999 0.8799999999999999
0.96 0.8799999999999999
1 0.8799999999999999
-1 0.9199999999999999
-0.96 0.9199999999999999
-0.92 0.9199999999999999
-0.88 0.9199999999999999
-0.84 0.9199999999999999
-0.8 0.9199999999999999
-0.76 0.9199999999999999
-0.72 0.9199999999999999
-0.6799999999999999 0.9199999999999999
-0.64 0.9199999999999999
-0.6 0.9199999999999999
-0.5600000000000001 0.9199999999999999
-0.52 0.9199999999999999
-0.48 0.9199999999999999
-0.4399999999999999 0.9199999999999999
-0.4 0.9199999999999999
-0.36 0.9199999999999999
-0.32 0.9199999999999999
-0.28 0.9199999999999999
-0.24 0.9199999999999999
-0.2 0.9199999999999999
-0.16 0.9199999999999999
-0.12 0.9199999999999999
-0.07999999999999996 0.9199999999999999
-0.04000000000000004 0.9199999999999999
0 0.9199999999999999
0.04000000000000004 0.9199999999999999
0.08000000000000007 0.9199999999999999
0.1200000000000001 0.9199999999999999
0.1599999999999999 0.9199999999999999
0.2 0.9199999999999999
0.24 0.9199999999999999
0.28 0.9199999999999999
0.3200000000000001 0.9199999999999999
0.3600000000000001 0.9199999999999999
0.3999999999999999 0.9199999999999999
0.4399999999999999 0.9199999999999999
0.48 0.9199999999999999
0.52 0.9199999999999999
0.5600000000000001 0.9199999999999999
0.6000000000000001 0.9199999999999999
0.6399999999999999 0.9199999999999999
0.6799999999999999 0.9199999999999999
0.72 0.9199999999999999
0.76 0.9199999999999999
0.8 0.9199999999999999
0.8400000000000001 0.9199999999999999
0.8799999999999999 0.9199999999999999
0.9199999999999999 0.9199999999999999
0.96 0.9199999999999999
1 0.9199999999999999
-1 0.96
-0.96 0.96
-0.92 0.96
-0.88 0.96
-0.84 0.96
-0.8 0.96
-0.76 0.96
-0.72 0.96
-0.6799999999999999 0.96
-0.64 0.96
-0.6 0.96
-0.5600000000000001 0.96
-0.52 0.96
-0.48 0.96
-0.4399999999999999 0.96
-0.4 0.96
-0.36 0.96
-0.32 0.96
-0.28 0.96
-0.24 0.96
-0.2 0.96
-0.16 0.96
-0.12 0.96
-0.07999999999999996 0.96
-0.04000000000000004 0.96
0 0.96
0.04000000000000004 0.96
0.08000000000000007 0.96
0.1200000000000001 0.96
0.1599999999999999 0.96
0.2 0.96
0.24 0.96
0.28 0.96
0.3200000000000001 0.96
0.3600000000000001 0.96
0.3999999999999999 0.96
0.4399999999999999 0.96
0.48 0.96
0.52 0.96
0.5600000000000001 0.96
0.6000000000000001 0.96
0.6399999999999999 0.96
0.6799999999999999 0.96
0.72 0.96
0.76 0.96
0.8 0.96
0.8400000000000001 0.96
0.8799999999999999 0.96
0.9199999999999999 0.96
0.96 0.96
1 0.96
-1 1
-0.96 1
-0.92 1
-0.88 1
-0.84 1
-0.8 1
-0.76 1
-0.72 1
-0.6799999999999999 1
-0.64 1
-0.6 1
-0.5600000000000001 1
-0.52 1
-0.48 1
-0.4399999999999999 1
-0.4 1
-0.36 1
-0.32 1
-0.28 1
-0.24 1
-0.2 1
-0.16 1
-0.12 1
-0.07999999999999996 1
-0.04000000000000004 1
0 1
0.04000000000000004 1
0.08000000000000007 1
0.1200000000000001 1
0.1599999999999999 1
0.2 1
0.24 1
0.28 1
0.3200000000000001 1
0.3600000000000001 1
0.3999999999999999 1
0.4399999999999999 1
0.48 1
0.52 1
0.5600000000000001 1
0.6000000000000001 1
0.6399999999999999 1
0.6799999999999999 1
0.72 1
0.76 1
0.8 1
0.8400000000000001 1
0.8799999999999999 1
0.9199999999999999 1
0.96 1
1 1
