MFEM mesh v1.0

#
# MFEM Geometry Types (see fem/geom.hpp):
#
# POINT       = 0
# SEGMENT     = 1
# TRIANGLE    = 2
# SQUARE      = 3
# TETRAHEDRON = 4
# CUBE        = 5
# PRISM       = 6
# PYRAMID     = 7
#

dimension
3

elements
10000
1 5 0 1 102 101 1111 1112 1213 1212
1 5 101 102 203 202 1212 1213 1314 1313
1 5 1212 1213 1314 1313 2323 2324 2425 2424
1 5 1111 1112 1213 1212 2222 2223 2324 2323
1 5 1112 1113 1214 1213 2223 2224 2325 2324
1 5 1213 1214 1315 1314 2324 2325 2426 2425
1 5 102 103 204 203 1213 1214 1315 1314
1 5 1 2 103 102 1112 1113 1214 1213
1 5 2 3 104 103 1113 1114 1215 1214
1 5 1113 1114 1215 1214 2224 2225 2326 2325
1 5 1114 1115 1216 1215 2225 2226 2327 2326
1 5 3 4 105 104 1114 1115 1216 1215
1 5 104 105 206 205 1215 1216 1317 1316
1 5 1215 1216 1317 1316 2326 2327 2428 2427
1 5 1214 1215 1316 1315 2325 2326 2427 2426
1 5 103 104 205 204 1214 1215 1316 1315
1 5 204 205 306 305 1315 1316 1417 1416
1 5 1315 1316 1417 1416 2426 2427 2528 2527
1 5 1316 1317 1418 1417 2427 2428 2529 2528
1 5 205 206 307 306 1316 1317 1418 1417
1 5 306 307 408 407 1417 1418 1519 1518
1 5 1417 1418 1519 1518 2528 2529 2630 2629
1 5 1416 1417 1518 1517 2527 2528 2629 2628
1 5 305 306 407 406 1416 1417 1518 1517
1 5 304 305 406 405 1415 1416 1517 1516
1 5 303 304 405 404 1414 1415 1516 1515
1 5 202 203 304 303 1313 1314 1415 1414
1 5 203 204 305 304 1314 1315 1416 1415
1 5 1314 1315 1416 1415 2425 2426 2527 2526
1 5 1313 1314 1415 1414 2424 2425 2526 2525
1 5 1414 1415 1516 1515 2525 2526 2627 2626
1 5 1415 1416 1517 1516 2526 2527 2628 2627
1 5 2526 2527 2628 2627 3637 3638 3739 3738
1 5 2525 2526 2627 2626 3636 3637 3738 3737
1 5 2424 2425 2526 2525 3535 3536 3637 3636
1 5 2425 2426 2527 2526 3536 3537 3638 3637
1 5 3536 3537 3638 3637 4647 4648 4749 4748
1 5 3535 3536 3637 3636 4646 4647 4748 4747
1 5 3636 3637 3738 3737 4747 4748 4849 4848
1 5 3637 3638 3739 3738 4748 4749 4850 4849
1 5 3638 3639 3740 3739 4749 4750 4851 4850
1 5 2527 2528 2629 2628 3638 3639 3740 3739
1 5 2528 2529 2630 2629 3639 3640 3741 3740
1 5 3639 3640 3741 3740 4750 4751 4852 4851
1 5 3538 3539 3640 3639 4649 4650 4751 4750
1 5 2427 2428 2529 2528 3538 3539 3640 3639
1 5 2426 2427 2528 2527 3537 3538 3639 3638
1 5 3537 3538 3639 3638 4648 4649 4750 4749
1 5 3436 3437 3538 3537 4547 4548 4649 4648
1 5 2325 2326 2427 2426 3436 3437 3538 3537
1 5 2326 2327 2428 2427 3437 3438 3539 3538
1 5 3437 3438 3539 3538 4548 4549 4650 4649
1 5 3336 3337 3438 3437 4447 4448 4549 4548
1 5 2225 2226 2327 2326 3336 3337 3438 3437
1 5 2224 2225 2326 2325 3335 3336 3437 3436
1 5 3335 3336 3437 3436 4446 4447 4548 4547
1 5 3334 3335 3436 3435 4445 4446 4547 4546
1 5 3435 3436 3537 3536 4546 4547 4648 4647
1 5 2324 2325 2426 2425 3435 3436 3537 3536
1 5 2223 2224 2325 2324 3334 3335 3436 3435
1 5 2222 2223 2324 2323 3333 3334 3435 3434
1 5 2323 2324 2425 2424 3434 3435 3536 3535
1 5 3434 3435 3536 3535 4545 4546 4647 4646
1 5 3333 3334 3435 3434 4444 4445 4546 4545
1 5 4444 4445 4546 4545 5555 5556 5657 5656
1 5 5555 5556 5657 5656 6666 6667 6768 6767
1 5 5556 5557 5658 5657 6667 6668 6769 6768
1 5 4445 4446 4547 4546 5556 5557 5658 5657
1 5 4546 4547 4648 4647 5657 5658 5759 5758
1 5 5657 5658 5759 5758 6768 6769 6870 6869
1 5 5656 5657 5758 5757 6767 6768 6869 6868
1 5 4545 4546 4647 4646 5656 5657 5758 5757
1 5 4646 4647 4748 4747 5757 5758 5859 5858
1 5 4747 4748 4849 4848 5858 5859 5960 5959
1 5 5858 5859 5960 5959 6969 6970 7071 7070
1 5 5757 5758 5859 5858 6868 6869 6970 6969
1 5 5758 5759 5860 5859 6869 6870 6971 6970
1 5 5859 5860 5961 5960 6970 6971 7072 7071
1 5 4748 4749 4850 4849 5859 5860 5961 5960
1 5 4647 4648 4749 4748 5758 5759 5860 5859
1 5 4648 4649 4750 4749 5759 5760 5861 5860
1 5 4749 4750 4851 4850 5860 5861 5962 5961
1 5 5860 5861 5962 5961 6971 6972 7073 7072
1 5 5759 5760 5861 5860 6870 6871 6972 6971
1 5 5760 5761 5862 5861 6871 6872 6973 6972
1 5 5861 5862 5963 5962 6972 6973 7074 7073
1 5 4750 4751 4852 4851 5861 5862 5963 5962
1 5 4649 4650 4751 4750 5760 5761 5862 5861
1 5 4548 4549 4650 4649 5659 5660 5761 5760
1 5 5659 5660 5761 5760 6770 6771 6872 6871
1 5 5658 5659 5760 5759 6769 6770 6871 6870
1 5 4547 4548 4649 4648 5658 5659 5760 5759
1 5 4446 4447 4548 4547 5557 5558 5659 5658
1 5 5557 5558 5659 5658 6668 6669 6770 6769
1 5 5558 5559 5660 5659 6669 6670 6771 6770
1 5 4447 4448 4549 4548 5558 5559 5660 5659
1 5 4448 4449 4550 4549 5559 5560 5661 5660
1 5 5559 5560 5661 5660 6670 6671 6772 6771
1 5 5560 5561 5662 5661 6671 6672 6773 6772
1 5 4449 4450 4551 4550 5560 5561 5662 5661
1 5 4550 4551 4652 4651 5661 5662 5763 5762
1 5 5661 5662 5763 5762 6772 6773 6874 6873
1 5 5660 5661 5762 5761 6771 6772 6873 6872
1 5 4549 4550 4651 4650 5660 5661 5762 5761
1 5 4650 4651 4752 4751 5761 5762 5863 5862
1 5 4751 4752 4853 4852 5862 5863 5964 5963
1 5 5862 5863 5964 5963 6973 6974 7075 7074
1 5 5761 5762 5863 5862 6872 6873 6974 6973
1 5 5762 5763 5864 5863 6873 6874 6975 6974
1 5 5863 5864 5965 5964 6974 6975 7076 7075
1 5 4752 4753 4854 4853 5863 5864 5965 5964
1 5 4651 4652 4753 4752 5762 5763 5864 5863
1 5 4652 4653 4754 4753 5763 5764 5865 5864
1 5 4753 4754 4855 4854 5864 5865 5966 5965
1 5 5864 5865 5966 5965 6975 6976 7077 7076
1 5 5763 5764 5865 5864 6874 6875 6976 6975
1 5 5764 5765 5866 5865 6875 6876 6977 6976
1 5 5865 5866 5967 5966 6976 6977 7078 7077
1 5 4754 4755 4856 4855 5865 5866 5967 5966
1 5 4653 4654 4755 4754 5764 5765 5866 5865
1 5 4552 4553 4654 4653 5663 5664 5765 5764
1 5 5663 5664 5765 5764 6774 6775 6876 6875
1 5 5662 5663 5764 5763 6773 6774 6875 6874
1 5 4551 4552 4653 4652 5662 5663 5764 5763
1 5 4450 4451 4552 4551 5561 5562 5663 5662
1 5 5561 5562 5663 5662 6672 6673 6774 6773
1 5 5562 5563 5664 5663 6673 6674 6775 6774
1 5 4451 4452 4553 4552 5562 5563 5664 5663
1 5 3340 3341 3442 3441 4451 4452 4553 4552
1 5 3339 3340 3441 3440 4450 4451 4552 4551
1 5 3440 3441 3542 3541 4551 4552 4653 4652
1 5 3441 3442 3543 3542 4552 4553 4654 4653
1 5 3542 3543 3644 3643 4653 4654 4755 4754
1 5 3541 3542 3643 3642 4652 4653 4754 4753
1 5 3642 3643 3744 3743 4753 4754 4855 4854
1 5 3643 3644 3745 3744 4754 4755 4856 4855
1 5 2532 2533 2634 2633 3643 3644 3745 3744
1 5 2531 2532 2633 2632 3642 3643 3744 3743
1 5 2430 2431 2532 2531 3541 3542 3643 3642
1 5 2431 2432 2533 2532 3542 3543 3644 3643
1 5 2330 2331 2432 2431 3441 3442 3543 3542
1 5 2329 2330 2431 2430 3440 3441 3542 3541
1 5 2228 2229 2330 2329 3339 3340 3441 3440
1 5 2229 2230 2331 2330 3340 3341 3442 3441
1 5 1118 1119 1220 1219 2229 2230 2331 2330
1 5 7 8 109 108 1118 1119 1220 1219
1 5 6 7 108 107 1117 1118 1219 1218
1 5 1117 1118 1219 1218 2228 2229 2330 2329
1 5 1218 1219 1320 1319 2329 2330 2431 2430
1 5 107 108 209 208 1218 1219 1320 1319
1 5 108 109 210 209 1219 1220 1321 1320
1 5 1219 1220 1321 1320 2330 2331 2432 2431
1 5 1320 1321 1422 1421 2431 2432 2533 2532
1 5 1421 1422 1523 1522 2532 2533 2634 2633
1 5 310 311 412 411 1421 1422 1523 1522
1 5 209 210 311 310 1320 1321 1422 1421
1 5 208 209 310 309 1319 1320 1421 1420
1 5 309 310 411 410 1420 1421 1522 1521
1 5 1420 1421 1522 1521 2531 2532 2633 2632
1 5 1319 1320 1421 1420 2430 2431 2532 2531
1 5 1318 1319 1420 1419 2429 2430 2531 2530
1 5 1419 1420 1521 1520 2530 2531 2632 2631
1 5 308 309 410 409 1419 1420 1521 1520
1 5 207 208 309 308 1318 1319 1420 1419
1 5 206 207 308 307 1317 1318 1419 1418
1 5 307 308 409 408 1418 1419 1520 1519
1 5 1418 1419 1520 1519 2529 2530 2631 2630
1 5 1317 1318 1419 1418 2428 2429 2530 2529
1 5 1216 1217 1318 1317 2327 2328 2429 2428
1 5 105 106 207 206 1216 1217 1318 1317
1 5 106 107 208 207 1217 1218 1319 1318
1 5 1217 1218 1319 1318 2328 2329 2430 2429
1 5 1116 1117 1218 1217 2227 2228 2329 2328
1 5 5 6 107 106 1116 1117 1218 1217
1 5 4 5 106 105 1115 1116 1217 1216
1 5 1115 1116 1217 1216 2226 2227 2328 2327
1 5 2226 2227 2328 2327 3337 3338 3439 3438
1 5 3337 3338 3439 3438 4448 4449 4550 4549
1 5 3338 3339 3440 3439 4449 4450 4551 4550
1 5 2227 2228 2329 2328 3338 3339 3440 3439
1 5 2328 2329 2430 2429 3439 3440 3541 3540
1 5 3439 3440 3541 3540 4550 4551 4652 4651
1 5 3438 3439 3540 3539 4549 4550 4651 4650
1 5 2327 2328 2429 2428 3438 3439 3540 3539
1 5 2428 2429 2530 2529 3539 3540 3641 3640
1 5 3539 3540 3641 3640 4650 4651 4752 4751
1 5 3540 3541 3642 3641 4651 4652 4753 4752
1 5 2429 2430 2531 2530 3540 3541 3642 3641
1 5 2530 2531 2632 2631 3641 3642 3743 3742
1 5 3641 3642 3743 3742 4752 4753 4854 4853
1 5 3640 3641 3742 3741 4751 4752 4853 4852
1 5 2529 2530 2631 2630 3640 3641 3742 3741
1 5 2630 2631 2732 2731 3741 3742 3843 3842
1 5 3741 3742 3843 3842 4852 4853 4954 4953
1 5 3742 3743 3844 3843 4853 4854 4955 4954
1 5 2631 2632 2733 2732 3742 3743 3844 3843
1 5 2732 2733 2834 2833 3843 3844 3945 3944
1 5 3843 3844 3945 3944 4954 4955 5056 5055
1 5 3842 3843 3944 3943 4953 4954 5055 5054
1 5 2731 2732 2833 2832 3842 3843 3944 3943
1 5 1620 1621 1722 1721 2731 2732 2833 2832
1 5 1519 1520 1621 1620 2630 2631 2732 2731
1 5 408 409 510 509 1519 1520 1621 1620
1 5 509 510 611 610 1620 1621 1722 1721
1 5 510 511 612 611 1621 1622 1723 1722
1 5 409 410 511 510 1520 1521 1622 1621
1 5 1520 1521 1622 1621 2631 2632 2733 2732
1 5 1621 1622 1723 1722 2732 2733 2834 2833
1 5 1622 1623 1724 1723 2733 2734 2835 2834
1 5 1521 1522 1623 1622 2632 2633 2734 2733
1 5 410 411 512 511 1521 1522 1623 1622
1 5 511 512 613 612 1622 1623 1724 1723
1 5 512 513 614 613 1623 1624 1725 1724
1 5 411 412 513 512 1522 1523 1624 1623
1 5 1522 1523 1624 1623 2633 2634 2735 2734
1 5 1623 1624 1725 1724 2734 2735 2836 2835
1 5 2734 2735 2836 2835 3845 3846 3947 3946
1 5 2733 2734 2835 2834 3844 3845 3946 3945
1 5 2632 2633 2734 2733 3743 3744 3845 3844
1 5 2633 2634 2735 2734 3744 3745 3846 3845
1 5 3744 3745 3846 3845 4855 4856 4957 4956
1 5 3743 3744 3845 3844 4854 4855 4956 4955
1 5 3844 3845 3946 3945 4955 4956 5057 5056
1 5 3845 3846 3947 3946 4956 4957 5058 5057
1 5 4956 4957 5058 5057 6067 6068 6169 6168
1 5 4855 4856 4957 4956 5966 5967 6068 6067
1 5 5966 5967 6068 6067 7077 7078 7179 7178
1 5 6067 6068 6169 6168 7178 7179 7280 7279
1 5 6066 6067 6168 6167 7177 7178 7279 7278
1 5 5965 5966 6067 6066 7076 7077 7178 7177
1 5 4854 4855 4956 4955 5965 5966 6067 6066
1 5 4955 4956 5057 5056 6066 6067 6168 6167
1 5 4954 4955 5056 5055 6065 6066 6167 6166
1 5 4853 4854 4955 4954 5964 5965 6066 6065
1 5 5964 5965 6066 6065 7075 7076 7177 7176
1 5 6065 6066 6167 6166 7176 7177 7278 7277
1 5 6064 6065 6166 6165 7175 7176 7277 7276
1 5 5963 5964 6065 6064 7074 7075 7176 7175
1 5 4852 4853 4954 4953 5963 5964 6065 6064
1 5 4953 4954 5055 5054 6064 6065 6166 6165
1 5 4952 4953 5054 5053 6063 6064 6165 6164
1 5 4851 4852 4953 4952 5962 5963 6064 6063
1 5 5962 5963 6064 6063 7073 7074 7175 7174
1 5 6063 6064 6165 6164 7174 7175 7276 7275
1 5 6062 6063 6164 6163 7173 7174 7275 7274
1 5 5961 5962 6063 6062 7072 7073 7174 7173
1 5 4850 4851 4952 4951 5961 5962 6063 6062
1 5 4951 4952 5053 5052 6062 6063 6164 6163
1 5 4950 4951 5052 5051 6061 6062 6163 6162
1 5 4849 4850 4951 4950 5960 5961 6062 6061
1 5 5960 5961 6062 6061 7071 7072 7173 7172
1 5 6061 6062 6163 6162 7172 7173 7274 7273
1 5 6060 6061 6162 6161 7171 7172 7273 7272
1 5 5959 5960 6061 6060 7070 7071 7172 7171
1 5 4848 4849 4950 4949 5959 5960 6061 6060
1 5 4949 4950 5051 5050 6060 6061 6162 6161
1 5 3838 3839 3940 3939 4949 4950 5051 5050
1 5 3737 3738 3839 3838 4848 4849 4950 4949
1 5 2626 2627 2728 2727 3737 3738 3839 3838
1 5 2727 2728 2829 2828 3838 3839 3940 3939
1 5 2728 2729 2830 2829 3839 3840 3941 3940
1 5 2627 2628 2729 2728 3738 3739 3840 3839
1 5 3738 3739 3840 3839 4849 4850 4951 4950
1 5 3839 3840 3941 3940 4950 4951 5052 5051
1 5 3840 3841 3942 3941 4951 4952 5053 5052
1 5 3841 3842 3943 3942 4952 4953 5054 5053
1 5 3740 3741 3842 3841 4851 4852 4953 4952
1 5 3739 3740 3841 3840 4850 4851 4952 4951
1 5 2628 2629 2730 2729 3739 3740 3841 3840
1 5 2629 2630 2731 2730 3740 3741 3842 3841
1 5 2730 2731 2832 2831 3841 3842 3943 3942
1 5 2729 2730 2831 2830 3840 3841 3942 3941
1 5 1618 1619 1720 1719 2729 2730 2831 2830
1 5 1619 1620 1721 1720 2730 2731 2832 2831
1 5 1518 1519 1620 1619 2629 2630 2731 2730
1 5 1517 1518 1619 1618 2628 2629 2730 2729
1 5 406 407 508 507 1517 1518 1619 1618
1 5 407 408 509 508 1518 1519 1620 1619
1 5 508 509 610 609 1619 1620 1721 1720
1 5 507 508 609 608 1618 1619 1720 1719
1 5 506 507 608 607 1617 1618 1719 1718
1 5 405 406 507 506 1516 1517 1618 1617
1 5 1516 1517 1618 1617 2627 2628 2729 2728
1 5 1617 1618 1719 1718 2728 2729 2830 2829
1 5 1616 1617 1718 1717 2727 2728 2829 2828
1 5 1515 1516 1617 1616 2626 2627 2728 2727
1 5 404 405 506 505 1515 1516 1617 1616
1 5 505 506 607 606 1616 1617 1718 1717
1 5 606 607 708 707 1717 1718 1819 1818
1 5 1717 1718 1819 1818 2828 2829 2930 2929
1 5 1718 1719 1820 1819 2829 2830 2931 2930
1 5 607 608 709 708 1718 1719 1820 1819
1 5 708 709 810 809 1819 1820 1921 1920
1 5 1819 1820 1921 1920 2930 2931 3032 3031
1 5 1818 1819 1920 1919 2929 2930 3031 3030
1 5 707 708 809 808 1818 1819 1920 1919
1 5 808 809 910 909 1919 1920 2021 2020
1 5 809 810 911 910 1920 1921 2022 2021
1 5 910 911 1012 1011 2021 2022 2123 2122
1 5 909 910 1011 1010 2020 2021 2122 2121
1 5 2020 2021 2122 2121 3131 3132 3233 3232
1 5 2021 2022 2123 2122 3132 3133 3234 3233
1 5 1920 1921 2022 2021 3031 3032 3133 3132
1 5 1919 1920 2021 2020 3030 3031 3132 3131
1 5 3030 3031 3132 3131 4141 4142 4243 4242
1 5 3031 3032 3133 3132 4142 4143 4244 4243
1 5 3132 3133 3234 3233 4243 4244 4345 4344
1 5 3131 3132 3233 3232 4242 4243 4344 4343
1 5 4242 4243 4344 4343 5353 5354 5455 5454
1 5 4243 4244 4345 4344 5354 5355 5456 5455
1 5 4142 4143 4244 4243 5253 5254 5355 5354
1 5 4141 4142 4243 4242 5252 5253 5354 5353
1 5 4040 4041 4142 4141 5151 5152 5253 5252
1 5 2929 2930 3031 3030 4040 4041 4142 4141
1 5 2930 2931 3032 3031 4041 4042 4143 4142
1 5 4041 4042 4143 4142 5152 5153 5254 5253
1 5 3940 3941 4042 4041 5051 5052 5153 5152
1 5 2829 2830 2931 2930 3940 3941 4042 4041
1 5 2828 2829 2930 2929 3939 3940 4041 4040
1 5 3939 3940 4041 4040 5050 5051 5152 5151
1 5 5050 5051 5152 5151 6161 6162 6263 6262
1 5 6161 6162 6263 6262 7272 7273 7374 7373
1 5 6162 6163 6264 6263 7273 7274 7375 7374
1 5 5051 5052 5153 5152 6162 6163 6264 6263
1 5 5152 5153 5254 5253 6263 6264 6365 6364
1 5 6263 6264 6365 6364 7374 7375 7476 7475
1 5 6262 6263 6364 6363 7373 7374 7475 7474
1 5 5151 5152 5253 5252 6262 6263 6364 6363
1 5 5252 5253 5354 5353 6363 6364 6465 6464
1 5 5353 5354 5455 5454 6464 6465 6566 6565
1 5 6464 6465 6566 6565 7575 7576 7677 7676
1 5 6363 6364 6465 6464 7474 7475 7576 7575
1 5 6364 6365 6466 6465 7475 7476 7577 7576
1 5 6465 6466 6567 6566 7576 7577 7678 7677
1 5 5354 5355 5456 5455 6465 6466 6567 6566
1 5 5253 5254 5355 5354 6364 6365 6466 6465
1 5 5254 5255 5356 5355 6365 6366 6467 6466
1 5 5355 5356 5457 5456 6466 6467 6568 6567
1 5 6466 6467 6568 6567 7577 7578 7679 7678
1 5 6365 6366 6467 6466 7476 7477 7578 7577
1 5 6366 6367 6468 6467 7477 7478 7579 7578
1 5 6467 6468 6569 6568 7578 7579 7680 7679
1 5 5356 5357 5458 5457 6467 6468 6569 6568
1 5 5255 5256 5357 5356 6366 6367 6468 6467
1 5 5154 5155 5256 5255 6265 6266 6367 6366
1 5 6265 6266 6367 6366 7376 7377 7478 7477
1 5 6264 6265 6366 6365 7375 7376 7477 7476
1 5 5153 5154 5255 5254 6264 6265 6366 6365
1 5 5052 5053 5154 5153 6163 6164 6265 6264
1 5 6163 6164 6265 6264 7274 7275 7376 7375
1 5 6164 6165 6266 6265 7275 7276 7377 7376
1 5 5053 5054 5155 5154 6164 6165 6266 6265
1 5 3942 3943 4044 4043 5053 5054 5155 5154
1 5 2831 2832 2933 2932 3942 3943 4044 4043
1 5 2830 2831 2932 2931 3941 3942 4043 4042
1 5 3941 3942 4043 4042 5052 5053 5154 5153
1 5 4042 4043 4144 4143 5153 5154 5255 5254
1 5 2931 2932 3033 3032 4042 4043 4144 4143
1 5 2932 2933 3034 3033 4043 4044 4145 4144
1 5 4043 4044 4145 4144 5154 5155 5256 5255
1 5 4144 4145 4246 4245 5255 5256 5357 5356
1 5 4143 4144 4245 4244 5254 5255 5356 5355
1 5 4244 4245 4346 4345 5355 5356 5457 5456
1 5 4245 4246 4347 4346 5356 5357 5458 5457
1 5 3134 3135 3236 3235 4245 4246 4347 4346
1 5 3133 3134 3235 3234 4244 4245 4346 4345
1 5 3032 3033 3134 3133 4143 4144 4245 4244
1 5 3033 3034 3135 3134 4144 4145 4246 4245
1 5 1922 1923 2024 2023 3033 3034 3135 3134
1 5 1921 1922 2023 2022 3032 3033 3134 3133
1 5 2022 2023 2124 2123 3133 3134 3235 3234
1 5 2023 2024 2125 2124 3134 3135 3236 3235
1 5 912 913 1014 1013 2023 2024 2125 2124
1 5 911 912 1013 1012 2022 2023 2124 2123
1 5 810 811 912 911 1921 1922 2023 2022
1 5 811 812 913 912 1922 1923 2024 2023
1 5 710 711 812 811 1821 1822 1923 1922
1 5 1821 1822 1923 1922 2932 2933 3034 3033
1 5 1820 1821 1922 1921 2931 2932 3033 3032
1 5 709 710 811 810 1820 1821 1922 1921
1 5 608 609 710 709 1719 1720 1821 1820
1 5 1719 1720 1821 1820 2830 2831 2932 2931
1 5 1720 1721 1822 1821 2831 2832 2933 2932
1 5 609 610 711 710 1720 1721 1822 1821
1 5 610 611 712 711 1721 1722 1823 1822
1 5 711 712 813 812 1822 1823 1924 1923
1 5 1822 1823 1924 1923 2933 2934 3035 3034
1 5 1721 1722 1823 1822 2832 2833 2934 2933
1 5 2832 2833 2934 2933 3943 3944 4045 4044
1 5 2933 2934 3035 3034 4044 4045 4146 4145
1 5 4044 4045 4146 4145 5155 5156 5257 5256
1 5 3943 3944 4045 4044 5054 5055 5156 5155
1 5 3944 3945 4046 4045 5055 5056 5157 5156
1 5 4045 4046 4147 4146 5156 5157 5258 5257
1 5 2934 2935 3036 3035 4045 4046 4147 4146
1 5 2833 2834 2935 2934 3944 3945 4046 4045
1 5 1722 1723 1824 1823 2833 2834 2935 2934
1 5 1823 1824 1925 1924 2934 2935 3036 3035
1 5 712 713 814 813 1823 1824 1925 1924
1 5 611 612 713 712 1722 1723 1824 1823
1 5 612 613 714 713 1723 1724 1825 1824
1 5 613 614 715 714 1724 1725 1826 1825
1 5 714 715 816 815 1825 1826 1927 1926
1 5 713 714 815 814 1824 1825 1926 1925
1 5 1824 1825 1926 1925 2935 2936 3037 3036
1 5 1825 1826 1927 1926 2936 2937 3038 3037
1 5 1724 1725 1826 1825 2835 2836 2937 2936
1 5 1723 1724 1825 1824 2834 2835 2936 2935
1 5 2834 2835 2936 2935 3945 3946 4047 4046
1 5 3945 3946 4047 4046 5056 5057 5158 5157
1 5 3946 3947 4048 4047 5057 5058 5159 5158
1 5 2835 2836 2937 2936 3946 3947 4048 4047
1 5 2936 2937 3038 3037 4047 4048 4149 4148
1 5 4047 4048 4149 4148 5158 5159 5260 5259
1 5 4046 4047 4148 4147 5157 5158 5259 5258
1 5 2935 2936 3037 3036 4046 4047 4148 4147
1 5 3036 3037 3138 3137 4147 4148 4249 4248
1 5 4147 4148 4249 4248 5258 5259 5360 5359
1 5 4148 4149 4250 4249 5259 5260 5361 5360
1 5 3037 3038 3139 3138 4148 4149 4250 4249
1 5 3138 3139 3240 3239 4249 4250 4351 4350
1 5 4249 4250 4351 4350 5360 5361 5462 5461
1 5 4248 4249 4350 4349 5359 5360 5461 5460
1 5 3137 3138 3239 3238 4248 4249 4350 4349
1 5 2026 2027 2128 2127 3137 3138 3239 3238
1 5 2027 2028 2129 2128 3138 3139 3240 3239
1 5 1926 1927 2028 2027 3037 3038 3139 3138
1 5 1925 1926 2027 2026 3036 3037 3138 3137
1 5 814 815 916 915 1925 1926 2027 2026
1 5 815 816 917 916 1926 1927 2028 2027
1 5 916 917 1018 1017 2027 2028 2129 2128
1 5 915 916 1017 1016 2026 2027 2128 2127
1 5 914 915 1016 1015 2025 2026 2127 2126
1 5 913 914 1015 1014 2024 2025 2126 2125
1 5 812 813 914 913 1923 1924 2025 2024
1 5 813 814 915 914 1924 1925 2026 2025
1 5 1924 1925 2026 2025 3035 3036 3137 3136
1 5 1923 1924 2025 2024 3034 3035 3136 3135
1 5 2024 2025 2126 2125 3135 3136 3237 3236
1 5 2025 2026 2127 2126 3136 3137 3238 3237
1 5 3136 3137 3238 3237 4247 4248 4349 4348
1 5 3135 3136 3237 3236 4246 4247 4348 4347
1 5 3034 3035 3136 3135 4145 4146 4247 4246
1 5 3035 3036 3137 3136 4146 4147 4248 4247
1 5 4146 4147 4248 4247 5257 5258 5359 5358
1 5 4145 4146 4247 4246 5256 5257 5358 5357
1 5 4246 4247 4348 4347 5357 5358 5459 5458
1 5 4247 4248 4349 4348 5358 5359 5460 5459
1 5 5358 5359 5460 5459 6469 6470 6571 6570
1 5 5357 5358 5459 5458 6468 6469 6570 6569
1 5 5256 5257 5358 5357 6367 6368 6469 6468
1 5 5257 5258 5359 5358 6368 6369 6470 6469
1 5 6368 6369 6470 6469 7479 7480 7581 7580
1 5 6367 6368 6469 6468 7478 7479 7580 7579
1 5 6468 6469 6570 6569 7579 7580 7681 7680
1 5 6469 6470 6571 6570 7580 7581 7682 7681
1 5 6470 6471 6572 6571 7581 7582 7683 7682
1 5 5359 5360 5461 5460 6470 6471 6572 6571
1 5 5360 5361 5462 5461 6471 6472 6573 6572
1 5 6471 6472 6573 6572 7582 7583 7684 7683
1 5 6370 6371 6472 6471 7481 7482 7583 7582
1 5 5259 5260 5361 5360 6370 6371 6472 6471
1 5 5258 5259 5360 5359 6369 6370 6471 6470
1 5 6369 6370 6471 6470 7480 7481 7582 7581
1 5 6268 6269 6370 6369 7379 7380 7481 7480
1 5 5157 5158 5259 5258 6268 6269 6370 6369
1 5 5158 5159 5260 5259 6269 6270 6371 6370
1 5 6269 6270 6371 6370 7380 7381 7482 7481
1 5 6168 6169 6270 6269 7279 7280 7381 7380
1 5 5057 5058 5159 5158 6168 6169 6270 6269
1 5 5056 5057 5158 5157 6167 6168 6269 6268
1 5 6167 6168 6269 6268 7278 7279 7380 7379
1 5 6166 6167 6268 6267 7277 7278 7379 7378
1 5 6267 6268 6369 6368 7378 7379 7480 7479
1 5 5156 5157 5258 5257 6267 6268 6369 6368
1 5 5055 5056 5157 5156 6166 6167 6268 6267
1 5 5054 5055 5156 5155 6165 6166 6267 6266
1 5 5155 5156 5257 5256 6266 6267 6368 6367
1 5 6266 6267 6368 6367 7377 7378 7479 7478
1 5 6165 6166 6267 6266 7276 7277 7378 7377
1 5 7276 7277 7378 7377 8387 8388 8489 8488
1 5 7377 7378 7479 7478 8488 8489 8590 8589
1 5 8488 8489 8590 8589 9599 9600 9701 9700
1 5 8387 8388 8489 8488 9498 9499 9600 9599
1 5 8388 8389 8490 8489 9499 9500 9601 9600
1 5 8489 8490 8591 8590 9600 9601 9702 9701
1 5 7378 7379 7480 7479 8489 8490 8591 8590
1 5 7277 7278 7379 7378 8388 8389 8490 8489
1 5 7278 7279 7380 7379 8389 8390 8491 8490
1 5 8389 8390 8491 8490 9500 9501 9602 9601
1 5 8390 8391 8492 8491 9501 9502 9603 9602
1 5 7279 7280 7381 7380 8390 8391 8492 8491
1 5 7380 7381 7482 7481 8491 8492 8593 8592
1 5 8491 8492 8593 8592 9602 9603 9704 9703
1 5 8490 8491 8592 8591 9601 9602 9703 9702
1 5 7379 7380 7481 7480 8490 8491 8592 8591
1 5 7480 7481 7582 7581 8591 8592 8693 8692
1 5 8591 8592 8693 8692 9702 9703 9804 9803
1 5 8592 8593 8694 8693 9703 9704 9805 9804
1 5 7481 7482 7583 7582 8592 8593 8694 8693
1 5 7582 7583 7684 7683 8693 8694 8795 8794
1 5 8693 8694 8795 8794 9804 9805 9906 9905
1 5 8692 8693 8794 8793 9803 9804 9905 9904
1 5 7581 7582 7683 7682 8692 8693 8794 8793
1 5 7580 7581 7682 7681 8691 8692 8793 8792
1 5 7579 7580 7681 7680 8690 8691 8792 8791
1 5 7478 7479 7580 7579 8589 8590 8691 8690
1 5 7479 7480 7581 7580 8590 8591 8692 8691
1 5 8590 8591 8692 8691 9701 9702 9803 9802
1 5 8589 8590 8691 8690 9700 9701 9802 9801
1 5 8690 8691 8792 8791 9801 9802 9903 9902
1 5 8691 8692 8793 8792 9802 9803 9904 9903
1 5 9802 9803 9904 9903 10913 10914 11015 11014
1 5 9801 9802 9903 9902 10912 10913 11014 11013
1 5 9700 9701 9802 9801 10811 10812 10913 10912
1 5 9701 9702 9803 9802 10812 10813 10914 10913
1 5 10812 10813 10914 10913 11923 11924 12025 12024
1 5 10811 10812 10913 10912 11922 11923 12024 12023
1 5 10912 10913 11014 11013 12023 12024 12125 12124
1 5 10913 10914 11015 11014 12024 12025 12126 12125
1 5 10914 10915 11016 11015 12025 12026 12127 12126
1 5 9803 9804 9905 9904 10914 10915 11016 11015
1 5 9804 9805 9906 9905 10915 10916 11017 11016
1 5 10915 10916 11017 11016 12026 12027 12128 12127
1 5 10814 10815 10916 10915 11925 11926 12027 12026
1 5 9703 9704 9805 9804 10814 10815 10916 10915
1 5 9702 9703 9804 9803 10813 10814 10915 10914
1 5 10813 10814 10915 10914 11924 11925 12026 12025
1 5 10712 10713 10814 10813 11823 11824 11925 11924
1 5 9601 9602 9703 9702 10712 10713 10814 10813
1 5 9602 9603 9704 9703 10713 10714 10815 10814
1 5 10713 10714 10815 10814 11824 11825 11926 11925
1 5 10612 10613 10714 10713 11723 11724 11825 11824
1 5 9501 9502 9603 9602 10612 10613 10714 10713
1 5 9500 9501 9602 9601 10611 10612 10713 10712
1 5 10611 10612 10713 10712 11722 11723 11824 11823
1 5 10610 10611 10712 10711 11721 11722 11823 11822
1 5 10711 10712 10813 10812 11822 11823 11924 11923
1 5 9600 9601 9702 9701 10711 10712 10813 10812
1 5 9499 9500 9601 9600 10610 10611 10712 10711
1 5 9498 9499 9600 9599 10609 10610 10711 10710
1 5 9599 9600 9701 9700 10710 10711 10812 10811
1 5 10710 10711 10812 10811 11821 11822 11923 11922
1 5 10609 10610 10711 10710 11720 11721 11822 11821
1 5 10608 10609 10710 10709 11719 11720 11821 11820
1 5 9497 9498 9599 9598 10608 10609 10710 10709
1 5 9496 9497 9598 9597 10607 10608 10709 10708
1 5 10607 10608 10709 10708 11718 11719 11820 11819
1 5 10708 10709 10810 10809 11819 11820 11921 11920
1 5 9597 9598 9699 9698 10708 10709 10810 10809
1 5 9598 9599 9700 9699 10709 10710 10811 10810
1 5 10709 10710 10811 10810 11820 11821 11922 11921
1 5 10810 10811 10912 10911 11921 11922 12023 12022
1 5 10809 10810 10911 10910 11920 11921 12022 12021
1 5 10910 10911 11012 11011 12021 12022 12123 12122
1 5 10911 10912 11013 11012 12022 12023 12124 12123
1 5 9800 9801 9902 9901 10911 10912 11013 11012
1 5 9799 9800 9901 9900 10910 10911 11012 11011
1 5 9698 9699 9800 9799 10809 10810 10911 10910
1 5 9699 9700 9801 9800 10810 10811 10912 10911
1 5 8588 8589 8690 8689 9699 9700 9801 9800
1 5 8587 8588 8689 8688 9698 9699 9800 9799
1 5 8688 8689 8790 8789 9799 9800 9901 9900
1 5 8689 8690 8791 8790 9800 9801 9902 9901
1 5 7578 7579 7680 7679 8689 8690 8791 8790
1 5 7577 7578 7679 7678 8688 8689 8790 8789
1 5 7476 7477 7578 7577 8587 8588 8689 8688
1 5 7477 7478 7579 7578 8588 8589 8690 8689
1 5 7376 7377 7478 7477 8487 8488 8589 8588
1 5 7275 7276 7377 7376 8386 8387 8488 8487
1 5 8386 8387 8488 8487 9497 9498 9599 9598
1 5 8487 8488 8589 8588 9598 9599 9700 9699
1 5 8486 8487 8588 8587 9597 9598 9699 9698
1 5 8385 8386 8487 8486 9496 9497 9598 9597
1 5 7274 7275 7376 7375 8385 8386 8487 8486
1 5 7375 7376 7477 7476 8486 8487 8588 8587
1 5 7374 7375 7476 7475 8485 8486 8587 8586
1 5 7273 7274 7375 7374 8384 8385 8486 8485
1 5 8384 8385 8486 8485 9495 9496 9597 9596
1 5 8485 8486 8587 8586 9596 9597 9698 9697
1 5 8484 8485 8586 8585 9595 9596 9697 9696
1 5 8383 8384 8485 8484 9494 9495 9596 9595
1 5 7272 7273 7374 7373 8383 8384 8485 8484
1 5 7373 7374 7475 7474 8484 8485 8586 8585
1 5 7474 7475 7576 7575 8585 8586 8687 8686
1 5 7475 7476 7577 7576 8586 8587 8688 8687
1 5 7576 7577 7678 7677 8687 8688 8789 8788
1 5 7575 7576 7677 7676 8686 8687 8788 8787
1 5 8686 8687 8788 8787 9797 9798 9899 9898
1 5 8687 8688 8789 8788 9798 9799 9900 9899
1 5 8586 8587 8688 8687 9697 9698 9799 9798
1 5 8585 8586 8687 8686 9696 9697 9798 9797
1 5 9696 9697 9798 9797 10807 10808 10909 10908
1 5 9697 9698 9799 9798 10808 10809 10910 10909
1 5 9798 9799 9900 9899 10909 10910 11011 11010
1 5 9797 9798 9899 9898 10908 10909 11010 11009
1 5 10908 10909 11010 11009 12019 12020 12121 12120
1 5 10909 10910 11011 11010 12020 12021 12122 12121
1 5 10808 10809 10910 10909 11919 11920 12021 12020
1 5 10807 10808 10909 10908 11918 11919 12020 12019
1 5 10706 10707 10808 10807 11817 11818 11919 11918
1 5 9595 9596 9697 9696 10706 10707 10808 10807
1 5 9596 9597 9698 9697 10707 10708 10809 10808
1 5 10707 10708 10809 10808 11818 11819 11920 11919
1 5 10606 10607 10708 10707 11717 11718 11819 11818
1 5 9495 9496 9597 9596 10606 10607 10708 10707
1 5 9494 9495 9596 9595 10605 10606 10707 10706
1 5 10605 10606 10707 10706 11716 11717 11818 11817
1 5 10504 10505 10606 10605 11615 11616 11717 11716
1 5 10505 10506 10607 10606 11616 11617 11718 11717
1 5 10404 10405 10506 10505 11515 11516 11617 11616
1 5 10403 10404 10505 10504 11514 11515 11616 11615
1 5 9292 9293 9394 9393 10403 10404 10505 10504
1 5 9293 9294 9395 9394 10404 10405 10506 10505
1 5 9394 9395 9496 9495 10505 10506 10607 10606
1 5 9393 9394 9495 9494 10504 10505 10606 10605
1 5 8282 8283 8384 8383 9393 9394 9495 9494
1 5 8181 8182 8283 8282 9292 9293 9394 9393
1 5 7070 7071 7172 7171 8181 8182 8283 8282
1 5 7171 7172 7273 7272 8282 8283 8384 8383
1 5 7172 7173 7274 7273 8283 8284 8385 8384
1 5 7071 7072 7173 7172 8182 8183 8284 8283
1 5 8182 8183 8284 8283 9293 9294 9395 9394
1 5 8283 8284 8385 8384 9394 9395 9496 9495
1 5 8284 8285 8386 8385 9395 9396 9497 9496
1 5 8183 8184 8285 8284 9294 9295 9396 9395
1 5 7072 7073 7174 7173 8183 8184 8285 8284
1 5 7173 7174 7275 7274 8284 8285 8386 8385
1 5 7174 7175 7276 7275 8285 8286 8387 8386
1 5 7073 7074 7175 7174 8184 8185 8286 8285
1 5 8184 8185 8286 8285 9295 9296 9397 9396
1 5 8285 8286 8387 8386 9396 9397 9498 9497
1 5 9396 9397 9498 9497 10507 10508 10609 10608
1 5 10507 10508 10609 10608 11618 11619 11720 11719
1 5 10506 10507 10608 10607 11617 11618 11719 11718
1 5 9395 9396 9497 9496 10506 10507 10608 10607
1 5 9294 9295 9396 9395 10405 10406 10507 10506
1 5 10405 10406 10507 10506 11516 11517 11618 11617
1 5 10406 10407 10508 10507 11517 11518 11619 11618
1 5 9295 9296 9397 9396 10406 10407 10508 10507
1 5 9194 9195 9296 9295 10305 10306 10407 10406
1 5 10305 10306 10407 10406 11416 11417 11518 11517
1 5 10304 10305 10406 10405 11415 11416 11517 11516
1 5 9193 9194 9295 9294 10304 10305 10406 10405
1 5 9092 9093 9194 9193 10203 10204 10305 10304
1 5 10203 10204 10305 10304 11314 11315 11416 11415
1 5 10204 10205 10306 10305 11315 11316 11417 11416
1 5 9093 9094 9195 9194 10204 10205 10306 10305
1 5 7982 7983 8084 8083 9093 9094 9195 9194
1 5 8083 8084 8185 8184 9194 9195 9296 9295
1 5 6972 6973 7074 7073 8083 8084 8185 8184
1 5 6871 6872 6973 6972 7982 7983 8084 8083
1 5 6870 6871 6972 6971 7981 7982 8083 8082
1 5 6971 6972 7073 7072 8082 8083 8184 8183
1 5 8082 8083 8184 8183 9193 9194 9295 9294
1 5 7981 7982 8083 8082 9092 9093 9194 9193
1 5 7980 7981 8082 8081 9091 9092 9193 9192
1 5 8081 8082 8183 8182 9192 9193 9294 9293
1 5 6970 6971 7072 7071 8081 8082 8183 8182
1 5 6869 6870 6971 6970 7980 7981 8082 8081
1 5 6868 6869 6970 6969 7979 7980 8081 8080
1 5 6969 6970 7071 7070 8080 8081 8182 8181
1 5 8080 8081 8182 8181 9191 9192 9293 9292
1 5 7979 7980 8081 8080 9090 9091 9192 9191
1 5 9090 9091 9192 9191 10201 10202 10303 10302
1 5 9091 9092 9193 9192 10202 10203 10304 10303
1 5 9192 9193 9294 9293 10303 10304 10405 10404
1 5 9191 9192 9293 9292 10302 10303 10404 10403
1 5 10302 10303 10404 10403 11413 11414 11515 11514
1 5 10303 10304 10405 10404 11414 11415 11516 11515
1 5 10202 10203 10304 10303 11313 11314 11415 11414
1 5 10201 10202 10303 10302 11312 11313 11414 11413
1 5 10100 10101 10202 10201 11211 11212 11313 11312
1 5 10101 10102 10203 10202 11212 11213 11314 11313
1 5 10000 10001 10102 10101 11111 11112 11213 11212
1 5 9999 10000 10101 10100 11110 11111 11212 11211
1 5 8888 8889 8990 8989 9999 10000 10101 10100
1 5 8889 8890 8991 8990 10000 10001 10102 10101
1 5 8990 8991 9092 9091 10101 10102 10203 10202
1 5 8989 8990 9091 9090 10100 10101 10202 10201
1 5 7878 7879 7980 7979 8989 8990 9091 9090
1 5 7777 7778 7879 7878 8888 8889 8990 8989
1 5 6666 6667 6768 6767 7777 7778 7879 7878
1 5 6767 6768 6869 6868 7878 7879 7980 7979
1 5 6768 6769 6870 6869 7879 7880 7981 7980
1 5 6667 6668 6769 6768 7778 7779 7880 7879
1 5 7778 7779 7880 7879 8889 8890 8991 8990
1 5 7879 7880 7981 7980 8990 8991 9092 9091
1 5 7880 7881 7982 7981 8991 8992 9093 9092
1 5 7779 7780 7881 7880 8890 8891 8992 8991
1 5 6668 6669 6770 6769 7779 7780 7881 7880
1 5 6769 6770 6871 6870 7880 7881 7982 7981
1 5 6770 6771 6872 6871 7881 7882 7983 7982
1 5 6669 6670 6771 6770 7780 7781 7882 7881
1 5 7780 7781 7882 7881 8891 8892 8993 8992
1 5 7881 7882 7983 7982 8992 8993 9094 9093
1 5 8992 8993 9094 9093 10103 10104 10205 10204
1 5 8991 8992 9093 9092 10102 10103 10204 10203
1 5 8890 8891 8992 8991 10001 10002 10103 10102
1 5 8891 8892 8993 8992 10002 10003 10104 10103
1 5 10002 10003 10104 10103 11113 11114 11215 11214
1 5 10001 10002 10103 10102 11112 11113 11214 11213
1 5 10102 10103 10204 10203 11213 11214 11315 11314
1 5 10103 10104 10205 10204 11214 11215 11316 11315
1 5 10104 10105 10206 10205 11215 11216 11317 11316
1 5 10105 10106 10207 10206 11216 11217 11318 11317
1 5 10004 10005 10106 10105 11115 11116 11217 11216
1 5 10003 10004 10105 10104 11114 11115 11216 11215
1 5 8892 8893 8994 8993 10003 10004 10105 10104
1 5 8893 8894 8995 8994 10004 10005 10106 10105
1 5 8994 8995 9096 9095 10105 10106 10207 10206
1 5 8993 8994 9095 9094 10104 10105 10206 10205
1 5 7882 7883 7984 7983 8993 8994 9095 9094
1 5 7781 7782 7883 7882 8892 8893 8994 8993
1 5 6670 6671 6772 6771 7781 7782 7883 7882
1 5 6771 6772 6873 6872 7882 7883 7984 7983
1 5 6772 6773 6874 6873 7883 7884 7985 7984
1 5 6671 6672 6773 6772 7782 7783 7884 7883
1 5 7782 7783 7884 7883 8893 8894 8995 8994
1 5 7883 7884 7985 7984 8994 8995 9096 9095
1 5 7884 7885 7986 7985 8995 8996 9097 9096
1 5 7783 7784 7885 7884 8894 8895 8996 8995
1 5 6672 6673 6774 6773 7783 7784 7885 7884
1 5 6773 6774 6875 6874 7884 7885 7986 7985
1 5 6774 6775 6876 6875 7885 7886 7987 7986
1 5 6673 6674 6775 6774 7784 7785 7886 7885
1 5 7784 7785 7886 7885 8895 8896 8997 8996
1 5 7885 7886 7987 7986 8996 8997 9098 9097
1 5 8996 8997 9098 9097 10107 10108 10209 10208
1 5 8995 8996 9097 9096 10106 10107 10208 10207
1 5 8894 8895 8996 8995 10005 10006 10107 10106
1 5 8895 8896 8997 8996 10006 10007 10108 10107
1 5 10006 10007 10108 10107 11117 11118 11219 11218
1 5 10005 10006 10107 10106 11116 11117 11218 11217
1 5 10106 10107 10208 10207 11217 11218 11319 11318
1 5 10107 10108 10209 10208 11218 11219 11320 11319
1 5 10208 10209 10310 10309 11319 11320 11421 11420
1 5 10207 10208 10309 10308 11318 11319 11420 11419
1 5 10308 10309 10410 10409 11419 11420 11521 11520
1 5 10309 10310 10411 10410 11420 11421 11522 11521
1 5 9198 9199 9300 9299 10309 10310 10411 10410
1 5 9197 9198 9299 9298 10308 10309 10410 10409
1 5 9096 9097 9198 9197 10207 10208 10309 10308
1 5 9097 9098 9199 9198 10208 10209 10310 10309
1 5 7986 7987 8088 8087 9097 9098 9199 9198
1 5 8087 8088 8189 8188 9198 9199 9300 9299
1 5 6976 6977 7078 7077 8087 8088 8189 8188
1 5 6875 6876 6977 6976 7986 7987 8088 8087
1 5 6874 6875 6976 6975 7985 7986 8087 8086
1 5 6975 6976 7077 7076 8086 8087 8188 8187
1 5 8086 8087 8188 8187 9197 9198 9299 9298
1 5 7985 7986 8087 8086 9096 9097 9198 9197
1 5 7984 7985 8086 8085 9095 9096 9197 9196
1 5 8085 8086 8187 8186 9196 9197 9298 9297
1 5 6974 6975 7076 7075 8085 8086 8187 8186
1 5 6873 6874 6975 6974 7984 7985 8086 8085
1 5 6872 6873 6974 6973 7983 7984 8085 8084
1 5 6973 6974 7075 7074 8084 8085 8186 8185
1 5 8084 8085 8186 8185 9195 9196 9297 9296
1 5 7983 7984 8085 8084 9094 9095 9196 9195
1 5 9094 9095 9196 9195 10205 10206 10307 10306
1 5 10205 10206 10307 10306 11316 11317 11418 11417
1 5 10206 10207 10308 10307 11317 11318 11419 11418
1 5 9095 9096 9197 9196 10206 10207 10308 10307
1 5 9196 9197 9298 9297 10307 10308 10409 10408
1 5 10307 10308 10409 10408 11418 11419 11520 11519
1 5 10306 10307 10408 10407 11417 11418 11519 11518
1 5 9195 9196 9297 9296 10306 10307 10408 10407
1 5 9296 9297 9398 9397 10407 10408 10509 10508
1 5 10407 10408 10509 10508 11518 11519 11620 11619
1 5 10408 10409 10510 10509 11519 11520 11621 11620
1 5 9297 9298 9399 9398 10408 10409 10510 10509
1 5 9398 9399 9500 9499 10509 10510 10611 10610
1 5 10509 10510 10611 10610 11620 11621 11722 11721
1 5 10508 10509 10610 10609 11619 11620 11721 11720
1 5 9397 9398 9499 9498 10508 10509 10610 10609
1 5 8286 8287 8388 8387 9397 9398 9499 9498
1 5 8185 8186 8287 8286 9296 9297 9398 9397
1 5 7074 7075 7176 7175 8185 8186 8287 8286
1 5 7175 7176 7277 7276 8286 8287 8388 8387
1 5 7176 7177 7278 7277 8287 8288 8389 8388
1 5 7075 7076 7177 7176 8186 8187 8288 8287
1 5 8186 8187 8288 8287 9297 9298 9399 9398
1 5 8287 8288 8389 8388 9398 9399 9500 9499
1 5 8288 8289 8390 8389 9399 9400 9501 9500
1 5 8187 8188 8289 8288 9298 9299 9400 9399
1 5 7076 7077 7178 7177 8187 8188 8289 8288
1 5 7177 7178 7279 7278 8288 8289 8390 8389
1 5 7178 7179 7280 7279 8289 8290 8391 8390
1 5 7077 7078 7179 7178 8188 8189 8290 8289
1 5 8188 8189 8290 8289 9299 9300 9401 9400
1 5 8289 8290 8391 8390 9400 9401 9502 9501
1 5 9400 9401 9502 9501 10511 10512 10613 10612
1 5 9399 9400 9501 9500 10510 10511 10612 10611
1 5 9298 9299 9400 9399 10409 10410 10511 10510
1 5 9299 9300 9401 9400 10410 10411 10512 10511
1 5 10410 10411 10512 10511 11521 11522 11623 11622
1 5 10409 10410 10511 10510 11520 11521 11622 11621
1 5 10510 10511 10612 10611 11621 11622 11723 11722
1 5 10511 10512 10613 10612 11622 11623 11724 11723
1 5 10512 10513 10614 10613 11623 11624 11725 11724
1 5 10513 10514 10615 10614 11624 11625 11726 11725
1 5 10412 10413 10514 10513 11523 11524 11625 11624
1 5 10411 10412 10513 10512 11522 11523 11624 11623
1 5 9300 9301 9402 9401 10411 10412 10513 10512
1 5 9301 9302 9403 9402 10412 10413 10514 10513
1 5 9402 9403 9504 9503 10513 10514 10615 10614
1 5 9401 9402 9503 9502 10512 10513 10614 10613
1 5 8290 8291 8392 8391 9401 9402 9503 9502
1 5 8189 8190 8291 8290 9300 9301 9402 9401
1 5 7078 7079 7180 7179 8189 8190 8291 8290
1 5 7179 7180 7281 7280 8290 8291 8392 8391
1 5 7180 7181 7282 7281 8291 8292 8393 8392
1 5 7079 7080 7181 7180 8190 8191 8292 8291
1 5 8190 8191 8292 8291 9301 9302 9403 9402
1 5 8291 8292 8393 8392 9402 9403 9504 9503
1 5 8292 8293 8394 8393 9403 9404 9505 9504
1 5 8191 8192 8293 8292 9302 9303 9404 9403
1 5 7080 7081 7182 7181 8191 8192 8293 8292
1 5 7181 7182 7283 7282 8292 8293 8394 8393
1 5 7182 7183 7284 7283 8293 8294 8395 8394
1 5 7081 7082 7183 7182 8192 8193 8294 8293
1 5 8192 8193 8294 8293 9303 9304 9405 9404
1 5 8293 8294 8395 8394 9404 9405 9506 9505
1 5 9404 9405 9506 9505 10515 10516 10617 10616
1 5 10515 10516 10617 10616 11626 11627 11728 11727
1 5 10514 10515 10616 10615 11625 11626 11727 11726
1 5 9403 9404 9505 9504 10514 10515 10616 10615
1 5 9302 9303 9404 9403 10413 10414 10515 10514
1 5 10413 10414 10515 10514 11524 11525 11626 11625
1 5 10414 10415 10516 10515 11525 11526 11627 11626
1 5 9303 9304 9405 9404 10414 10415 10516 10515
1 5 9202 9203 9304 9303 10313 10314 10415 10414
1 5 10313 10314 10415 10414 11424 11425 11526 11525
1 5 10312 10313 10414 10413 11423 11424 11525 11524
1 5 9201 9202 9303 9302 10312 10313 10414 10413
1 5 9100 9101 9202 9201 10211 10212 10313 10312
1 5 10211 10212 10313 10312 11322 11323 11424 11423
1 5 10212 10213 10314 10313 11323 11324 11425 11424
1 5 9101 9102 9203 9202 10212 10213 10314 10313
1 5 7990 7991 8092 8091 9101 9102 9203 9202
1 5 8091 8092 8193 8192 9202 9203 9304 9303
1 5 6980 6981 7082 7081 8091 8092 8193 8192
1 5 6879 6880 6981 6980 7990 7991 8092 8091
1 5 6878 6879 6980 6979 7989 7990 8091 8090
1 5 6979 6980 7081 7080 8090 8091 8192 8191
1 5 8090 8091 8192 8191 9201 9202 9303 9302
1 5 7989 7990 8091 8090 9100 9101 9202 9201
1 5 7988 7989 8090 8089 9099 9100 9201 9200
1 5 8089 8090 8191 8190 9200 9201 9302 9301
1 5 6978 6979 7080 7079 8089 8090 8191 8190
1 5 6877 6878 6979 6978 7988 7989 8090 8089
1 5 6876 6877 6978 6977 7987 7988 8089 8088
1 5 6977 6978 7079 7078 8088 8089 8190 8189
1 5 8088 8089 8190 8189 9199 9200 9301 9300
1 5 7987 7988 8089 8088 9098 9099 9200 9199
1 5 9098 9099 9200 9199 10209 10210 10311 10310
1 5 9099 9100 9201 9200 10210 10211 10312 10311
1 5 9200 9201 9302 9301 10311 10312 10413 10412
1 5 9199 9200 9301 9300 10310 10311 10412 10411
1 5 10310 10311 10412 10411 11421 11422 11523 11522
1 5 10311 10312 10413 10412 11422 11423 11524 11523
1 5 10210 10211 10312 10311 11321 11322 11423 11422
1 5 10209 10210 10311 10310 11320 11321 11422 11421
1 5 10108 10109 10210 10209 11219 11220 11321 11320
1 5 10007 10008 10109 10108 11118 11119 11220 11219
1 5 10008 10009 10110 10109 11119 11120 11221 11220
1 5 10109 10110 10211 10210 11220 11221 11322 11321
1 5 10110 10111 10212 10211 11221 11222 11323 11322
1 5 10111 10112 10213 10212 11222 11223 11324 11323
1 5 10010 10011 10112 10111 11121 11122 11223 11222
1 5 10009 10010 10111 10110 11120 11121 11222 11221
1 5 8898 8899 9000 8999 10009 10010 10111 10110
1 5 8899 8900 9001 9000 10010 10011 10112 10111
1 5 9000 9001 9102 9101 10111 10112 10213 10212
1 5 8999 9000 9101 9100 10110 10111 10212 10211
1 5 8998 8999 9100 9099 10109 10110 10211 10210
1 5 8897 8898 8999 8998 10008 10009 10110 10109
1 5 8896 8897 8998 8997 10007 10008 10109 10108
1 5 8997 8998 9099 9098 10108 10109 10210 10209
1 5 7886 7887 7988 7987 8997 8998 9099 9098
1 5 7785 7786 7887 7886 8896 8897 8998 8997
1 5 6674 6675 6776 6775 7785 7786 7887 7886
1 5 6775 6776 6877 6876 7886 7887 7988 7987
1 5 6776 6777 6878 6877 7887 7888 7989 7988
1 5 6675 6676 6777 6776 7786 7787 7888 7887
1 5 7786 7787 7888 7887 8897 8898 8999 8998
1 5 7887 7888 7989 7988 8998 8999 9100 9099
1 5 7888 7889 7990 7989 8999 9000 9101 9100
1 5 7787 7788 7889 7888 8898 8899 9000 8999
1 5 6676 6677 6778 6777 7787 7788 7889 7888
1 5 6777 6778 6879 6878 7888 7889 7990 7989
1 5 6778 6779 6880 6879 7889 7890 7991 7990
1 5 6677 6678 6779 6778 7788 7789 7890 7889
1 5 7788 7789 7890 7889 8899 8900 9001 9000
1 5 7889 7890 7991 7990 9000 9001 9102 9101
1 5 7890 7891 7992 7991 9001 9002 9103 9102
1 5 7789 7790 7891 7890 8900 8901 9002 9001
1 5 6678 6679 6780 6779 7789 7790 7891 7890
1 5 6779 6780 6881 6880 7890 7891 7992 7991
1 5 6780 6781 6882 6881 7891 7892 7993 7992
1 5 6679 6680 6781 6780 7790 7791 7892 7891
1 5 7790 7791 7892 7891 8901 8902 9003 9002
1 5 7891 7892 7993 7992 9002 9003 9104 9103
1 5 9002 9003 9104 9103 10113 10114 10215 10214
1 5 9001 9002 9103 9102 10112 10113 10214 10213
1 5 8900 8901 9002 9001 10011 10012 10113 10112
1 5 8901 8902 9003 9002 10012 10013 10114 10113
1 5 10012 10013 10114 10113 11123 11124 11225 11224
1 5 10011 10012 10113 10112 11122 11123 11224 11223
1 5 10112 10113 10214 10213 11223 11224 11325 11324
1 5 10113 10114 10215 10214 11224 11225 11326 11325
1 5 10214 10215 10316 10315 11325 11326 11427 11426
1 5 10213 10214 10315 10314 11324 11325 11426 11425
1 5 10314 10315 10416 10415 11425 11426 11527 11526
1 5 10315 10316 10417 10416 11426 11427 11528 11527
1 5 9204 9205 9306 9305 10315 10316 10417 10416
1 5 9203 9204 9305 9304 10314 10315 10416 10415
1 5 9102 9103 9204 9203 10213 10214 10315 10314
1 5 9103 9104 9205 9204 10214 10215 10316 10315
1 5 7992 7993 8094 8093 9103 9104 9205 9204
1 5 6881 6882 6983 6982 7992 7993 8094 8093
1 5 6880 6881 6982 6981 7991 7992 8093 8092
1 5 7991 7992 8093 8092 9102 9103 9204 9203
1 5 8092 8093 8194 8193 9203 9204 9305 9304
1 5 6981 6982 7083 7082 8092 8093 8194 8193
1 5 6982 6983 7084 7083 8093 8094 8195 8194
1 5 8093 8094 8195 8194 9204 9205 9306 9305
1 5 8194 8195 8296 8295 9305 9306 9407 9406
1 5 7083 7084 7185 7184 8194 8195 8296 8295
1 5 7082 7083 7184 7183 8193 8194 8295 8294
1 5 8193 8194 8295 8294 9304 9305 9406 9405
1 5 8294 8295 8396 8395 9405 9406 9507 9506
1 5 7183 7184 7285 7284 8294 8295 8396 8395
1 5 7184 7185 7286 7285 8295 8296 8397 8396
1 5 8295 8296 8397 8396 9406 9407 9508 9507
1 5 9406 9407 9508 9507 10517 10518 10619 10618
1 5 9405 9406 9507 9506 10516 10517 10618 10617
1 5 9304 9305 9406 9405 10415 10416 10517 10516
1 5 9305 9306 9407 9406 10416 10417 10518 10517
1 5 10416 10417 10518 10517 11527 11528 11629 11628
1 5 10415 10416 10517 10516 11526 11527 11628 11627
1 5 10516 10517 10618 10617 11627 11628 11729 11728
1 5 10517 10518 10619 10618 11628 11629 11730 11729
1 5 10618 10619 10720 10719 11729 11730 11831 11830
1 5 9507 9508 9609 9608 10618 10619 10720 10719
1 5 9506 9507 9608 9607 10617 10618 10719 10718
1 5 10617 10618 10719 10718 11728 11729 11830 11829
1 5 10718 10719 10820 10819 11829 11830 11931 11930
1 5 9607 9608 9709 9708 10718 10719 10820 10819
1 5 9608 9609 9710 9709 10719 10720 10821 10820
1 5 10719 10720 10821 10820 11830 11831 11932 11931
1 5 10820 10821 10922 10921 11931 11932 12033 12032
1 5 10819 10820 10921 10920 11930 11931 12032 12031
1 5 10920 10921 11022 11021 12031 12032 12133 12132
1 5 10921 10922 11023 11022 12032 12033 12134 12133
1 5 9810 9811 9912 9911 10921 10922 11023 11022
1 5 9809 9810 9911 9910 10920 10921 11022 11021
1 5 9708 9709 9810 9809 10819 10820 10921 10920
1 5 9709 9710 9811 9810 10820 10821 10922 10921
1 5 8598 8599 8700 8699 9709 9710 9811 9810
1 5 8597 8598 8699 8698 9708 9709 9810 9809
1 5 8698 8699 8800 8799 9809 9810 9911 9910
1 5 8699 8700 8801 8800 9810 9811 9912 9911
1 5 7588 7589 7690 7689 8699 8700 8801 8800
1 5 7587 7588 7689 7688 8698 8699 8800 8799
1 5 7486 7487 7588 7587 8597 8598 8699 8698
1 5 7487 7488 7589 7588 8598 8599 8700 8699
1 5 7386 7387 7488 7487 8497 8498 8599 8598
1 5 7285 7286 7387 7386 8396 8397 8498 8497
1 5 8396 8397 8498 8497 9507 9508 9609 9608
1 5 8497 8498 8599 8598 9608 9609 9710 9709
1 5 8496 8497 8598 8597 9607 9608 9709 9708
1 5 8395 8396 8497 8496 9506 9507 9608 9607
1 5 7284 7285 7386 7385 8395 8396 8497 8496
1 5 7385 7386 7487 7486 8496 8497 8598 8597
1 5 7384 7385 7486 7485 8495 8496 8597 8596
1 5 7283 7284 7385 7384 8394 8395 8496 8495
1 5 8394 8395 8496 8495 9505 9506 9607 9606
1 5 8495 8496 8597 8596 9606 9607 9708 9707
1 5 8494 8495 8596 8595 9605 9606 9707 9706
1 5 8393 8394 8495 8494 9504 9505 9606 9605
1 5 7282 7283 7384 7383 8393 8394 8495 8494
1 5 7383 7384 7485 7484 8494 8495 8596 8595
1 5 7484 7485 7586 7585 8595 8596 8697 8696
1 5 7485 7486 7587 7586 8596 8597 8698 8697
1 5 7586 7587 7688 7687 8697 8698 8799 8798
1 5 7585 7586 7687 7686 8696 8697 8798 8797
1 5 8696 8697 8798 8797 9807 9808 9909 9908
1 5 8697 8698 8799 8798 9808 9809 9910 9909
1 5 8596 8597 8698 8697 9707 9708 9809 9808
1 5 8595 8596 8697 8696 9706 9707 9808 9807
1 5 9706 9707 9808 9807 10817 10818 10919 10918
1 5 9707 9708 9809 9808 10818 10819 10920 10919
1 5 9808 9809 9910 9909 10919 10920 11021 11020
1 5 9807 9808 9909 9908 10918 10919 11020 11019
1 5 10918 10919 11020 11019 12029 12030 12131 12130
1 5 10919 10920 11021 11020 12030 12031 12132 12131
1 5 10818 10819 10920 10919 11929 11930 12031 12030
1 5 10817 10818 10919 10918 11928 11929 12030 12029
1 5 10716 10717 10818 10817 11827 11828 11929 11928
1 5 9605 9606 9707 9706 10716 10717 10818 10817
1 5 9606 9607 9708 9707 10717 10718 10819 10818
1 5 10717 10718 10819 10818 11828 11829 11930 11929
1 5 10616 10617 10718 10717 11727 11728 11829 11828
1 5 9505 9506 9607 9606 10616 10617 10718 10717
1 5 9504 9505 9606 9605 10615 10616 10717 10716
1 5 10615 10616 10717 10716 11726 11727 11828 11827
1 5 10614 10615 10716 10715 11725 11726 11827 11826
1 5 10613 10614 10715 10714 11724 11725 11826 11825
1 5 9502 9503 9604 9603 10613 10614 10715 10714
1 5 9503 9504 9605 9604 10614 10615 10716 10715
1 5 8392 8393 8494 8493 9503 9504 9605 9604
1 5 7281 7282 7383 7382 8392 8393 8494 8493
1 5 7280 7281 7382 7381 8391 8392 8493 8492
1 5 8391 8392 8493 8492 9502 9503 9604 9603
1 5 8492 8493 8594 8593 9603 9604 9705 9704
1 5 7381 7382 7483 7482 8492 8493 8594 8593
1 5 7382 7383 7484 7483 8493 8494 8595 8594
1 5 8493 8494 8595 8594 9604 9605 9706 9705
1 5 9604 9605 9706 9705 10715 10716 10817 10816
1 5 9603 9604 9705 9704 10714 10715 10816 10815
1 5 10714 10715 10816 10815 11825 11826 11927 11926
1 5 10715 10716 10817 10816 11826 11827 11928 11927
1 5 10816 10817 10918 10917 11927 11928 12029 12028
1 5 10815 10816 10917 10916 11926 11927 12028 12027
1 5 10916 10917 11018 11017 12027 12028 12129 12128
1 5 10917 10918 11019 11018 12028 12029 12130 12129
1 5 9806 9807 9908 9907 10917 10918 11019 11018
1 5 9805 9806 9907 9906 10916 10917 11018 11017
1 5 9704 9705 9806 9805 10815 10816 10917 10916
1 5 9705 9706 9807 9806 10816 10817 10918 10917
1 5 8594 8595 8696 8695 9705 9706 9807 9806
1 5 8593 8594 8695 8694 9704 9705 9806 9805
1 5 8694 8695 8796 8795 9805 9806 9907 9906
1 5 8695 8696 8797 8796 9806 9807 9908 9907
1 5 7584 7585 7686 7685 8695 8696 8797 8796
1 5 7583 7584 7685 7684 8694 8695 8796 8795
1 5 7482 7483 7584 7583 8593 8594 8695 8694
1 5 7483 7484 7585 7584 8594 8595 8696 8695
1 5 6372 6373 6474 6473 7483 7484 7585 7584
1 5 6371 6372 6473 6472 7482 7483 7584 7583
1 5 6472 6473 6574 6573 7583 7584 7685 7684
1 5 6473 6474 6575 6574 7584 7585 7686 7685
1 5 5362 5363 5464 5463 6473 6474 6575 6574
1 5 5361 5362 5463 5462 6472 6473 6574 6573
1 5 5260 5261 5362 5361 6371 6372 6473 6472
1 5 5261 5262 5363 5362 6372 6373 6474 6473
1 5 5160 5161 5262 5261 6271 6272 6373 6372
1 5 6271 6272 6373 6372 7382 7383 7484 7483
1 5 6270 6271 6372 6371 7381 7382 7483 7482
1 5 5159 5160 5261 5260 6270 6271 6372 6371
1 5 5058 5059 5160 5159 6169 6170 6271 6270
1 5 6169 6170 6271 6270 7280 7281 7382 7381
1 5 6170 6171 6272 6271 7281 7282 7383 7382
1 5 5059 5060 5161 5160 6170 6171 6272 6271
1 5 5060 5061 5162 5161 6171 6172 6273 6272
1 5 6171 6172 6273 6272 7282 7283 7384 7383
1 5 6172 6173 6274 6273 7283 7284 7385 7384
1 5 5061 5062 5163 5162 6172 6173 6274 6273
1 5 5162 5163 5264 5263 6273 6274 6375 6374
1 5 6273 6274 6375 6374 7384 7385 7486 7485
1 5 6272 6273 6374 6373 7383 7384 7485 7484
1 5 5161 5162 5263 5262 6272 6273 6374 6373
1 5 5262 5263 5364 5363 6373 6374 6475 6474
1 5 5363 5364 5465 5464 6474 6475 6576 6575
1 5 6474 6475 6576 6575 7585 7586 7687 7686
1 5 6373 6374 6475 6474 7484 7485 7586 7585
1 5 6374 6375 6476 6475 7485 7486 7587 7586
1 5 6475 6476 6577 6576 7586 7587 7688 7687
1 5 5364 5365 5466 5465 6475 6476 6577 6576
1 5 5263 5264 5365 5364 6374 6375 6476 6475
1 5 5264 5265 5366 5365 6375 6376 6477 6476
1 5 5365 5366 5467 5466 6476 6477 6578 6577
1 5 6476 6477 6578 6577 7587 7588 7689 7688
1 5 6375 6376 6477 6476 7486 7487 7588 7587
1 5 6376 6377 6478 6477 7487 7488 7589 7588
1 5 6477 6478 6579 6578 7588 7589 7690 7689
1 5 5366 5367 5468 5467 6477 6478 6579 6578
1 5 5265 5266 5367 5366 6376 6377 6478 6477
1 5 5164 5165 5266 5265 6275 6276 6377 6376
1 5 6275 6276 6377 6376 7386 7387 7488 7487
1 5 6274 6275 6376 6375 7385 7386 7487 7486
1 5 5163 5164 5265 5264 6274 6275 6376 6375
1 5 5062 5063 5164 5163 6173 6174 6275 6274
1 5 6173 6174 6275 6274 7284 7285 7386 7385
1 5 6174 6175 6276 6275 7285 7286 7387 7386
1 5 5063 5064 5165 5164 6174 6175 6276 6275
1 5 3952 3953 4054 4053 5063 5064 5165 5164
1 5 2841 2842 2943 2942 3952 3953 4054 4053
1 5 2840 2841 2942 2941 3951 3952 4053 4052
1 5 3951 3952 4053 4052 5062 5063 5164 5163
1 5 4052 4053 4154 4153 5163 5164 5265 5264
1 5 2941 2942 3043 3042 4052 4053 4154 4153
1 5 2942 2943 3044 3043 4053 4054 4155 4154
1 5 4053 4054 4155 4154 5164 5165 5266 5265
1 5 4154 4155 4256 4255 5265 5266 5367 5366
1 5 4255 4256 4357 4356 5366 5367 5468 5467
1 5 3144 3145 3246 3245 4255 4256 4357 4356
1 5 3043 3044 3145 3144 4154 4155 4256 4255
1 5 3042 3043 3144 3143 4153 4154 4255 4254
1 5 3143 3144 3245 3244 4254 4255 4356 4355
1 5 4254 4255 4356 4355 5365 5366 5467 5466
1 5 4153 4154 4255 4254 5264 5265 5366 5365
1 5 4152 4153 4254 4253 5263 5264 5365 5364
1 5 4253 4254 4355 4354 5364 5365 5466 5465
1 5 3142 3143 3244 3243 4253 4254 4355 4354
1 5 3041 3042 3143 3142 4152 4153 4254 4253
1 5 3040 3041 3142 3141 4151 4152 4253 4252
1 5 3141 3142 3243 3242 4252 4253 4354 4353
1 5 4252 4253 4354 4353 5363 5364 5465 5464
1 5 4151 4152 4253 4252 5262 5263 5364 5363
1 5 4050 4051 4152 4151 5161 5162 5263 5262
1 5 2939 2940 3041 3040 4050 4051 4152 4151
1 5 2940 2941 3042 3041 4051 4052 4153 4152
1 5 4051 4052 4153 4152 5162 5163 5264 5263
1 5 3950 3951 4052 4051 5061 5062 5163 5162
1 5 2839 2840 2941 2940 3950 3951 4052 4051
1 5 2838 2839 2940 2939 3949 3950 4051 4050
1 5 3949 3950 4051 4050 5060 5061 5162 5161
1 5 3948 3949 4050 4049 5059 5060 5161 5160
1 5 2837 2838 2939 2938 3948 3949 4050 4049
1 5 2836 2837 2938 2937 3947 3948 4049 4048
1 5 3947 3948 4049 4048 5058 5059 5160 5159
1 5 4048 4049 4150 4149 5159 5160 5261 5260
1 5 2937 2938 3039 3038 4048 4049 4150 4149
1 5 2938 2939 3040 3039 4049 4050 4151 4150
1 5 4049 4050 4151 4150 5160 5161 5262 5261
1 5 4150 4151 4252 4251 5261 5262 5363 5362
1 5 4149 4150 4251 4250 5260 5261 5362 5361
1 5 4250 4251 4352 4351 5361 5362 5463 5462
1 5 4251 4252 4353 4352 5362 5363 5464 5463
1 5 3140 3141 3242 3241 4251 4252 4353 4352
1 5 3139 3140 3241 3240 4250 4251 4352 4351
1 5 3038 3039 3140 3139 4149 4150 4251 4250
1 5 3039 3040 3141 3140 4150 4151 4252 4251
1 5 1928 1929 2030 2029 3039 3040 3141 3140
1 5 1927 1928 2029 2028 3038 3039 3140 3139
1 5 2028 2029 2130 2129 3139 3140 3241 3240
1 5 2029 2030 2131 2130 3140 3141 3242 3241
1 5 918 919 1020 1019 2029 2030 2131 2130
1 5 917 918 1019 1018 2028 2029 2130 2129
1 5 816 817 918 917 1927 1928 2029 2028
1 5 817 818 919 918 1928 1929 2030 2029
1 5 716 717 818 817 1827 1828 1929 1928
1 5 1827 1828 1929 1928 2938 2939 3040 3039
1 5 1826 1827 1928 1927 2937 2938 3039 3038
1 5 715 716 817 816 1826 1827 1928 1927
1 5 614 615 716 715 1725 1726 1827 1826
1 5 1725 1726 1827 1826 2836 2837 2938 2937
1 5 1726 1727 1828 1827 2837 2838 2939 2938
1 5 615 616 717 716 1726 1727 1828 1827
1 5 616 617 718 717 1727 1728 1829 1828
1 5 1727 1728 1829 1828 2838 2839 2940 2939
1 5 1728 1729 1830 1829 2839 2840 2941 2940
1 5 617 618 719 718 1728 1729 1830 1829
1 5 718 719 820 819 1829 1830 1931 1930
1 5 1829 1830 1931 1930 2940 2941 3042 3041
1 5 1828 1829 1930 1929 2939 2940 3041 3040
1 5 717 718 819 818 1828 1829 1930 1929
1 5 818 819 920 919 1929 1930 2031 2030
1 5 919 920 1021 1020 2030 2031 2132 2131
1 5 2030 2031 2132 2131 3141 3142 3243 3242
1 5 1929 1930 2031 2030 3040 3041 3142 3141
1 5 1930 1931 2032 2031 3041 3042 3143 3142
1 5 2031 2032 2133 2132 3142 3143 3244 3243
1 5 920 921 1022 1021 2031 2032 2133 2132
1 5 819 820 921 920 1930 1931 2032 2031
1 5 820 821 922 921 1931 1932 2033 2032
1 5 921 922 1023 1022 2032 2033 2134 2133
1 5 2032 2033 2134 2133 3143 3144 3245 3244
1 5 1931 1932 2033 2032 3042 3043 3144 3143
1 5 1932 1933 2034 2033 3043 3044 3145 3144
1 5 2033 2034 2135 2134 3144 3145 3246 3245
1 5 922 923 1024 1023 2033 2034 2135 2134
1 5 821 822 923 922 1932 1933 2034 2033
1 5 720 721 822 821 1831 1832 1933 1932
1 5 1831 1832 1933 1932 2942 2943 3044 3043
1 5 1830 1831 1932 1931 2941 2942 3043 3042
1 5 719 720 821 820 1830 1831 1932 1931
1 5 618 619 720 719 1729 1730 1831 1830
1 5 1729 1730 1831 1830 2840 2841 2942 2941
1 5 1730 1731 1832 1831 2841 2842 2943 2942
1 5 619 620 721 720 1730 1731 1832 1831
1 5 518 519 620 619 1629 1630 1731 1730
1 5 417 418 519 518 1528 1529 1630 1629
1 5 1528 1529 1630 1629 2639 2640 2741 2740
1 5 1629 1630 1731 1730 2740 2741 2842 2841
1 5 1628 1629 1730 1729 2739 2740 2841 2840
1 5 1527 1528 1629 1628 2638 2639 2740 2739
1 5 416 417 518 517 1527 1528 1629 1628
1 5 517 518 619 618 1628 1629 1730 1729
1 5 516 517 618 617 1627 1628 1729 1728
1 5 1627 1628 1729 1728 2738 2739 2840 2839
1 5 1626 1627 1728 1727 2737 2738 2839 2838
1 5 515 516 617 616 1626 1627 1728 1727
1 5 414 415 516 515 1525 1526 1627 1626
1 5 1525 1526 1627 1626 2636 2637 2738 2737
1 5 1526 1527 1628 1627 2637 2638 2739 2738
1 5 415 416 517 516 1526 1527 1628 1627
1 5 314 315 416 415 1425 1426 1527 1526
1 5 1425 1426 1527 1526 2536 2537 2638 2637
1 5 1424 1425 1526 1525 2535 2536 2637 2636
1 5 313 314 415 414 1424 1425 1526 1525
1 5 212 213 314 313 1323 1324 1425 1424
1 5 1323 1324 1425 1424 2434 2435 2536 2535
1 5 1324 1325 1426 1425 2435 2436 2537 2536
1 5 213 214 315 314 1324 1325 1426 1425
1 5 214 215 316 315 1325 1326 1427 1426
1 5 215 216 317 316 1326 1327 1428 1427
1 5 316 317 418 417 1427 1428 1529 1528
1 5 315 316 417 416 1426 1427 1528 1527
1 5 1426 1427 1528 1527 2537 2538 2639 2638
1 5 1427 1428 1529 1528 2538 2539 2640 2639
1 5 1326 1327 1428 1427 2437 2438 2539 2538
1 5 1325 1326 1427 1426 2436 2437 2538 2537
1 5 2436 2437 2538 2537 3547 3548 3649 3648
1 5 2437 2438 2539 2538 3548 3549 3650 3649
1 5 2538 2539 2640 2639 3649 3650 3751 3750
1 5 2537 2538 2639 2638 3648 3649 3750 3749
1 5 3648 3649 3750 3749 4759 4760 4861 4860
1 5 3649 3650 3751 3750 4760 4761 4862 4861
1 5 3548 3549 3650 3649 4659 4660 4761 4760
1 5 3547 3548 3649 3648 4658 4659 4760 4759
1 5 3546 3547 3648 3647 4657 4658 4759 4758
1 5 2435 2436 2537 2536 3546 3547 3648 3647
1 5 2434 2435 2536 2535 3545 3546 3647 3646
1 5 3545 3546 3647 3646 4656 4657 4758 4757
1 5 3646 3647 3748 3747 4757 4758 4859 4858
1 5 2535 2536 2637 2636 3646 3647 3748 3747
1 5 2536 2537 2638 2637 3647 3648 3749 3748
1 5 3647 3648 3749 3748 4758 4759 4860 4859
1 5 3748 3749 3850 3849 4859 4860 4961 4960
1 5 2637 2638 2739 2738 3748 3749 3850 3849
1 5 2636 2637 2738 2737 3747 3748 3849 3848
1 5 3747 3748 3849 3848 4858 4859 4960 4959
1 5 3848 3849 3950 3949 4959 4960 5061 5060
1 5 2737 2738 2839 2838 3848 3849 3950 3949
1 5 2738 2739 2840 2839 3849 3850 3951 3950
1 5 3849 3850 3951 3950 4960 4961 5062 5061
1 5 3850 3851 3952 3951 4961 4962 5063 5062
1 5 3749 3750 3851 3850 4860 4861 4962 4961
1 5 2638 2639 2740 2739 3749 3750 3851 3850
1 5 2739 2740 2841 2840 3850 3851 3952 3951
1 5 2740 2741 2842 2841 3851 3852 3953 3952
1 5 2639 2640 2741 2740 3750 3751 3852 3851
1 5 3750 3751 3852 3851 4861 4862 4963 4962
1 5 3851 3852 3953 3952 4962 4963 5064 5063
1 5 4962 4963 5064 5063 6073 6074 6175 6174
1 5 6073 6074 6175 6174 7184 7185 7286 7285
1 5 6072 6073 6174 6173 7183 7184 7285 7284
1 5 4961 4962 5063 5062 6072 6073 6174 6173
1 5 4960 4961 5062 5061 6071 6072 6173 6172
1 5 6071 6072 6173 6172 7182 7183 7284 7283
1 5 6070 6071 6172 6171 7181 7182 7283 7282
1 5 4959 4960 5061 5060 6070 6071 6172 6171
1 5 4858 4859 4960 4959 5969 5970 6071 6070
1 5 5969 5970 6071 6070 7080 7081 7182 7181
1 5 5970 5971 6072 6071 7081 7082 7183 7182
1 5 4859 4860 4961 4960 5970 5971 6072 6071
1 5 4860 4861 4962 4961 5971 5972 6073 6072
1 5 5971 5972 6073 6072 7082 7083 7184 7183
1 5 5972 5973 6074 6073 7083 7084 7185 7184
1 5 4861 4862 4963 4962 5972 5973 6074 6073
1 5 4760 4761 4862 4861 5871 5872 5973 5972
1 5 4659 4660 4761 4760 5770 5771 5872 5871
1 5 5770 5771 5872 5871 6881 6882 6983 6982
1 5 5871 5872 5973 5972 6982 6983 7084 7083
1 5 5870 5871 5972 5971 6981 6982 7083 7082
1 5 5769 5770 5871 5870 6880 6881 6982 6981
1 5 4658 4659 4760 4759 5769 5770 5871 5870
1 5 4759 4760 4861 4860 5870 5871 5972 5971
1 5 4758 4759 4860 4859 5869 5870 5971 5970
1 5 4657 4658 4759 4758 5768 5769 5870 5869
1 5 5768 5769 5870 5869 6879 6880 6981 6980
1 5 5869 5870 5971 5970 6980 6981 7082 7081
1 5 5868 5869 5970 5969 6979 6980 7081 7080
1 5 5767 5768 5869 5868 6878 6879 6980 6979
1 5 4656 4657 4758 4757 5767 5768 5869 5868
1 5 4757 4758 4859 4858 5868 5869 5970 5969
1 5 4756 4757 4858 4857 5867 5868 5969 5968
1 5 4655 4656 4757 4756 5766 5767 5868 5867
1 5 5766 5767 5868 5867 6877 6878 6979 6978
1 5 5867 5868 5969 5968 6978 6979 7080 7079
1 5 5866 5867 5968 5967 6977 6978 7079 7078
1 5 5765 5766 5867 5866 6876 6877 6978 6977
1 5 4654 4655 4756 4755 5765 5766 5867 5866
1 5 4755 4756 4857 4856 5866 5867 5968 5967
1 5 4856 4857 4958 4957 5967 5968 6069 6068
1 5 5967 5968 6069 6068 7078 7079 7180 7179
1 5 5968 5969 6070 6069 7079 7080 7181 7180
1 5 4857 4858 4959 4958 5968 5969 6070 6069
1 5 4958 4959 5060 5059 6069 6070 6171 6170
1 5 6069 6070 6171 6170 7180 7181 7282 7281
1 5 6068 6069 6170 6169 7179 7180 7281 7280
1 5 4957 4958 5059 5058 6068 6069 6170 6169
1 5 3846 3847 3948 3947 4957 4958 5059 5058
1 5 3847 3848 3949 3948 4958 4959 5060 5059
1 5 3746 3747 3848 3847 4857 4858 4959 4958
1 5 3745 3746 3847 3846 4856 4857 4958 4957
1 5 3644 3645 3746 3745 4755 4756 4857 4856
1 5 3645 3646 3747 3746 4756 4757 4858 4857
1 5 3544 3545 3646 3645 4655 4656 4757 4756
1 5 3543 3544 3645 3644 4654 4655 4756 4755
1 5 2432 2433 2534 2533 3543 3544 3645 3644
1 5 2433 2434 2535 2534 3544 3545 3646 3645
1 5 2534 2535 2636 2635 3645 3646 3747 3746
1 5 2533 2534 2635 2634 3644 3645 3746 3745
1 5 2634 2635 2736 2735 3745 3746 3847 3846
1 5 2635 2636 2737 2736 3746 3747 3848 3847
1 5 2736 2737 2838 2837 3847 3848 3949 3948
1 5 2735 2736 2837 2836 3846 3847 3948 3947
1 5 1624 1625 1726 1725 2735 2736 2837 2836
1 5 513 514 615 614 1624 1625 1726 1725
1 5 514 515 616 615 1625 1626 1727 1726
1 5 1625 1626 1727 1726 2736 2737 2838 2837
1 5 1524 1525 1626 1625 2635 2636 2737 2736
1 5 413 414 515 514 1524 1525 1626 1625
1 5 412 413 514 513 1523 1524 1625 1624
1 5 1523 1524 1625 1624 2634 2635 2736 2735
1 5 1422 1423 1524 1523 2533 2534 2635 2634
1 5 311 312 413 412 1422 1423 1524 1523
1 5 312 313 414 413 1423 1424 1525 1524
1 5 1423 1424 1525 1524 2534 2535 2636 2635
1 5 1322 1323 1424 1423 2433 2434 2535 2534
1 5 211 212 313 312 1322 1323 1424 1423
1 5 210 211 312 311 1321 1322 1423 1422
1 5 1321 1322 1423 1422 2432 2433 2534 2533
1 5 1220 1221 1322 1321 2331 2332 2433 2432
1 5 109 110 211 210 1220 1221 1322 1321
1 5 110 111 212 211 1221 1222 1323 1322
1 5 1221 1222 1323 1322 2332 2333 2434 2433
1 5 1120 1121 1222 1221 2231 2232 2333 2332
1 5 9 10 111 110 1120 1121 1222 1221
1 5 8 9 110 109 1119 1120 1221 1220
1 5 1119 1120 1221 1220 2230 2231 2332 2331
1 5 2230 2231 2332 2331 3341 3342 3443 3442
1 5 2231 2232 2333 2332 3342 3343 3444 3443
1 5 2332 2333 2434 2433 3443 3444 3545 3544
1 5 2331 2332 2433 2432 3442 3443 3544 3543
1 5 3442 3443 3544 3543 4553 4554 4655 4654
1 5 3443 3444 3545 3544 4554 4555 4656 4655
1 5 3342 3343 3444 3443 4453 4454 4555 4554
1 5 3341 3342 3443 3442 4452 4453 4554 4553
1 5 4452 4453 4554 4553 5563 5564 5665 5664
1 5 4553 4554 4655 4654 5664 5665 5766 5765
1 5 5664 5665 5766 5765 6775 6776 6877 6876
1 5 5563 5564 5665 5664 6674 6675 6776 6775
1 5 5564 5565 5666 5665 6675 6676 6777 6776
1 5 5665 5666 5767 5766 6776 6777 6878 6877
1 5 4554 4555 4656 4655 5665 5666 5767 5766
1 5 4453 4454 4555 4554 5564 5565 5666 5665
1 5 4454 4455 4556 4555 5565 5566 5667 5666
1 5 4555 4556 4657 4656 5666 5667 5768 5767
1 5 5666 5667 5768 5767 6777 6778 6879 6878
1 5 5565 5566 5667 5666 6676 6677 6778 6777
1 5 5566 5567 5668 5667 6677 6678 6779 6778
1 5 5667 5668 5769 5768 6778 6779 6880 6879
1 5 4556 4557 4658 4657 5667 5668 5769 5768
1 5 4455 4456 4557 4556 5566 5567 5668 5667
1 5 4456 4457 4558 4557 5567 5568 5669 5668
1 5 4557 4558 4659 4658 5668 5669 5770 5769
1 5 5668 5669 5770 5769 6779 6780 6881 6880
1 5 5567 5568 5669 5668 6678 6679 6780 6779
1 5 5568 5569 5670 5669 6679 6680 6781 6780
1 5 5669 5670 5771 5770 6780 6781 6882 6881
1 5 4558 4559 4660 4659 5669 5670 5771 5770
1 5 4457 4458 4559 4558 5568 5569 5670 5669
1 5 3346 3347 3448 3447 4457 4458 4559 4558
1 5 3447 3448 3549 3548 4558 4559 4660 4659
1 5 2336 2337 2438 2437 3447 3448 3549 3548
1 5 2235 2236 2337 2336 3346 3347 3448 3447
1 5 2234 2235 2336 2335 3345 3346 3447 3446
1 5 2335 2336 2437 2436 3446 3447 3548 3547
1 5 3446 3447 3548 3547 4557 4558 4659 4658
1 5 3345 3346 3447 3446 4456 4457 4558 4557
1 5 3344 3345 3446 3445 4455 4456 4557 4556
1 5 3343 3344 3445 3444 4454 4455 4556 4555
1 5 3444 3445 3546 3545 4555 4556 4657 4656
1 5 3445 3446 3547 3546 4556 4557 4658 4657
1 5 2334 2335 2436 2435 3445 3446 3547 3546
1 5 2333 2334 2435 2434 3444 3445 3546 3545
1 5 2232 2233 2334 2333 3343 3344 3445 3444
1 5 2233 2234 2335 2334 3344 3345 3446 3445
1 5 1122 1123 1224 1223 2233 2234 2335 2334
1 5 1121 1122 1223 1222 2232 2233 2334 2333
1 5 1222 1223 1324 1323 2333 2334 2435 2434
1 5 1223 1224 1325 1324 2334 2335 2436 2435
1 5 112 113 214 213 1223 1224 1325 1324
1 5 111 112 213 212 1222 1223 1324 1323
1 5 10 11 112 111 1121 1122 1223 1222
1 5 11 12 113 112 1122 1123 1224 1223
1 5 12 13 114 113 1123 1124 1225 1224
1 5 113 114 215 214 1224 1225 1326 1325
1 5 1224 1225 1326 1325 2335 2336 2437 2436
1 5 1123 1124 1225 1224 2234 2235 2336 2335
1 5 1124 1125 1226 1225 2235 2236 2337 2336
1 5 1225 1226 1327 1326 2336 2337 2438 2437
1 5 114 115 216 215 1225 1226 1327 1326
1 5 13 14 115 114 1124 1125 1226 1225
1 5 14 15 116 115 1125 1126 1227 1226
1 5 115 116 217 216 1226 1227 1328 1327
1 5 1226 1227 1328 1327 2337 2338 2439 2438
1 5 1125 1126 1227 1226 2236 2237 2338 2337
1 5 1126 1127 1228 1227 2237 2238 2339 2338
1 5 1227 1228 1329 1328 2338 2339 2440 2439
1 5 116 117 218 217 1227 1228 1329 1328
1 5 15 16 117 116 1126 1127 1228 1227
1 5 16 17 118 117 1127 1128 1229 1228
1 5 1127 1128 1229 1228 2238 2239 2340 2339
1 5 1128 1129 1230 1229 2239 2240 2341 2340
1 5 17 18 119 118 1128 1129 1230 1229
1 5 118 119 220 219 1229 1230 1331 1330
1 5 1229 1230 1331 1330 2340 2341 2442 2441
1 5 1228 1229 1330 1329 2339 2340 2441 2440
1 5 117 118 219 218 1228 1229 1330 1329
1 5 218 219 320 319 1329 1330 1431 1430
1 5 1329 1330 1431 1430 2440 2441 2542 2541
1 5 1330 1331 1432 1431 2441 2442 2543 2542
1 5 219 220 321 320 1330 1331 1432 1431
1 5 320 321 422 421 1431 1432 1533 1532
1 5 1431 1432 1533 1532 2542 2543 2644 2643
1 5 1430 1431 1532 1531 2541 2542 2643 2642
1 5 319 320 421 420 1430 1431 1532 1531
1 5 318 319 420 419 1429 1430 1531 1530
1 5 317 318 419 418 1428 1429 1530 1529
1 5 216 217 318 317 1327 1328 1429 1428
1 5 217 218 319 318 1328 1329 1430 1429
1 5 1328 1329 1430 1429 2439 2440 2541 2540
1 5 1327 1328 1429 1428 2438 2439 2540 2539
1 5 1428 1429 1530 1529 2539 2540 2641 2640
1 5 1429 1430 1531 1530 2540 2541 2642 2641
1 5 2540 2541 2642 2641 3651 3652 3753 3752
1 5 2539 2540 2641 2640 3650 3651 3752 3751
1 5 2438 2439 2540 2539 3549 3550 3651 3650
1 5 2439 2440 2541 2540 3550 3551 3652 3651
1 5 3550 3551 3652 3651 4661 4662 4763 4762
1 5 3549 3550 3651 3650 4660 4661 4762 4761
1 5 3650 3651 3752 3751 4761 4762 4863 4862
1 5 3651 3652 3753 3752 4762 4763 4864 4863
1 5 3652 3653 3754 3753 4763 4764 4865 4864
1 5 2541 2542 2643 2642 3652 3653 3754 3753
1 5 2542 2543 2644 2643 3653 3654 3755 3754
1 5 3653 3654 3755 3754 4764 4765 4866 4865
1 5 3552 3553 3654 3653 4663 4664 4765 4764
1 5 2441 2442 2543 2542 3552 3553 3654 3653
1 5 2440 2441 2542 2541 3551 3552 3653 3652
1 5 3551 3552 3653 3652 4662 4663 4764 4763
1 5 3450 3451 3552 3551 4561 4562 4663 4662
1 5 2339 2340 2441 2440 3450 3451 3552 3551
1 5 2340 2341 2442 2441 3451 3452 3553 3552
1 5 3451 3452 3553 3552 4562 4563 4664 4663
1 5 3350 3351 3452 3451 4461 4462 4563 4562
1 5 2239 2240 2341 2340 3350 3351 3452 3451
1 5 2238 2239 2340 2339 3349 3350 3451 3450
1 5 3349 3350 3451 3450 4460 4461 4562 4561
1 5 3348 3349 3450 3449 4459 4460 4561 4560
1 5 3449 3450 3551 3550 4560 4561 4662 4661
1 5 2338 2339 2440 2439 3449 3450 3551 3550
1 5 2237 2238 2339 2338 3348 3349 3450 3449
1 5 2236 2237 2338 2337 3347 3348 3449 3448
1 5 2337 2338 2439 2438 3448 3449 3550 3549
1 5 3448 3449 3550 3549 4559 4560 4661 4660
1 5 3347 3348 3449 3448 4458 4459 4560 4559
1 5 4458 4459 4560 4559 5569 5570 5671 5670
1 5 5569 5570 5671 5670 6680 6681 6782 6781
1 5 5570 5571 5672 5671 6681 6682 6783 6782
1 5 4459 4460 4561 4560 5570 5571 5672 5671
1 5 4460 4461 4562 4561 5571 5572 5673 5672
1 5 5571 5572 5673 5672 6682 6683 6784 6783
1 5 5572 5573 5674 5673 6683 6684 6785 6784
1 5 4461 4462 4563 4562 5572 5573 5674 5673
1 5 4562 4563 4664 4663 5673 5674 5775 5774
1 5 5673 5674 5775 5774 6784 6785 6886 6885
1 5 5672 5673 5774 5773 6783 6784 6885 6884
1 5 4561 4562 4663 4662 5672 5673 5774 5773
1 5 4560 4561 4662 4661 5671 5672 5773 5772
1 5 5671 5672 5773 5772 6782 6783 6884 6883
1 5 5670 5671 5772 5771 6781 6782 6883 6882
1 5 4559 4560 4661 4660 5670 5671 5772 5771
1 5 4660 4661 4762 4761 5771 5772 5873 5872
1 5 4761 4762 4863 4862 5872 5873 5974 5973
1 5 5872 5873 5974 5973 6983 6984 7085 7084
1 5 5771 5772 5873 5872 6882 6883 6984 6983
1 5 5772 5773 5874 5873 6883 6884 6985 6984
1 5 5873 5874 5975 5974 6984 6985 7086 7085
1 5 4762 4763 4864 4863 5873 5874 5975 5974
1 5 4661 4662 4763 4762 5772 5773 5874 5873
1 5 4662 4663 4764 4763 5773 5774 5875 5874
1 5 4763 4764 4865 4864 5874 5875 5976 5975
1 5 5874 5875 5976 5975 6985 6986 7087 7086
1 5 5773 5774 5875 5874 6884 6885 6986 6985
1 5 5774 5775 5876 5875 6885 6886 6987 6986
1 5 5875 5876 5977 5976 6986 6987 7088 7087
1 5 4764 4765 4866 4865 5875 5876 5977 5976
1 5 4663 4664 4765 4764 5774 5775 5876 5875
1 5 4664 4665 4766 4765 5775 5776 5877 5876
1 5 4765 4766 4867 4866 5876 5877 5978 5977
1 5 5876 5877 5978 5977 6987 6988 7089 7088
1 5 5775 5776 5877 5876 6886 6887 6988 6987
1 5 5776 5777 5878 5877 6887 6888 6989 6988
1 5 5877 5878 5979 5978 6988 6989 7090 7089
1 5 4766 4767 4868 4867 5877 5878 5979 5978
1 5 4665 4666 4767 4766 5776 5777 5878 5877
1 5 4564 4565 4666 4665 5675 5676 5777 5776
1 5 5675 5676 5777 5776 6786 6787 6888 6887
1 5 5674 5675 5776 5775 6785 6786 6887 6886
1 5 4563 4564 4665 4664 5674 5675 5776 5775
1 5 4462 4463 4564 4563 5573 5574 5675 5674
1 5 5573 5574 5675 5674 6684 6685 6786 6785
1 5 5574 5575 5676 5675 6685 6686 6787 6786
1 5 4463 4464 4565 4564 5574 5575 5676 5675
1 5 3352 3353 3454 3453 4463 4464 4565 4564
1 5 3351 3352 3453 3452 4462 4463 4564 4563
1 5 3452 3453 3554 3553 4563 4564 4665 4664
1 5 3453 3454 3555 3554 4564 4565 4666 4665
1 5 3554 3555 3656 3655 4665 4666 4767 4766
1 5 3553 3554 3655 3654 4664 4665 4766 4765
1 5 3654 3655 3756 3755 4765 4766 4867 4866
1 5 3655 3656 3757 3756 4766 4767 4868 4867
1 5 2544 2545 2646 2645 3655 3656 3757 3756
1 5 2543 2544 2645 2644 3654 3655 3756 3755
1 5 2442 2443 2544 2543 3553 3554 3655 3654
1 5 2443 2444 2545 2544 3554 3555 3656 3655
1 5 2342 2343 2444 2443 3453 3454 3555 3554
1 5 2341 2342 2443 2442 3452 3453 3554 3553
1 5 2240 2241 2342 2341 3351 3352 3453 3452
1 5 2241 2242 2343 2342 3352 3353 3454 3453
1 5 1130 1131 1232 1231 2241 2242 2343 2342
1 5 19 20 121 120 1130 1131 1232 1231
1 5 18 19 120 119 1129 1130 1231 1230
1 5 1129 1130 1231 1230 2240 2241 2342 2341
1 5 1230 1231 1332 1331 2341 2342 2443 2442
1 5 119 120 221 220 1230 1231 1332 1331
1 5 120 121 222 221 1231 1232 1333 1332
1 5 1231 1232 1333 1332 2342 2343 2444 2443
1 5 1332 1333 1434 1433 2443 2444 2545 2544
1 5 221 222 323 322 1332 1333 1434 1433
1 5 220 221 322 321 1331 1332 1433 1432
1 5 1331 1332 1433 1432 2442 2443 2544 2543
1 5 1432 1433 1534 1533 2543 2544 2645 2644
1 5 321 322 423 422 1432 1433 1534 1533
1 5 322 323 424 423 1433 1434 1535 1534
1 5 1433 1434 1535 1534 2544 2545 2646 2645
1 5 1534 1535 1636 1635 2645 2646 2747 2746
1 5 423 424 525 524 1534 1535 1636 1635
1 5 422 423 524 523 1533 1534 1635 1634
1 5 1533 1534 1635 1634 2644 2645 2746 2745
1 5 1634 1635 1736 1735 2745 2746 2847 2846
1 5 523 524 625 624 1634 1635 1736 1735
1 5 524 525 626 625 1635 1636 1737 1736
1 5 1635 1636 1737 1736 2746 2747 2848 2847
1 5 2746 2747 2848 2847 3857 3858 3959 3958
1 5 2745 2746 2847 2846 3856 3857 3958 3957
1 5 2644 2645 2746 2745 3755 3756 3857 3856
1 5 2645 2646 2747 2746 3756 3757 3858 3857
1 5 3756 3757 3858 3857 4867 4868 4969 4968
1 5 3755 3756 3857 3856 4866 4867 4968 4967
1 5 3856 3857 3958 3957 4967 4968 5069 5068
1 5 3857 3858 3959 3958 4968 4969 5070 5069
1 5 4968 4969 5070 5069 6079 6080 6181 6180
1 5 4867 4868 4969 4968 5978 5979 6080 6079
1 5 5978 5979 6080 6079 7089 7090 7191 7190
1 5 6079 6080 6181 6180 7190 7191 7292 7291
1 5 6078 6079 6180 6179 7189 7190 7291 7290
1 5 5977 5978 6079 6078 7088 7089 7190 7189
1 5 4866 4867 4968 4967 5977 5978 6079 6078
1 5 4967 4968 5069 5068 6078 6079 6180 6179
1 5 4966 4967 5068 5067 6077 6078 6179 6178
1 5 4865 4866 4967 4966 5976 5977 6078 6077
1 5 5976 5977 6078 6077 7087 7088 7189 7188
1 5 6077 6078 6179 6178 7188 7189 7290 7289
1 5 6076 6077 6178 6177 7187 7188 7289 7288
1 5 5975 5976 6077 6076 7086 7087 7188 7187
1 5 4864 4865 4966 4965 5975 5976 6077 6076
1 5 4965 4966 5067 5066 6076 6077 6178 6177
1 5 4964 4965 5066 5065 6075 6076 6177 6176
1 5 4863 4864 4965 4964 5974 5975 6076 6075
1 5 5974 5975 6076 6075 7085 7086 7187 7186
1 5 6075 6076 6177 6176 7186 7187 7288 7287
1 5 6074 6075 6176 6175 7185 7186 7287 7286
1 5 5973 5974 6075 6074 7084 7085 7186 7185
1 5 4862 4863 4964 4963 5973 5974 6075 6074
1 5 4963 4964 5065 5064 6074 6075 6176 6175
1 5 3852 3853 3954 3953 4963 4964 5065 5064
1 5 3751 3752 3853 3852 4862 4863 4964 4963
1 5 2640 2641 2742 2741 3751 3752 3853 3852
1 5 2741 2742 2843 2842 3852 3853 3954 3953
1 5 2742 2743 2844 2843 3853 3854 3955 3954
1 5 2641 2642 2743 2742 3752 3753 3854 3853
1 5 3752 3753 3854 3853 4863 4864 4965 4964
1 5 3853 3854 3955 3954 4964 4965 5066 5065
1 5 3854 3855 3956 3955 4965 4966 5067 5066
1 5 3855 3856 3957 3956 4966 4967 5068 5067
1 5 3754 3755 3856 3855 4865 4866 4967 4966
1 5 3753 3754 3855 3854 4864 4865 4966 4965
1 5 2642 2643 2744 2743 3753 3754 3855 3854
1 5 2643 2644 2745 2744 3754 3755 3856 3855
1 5 2744 2745 2846 2845 3855 3856 3957 3956
1 5 2743 2744 2845 2844 3854 3855 3956 3955
1 5 1632 1633 1734 1733 2743 2744 2845 2844
1 5 1633 1634 1735 1734 2744 2745 2846 2845
1 5 1532 1533 1634 1633 2643 2644 2745 2744
1 5 1531 1532 1633 1632 2642 2643 2744 2743
1 5 420 421 522 521 1531 1532 1633 1632
1 5 421 422 523 522 1532 1533 1634 1633
1 5 522 523 624 623 1633 1634 1735 1734
1 5 521 522 623 622 1632 1633 1734 1733
1 5 520 521 622 621 1631 1632 1733 1732
1 5 419 420 521 520 1530 1531 1632 1631
1 5 1530 1531 1632 1631 2641 2642 2743 2742
1 5 1631 1632 1733 1732 2742 2743 2844 2843
1 5 1630 1631 1732 1731 2741 2742 2843 2842
1 5 1529 1530 1631 1630 2640 2641 2742 2741
1 5 418 419 520 519 1529 1530 1631 1630
1 5 519 520 621 620 1630 1631 1732 1731
1 5 620 621 722 721 1731 1732 1833 1832
1 5 1731 1732 1833 1832 2842 2843 2944 2943
1 5 1732 1733 1834 1833 2843 2844 2945 2944
1 5 621 622 723 722 1732 1733 1834 1833
1 5 722 723 824 823 1833 1834 1935 1934
1 5 1833 1834 1935 1934 2944 2945 3046 3045
1 5 1832 1833 1934 1933 2943 2944 3045 3044
1 5 721 722 823 822 1832 1833 1934 1933
1 5 822 823 924 923 1933 1934 2035 2034
1 5 823 824 925 924 1934 1935 2036 2035
1 5 924 925 1026 1025 2035 2036 2137 2136
1 5 923 924 1025 1024 2034 2035 2136 2135
1 5 2034 2035 2136 2135 3145 3146 3247 3246
1 5 2035 2036 2137 2136 3146 3147 3248 3247
1 5 1934 1935 2036 2035 3045 3046 3147 3146
1 5 1933 1934 2035 2034 3044 3045 3146 3145
1 5 3044 3045 3146 3145 4155 4156 4257 4256
1 5 3045 3046 3147 3146 4156 4157 4258 4257
1 5 3146 3147 3248 3247 4257 4258 4359 4358
1 5 3145 3146 3247 3246 4256 4257 4358 4357
1 5 4256 4257 4358 4357 5367 5368 5469 5468
1 5 4257 4258 4359 4358 5368 5369 5470 5469
1 5 4156 4157 4258 4257 5267 5268 5369 5368
1 5 4155 4156 4257 4256 5266 5267 5368 5367
1 5 4054 4055 4156 4155 5165 5166 5267 5266
1 5 3953 3954 4055 4054 5064 5065 5166 5165
1 5 2842 2843 2944 2943 3953 3954 4055 4054
1 5 2943 2944 3045 3044 4054 4055 4156 4155
1 5 2944 2945 3046 3045 4055 4056 4157 4156
1 5 2843 2844 2945 2944 3954 3955 4056 4055
1 5 3954 3955 4056 4055 5065 5066 5167 5166
1 5 4055 4056 4157 4156 5166 5167 5268 5267
1 5 4056 4057 4158 4157 5167 5168 5269 5268
1 5 3955 3956 4057 4056 5066 5067 5168 5167
1 5 2844 2845 2946 2945 3955 3956 4057 4056
1 5 2945 2946 3047 3046 4056 4057 4158 4157
1 5 2946 2947 3048 3047 4057 4058 4159 4158
1 5 2845 2846 2947 2946 3956 3957 4058 4057
1 5 3956 3957 4058 4057 5067 5068 5169 5168
1 5 4057 4058 4159 4158 5168 5169 5270 5269
1 5 4158 4159 4260 4259 5269 5270 5371 5370
1 5 4157 4158 4259 4258 5268 5269 5370 5369
1 5 4258 4259 4360 4359 5369 5370 5471 5470
1 5 4259 4260 4361 4360 5370 5371 5472 5471
1 5 3148 3149 3250 3249 4259 4260 4361 4360
1 5 3147 3148 3249 3248 4258 4259 4360 4359
1 5 3046 3047 3148 3147 4157 4158 4259 4258
1 5 3047 3048 3149 3148 4158 4159 4260 4259
1 5 1936 1937 2038 2037 3047 3048 3149 3148
1 5 1935 1936 2037 2036 3046 3047 3148 3147
1 5 2036 2037 2138 2137 3147 3148 3249 3248
1 5 2037 2038 2139 2138 3148 3149 3250 3249
1 5 926 927 1028 1027 2037 2038 2139 2138
1 5 925 926 1027 1026 2036 2037 2138 2137
1 5 824 825 926 925 1935 1936 2037 2036
1 5 825 826 927 926 1936 1937 2038 2037
1 5 724 725 826 825 1835 1836 1937 1936
1 5 1835 1836 1937 1936 2946 2947 3048 3047
1 5 1834 1835 1936 1935 2945 2946 3047 3046
1 5 723 724 825 824 1834 1835 1936 1935
1 5 622 623 724 723 1733 1734 1835 1834
1 5 1733 1734 1835 1834 2844 2845 2946 2945
1 5 1734 1735 1836 1835 2845 2846 2947 2946
1 5 623 624 725 724 1734 1735 1836 1835
1 5 624 625 726 725 1735 1736 1837 1836
1 5 625 626 727 726 1736 1737 1838 1837
1 5 1736 1737 1838 1837 2847 2848 2949 2948
1 5 1735 1736 1837 1836 2846 2847 2948 2947
1 5 2846 2847 2948 2947 3957 3958 4059 4058
1 5 3957 3958 4059 4058 5068 5069 5170 5169
1 5 3958 3959 4060 4059 5069 5070 5171 5170
1 5 2847 2848 2949 2948 3958 3959 4060 4059
1 5 2948 2949 3050 3049 4059 4060 4161 4160
1 5 4059 4060 4161 4160 5170 5171 5272 5271
1 5 4058 4059 4160 4159 5169 5170 5271 5270
1 5 2947 2948 3049 3048 4058 4059 4160 4159
1 5 1836 1837 1938 1937 2947 2948 3049 3048
1 5 1837 1838 1939 1938 2948 2949 3050 3049
1 5 726 727 828 827 1837 1838 1939 1938
1 5 725 726 827 826 1836 1837 1938 1937
1 5 826 827 928 927 1937 1938 2039 2038
1 5 827 828 929 928 1938 1939 2040 2039
1 5 928 929 1030 1029 2039 2040 2141 2140
1 5 927 928 1029 1028 2038 2039 2140 2139
1 5 2038 2039 2140 2139 3149 3150 3251 3250
1 5 2039 2040 2141 2140 3150 3151 3252 3251
1 5 1938 1939 2040 2039 3049 3050 3151 3150
1 5 1937 1938 2039 2038 3048 3049 3150 3149
1 5 3048 3049 3150 3149 4159 4160 4261 4260
1 5 3049 3050 3151 3150 4160 4161 4262 4261
1 5 3150 3151 3252 3251 4261 4262 4363 4362
1 5 3149 3150 3251 3250 4260 4261 4362 4361
1 5 4260 4261 4362 4361 5371 5372 5473 5472
1 5 4261 4262 4363 4362 5372 5373 5474 5473
1 5 4160 4161 4262 4261 5271 5272 5373 5372
1 5 4159 4160 4261 4260 5270 5271 5372 5371
1 5 5270 5271 5372 5371 6381 6382 6483 6482
1 5 5271 5272 5373 5372 6382 6383 6484 6483
1 5 5372 5373 5474 5473 6483 6484 6585 6584
1 5 5371 5372 5473 5472 6482 6483 6584 6583
1 5 6482 6483 6584 6583 7593 7594 7695 7694
1 5 6483 6484 6585 6584 7594 7595 7696 7695
1 5 6382 6383 6484 6483 7493 7494 7595 7594
1 5 6381 6382 6483 6482 7492 7493 7594 7593
1 5 6280 6281 6382 6381 7391 7392 7493 7492
1 5 5169 5170 5271 5270 6280 6281 6382 6381
1 5 5170 5171 5272 5271 6281 6282 6383 6382
1 5 6281 6282 6383 6382 7392 7393 7494 7493
1 5 6180 6181 6282 6281 7291 7292 7393 7392
1 5 5069 5070 5171 5170 6180 6181 6282 6281
1 5 5068 5069 5170 5169 6179 6180 6281 6280
1 5 6179 6180 6281 6280 7290 7291 7392 7391
1 5 6178 6179 6280 6279 7289 7290 7391 7390
1 5 5067 5068 5169 5168 6178 6179 6280 6279
1 5 5066 5067 5168 5167 6177 6178 6279 6278
1 5 6177 6178 6279 6278 7288 7289 7390 7389
1 5 6278 6279 6380 6379 7389 7390 7491 7490
1 5 5167 5168 5269 5268 6278 6279 6380 6379
1 5 5168 5169 5270 5269 6279 6280 6381 6380
1 5 6279 6280 6381 6380 7390 7391 7492 7491
1 5 6380 6381 6482 6481 7491 7492 7593 7592
1 5 6481 6482 6583 6582 7592 7593 7694 7693
1 5 5370 5371 5472 5471 6481 6482 6583 6582
1 5 5269 5270 5371 5370 6380 6381 6482 6481
1 5 5268 5269 5370 5369 6379 6380 6481 6480
1 5 5369 5370 5471 5470 6480 6481 6582 6581
1 5 6480 6481 6582 6581 7591 7592 7693 7692
1 5 6379 6380 6481 6480 7490 7491 7592 7591
1 5 6378 6379 6480 6479 7489 7490 7591 7590
1 5 6479 6480 6581 6580 7590 7591 7692 7691
1 5 5368 5369 5470 5469 6479 6480 6581 6580
1 5 5267 5268 5369 5368 6378 6379 6480 6479
1 5 5266 5267 5368 5367 6377 6378 6479 6478
1 5 5367 5368 5469 5468 6478 6479 6580 6579
1 5 6478 6479 6580 6579 7589 7590 7691 7690
1 5 6377 6378 6479 6478 7488 7489 7590 7589
1 5 6276 6277 6378 6377 7387 7388 7489 7488
1 5 5165 5166 5267 5266 6276 6277 6378 6377
1 5 5166 5167 5268 5267 6277 6278 6379 6378
1 5 6277 6278 6379 6378 7388 7389 7490 7489
1 5 6176 6177 6278 6277 7287 7288 7389 7388
1 5 5065 5066 5167 5166 6176 6177 6278 6277
1 5 5064 5065 5166 5165 6175 6176 6277 6276
1 5 6175 6176 6277 6276 7286 7287 7388 7387
1 5 7286 7287 7388 7387 8397 8398 8499 8498
1 5 8397 8398 8499 8498 9508 9509 9610 9609
1 5 8398 8399 8500 8499 9509 9510 9611 9610
1 5 7287 7288 7389 7388 8398 8399 8500 8499
1 5 7388 7389 7490 7489 8499 8500 8601 8600
1 5 8499 8500 8601 8600 9610 9611 9712 9711
1 5 8498 8499 8600 8599 9609 9610 9711 9710
1 5 7387 7388 7489 7488 8498 8499 8600 8599
1 5 7488 7489 7590 7589 8599 8600 8701 8700
1 5 7589 7590 7691 7690 8700 8701 8802 8801
1 5 8700 8701 8802 8801 9811 9812 9913 9912
1 5 8599 8600 8701 8700 9710 9711 9812 9811
1 5 8600 8601 8702 8701 9711 9712 9813 9812
1 5 8701 8702 8803 8802 9812 9813 9914 9913
1 5 7590 7591 7692 7691 8701 8702 8803 8802
1 5 7489 7490 7591 7590 8600 8601 8702 8701
1 5 7490 7491 7592 7591 8601 8602 8703 8702
1 5 7591 7592 7693 7692 8702 8703 8804 8803
1 5 8702 8703 8804 8803 9813 9814 9915 9914
1 5 8601 8602 8703 8702 9712 9713 9814 9813
1 5 8602 8603 8704 8703 9713 9714 9815 9814
1 5 8703 8704 8805 8804 9814 9815 9916 9915
1 5 7592 7593 7694 7693 8703 8704 8805 8804
1 5 7491 7492 7593 7592 8602 8603 8704 8703
1 5 7390 7391 7492 7491 8501 8502 8603 8602
1 5 8501 8502 8603 8602 9612 9613 9714 9713
1 5 8500 8501 8602 8601 9611 9612 9713 9712
1 5 7389 7390 7491 7490 8500 8501 8602 8601
1 5 7288 7289 7390 7389 8399 8400 8501 8500
1 5 8399 8400 8501 8500 9510 9511 9612 9611
1 5 8400 8401 8502 8501 9511 9512 9613 9612
1 5 7289 7290 7391 7390 8400 8401 8502 8501
1 5 7290 7291 7392 7391 8401 8402 8503 8502
1 5 8401 8402 8503 8502 9512 9513 9614 9613
1 5 8402 8403 8504 8503 9513 9514 9615 9614
1 5 7291 7292 7393 7392 8402 8403 8504 8503
1 5 7392 7393 7494 7493 8503 8504 8605 8604
1 5 8503 8504 8605 8604 9614 9615 9716 9715
1 5 8502 8503 8604 8603 9613 9614 9715 9714
1 5 7391 7392 7493 7492 8502 8503 8604 8603
1 5 7492 7493 7594 7593 8603 8604 8705 8704
1 5 7493 7494 7595 7594 8604 8605 8706 8705
1 5 7594 7595 7696 7695 8705 8706 8807 8806
1 5 7593 7594 7695 7694 8704 8705 8806 8805
1 5 8704 8705 8806 8805 9815 9816 9917 9916
1 5 8705 8706 8807 8806 9816 9817 9918 9917
1 5 8604 8605 8706 8705 9715 9716 9817 9816
1 5 8603 8604 8705 8704 9714 9715 9816 9815
1 5 9714 9715 9816 9815 10825 10826 10927 10926
1 5 9715 9716 9817 9816 10826 10827 10928 10927
1 5 9816 9817 9918 9917 10927 10928 11029 11028
1 5 9815 9816 9917 9916 10926 10927 11028 11027
1 5 10926 10927 11028 11027 12037 12038 12139 12138
1 5 10927 10928 11029 11028 12038 12039 12140 12139
1 5 10826 10827 10928 10927 11937 11938 12039 12038
1 5 10825 10826 10927 10926 11936 11937 12038 12037
1 5 10724 10725 10826 10825 11835 11836 11937 11936
1 5 9613 9614 9715 9714 10724 10725 10826 10825
1 5 9614 9615 9716 9715 10725 10726 10827 10826
1 5 10725 10726 10827 10826 11836 11837 11938 11937
1 5 10624 10625 10726 10725 11735 11736 11837 11836
1 5 9513 9514 9615 9614 10624 10625 10726 10725
1 5 9512 9513 9614 9613 10623 10624 10725 10724
1 5 10623 10624 10725 10724 11734 11735 11836 11835
1 5 10622 10623 10724 10723 11733 11734 11835 11834
1 5 9511 9512 9613 9612 10622 10623 10724 10723
1 5 9510 9511 9612 9611 10621 10622 10723 10722
1 5 10621 10622 10723 10722 11732 11733 11834 11833
1 5 10722 10723 10824 10823 11833 11834 11935 11934
1 5 9611 9612 9713 9712 10722 10723 10824 10823
1 5 9612 9613 9714 9713 10723 10724 10825 10824
1 5 10723 10724 10825 10824 11834 11835 11936 11935
1 5 10824 10825 10926 10925 11935 11936 12037 12036
1 5 10925 10926 11027 11026 12036 12037 12138 12137
1 5 9814 9815 9916 9915 10925 10926 11027 11026
1 5 9713 9714 9815 9814 10824 10825 10926 10925
1 5 9712 9713 9814 9813 10823 10824 10925 10924
1 5 9813 9814 9915 9914 10924 10925 11026 11025
1 5 10924 10925 11026 11025 12035 12036 12137 12136
1 5 10823 10824 10925 10924 11934 11935 12036 12035
1 5 10822 10823 10924 10923 11933 11934 12035 12034
1 5 10923 10924 11025 11024 12034 12035 12136 12135
1 5 9812 9813 9914 9913 10923 10924 11025 11024
1 5 9711 9712 9813 9812 10822 10823 10924 10923
1 5 9710 9711 9812 9811 10821 10822 10923 10922
1 5 9811 9812 9913 9912 10922 10923 11024 11023
1 5 10922 10923 11024 11023 12033 12034 12135 12134
1 5 10821 10822 10923 10922 11932 11933 12034 12033
1 5 10720 10721 10822 10821 11831 11832 11933 11932
1 5 9609 9610 9711 9710 10720 10721 10822 10821
1 5 9610 9611 9712 9711 10721 10722 10823 10822
1 5 10721 10722 10823 10822 11832 11833 11934 11933
1 5 10620 10621 10722 10721 11731 11732 11833 11832
1 5 9509 9510 9611 9610 10620 10621 10722 10721
1 5 9508 9509 9610 9609 10619 10620 10721 10720
1 5 10619 10620 10721 10720 11730 11731 11832 11831
1 5 10518 10519 10620 10619 11629 11630 11731 11730
1 5 10519 10520 10621 10620 11630 11631 11732 11731
1 5 10418 10419 10520 10519 11529 11530 11631 11630
1 5 10417 10418 10519 10518 11528 11529 11630 11629
1 5 9306 9307 9408 9407 10417 10418 10519 10518
1 5 9307 9308 9409 9408 10418 10419 10520 10519
1 5 9408 9409 9510 9509 10519 10520 10621 10620
1 5 9407 9408 9509 9508 10518 10519 10620 10619
1 5 8296 8297 8398 8397 9407 9408 9509 9508
1 5 8195 8196 8297 8296 9306 9307 9408 9407
1 5 7084 7085 7186 7185 8195 8196 8297 8296
1 5 7185 7186 7287 7286 8296 8297 8398 8397
1 5 7186 7187 7288 7287 8297 8298 8399 8398
1 5 7085 7086 7187 7186 8196 8197 8298 8297
1 5 8196 8197 8298 8297 9307 9308 9409 9408
1 5 8297 8298 8399 8398 9408 9409 9510 9509
1 5 8298 8299 8400 8399 9409 9410 9511 9510
1 5 8197 8198 8299 8298 9308 9309 9410 9409
1 5 7086 7087 7188 7187 8197 8198 8299 8298
1 5 7187 7188 7289 7288 8298 8299 8400 8399
1 5 7188 7189 7290 7289 8299 8300 8401 8400
1 5 7087 7088 7189 7188 8198 8199 8300 8299
1 5 8198 8199 8300 8299 9309 9310 9411 9410
1 5 8299 8300 8401 8400 9410 9411 9512 9511
1 5 9410 9411 9512 9511 10521 10522 10623 10622
1 5 10521 10522 10623 10622 11632 11633 11734 11733
1 5 10520 10521 10622 10621 11631 11632 11733 11732
1 5 9409 9410 9511 9510 10520 10521 10622 10621
1 5 9308 9309 9410 9409 10419 10420 10521 10520
1 5 10419 10420 10521 10520 11530 11531 11632 11631
1 5 10420 10421 10522 10521 11531 11532 11633 11632
1 5 9309 9310 9411 9410 10420 10421 10522 10521
1 5 9208 9209 9310 9309 10319 10320 10421 10420
1 5 10319 10320 10421 10420 11430 11431 11532 11531
1 5 10318 10319 10420 10419 11429 11430 11531 11530
1 5 9207 9208 9309 9308 10318 10319 10420 10419
1 5 9106 9107 9208 9207 10217 10218 10319 10318
1 5 10217 10218 10319 10318 11328 11329 11430 11429
1 5 10218 10219 10320 10319 11329 11330 11431 11430
1 5 9107 9108 9209 9208 10218 10219 10320 10319
1 5 7996 7997 8098 8097 9107 9108 9209 9208
1 5 8097 8098 8199 8198 9208 9209 9310 9309
1 5 6986 6987 7088 7087 8097 8098 8199 8198
1 5 6885 6886 6987 6986 7996 7997 8098 8097
1 5 6884 6885 6986 6985 7995 7996 8097 8096
1 5 6985 6986 7087 7086 8096 8097 8198 8197
1 5 8096 8097 8198 8197 9207 9208 9309 9308
1 5 7995 7996 8097 8096 9106 9107 9208 9207
1 5 7994 7995 8096 8095 9105 9106 9207 9206
1 5 8095 8096 8197 8196 9206 9207 9308 9307
1 5 6984 6985 7086 7085 8095 8096 8197 8196
1 5 6883 6884 6985 6984 7994 7995 8096 8095
1 5 6882 6883 6984 6983 7993 7994 8095 8094
1 5 6983 6984 7085 7084 8094 8095 8196 8195
1 5 8094 8095 8196 8195 9205 9206 9307 9306
1 5 7993 7994 8095 8094 9104 9105 9206 9205
1 5 9104 9105 9206 9205 10215 10216 10317 10316
1 5 9105 9106 9207 9206 10216 10217 10318 10317
1 5 9206 9207 9308 9307 10317 10318 10419 10418
1 5 9205 9206 9307 9306 10316 10317 10418 10417
1 5 10316 10317 10418 10417 11427 11428 11529 11528
1 5 10317 10318 10419 10418 11428 11429 11530 11529
1 5 10216 10217 10318 10317 11327 11328 11429 11428
1 5 10215 10216 10317 10316 11326 11327 11428 11427
1 5 10114 10115 10216 10215 11225 11226 11327 11326
1 5 10013 10014 10115 10114 11124 11125 11226 11225
1 5 10014 10015 10116 10115 11125 11126 11227 11226
1 5 10115 10116 10217 10216 11226 11227 11328 11327
1 5 10116 10117 10218 10217 11227 11228 11329 11328
1 5 10117 10118 10219 10218 11228 11229 11330 11329
1 5 10016 10017 10118 10117 11127 11128 11229 11228
1 5 10015 10016 10117 10116 11126 11127 11228 11227
1 5 8904 8905 9006 9005 10015 10016 10117 10116
1 5 8905 8906 9007 9006 10016 10017 10118 10117
1 5 9006 9007 9108 9107 10117 10118 10219 10218
1 5 9005 9006 9107 9106 10116 10117 10218 10217
1 5 9004 9005 9106 9105 10115 10116 10217 10216
1 5 8903 8904 9005 9004 10014 10015 10116 10115
1 5 8902 8903 9004 9003 10013 10014 10115 10114
1 5 9003 9004 9105 9104 10114 10115 10216 10215
1 5 7892 7893 7994 7993 9003 9004 9105 9104
1 5 7791 7792 7893 7892 8902 8903 9004 9003
1 5 6680 6681 6782 6781 7791 7792 7893 7892
1 5 6781 6782 6883 6882 7892 7893 7994 7993
1 5 6782 6783 6884 6883 7893 7894 7995 7994
1 5 6681 6682 6783 6782 7792 7793 7894 7893
1 5 7792 7793 7894 7893 8903 8904 9005 9004
1 5 7893 7894 7995 7994 9004 9005 9106 9105
1 5 7894 7895 7996 7995 9005 9006 9107 9106
1 5 7793 7794 7895 7894 8904 8905 9006 9005
1 5 6682 6683 6784 6783 7793 7794 7895 7894
1 5 6783 6784 6885 6884 7894 7895 7996 7995
1 5 6784 6785 6886 6885 7895 7896 7997 7996
1 5 6683 6684 6785 6784 7794 7795 7896 7895
1 5 7794 7795 7896 7895 8905 8906 9007 9006
1 5 7895 7896 7997 7996 9006 9007 9108 9107
1 5 7896 7897 7998 7997 9007 9008 9109 9108
1 5 7795 7796 7897 7896 8906 8907 9008 9007
1 5 6684 6685 6786 6785 7795 7796 7897 7896
1 5 6785 6786 6887 6886 7896 7897 7998 7997
1 5 6786 6787 6888 6887 7897 7898 7999 7998
1 5 6685 6686 6787 6786 7796 7797 7898 7897
1 5 7796 7797 7898 7897 8907 8908 9009 9008
1 5 7897 7898 7999 7998 9008 9009 9110 9109
1 5 9008 9009 9110 9109 10119 10120 10221 10220
1 5 9007 9008 9109 9108 10118 10119 10220 10219
1 5 8906 8907 9008 9007 10017 10018 10119 10118
1 5 8907 8908 9009 9008 10018 10019 10120 10119
1 5 10018 10019 10120 10119 11129 11130 11231 11230
1 5 10017 10018 10119 10118 11128 11129 11230 11229
1 5 10118 10119 10220 10219 11229 11230 11331 11330
1 5 10119 10120 10221 10220 11230 11231 11332 11331
1 5 10220 10221 10322 10321 11331 11332 11433 11432
1 5 10219 10220 10321 10320 11330 11331 11432 11431
1 5 10320 10321 10422 10421 11431 11432 11533 11532
1 5 10321 10322 10423 10422 11432 11433 11534 11533
1 5 9210 9211 9312 9311 10321 10322 10423 10422
1 5 9209 9210 9311 9310 10320 10321 10422 10421
1 5 9108 9109 9210 9209 10219 10220 10321 10320
1 5 9109 9110 9211 9210 10220 10221 10322 10321
1 5 7998 7999 8100 8099 9109 9110 9211 9210
1 5 6887 6888 6989 6988 7998 7999 8100 8099
1 5 6886 6887 6988 6987 7997 7998 8099 8098
1 5 7997 7998 8099 8098 9108 9109 9210 9209
1 5 8098 8099 8200 8199 9209 9210 9311 9310
1 5 6987 6988 7089 7088 8098 8099 8200 8199
1 5 6988 6989 7090 7089 8099 8100 8201 8200
1 5 8099 8100 8201 8200 9210 9211 9312 9311
1 5 8200 8201 8302 8301 9311 9312 9413 9412
1 5 7089 7090 7191 7190 8200 8201 8302 8301
1 5 7088 7089 7190 7189 8199 8200 8301 8300
1 5 8199 8200 8301 8300 9310 9311 9412 9411
1 5 8300 8301 8402 8401 9411 9412 9513 9512
1 5 7189 7190 7291 7290 8300 8301 8402 8401
1 5 7190 7191 7292 7291 8301 8302 8403 8402
1 5 8301 8302 8403 8402 9412 9413 9514 9513
1 5 9412 9413 9514 9513 10523 10524 10625 10624
1 5 9411 9412 9513 9512 10522 10523 10624 10623
1 5 9310 9311 9412 9411 10421 10422 10523 10522
1 5 9311 9312 9413 9412 10422 10423 10524 10523
1 5 10422 10423 10524 10523 11533 11534 11635 11634
1 5 10421 10422 10523 10522 11532 11533 11634 11633
1 5 10522 10523 10624 10623 11633 11634 11735 11734
1 5 10523 10524 10625 10624 11634 11635 11736 11735
1 5 10524 10525 10626 10625 11635 11636 11737 11736
1 5 10525 10526 10627 10626 11636 11637 11738 11737
1 5 10424 10425 10526 10525 11535 11536 11637 11636
1 5 10423 10424 10525 10524 11534 11535 11636 11635
1 5 9312 9313 9414 9413 10423 10424 10525 10524
1 5 9313 9314 9415 9414 10424 10425 10526 10525
1 5 9414 9415 9516 9515 10525 10526 10627 10626
1 5 9413 9414 9515 9514 10524 10525 10626 10625
1 5 8302 8303 8404 8403 9413 9414 9515 9514
1 5 8201 8202 8303 8302 9312 9313 9414 9413
1 5 7090 7091 7192 7191 8201 8202 8303 8302
1 5 7191 7192 7293 7292 8302 8303 8404 8403
1 5 7192 7193 7294 7293 8303 8304 8405 8404
1 5 7091 7092 7193 7192 8202 8203 8304 8303
1 5 8202 8203 8304 8303 9313 9314 9415 9414
1 5 8303 8304 8405 8404 9414 9415 9516 9515
1 5 8304 8305 8406 8405 9415 9416 9517 9516
1 5 8203 8204 8305 8304 9314 9315 9416 9415
1 5 7092 7093 7194 7193 8203 8204 8305 8304
1 5 7193 7194 7295 7294 8304 8305 8406 8405
1 5 7194 7195 7296 7295 8305 8306 8407 8406
1 5 7093 7094 7195 7194 8204 8205 8306 8305
1 5 8204 8205 8306 8305 9315 9316 9417 9416
1 5 8305 8306 8407 8406 9416 9417 9518 9517
1 5 9416 9417 9518 9517 10527 10528 10629 10628
1 5 10527 10528 10629 10628 11638 11639 11740 11739
1 5 10526 10527 10628 10627 11637 11638 11739 11738
1 5 9415 9416 9517 9516 10526 10527 10628 10627
1 5 9314 9315 9416 9415 10425 10426 10527 10526
1 5 10425 10426 10527 10526 11536 11537 11638 11637
1 5 10426 10427 10528 10527 11537 11538 11639 11638
1 5 9315 9316 9417 9416 10426 10427 10528 10527
1 5 9214 9215 9316 9315 10325 10326 10427 10426
1 5 10325 10326 10427 10426 11436 11437 11538 11537
1 5 10324 10325 10426 10425 11435 11436 11537 11536
1 5 9213 9214 9315 9314 10324 10325 10426 10425
1 5 9112 9113 9214 9213 10223 10224 10325 10324
1 5 10223 10224 10325 10324 11334 11335 11436 11435
1 5 10224 10225 10326 10325 11335 11336 11437 11436
1 5 9113 9114 9215 9214 10224 10225 10326 10325
1 5 8002 8003 8104 8103 9113 9114 9215 9214
1 5 8103 8104 8205 8204 9214 9215 9316 9315
1 5 6992 6993 7094 7093 8103 8104 8205 8204
1 5 6891 6892 6993 6992 8002 8003 8104 8103
1 5 6890 6891 6992 6991 8001 8002 8103 8102
1 5 6991 6992 7093 7092 8102 8103 8204 8203
1 5 8102 8103 8204 8203 9213 9214 9315 9314
1 5 8001 8002 8103 8102 9112 9113 9214 9213
1 5 8000 8001 8102 8101 9111 9112 9213 9212
1 5 8101 8102 8203 8202 9212 9213 9314 9313
1 5 6990 6991 7092 7091 8101 8102 8203 8202
1 5 6889 6890 6991 6990 8000 8001 8102 8101
1 5 6888 6889 6990 6989 7999 8000 8101 8100
1 5 6989 6990 7091 7090 8100 8101 8202 8201
1 5 8100 8101 8202 8201 9211 9212 9313 9312
1 5 7999 8000 8101 8100 9110 9111 9212 9211
1 5 9110 9111 9212 9211 10221 10222 10323 10322
1 5 9111 9112 9213 9212 10222 10223 10324 10323
1 5 9212 9213 9314 9313 10323 10324 10425 10424
1 5 9211 9212 9313 9312 10322 10323 10424 10423
1 5 10322 10323 10424 10423 11433 11434 11535 11534
1 5 10323 10324 10425 10424 11434 11435 11536 11535
1 5 10222 10223 10324 10323 11333 11334 11435 11434
1 5 10221 10222 10323 10322 11332 11333 11434 11433
1 5 10120 10121 10222 10221 11231 11232 11333 11332
1 5 10019 10020 10121 10120 11130 11131 11232 11231
1 5 10020 10021 10122 10121 11131 11132 11233 11232
1 5 10121 10122 10223 10222 11232 11233 11334 11333
1 5 10122 10123 10224 10223 11233 11234 11335 11334
1 5 10123 10124 10225 10224 11234 11235 11336 11335
1 5 10022 10023 10124 10123 11133 11134 11235 11234
1 5 10021 10022 10123 10122 11132 11133 11234 11233
1 5 8910 8911 9012 9011 10021 10022 10123 10122
1 5 8911 8912 9013 9012 10022 10023 10124 10123
1 5 9012 9013 9114 9113 10123 10124 10225 10224
1 5 9011 9012 9113 9112 10122 10123 10224 10223
1 5 9010 9011 9112 9111 10121 10122 10223 10222
1 5 8909 8910 9011 9010 10020 10021 10122 10121
1 5 8908 8909 9010 9009 10019 10020 10121 10120
1 5 9009 9010 9111 9110 10120 10121 10222 10221
1 5 7898 7899 8000 7999 9009 9010 9111 9110
1 5 7797 7798 7899 7898 8908 8909 9010 9009
1 5 6686 6687 6788 6787 7797 7798 7899 7898
1 5 6787 6788 6889 6888 7898 7899 8000 7999
1 5 6788 6789 6890 6889 7899 7900 8001 8000
1 5 6687 6688 6789 6788 7798 7799 7900 7899
1 5 7798 7799 7900 7899 8909 8910 9011 9010
1 5 7899 7900 8001 8000 9010 9011 9112 9111
1 5 7900 7901 8002 8001 9011 9012 9113 9112
1 5 7799 7800 7901 7900 8910 8911 9012 9011
1 5 6688 6689 6790 6789 7799 7800 7901 7900
1 5 6789 6790 6891 6890 7900 7901 8002 8001
1 5 6790 6791 6892 6891 7901 7902 8003 8002
1 5 6689 6690 6791 6790 7800 7801 7902 7901
1 5 7800 7801 7902 7901 8911 8912 9013 9012
1 5 7901 7902 8003 8002 9012 9013 9114 9113
1 5 7902 7903 8004 8003 9013 9014 9115 9114
1 5 7801 7802 7903 7902 8912 8913 9014 9013
1 5 6690 6691 6792 6791 7801 7802 7903 7902
1 5 6791 6792 6893 6892 7902 7903 8004 8003
1 5 6792 6793 6894 6893 7903 7904 8005 8004
1 5 6691 6692 6793 6792 7802 7803 7904 7903
1 5 7802 7803 7904 7903 8913 8914 9015 9014
1 5 7903 7904 8005 8004 9014 9015 9116 9115
1 5 9014 9015 9116 9115 10125 10126 10227 10226
1 5 9013 9014 9115 9114 10124 10125 10226 10225
1 5 8912 8913 9014 9013 10023 10024 10125 10124
1 5 8913 8914 9015 9014 10024 10025 10126 10125
1 5 10024 10025 10126 10125 11135 11136 11237 11236
1 5 10023 10024 10125 10124 11134 11135 11236 11235
1 5 10124 10125 10226 10225 11235 11236 11337 11336
1 5 10125 10126 10227 10226 11236 11237 11338 11337
1 5 10226 10227 10328 10327 11337 11338 11439 11438
1 5 10225 10226 10327 10326 11336 11337 11438 11437
1 5 10326 10327 10428 10427 11437 11438 11539 11538
1 5 10327 10328 10429 10428 11438 11439 11540 11539
1 5 9216 9217 9318 9317 10327 10328 10429 10428
1 5 9215 9216 9317 9316 10326 10327 10428 10427
1 5 9114 9115 9216 9215 10225 10226 10327 10326
1 5 9115 9116 9217 9216 10226 10227 10328 10327
1 5 8004 8005 8106 8105 9115 9116 9217 9216
1 5 6893 6894 6995 6994 8004 8005 8106 8105
1 5 6892 6893 6994 6993 8003 8004 8105 8104
1 5 8003 8004 8105 8104 9114 9115 9216 9215
1 5 8104 8105 8206 8205 9215 9216 9317 9316
1 5 6993 6994 7095 7094 8104 8105 8206 8205
1 5 6994 6995 7096 7095 8105 8106 8207 8206
1 5 8105 8106 8207 8206 9216 9217 9318 9317
1 5 8206 8207 8308 8307 9317 9318 9419 9418
1 5 7095 7096 7197 7196 8206 8207 8308 8307
1 5 7094 7095 7196 7195 8205 8206 8307 8306
1 5 8205 8206 8307 8306 9316 9317 9418 9417
1 5 8306 8307 8408 8407 9417 9418 9519 9518
1 5 7195 7196 7297 7296 8306 8307 8408 8407
1 5 7196 7197 7298 7297 8307 8308 8409 8408
1 5 8307 8308 8409 8408 9418 9419 9520 9519
1 5 9418 9419 9520 9519 10529 10530 10631 10630
1 5 9417 9418 9519 9518 10528 10529 10630 10629
1 5 9316 9317 9418 9417 10427 10428 10529 10528
1 5 9317 9318 9419 9418 10428 10429 10530 10529
1 5 10428 10429 10530 10529 11539 11540 11641 11640
1 5 10427 10428 10529 10528 11538 11539 11640 11639
1 5 10528 10529 10630 10629 11639 11640 11741 11740
1 5 10529 10530 10631 10630 11640 11641 11742 11741
1 5 10630 10631 10732 10731 11741 11742 11843 11842
1 5 9519 9520 9621 9620 10630 10631 10732 10731
1 5 9518 9519 9620 9619 10629 10630 10731 10730
1 5 10629 10630 10731 10730 11740 11741 11842 11841
1 5 10730 10731 10832 10831 11841 11842 11943 11942
1 5 9619 9620 9721 9720 10730 10731 10832 10831
1 5 9620 9621 9722 9721 10731 10732 10833 10832
1 5 10731 10732 10833 10832 11842 11843 11944 11943
1 5 10832 10833 10934 10933 11943 11944 12045 12044
1 5 10831 10832 10933 10932 11942 11943 12044 12043
1 5 10932 10933 11034 11033 12043 12044 12145 12144
1 5 10933 10934 11035 11034 12044 12045 12146 12145
1 5 9822 9823 9924 9923 10933 10934 11035 11034
1 5 9821 9822 9923 9922 10932 10933 11034 11033
1 5 9720 9721 9822 9821 10831 10832 10933 10932
1 5 9721 9722 9823 9822 10832 10833 10934 10933
1 5 8610 8611 8712 8711 9721 9722 9823 9822
1 5 8609 8610 8711 8710 9720 9721 9822 9821
1 5 8710 8711 8812 8811 9821 9822 9923 9922
1 5 8711 8712 8813 8812 9822 9823 9924 9923
1 5 7600 7601 7702 7701 8711 8712 8813 8812
1 5 7599 7600 7701 7700 8710 8711 8812 8811
1 5 7498 7499 7600 7599 8609 8610 8711 8710
1 5 7499 7500 7601 7600 8610 8611 8712 8711
1 5 7398 7399 7500 7499 8509 8510 8611 8610
1 5 7297 7298 7399 7398 8408 8409 8510 8509
1 5 8408 8409 8510 8509 9519 9520 9621 9620
1 5 8509 8510 8611 8610 9620 9621 9722 9721
1 5 8508 8509 8610 8609 9619 9620 9721 9720
1 5 8407 8408 8509 8508 9518 9519 9620 9619
1 5 7296 7297 7398 7397 8407 8408 8509 8508
1 5 7397 7398 7499 7498 8508 8509 8610 8609
1 5 7396 7397 7498 7497 8507 8508 8609 8608
1 5 7295 7296 7397 7396 8406 8407 8508 8507
1 5 8406 8407 8508 8507 9517 9518 9619 9618
1 5 8507 8508 8609 8608 9618 9619 9720 9719
1 5 8506 8507 8608 8607 9617 9618 9719 9718
1 5 8405 8406 8507 8506 9516 9517 9618 9617
1 5 7294 7295 7396 7395 8405 8406 8507 8506
1 5 7395 7396 7497 7496 8506 8507 8608 8607
1 5 7496 7497 7598 7597 8607 8608 8709 8708
1 5 7497 7498 7599 7598 8608 8609 8710 8709
1 5 7598 7599 7700 7699 8709 8710 8811 8810
1 5 7597 7598 7699 7698 8708 8709 8810 8809
1 5 8708 8709 8810 8809 9819 9820 9921 9920
1 5 8709 8710 8811 8810 9820 9821 9922 9921
1 5 8608 8609 8710 8709 9719 9720 9821 9820
1 5 8607 8608 8709 8708 9718 9719 9820 9819
1 5 9718 9719 9820 9819 10829 10830 10931 10930
1 5 9719 9720 9821 9820 10830 10831 10932 10931
1 5 9820 9821 9922 9921 10931 10932 11033 11032
1 5 9819 9820 9921 9920 10930 10931 11032 11031
1 5 10930 10931 11032 11031 12041 12042 12143 12142
1 5 10931 10932 11033 11032 12042 12043 12144 12143
1 5 10830 10831 10932 10931 11941 11942 12043 12042
1 5 10829 10830 10931 10930 11940 11941 12042 12041
1 5 10728 10729 10830 10829 11839 11840 11941 11940
1 5 9617 9618 9719 9718 10728 10729 10830 10829
1 5 9618 9619 9720 9719 10729 10730 10831 10830
1 5 10729 10730 10831 10830 11840 11841 11942 11941
1 5 10628 10629 10730 10729 11739 11740 11841 11840
1 5 9517 9518 9619 9618 10628 10629 10730 10729
1 5 9516 9517 9618 9617 10627 10628 10729 10728
1 5 10627 10628 10729 10728 11738 11739 11840 11839
1 5 10626 10627 10728 10727 11737 11738 11839 11838
1 5 10625 10626 10727 10726 11736 11737 11838 11837
1 5 9514 9515 9616 9615 10625 10626 10727 10726
1 5 9515 9516 9617 9616 10626 10627 10728 10727
1 5 8404 8405 8506 8505 9515 9516 9617 9616
1 5 7293 7294 7395 7394 8404 8405 8506 8505
1 5 7292 7293 7394 7393 8403 8404 8505 8504
1 5 8403 8404 8505 8504 9514 9515 9616 9615
1 5 8504 8505 8606 8605 9615 9616 9717 9716
1 5 7393 7394 7495 7494 8504 8505 8606 8605
1 5 7394 7395 7496 7495 8505 8506 8607 8606
1 5 8505 8506 8607 8606 9616 9617 9718 9717
1 5 9616 9617 9718 9717 10727 10728 10829 10828
1 5 9615 9616 9717 9716 10726 10727 10828 10827
1 5 10726 10727 10828 10827 11837 11838 11939 11938
1 5 10727 10728 10829 10828 11838 11839 11940 11939
1 5 10828 10829 10930 10929 11939 11940 12041 12040
1 5 10827 10828 10929 10928 11938 11939 12040 12039
1 5 10928 10929 11030 11029 12039 12040 12141 12140
1 5 10929 10930 11031 11030 12040 12041 12142 12141
1 5 9818 9819 9920 9919 10929 10930 11031 11030
1 5 9817 9818 9919 9918 10928 10929 11030 11029
1 5 9716 9717 9818 9817 10827 10828 10929 10928
1 5 9717 9718 9819 9818 10828 10829 10930 10929
1 5 8606 8607 8708 8707 9717 9718 9819 9818
1 5 8605 8606 8707 8706 9716 9717 9818 9817
1 5 8706 8707 8808 8807 9817 9818 9919 9918
1 5 8707 8708 8809 8808 9818 9819 9920 9919
1 5 7596 7597 7698 7697 8707 8708 8809 8808
1 5 7595 7596 7697 7696 8706 8707 8808 8807
1 5 7494 7495 7596 7595 8605 8606 8707 8706
1 5 7495 7496 7597 7596 8606 8607 8708 8707
1 5 6384 6385 6486 6485 7495 7496 7597 7596
1 5 6383 6384 6485 6484 7494 7495 7596 7595
1 5 6484 6485 6586 6585 7595 7596 7697 7696
1 5 6485 6486 6587 6586 7596 7597 7698 7697
1 5 5374 5375 5476 5475 6485 6486 6587 6586
1 5 5373 5374 5475 5474 6484 6485 6586 6585
1 5 5272 5273 5374 5373 6383 6384 6485 6484
1 5 5273 5274 5375 5374 6384 6385 6486 6485
1 5 5172 5173 5274 5273 6283 6284 6385 6384
1 5 6283 6284 6385 6384 7394 7395 7496 7495
1 5 6282 6283 6384 6383 7393 7394 7495 7494
1 5 5171 5172 5273 5272 6282 6283 6384 6383
1 5 5070 5071 5172 5171 6181 6182 6283 6282
1 5 6181 6182 6283 6282 7292 7293 7394 7393
1 5 6182 6183 6284 6283 7293 7294 7395 7394
1 5 5071 5072 5173 5172 6182 6183 6284 6283
1 5 5072 5073 5174 5173 6183 6184 6285 6284
1 5 6183 6184 6285 6284 7294 7295 7396 7395
1 5 6184 6185 6286 6285 7295 7296 7397 7396
1 5 5073 5074 5175 5174 6184 6185 6286 6285
1 5 5174 5175 5276 5275 6285 6286 6387 6386
1 5 6285 6286 6387 6386 7396 7397 7498 7497
1 5 6284 6285 6386 6385 7395 7396 7497 7496
1 5 5173 5174 5275 5274 6284 6285 6386 6385
1 5 5274 5275 5376 5375 6385 6386 6487 6486
1 5 5375 5376 5477 5476 6486 6487 6588 6587
1 5 6486 6487 6588 6587 7597 7598 7699 7698
1 5 6385 6386 6487 6486 7496 7497 7598 7597
1 5 6386 6387 6488 6487 7497 7498 7599 7598
1 5 6487 6488 6589 6588 7598 7599 7700 7699
1 5 5376 5377 5478 5477 6487 6488 6589 6588
1 5 5275 5276 5377 5376 6386 6387 6488 6487
1 5 5276 5277 5378 5377 6387 6388 6489 6488
1 5 5377 5378 5479 5478 6488 6489 6590 6589
1 5 6488 6489 6590 6589 7599 7600 7701 7700
1 5 6387 6388 6489 6488 7498 7499 7600 7599
1 5 6388 6389 6490 6489 7499 7500 7601 7600
1 5 6489 6490 6591 6590 7600 7601 7702 7701
1 5 5378 5379 5480 5479 6489 6490 6591 6590
1 5 5277 5278 5379 5378 6388 6389 6490 6489
1 5 5176 5177 5278 5277 6287 6288 6389 6388
1 5 6287 6288 6389 6388 7398 7399 7500 7499
1 5 6286 6287 6388 6387 7397 7398 7499 7498
1 5 5175 5176 5277 5276 6286 6287 6388 6387
1 5 5074 5075 5176 5175 6185 6186 6287 6286
1 5 6185 6186 6287 6286 7296 7297 7398 7397
1 5 6186 6187 6288 6287 7297 7298 7399 7398
1 5 5075 5076 5177 5176 6186 6187 6288 6287
1 5 3964 3965 4066 4065 5075 5076 5177 5176
1 5 2853 2854 2955 2954 3964 3965 4066 4065
1 5 2852 2853 2954 2953 3963 3964 4065 4064
1 5 3963 3964 4065 4064 5074 5075 5176 5175
1 5 4064 4065 4166 4165 5175 5176 5277 5276
1 5 2953 2954 3055 3054 4064 4065 4166 4165
1 5 2954 2955 3056 3055 4065 4066 4167 4166
1 5 4065 4066 4167 4166 5176 5177 5278 5277
1 5 4166 4167 4268 4267 5277 5278 5379 5378
1 5 4267 4268 4369 4368 5378 5379 5480 5479
1 5 3156 3157 3258 3257 4267 4268 4369 4368
1 5 3055 3056 3157 3156 4166 4167 4268 4267
1 5 3054 3055 3156 3155 4165 4166 4267 4266
1 5 3155 3156 3257 3256 4266 4267 4368 4367
1 5 4266 4267 4368 4367 5377 5378 5479 5478
1 5 4165 4166 4267 4266 5276 5277 5378 5377
1 5 4164 4165 4266 4265 5275 5276 5377 5376
1 5 4265 4266 4367 4366 5376 5377 5478 5477
1 5 3154 3155 3256 3255 4265 4266 4367 4366
1 5 3053 3054 3155 3154 4164 4165 4266 4265
1 5 3052 3053 3154 3153 4163 4164 4265 4264
1 5 3153 3154 3255 3254 4264 4265 4366 4365
1 5 4264 4265 4366 4365 5375 5376 5477 5476
1 5 4163 4164 4265 4264 5274 5275 5376 5375
1 5 4062 4063 4164 4163 5173 5174 5275 5274
1 5 2951 2952 3053 3052 4062 4063 4164 4163
1 5 2952 2953 3054 3053 4063 4064 4165 4164
1 5 4063 4064 4165 4164 5174 5175 5276 5275
1 5 3962 3963 4064 4063 5073 5074 5175 5174
1 5 2851 2852 2953 2952 3962 3963 4064 4063
1 5 2850 2851 2952 2951 3961 3962 4063 4062
1 5 3961 3962 4063 4062 5072 5073 5174 5173
1 5 3960 3961 4062 4061 5071 5072 5173 5172
1 5 2849 2850 2951 2950 3960 3961 4062 4061
1 5 2848 2849 2950 2949 3959 3960 4061 4060
1 5 3959 3960 4061 4060 5070 5071 5172 5171
1 5 4060 4061 4162 4161 5171 5172 5273 5272
1 5 2949 2950 3051 3050 4060 4061 4162 4161
1 5 2950 2951 3052 3051 4061 4062 4163 4162
1 5 4061 4062 4163 4162 5172 5173 5274 5273
1 5 4162 4163 4264 4263 5273 5274 5375 5374
1 5 4161 4162 4263 4262 5272 5273 5374 5373
1 5 4262 4263 4364 4363 5373 5374 5475 5474
1 5 4263 4264 4365 4364 5374 5375 5476 5475
1 5 3152 3153 3254 3253 4263 4264 4365 4364
1 5 3151 3152 3253 3252 4262 4263 4364 4363
1 5 3050 3051 3152 3151 4161 4162 4263 4262
1 5 3051 3052 3153 3152 4162 4163 4264 4263
1 5 1940 1941 2042 2041 3051 3052 3153 3152
1 5 1939 1940 2041 2040 3050 3051 3152 3151
1 5 2040 2041 2142 2141 3151 3152 3253 3252
1 5 2041 2042 2143 2142 3152 3153 3254 3253
1 5 930 931 1032 1031 2041 2042 2143 2142
1 5 929 930 1031 1030 2040 2041 2142 2141
1 5 828 829 930 929 1939 1940 2041 2040
1 5 829 830 931 930 1940 1941 2042 2041
1 5 728 729 830 829 1839 1840 1941 1940
1 5 1839 1840 1941 1940 2950 2951 3052 3051
1 5 1838 1839 1940 1939 2949 2950 3051 3050
1 5 727 728 829 828 1838 1839 1940 1939
1 5 626 627 728 727 1737 1738 1839 1838
1 5 1737 1738 1839 1838 2848 2849 2950 2949
1 5 1738 1739 1840 1839 2849 2850 2951 2950
1 5 627 628 729 728 1738 1739 1840 1839
1 5 628 629 730 729 1739 1740 1841 1840
1 5 1739 1740 1841 1840 2850 2851 2952 2951
1 5 1740 1741 1842 1841 2851 2852 2953 2952
1 5 629 630 731 730 1740 1741 1842 1841
1 5 730 731 832 831 1841 1842 1943 1942
1 5 1841 1842 1943 1942 2952 2953 3054 3053
1 5 1840 1841 1942 1941 2951 2952 3053 3052
1 5 729 730 831 830 1840 1841 1942 1941
1 5 830 831 932 931 1941 1942 2043 2042
1 5 931 932 1033 1032 2042 2043 2144 2143
1 5 2042 2043 2144 2143 3153 3154 3255 3254
1 5 1941 1942 2043 2042 3052 3053 3154 3153
1 5 1942 1943 2044 2043 3053 3054 3155 3154
1 5 2043 2044 2145 2144 3154 3155 3256 3255
1 5 932 933 1034 1033 2043 2044 2145 2144
1 5 831 832 933 932 1942 1943 2044 2043
1 5 832 833 934 933 1943 1944 2045 2044
1 5 933 934 1035 1034 2044 2045 2146 2145
1 5 2044 2045 2146 2145 3155 3156 3257 3256
1 5 1943 1944 2045 2044 3054 3055 3156 3155
1 5 1944 1945 2046 2045 3055 3056 3157 3156
1 5 2045 2046 2147 2146 3156 3157 3258 3257
1 5 934 935 1036 1035 2045 2046 2147 2146
1 5 833 834 935 934 1944 1945 2046 2045
1 5 732 733 834 833 1843 1844 1945 1944
1 5 1843 1844 1945 1944 2954 2955 3056 3055
1 5 1842 1843 1944 1943 2953 2954 3055 3054
1 5 731 732 833 832 1842 1843 1944 1943
1 5 630 631 732 731 1741 1742 1843 1842
1 5 1741 1742 1843 1842 2852 2853 2954 2953
1 5 1742 1743 1844 1843 2853 2854 2955 2954
1 5 631 632 733 732 1742 1743 1844 1843
1 5 530 531 632 631 1641 1642 1743 1742
1 5 429 430 531 530 1540 1541 1642 1641
1 5 1540 1541 1642 1641 2651 2652 2753 2752
1 5 1641 1642 1743 1742 2752 2753 2854 2853
1 5 1640 1641 1742 1741 2751 2752 2853 2852
1 5 1539 1540 1641 1640 2650 2651 2752 2751
1 5 428 429 530 529 1539 1540 1641 1640
1 5 529 530 631 630 1640 1641 1742 1741
1 5 528 529 630 629 1639 1640 1741 1740
1 5 1639 1640 1741 1740 2750 2751 2852 2851
1 5 1638 1639 1740 1739 2749 2750 2851 2850
1 5 527 528 629 628 1638 1639 1740 1739
1 5 426 427 528 527 1537 1538 1639 1638
1 5 1537 1538 1639 1638 2648 2649 2750 2749
1 5 1538 1539 1640 1639 2649 2650 2751 2750
1 5 427 428 529 528 1538 1539 1640 1639
1 5 326 327 428 427 1437 1438 1539 1538
1 5 1437 1438 1539 1538 2548 2549 2650 2649
1 5 1436 1437 1538 1537 2547 2548 2649 2648
1 5 325 326 427 426 1436 1437 1538 1537
1 5 224 225 326 325 1335 1336 1437 1436
1 5 1335 1336 1437 1436 2446 2447 2548 2547
1 5 1336 1337 1438 1437 2447 2448 2549 2548
1 5 225 226 327 326 1336 1337 1438 1437
1 5 226 227 328 327 1337 1338 1439 1438
1 5 227 228 329 328 1338 1339 1440 1439
1 5 328 329 430 429 1439 1440 1541 1540
1 5 327 328 429 428 1438 1439 1540 1539
1 5 1438 1439 1540 1539 2549 2550 2651 2650
1 5 1439 1440 1541 1540 2550 2551 2652 2651
1 5 1338 1339 1440 1439 2449 2450 2551 2550
1 5 1337 1338 1439 1438 2448 2449 2550 2549
1 5 2448 2449 2550 2549 3559 3560 3661 3660
1 5 2449 2450 2551 2550 3560 3561 3662 3661
1 5 2550 2551 2652 2651 3661 3662 3763 3762
1 5 2549 2550 2651 2650 3660 3661 3762 3761
1 5 3660 3661 3762 3761 4771 4772 4873 4872
1 5 3661 3662 3763 3762 4772 4773 4874 4873
1 5 3560 3561 3662 3661 4671 4672 4773 4772
1 5 3559 3560 3661 3660 4670 4671 4772 4771
1 5 3558 3559 3660 3659 4669 4670 4771 4770
1 5 2447 2448 2549 2548 3558 3559 3660 3659
1 5 2446 2447 2548 2547 3557 3558 3659 3658
1 5 3557 3558 3659 3658 4668 4669 4770 4769
1 5 3658 3659 3760 3759 4769 4770 4871 4870
1 5 2547 2548 2649 2648 3658 3659 3760 3759
1 5 2548 2549 2650 2649 3659 3660 3761 3760
1 5 3659 3660 3761 3760 4770 4771 4872 4871
1 5 3760 3761 3862 3861 4871 4872 4973 4972
1 5 2649 2650 2751 2750 3760 3761 3862 3861
1 5 2648 2649 2750 2749 3759 3760 3861 3860
1 5 3759 3760 3861 3860 4870 4871 4972 4971
1 5 3860 3861 3962 3961 4971 4972 5073 5072
1 5 2749 2750 2851 2850 3860 3861 3962 3961
1 5 2750 2751 2852 2851 3861 3862 3963 3962
1 5 3861 3862 3963 3962 4972 4973 5074 5073
1 5 3862 3863 3964 3963 4973 4974 5075 5074
1 5 3761 3762 3863 3862 4872 4873 4974 4973
1 5 2650 2651 2752 2751 3761 3762 3863 3862
1 5 2751 2752 2853 2852 3862 3863 3964 3963
1 5 2752 2753 2854 2853 3863 3864 3965 3964
1 5 2651 2652 2753 2752 3762 3763 3864 3863
1 5 3762 3763 3864 3863 4873 4874 4975 4974
1 5 3863 3864 3965 3964 4974 4975 5076 5075
1 5 4974 4975 5076 5075 6085 6086 6187 6186
1 5 6085 6086 6187 6186 7196 7197 7298 7297
1 5 6084 6085 6186 6185 7195 7196 7297 7296
1 5 4973 4974 5075 5074 6084 6085 6186 6185
1 5 4972 4973 5074 5073 6083 6084 6185 6184
1 5 6083 6084 6185 6184 7194 7195 7296 7295
1 5 6082 6083 6184 6183 7193 7194 7295 7294
1 5 4971 4972 5073 5072 6082 6083 6184 6183
1 5 4870 4871 4972 4971 5981 5982 6083 6082
1 5 5981 5982 6083 6082 7092 7093 7194 7193
1 5 5982 5983 6084 6083 7093 7094 7195 7194
1 5 4871 4872 4973 4972 5982 5983 6084 6083
1 5 4872 4873 4974 4973 5983 5984 6085 6084
1 5 5983 5984 6085 6084 7094 7095 7196 7195
1 5 5984 5985 6086 6085 7095 7096 7197 7196
1 5 4873 4874 4975 4974 5984 5985 6086 6085
1 5 4772 4773 4874 4873 5883 5884 5985 5984
1 5 4671 4672 4773 4772 5782 5783 5884 5883
1 5 5782 5783 5884 5883 6893 6894 6995 6994
1 5 5883 5884 5985 5984 6994 6995 7096 7095
1 5 5882 5883 5984 5983 6993 6994 7095 7094
1 5 5781 5782 5883 5882 6892 6893 6994 6993
1 5 4670 4671 4772 4771 5781 5782 5883 5882
1 5 4771 4772 4873 4872 5882 5883 5984 5983
1 5 4770 4771 4872 4871 5881 5882 5983 5982
1 5 4669 4670 4771 4770 5780 5781 5882 5881
1 5 5780 5781 5882 5881 6891 6892 6993 6992
1 5 5881 5882 5983 5982 6992 6993 7094 7093
1 5 5880 5881 5982 5981 6991 6992 7093 7092
1 5 5779 5780 5881 5880 6890 6891 6992 6991
1 5 4668 4669 4770 4769 5779 5780 5881 5880
1 5 4769 4770 4871 4870 5880 5881 5982 5981
1 5 4768 4769 4870 4869 5879 5880 5981 5980
1 5 4667 4668 4769 4768 5778 5779 5880 5879
1 5 5778 5779 5880 5879 6889 6890 6991 6990
1 5 5879 5880 5981 5980 6990 6991 7092 7091
1 5 5878 5879 5980 5979 6989 6990 7091 7090
1 5 5777 5778 5879 5878 6888 6889 6990 6989
1 5 4666 4667 4768 4767 5777 5778 5879 5878
1 5 4767 4768 4869 4868 5878 5879 5980 5979
1 5 4868 4869 4970 4969 5979 5980 6081 6080
1 5 5979 5980 6081 6080 7090 7091 7192 7191
1 5 5980 5981 6082 6081 7091 7092 7193 7192
1 5 4869 4870 4971 4970 5980 5981 6082 6081
1 5 4970 4971 5072 5071 6081 6082 6183 6182
1 5 6081 6082 6183 6182 7192 7193 7294 7293
1 5 6080 6081 6182 6181 7191 7192 7293 7292
1 5 4969 4970 5071 5070 6080 6081 6182 6181
1 5 3858 3859 3960 3959 4969 4970 5071 5070
1 5 3859 3860 3961 3960 4970 4971 5072 5071
1 5 3758 3759 3860 3859 4869 4870 4971 4970
1 5 3757 3758 3859 3858 4868 4869 4970 4969
1 5 3656 3657 3758 3757 4767 4768 4869 4868
1 5 3657 3658 3759 3758 4768 4769 4870 4869
1 5 3556 3557 3658 3657 4667 4668 4769 4768
1 5 3555 3556 3657 3656 4666 4667 4768 4767
1 5 2444 2445 2546 2545 3555 3556 3657 3656
1 5 2445 2446 2547 2546 3556 3557 3658 3657
1 5 2546 2547 2648 2647 3657 3658 3759 3758
1 5 2545 2546 2647 2646 3656 3657 3758 3757
1 5 2646 2647 2748 2747 3757 3758 3859 3858
1 5 2647 2648 2749 2748 3758 3759 3860 3859
1 5 2748 2749 2850 2849 3859 3860 3961 3960
1 5 2747 2748 2849 2848 3858 3859 3960 3959
1 5 1636 1637 1738 1737 2747 2748 2849 2848
1 5 525 526 627 626 1636 1637 1738 1737
1 5 526 527 628 627 1637 1638 1739 1738
1 5 1637 1638 1739 1738 2748 2749 2850 2849
1 5 1536 1537 1638 1637 2647 2648 2749 2748
1 5 425 426 527 526 1536 1537 1638 1637
1 5 424 425 526 525 1535 1536 1637 1636
1 5 1535 1536 1637 1636 2646 2647 2748 2747
1 5 1434 1435 1536 1535 2545 2546 2647 2646
1 5 323 324 425 424 1434 1435 1536 1535
1 5 324 325 426 425 1435 1436 1537 1536
1 5 1435 1436 1537 1536 2546 2547 2648 2647
1 5 1334 1335 1436 1435 2445 2446 2547 2546
1 5 223 224 325 324 1334 1335 1436 1435
1 5 222 223 324 323 1333 1334 1435 1434
1 5 1333 1334 1435 1434 2444 2445 2546 2545
1 5 1232 1233 1334 1333 2343 2344 2445 2444
1 5 121 122 223 222 1232 1233 1334 1333
1 5 122 123 224 223 1233 1234 1335 1334
1 5 1233 1234 1335 1334 2344 2345 2446 2445
1 5 1132 1133 1234 1233 2243 2244 2345 2344
1 5 21 22 123 122 1132 1133 1234 1233
1 5 20 21 122 121 1131 1132 1233 1232
1 5 1131 1132 1233 1232 2242 2243 2344 2343
1 5 2242 2243 2344 2343 3353 3354 3455 3454
1 5 2243 2244 2345 2344 3354 3355 3456 3455
1 5 2344 2345 2446 2445 3455 3456 3557 3556
1 5 2343 2344 2445 2444 3454 3455 3556 3555
1 5 3454 3455 3556 3555 4565 4566 4667 4666
1 5 3455 3456 3557 3556 4566 4567 4668 4667
1 5 3354 3355 3456 3455 4465 4466 4567 4566
1 5 3353 3354 3455 3454 4464 4465 4566 4565
1 5 4464 4465 4566 4565 5575 5576 5677 5676
1 5 4565 4566 4667 4666 5676 5677 5778 5777
1 5 5676 5677 5778 5777 6787 6788 6889 6888
1 5 5575 5576 5677 5676 6686 6687 6788 6787
1 5 5576 5577 5678 5677 6687 6688 6789 6788
1 5 5677 5678 5779 5778 6788 6789 6890 6889
1 5 4566 4567 4668 4667 5677 5678 5779 5778
1 5 4465 4466 4567 4566 5576 5577 5678 5677
1 5 4466 4467 4568 4567 5577 5578 5679 5678
1 5 4567 4568 4669 4668 5678 5679 5780 5779
1 5 5678 5679 5780 5779 6789 6790 6891 6890
1 5 5577 5578 5679 5678 6688 6689 6790 6789
1 5 5578 5579 5680 5679 6689 6690 6791 6790
1 5 5679 5680 5781 5780 6790 6791 6892 6891
1 5 4568 4569 4670 4669 5679 5680 5781 5780
1 5 4467 4468 4569 4568 5578 5579 5680 5679
1 5 4468 4469 4570 4569 5579 5580 5681 5680
1 5 4569 4570 4671 4670 5680 5681 5782 5781
1 5 5680 5681 5782 5781 6791 6792 6893 6892
1 5 5579 5580 5681 5680 6690 6691 6792 6791
1 5 5580 5581 5682 5681 6691 6692 6793 6792
1 5 5681 5682 5783 5782 6792 6793 6894 6893
1 5 4570 4571 4672 4671 5681 5682 5783 5782
1 5 4469 4470 4571 4570 5580 5581 5682 5681
1 5 3358 3359 3460 3459 4469 4470 4571 4570
1 5 3459 3460 3561 3560 4570 4571 4672 4671
1 5 2348 2349 2450 2449 3459 3460 3561 3560
1 5 2247 2248 2349 2348 3358 3359 3460 3459
1 5 2246 2247 2348 2347 3357 3358 3459 3458
1 5 2347 2348 2449 2448 3458 3459 3560 3559
1 5 3458 3459 3560 3559 4569 4570 4671 4670
1 5 3357 3358 3459 3458 4468 4469 4570 4569
1 5 3356 3357 3458 3457 4467 4468 4569 4568
1 5 3355 3356 3457 3456 4466 4467 4568 4567
1 5 3456 3457 3558 3557 4567 4568 4669 4668
1 5 3457 3458 3559 3558 4568 4569 4670 4669
1 5 2346 2347 2448 2447 3457 3458 3559 3558
1 5 2345 2346 2447 2446 3456 3457 3558 3557
1 5 2244 2245 2346 2345 3355 3356 3457 3456
1 5 2245 2246 2347 2346 3356 3357 3458 3457
1 5 1134 1135 1236 1235 2245 2246 2347 2346
1 5 1133 1134 1235 1234 2244 2245 2346 2345
1 5 1234 1235 1336 1335 2345 2346 2447 2446
1 5 1235 1236 1337 1336 2346 2347 2448 2447
1 5 124 125 226 225 1235 1236 1337 1336
1 5 123 124 225 224 1234 1235 1336 1335
1 5 22 23 124 123 1133 1134 1235 1234
1 5 23 24 125 124 1134 1135 1236 1235
1 5 24 25 126 125 1135 1136 1237 1236
1 5 125 126 227 226 1236 1237 1338 1337
1 5 1236 1237 1338 1337 2347 2348 2449 2448
1 5 1135 1136 1237 1236 2246 2247 2348 2347
1 5 1136 1137 1238 1237 2247 2248 2349 2348
1 5 1237 1238 1339 1338 2348 2349 2450 2449
1 5 126 127 228 227 1237 1238 1339 1338
1 5 25 26 127 126 1136 1137 1238 1237
1 5 26 27 128 127 1137 1138 1239 1238
1 5 127 128 229 228 1238 1239 1340 1339
1 5 1238 1239 1340 1339 2349 2350 2451 2450
1 5 1137 1138 1239 1238 2248 2249 2350 2349
1 5 1138 1139 1240 1239 2249 2250 2351 2350
1 5 1239 1240 1341 1340 2350 2351 2452 2451
1 5 128 129 230 229 1239 1240 1341 1340
1 5 27 28 129 128 1138 1139 1240 1239
1 5 28 29 130 129 1139 1140 1241 1240
1 5 1139 1140 1241 1240 2250 2251 2352 2351
1 5 1140 1141 1242 1241 2251 2252 2353 2352
1 5 29 30 131 130 1140 1141 1242 1241
1 5 130 131 232 231 1241 1242 1343 1342
1 5 1241 1242 1343 1342 2352 2353 2454 2453
1 5 1240 1241 1342 1341 2351 2352 2453 2452
1 5 129 130 231 230 1240 1241 1342 1341
1 5 230 231 332 331 1341 1342 1443 1442
1 5 1341 1342 1443 1442 2452 2453 2554 2553
1 5 1342 1343 1444 1443 2453 2454 2555 2554
1 5 231 232 333 332 1342 1343 1444 1443
1 5 332 333 434 433 1443 1444 1545 1544
1 5 1443 1444 1545 1544 2554 2555 2656 2655
1 5 1442 1443 1544 1543 2553 2554 2655 2654
1 5 331 332 433 432 1442 1443 1544 1543
1 5 330 331 432 431 1441 1442 1543 1542
1 5 329 330 431 430 1440 1441 1542 1541
1 5 228 229 330 329 1339 1340 1441 1440
1 5 229 230 331 330 1340 1341 1442 1441
1 5 1340 1341 1442 1441 2451 2452 2553 2552
1 5 1339 1340 1441 1440 2450 2451 2552 2551
1 5 1440 1441 1542 1541 2551 2552 2653 2652
1 5 1441 1442 1543 1542 2552 2553 2654 2653
1 5 2552 2553 2654 2653 3663 3664 3765 3764
1 5 2551 2552 2653 2652 3662 3663 3764 3763
1 5 2450 2451 2552 2551 3561 3562 3663 3662
1 5 2451 2452 2553 2552 3562 3563 3664 3663
1 5 3562 3563 3664 3663 4673 4674 4775 4774
1 5 3561 3562 3663 3662 4672 4673 4774 4773
1 5 3662 3663 3764 3763 4773 4774 4875 4874
1 5 3663 3664 3765 3764 4774 4775 4876 4875
1 5 3664 3665 3766 3765 4775 4776 4877 4876
1 5 2553 2554 2655 2654 3664 3665 3766 3765
1 5 2554 2555 2656 2655 3665 3666 3767 3766
1 5 3665 3666 3767 3766 4776 4777 4878 4877
1 5 3564 3565 3666 3665 4675 4676 4777 4776
1 5 2453 2454 2555 2554 3564 3565 3666 3665
1 5 2452 2453 2554 2553 3563 3564 3665 3664
1 5 3563 3564 3665 3664 4674 4675 4776 4775
1 5 3462 3463 3564 3563 4573 4574 4675 4674
1 5 2351 2352 2453 2452 3462 3463 3564 3563
1 5 2352 2353 2454 2453 3463 3464 3565 3564
1 5 3463 3464 3565 3564 4574 4575 4676 4675
1 5 3362 3363 3464 3463 4473 4474 4575 4574
1 5 2251 2252 2353 2352 3362 3363 3464 3463
1 5 2250 2251 2352 2351 3361 3362 3463 3462
1 5 3361 3362 3463 3462 4472 4473 4574 4573
1 5 3360 3361 3462 3461 4471 4472 4573 4572
1 5 3461 3462 3563 3562 4572 4573 4674 4673
1 5 2350 2351 2452 2451 3461 3462 3563 3562
1 5 2249 2250 2351 2350 3360 3361 3462 3461
1 5 2248 2249 2350 2349 3359 3360 3461 3460
1 5 2349 2350 2451 2450 3460 3461 3562 3561
1 5 3460 3461 3562 3561 4571 4572 4673 4672
1 5 3359 3360 3461 3460 4470 4471 4572 4571
1 5 4470 4471 4572 4571 5581 5582 5683 5682
1 5 5581 5582 5683 5682 6692 6693 6794 6793
1 5 5582 5583 5684 5683 6693 6694 6795 6794
1 5 4471 4472 4573 4572 5582 5583 5684 5683
1 5 4472 4473 4574 4573 5583 5584 5685 5684
1 5 5583 5584 5685 5684 6694 6695 6796 6795
1 5 5584 5585 5686 5685 6695 6696 6797 6796
1 5 4473 4474 4575 4574 5584 5585 5686 5685
1 5 4574 4575 4676 4675 5685 5686 5787 5786
1 5 5685 5686 5787 5786 6796 6797 6898 6897
1 5 5684 5685 5786 5785 6795 6796 6897 6896
1 5 4573 4574 4675 4674 5684 5685 5786 5785
1 5 4572 4573 4674 4673 5683 5684 5785 5784
1 5 5683 5684 5785 5784 6794 6795 6896 6895
1 5 5682 5683 5784 5783 6793 6794 6895 6894
1 5 4571 4572 4673 4672 5682 5683 5784 5783
1 5 4672 4673 4774 4773 5783 5784 5885 5884
1 5 4773 4774 4875 4874 5884 5885 5986 5985
1 5 5884 5885 5986 5985 6995 6996 7097 7096
1 5 5783 5784 5885 5884 6894 6895 6996 6995
1 5 5784 5785 5886 5885 6895 6896 6997 6996
1 5 5885 5886 5987 5986 6996 6997 7098 7097
1 5 4774 4775 4876 4875 5885 5886 5987 5986
1 5 4673 4674 4775 4774 5784 5785 5886 5885
1 5 4674 4675 4776 4775 5785 5786 5887 5886
1 5 4775 4776 4877 4876 5886 5887 5988 5987
1 5 5886 5887 5988 5987 6997 6998 7099 7098
1 5 5785 5786 5887 5886 6896 6897 6998 6997
1 5 5786 5787 5888 5887 6897 6898 6999 6998
1 5 5887 5888 5989 5988 6998 6999 7100 7099
1 5 4776 4777 4878 4877 5887 5888 5989 5988
1 5 4675 4676 4777 4776 5786 5787 5888 5887
1 5 4676 4677 4778 4777 5787 5788 5889 5888
1 5 4777 4778 4879 4878 5888 5889 5990 5989
1 5 5888 5889 5990 5989 6999 7000 7101 7100
1 5 5787 5788 5889 5888 6898 6899 7000 6999
1 5 5788 5789 5890 5889 6899 6900 7001 7000
1 5 5889 5890 5991 5990 7000 7001 7102 7101
1 5 4778 4779 4880 4879 5889 5890 5991 5990
1 5 4677 4678 4779 4778 5788 5789 5890 5889
1 5 4576 4577 4678 4677 5687 5688 5789 5788
1 5 5687 5688 5789 5788 6798 6799 6900 6899
1 5 5686 5687 5788 5787 6797 6798 6899 6898
1 5 4575 4576 4677 4676 5686 5687 5788 5787
1 5 4474 4475 4576 4575 5585 5586 5687 5686
1 5 5585 5586 5687 5686 6696 6697 6798 6797
1 5 5586 5587 5688 5687 6697 6698 6799 6798
1 5 4475 4476 4577 4576 5586 5587 5688 5687
1 5 3364 3365 3466 3465 4475 4476 4577 4576
1 5 3363 3364 3465 3464 4474 4475 4576 4575
1 5 3464 3465 3566 3565 4575 4576 4677 4676
1 5 3465 3466 3567 3566 4576 4577 4678 4677
1 5 3566 3567 3668 3667 4677 4678 4779 4778
1 5 3565 3566 3667 3666 4676 4677 4778 4777
1 5 3666 3667 3768 3767 4777 4778 4879 4878
1 5 3667 3668 3769 3768 4778 4779 4880 4879
1 5 2556 2557 2658 2657 3667 3668 3769 3768
1 5 2555 2556 2657 2656 3666 3667 3768 3767
1 5 2454 2455 2556 2555 3565 3566 3667 3666
1 5 2455 2456 2557 2556 3566 3567 3668 3667
1 5 2354 2355 2456 2455 3465 3466 3567 3566
1 5 2353 2354 2455 2454 3464 3465 3566 3565
1 5 2252 2253 2354 2353 3363 3364 3465 3464
1 5 2253 2254 2355 2354 3364 3365 3466 3465
1 5 1142 1143 1244 1243 2253 2254 2355 2354
1 5 31 32 133 132 1142 1143 1244 1243
1 5 30 31 132 131 1141 1142 1243 1242
1 5 1141 1142 1243 1242 2252 2253 2354 2353
1 5 1242 1243 1344 1343 2353 2354 2455 2454
1 5 131 132 233 232 1242 1243 1344 1343
1 5 132 133 234 233 1243 1244 1345 1344
1 5 1243 1244 1345 1344 2354 2355 2456 2455
1 5 1344 1345 1446 1445 2455 2456 2557 2556
1 5 233 234 335 334 1344 1345 1446 1445
1 5 232 233 334 333 1343 1344 1445 1444
1 5 1343 1344 1445 1444 2454 2455 2556 2555
1 5 1444 1445 1546 1545 2555 2556 2657 2656
1 5 333 334 435 434 1444 1445 1546 1545
1 5 334 335 436 435 1445 1446 1547 1546
1 5 1445 1446 1547 1546 2556 2557 2658 2657
1 5 1546 1547 1648 1647 2657 2658 2759 2758
1 5 435 436 537 536 1546 1547 1648 1647
1 5 434 435 536 535 1545 1546 1647 1646
1 5 1545 1546 1647 1646 2656 2657 2758 2757
1 5 1646 1647 1748 1747 2757 2758 2859 2858
1 5 535 536 637 636 1646 1647 1748 1747
1 5 536 537 638 637 1647 1648 1749 1748
1 5 1647 1648 1749 1748 2758 2759 2860 2859
1 5 2758 2759 2860 2859 3869 3870 3971 3970
1 5 2757 2758 2859 2858 3868 3869 3970 3969
1 5 2656 2657 2758 2757 3767 3768 3869 3868
1 5 2657 2658 2759 2758 3768 3769 3870 3869
1 5 3768 3769 3870 3869 4879 4880 4981 4980
1 5 3767 3768 3869 3868 4878 4879 4980 4979
1 5 3868 3869 3970 3969 4979 4980 5081 5080
1 5 3869 3870 3971 3970 4980 4981 5082 5081
1 5 4980 4981 5082 5081 6091 6092 6193 6192
1 5 4879 4880 4981 4980 5990 5991 6092 6091
1 5 5990 5991 6092 6091 7101 7102 7203 7202
1 5 6091 6092 6193 6192 7202 7203 7304 7303
1 5 6090 6091 6192 6191 7201 7202 7303 7302
1 5 5989 5990 6091 6090 7100 7101 7202 7201
1 5 4878 4879 4980 4979 5989 5990 6091 6090
1 5 4979 4980 5081 5080 6090 6091 6192 6191
1 5 4978 4979 5080 5079 6089 6090 6191 6190
1 5 4877 4878 4979 4978 5988 5989 6090 6089
1 5 5988 5989 6090 6089 7099 7100 7201 7200
1 5 6089 6090 6191 6190 7200 7201 7302 7301
1 5 6088 6089 6190 6189 7199 7200 7301 7300
1 5 5987 5988 6089 6088 7098 7099 7200 7199
1 5 4876 4877 4978 4977 5987 5988 6089 6088
1 5 4977 4978 5079 5078 6088 6089 6190 6189
1 5 4976 4977 5078 5077 6087 6088 6189 6188
1 5 4875 4876 4977 4976 5986 5987 6088 6087
1 5 5986 5987 6088 6087 7097 7098 7199 7198
1 5 6087 6088 6189 6188 7198 7199 7300 7299
1 5 6086 6087 6188 6187 7197 7198 7299 7298
1 5 5985 5986 6087 6086 7096 7097 7198 7197
1 5 4874 4875 4976 4975 5985 5986 6087 6086
1 5 4975 4976 5077 5076 6086 6087 6188 6187
1 5 3864 3865 3966 3965 4975 4976 5077 5076
1 5 3763 3764 3865 3864 4874 4875 4976 4975
1 5 2652 2653 2754 2753 3763 3764 3865 3864
1 5 2753 2754 2855 2854 3864 3865 3966 3965
1 5 2754 2755 2856 2855 3865 3866 3967 3966
1 5 2653 2654 2755 2754 3764 3765 3866 3865
1 5 3764 3765 3866 3865 4875 4876 4977 4976
1 5 3865 3866 3967 3966 4976 4977 5078 5077
1 5 3866 3867 3968 3967 4977 4978 5079 5078
1 5 3867 3868 3969 3968 4978 4979 5080 5079
1 5 3766 3767 3868 3867 4877 4878 4979 4978
1 5 3765 3766 3867 3866 4876 4877 4978 4977
1 5 2654 2655 2756 2755 3765 3766 3867 3866
1 5 2655 2656 2757 2756 3766 3767 3868 3867
1 5 2756 2757 2858 2857 3867 3868 3969 3968
1 5 2755 2756 2857 2856 3866 3867 3968 3967
1 5 1644 1645 1746 1745 2755 2756 2857 2856
1 5 1645 1646 1747 1746 2756 2757 2858 2857
1 5 1544 1545 1646 1645 2655 2656 2757 2756
1 5 1543 1544 1645 1644 2654 2655 2756 2755
1 5 432 433 534 533 1543 1544 1645 1644
1 5 433 434 535 534 1544 1545 1646 1645
1 5 534 535 636 635 1645 1646 1747 1746
1 5 533 534 635 634 1644 1645 1746 1745
1 5 532 533 634 633 1643 1644 1745 1744
1 5 431 432 533 532 1542 1543 1644 1643
1 5 1542 1543 1644 1643 2653 2654 2755 2754
1 5 1643 1644 1745 1744 2754 2755 2856 2855
1 5 1642 1643 1744 1743 2753 2754 2855 2854
1 5 1541 1542 1643 1642 2652 2653 2754 2753
1 5 430 431 532 531 1541 1542 1643 1642
1 5 531 532 633 632 1642 1643 1744 1743
1 5 632 633 734 733 1743 1744 1845 1844
1 5 1743 1744 1845 1844 2854 2855 2956 2955
1 5 1744 1745 1846 1845 2855 2856 2957 2956
1 5 633 634 735 734 1744 1745 1846 1845
1 5 734 735 836 835 1845 1846 1947 1946
1 5 1845 1846 1947 1946 2956 2957 3058 3057
1 5 1844 1845 1946 1945 2955 2956 3057 3056
1 5 733 734 835 834 1844 1845 1946 1945
1 5 834 835 936 935 1945 1946 2047 2046
1 5 835 836 937 936 1946 1947 2048 2047
1 5 936 937 1038 1037 2047 2048 2149 2148
1 5 935 936 1037 1036 2046 2047 2148 2147
1 5 2046 2047 2148 2147 3157 3158 3259 3258
1 5 2047 2048 2149 2148 3158 3159 3260 3259
1 5 1946 1947 2048 2047 3057 3058 3159 3158
1 5 1945 1946 2047 2046 3056 3057 3158 3157
1 5 3056 3057 3158 3157 4167 4168 4269 4268
1 5 3057 3058 3159 3158 4168 4169 4270 4269
1 5 3158 3159 3260 3259 4269 4270 4371 4370
1 5 3157 3158 3259 3258 4268 4269 4370 4369
1 5 4268 4269 4370 4369 5379 5380 5481 5480
1 5 4269 4270 4371 4370 5380 5381 5482 5481
1 5 4168 4169 4270 4269 5279 5280 5381 5380
1 5 4167 4168 4269 4268 5278 5279 5380 5379
1 5 4066 4067 4168 4167 5177 5178 5279 5278
1 5 3965 3966 4067 4066 5076 5077 5178 5177
1 5 2854 2855 2956 2955 3965 3966 4067 4066
1 5 2955 2956 3057 3056 4066 4067 4168 4167
1 5 2956 2957 3058 3057 4067 4068 4169 4168
1 5 2855 2856 2957 2956 3966 3967 4068 4067
1 5 3966 3967 4068 4067 5077 5078 5179 5178
1 5 4067 4068 4169 4168 5178 5179 5280 5279
1 5 4068 4069 4170 4169 5179 5180 5281 5280
1 5 3967 3968 4069 4068 5078 5079 5180 5179
1 5 2856 2857 2958 2957 3967 3968 4069 4068
1 5 2957 2958 3059 3058 4068 4069 4170 4169
1 5 2958 2959 3060 3059 4069 4070 4171 4170
1 5 2857 2858 2959 2958 3968 3969 4070 4069
1 5 3968 3969 4070 4069 5079 5080 5181 5180
1 5 4069 4070 4171 4170 5180 5181 5282 5281
1 5 4170 4171 4272 4271 5281 5282 5383 5382
1 5 4169 4170 4271 4270 5280 5281 5382 5381
1 5 4270 4271 4372 4371 5381 5382 5483 5482
1 5 4271 4272 4373 4372 5382 5383 5484 5483
1 5 3160 3161 3262 3261 4271 4272 4373 4372
1 5 3159 3160 3261 3260 4270 4271 4372 4371
1 5 3058 3059 3160 3159 4169 4170 4271 4270
1 5 3059 3060 3161 3160 4170 4171 4272 4271
1 5 1948 1949 2050 2049 3059 3060 3161 3160
1 5 1947 1948 2049 2048 3058 3059 3160 3159
1 5 2048 2049 2150 2149 3159 3160 3261 3260
1 5 2049 2050 2151 2150 3160 3161 3262 3261
1 5 938 939 1040 1039 2049 2050 2151 2150
1 5 937 938 1039 1038 2048 2049 2150 2149
1 5 836 837 938 937 1947 1948 2049 2048
1 5 837 838 939 938 1948 1949 2050 2049
1 5 736 737 838 837 1847 1848 1949 1948
1 5 1847 1848 1949 1948 2958 2959 3060 3059
1 5 1846 1847 1948 1947 2957 2958 3059 3058
1 5 735 736 837 836 1846 1847 1948 1947
1 5 634 635 736 735 1745 1746 1847 1846
1 5 1745 1746 1847 1846 2856 2857 2958 2957
1 5 1746 1747 1848 1847 2857 2858 2959 2958
1 5 635 636 737 736 1746 1747 1848 1847
1 5 636 637 738 737 1747 1748 1849 1848
1 5 637 638 739 738 1748 1749 1850 1849
1 5 1748 1749 1850 1849 2859 2860 2961 2960
1 5 1747 1748 1849 1848 2858 2859 2960 2959
1 5 2858 2859 2960 2959 3969 3970 4071 4070
1 5 3969 3970 4071 4070 5080 5081 5182 5181
1 5 3970 3971 4072 4071 5081 5082 5183 5182
1 5 2859 2860 2961 2960 3970 3971 4072 4071
1 5 2960 2961 3062 3061 4071 4072 4173 4172
1 5 4071 4072 4173 4172 5182 5183 5284 5283
1 5 4070 4071 4172 4171 5181 5182 5283 5282
1 5 2959 2960 3061 3060 4070 4071 4172 4171
1 5 1848 1849 1950 1949 2959 2960 3061 3060
1 5 1849 1850 1951 1950 2960 2961 3062 3061
1 5 738 739 840 839 1849 1850 1951 1950
1 5 737 738 839 838 1848 1849 1950 1949
1 5 838 839 940 939 1949 1950 2051 2050
1 5 839 840 941 940 1950 1951 2052 2051
1 5 940 941 1042 1041 2051 2052 2153 2152
1 5 939 940 1041 1040 2050 2051 2152 2151
1 5 2050 2051 2152 2151 3161 3162 3263 3262
1 5 2051 2052 2153 2152 3162 3163 3264 3263
1 5 1950 1951 2052 2051 3061 3062 3163 3162
1 5 1949 1950 2051 2050 3060 3061 3162 3161
1 5 3060 3061 3162 3161 4171 4172 4273 4272
1 5 3061 3062 3163 3162 4172 4173 4274 4273
1 5 3162 3163 3264 3263 4273 4274 4375 4374
1 5 3161 3162 3263 3262 4272 4273 4374 4373
1 5 4272 4273 4374 4373 5383 5384 5485 5484
1 5 4273 4274 4375 4374 5384 5385 5486 5485
1 5 4172 4173 4274 4273 5283 5284 5385 5384
1 5 4171 4172 4273 4272 5282 5283 5384 5383
1 5 5282 5283 5384 5383 6393 6394 6495 6494
1 5 5283 5284 5385 5384 6394 6395 6496 6495
1 5 5384 5385 5486 5485 6495 6496 6597 6596
1 5 5383 5384 5485 5484 6494 6495 6596 6595
1 5 6494 6495 6596 6595 7605 7606 7707 7706
1 5 6495 6496 6597 6596 7606 7607 7708 7707
1 5 6394 6395 6496 6495 7505 7506 7607 7606
1 5 6393 6394 6495 6494 7504 7505 7606 7605
1 5 6292 6293 6394 6393 7403 7404 7505 7504
1 5 5181 5182 5283 5282 6292 6293 6394 6393
1 5 5182 5183 5284 5283 6293 6294 6395 6394
1 5 6293 6294 6395 6394 7404 7405 7506 7505
1 5 6192 6193 6294 6293 7303 7304 7405 7404
1 5 5081 5082 5183 5182 6192 6193 6294 6293
1 5 5080 5081 5182 5181 6191 6192 6293 6292
1 5 6191 6192 6293 6292 7302 7303 7404 7403
1 5 6190 6191 6292 6291 7301 7302 7403 7402
1 5 5079 5080 5181 5180 6190 6191 6292 6291
1 5 5078 5079 5180 5179 6189 6190 6291 6290
1 5 6189 6190 6291 6290 7300 7301 7402 7401
1 5 6290 6291 6392 6391 7401 7402 7503 7502
1 5 5179 5180 5281 5280 6290 6291 6392 6391
1 5 5180 5181 5282 5281 6291 6292 6393 6392
1 5 6291 6292 6393 6392 7402 7403 7504 7503
1 5 6392 6393 6494 6493 7503 7504 7605 7604
1 5 6493 6494 6595 6594 7604 7605 7706 7705
1 5 5382 5383 5484 5483 6493 6494 6595 6594
1 5 5281 5282 5383 5382 6392 6393 6494 6493
1 5 5280 5281 5382 5381 6391 6392 6493 6492
1 5 5381 5382 5483 5482 6492 6493 6594 6593
1 5 6492 6493 6594 6593 7603 7604 7705 7704
1 5 6391 6392 6493 6492 7502 7503 7604 7603
1 5 6390 6391 6492 6491 7501 7502 7603 7602
1 5 6491 6492 6593 6592 7602 7603 7704 7703
1 5 5380 5381 5482 5481 6491 6492 6593 6592
1 5 5279 5280 5381 5380 6390 6391 6492 6491
1 5 5278 5279 5380 5379 6389 6390 6491 6490
1 5 5379 5380 5481 5480 6490 6491 6592 6591
1 5 6490 6491 6592 6591 7601 7602 7703 7702
1 5 6389 6390 6491 6490 7500 7501 7602 7601
1 5 6288 6289 6390 6389 7399 7400 7501 7500
1 5 5177 5178 5279 5278 6288 6289 6390 6389
1 5 5178 5179 5280 5279 6289 6290 6391 6390
1 5 6289 6290 6391 6390 7400 7401 7502 7501
1 5 6188 6189 6290 6289 7299 7300 7401 7400
1 5 5077 5078 5179 5178 6188 6189 6290 6289
1 5 5076 5077 5178 5177 6187 6188 6289 6288
1 5 6187 6188 6289 6288 7298 7299 7400 7399
1 5 7298 7299 7400 7399 8409 8410 8511 8510
1 5 8409 8410 8511 8510 9520 9521 9622 9621
1 5 8410 8411 8512 8511 9521 9522 9623 9622
1 5 7299 7300 7401 7400 8410 8411 8512 8511
1 5 7400 7401 7502 7501 8511 8512 8613 8612
1 5 8511 8512 8613 8612 9622 9623 9724 9723
1 5 8510 8511 8612 8611 9621 9622 9723 9722
1 5 7399 7400 7501 7500 8510 8511 8612 8611
1 5 7500 7501 7602 7601 8611 8612 8713 8712
1 5 7601 7602 7703 7702 8712 8713 8814 8813
1 5 8712 8713 8814 8813 9823 9824 9925 9924
1 5 8611 8612 8713 8712 9722 9723 9824 9823
1 5 8612 8613 8714 8713 9723 9724 9825 9824
1 5 8713 8714 8815 8814 9824 9825 9926 9925
1 5 7602 7603 7704 7703 8713 8714 8815 8814
1 5 7501 7502 7603 7602 8612 8613 8714 8713
1 5 7502 7503 7604 7603 8613 8614 8715 8714
1 5 7603 7604 7705 7704 8714 8715 8816 8815
1 5 8714 8715 8816 8815 9825 9826 9927 9926
1 5 8613 8614 8715 8714 9724 9725 9826 9825
1 5 8614 8615 8716 8715 9725 9726 9827 9826
1 5 8715 8716 8817 8816 9826 9827 9928 9927
1 5 7604 7605 7706 7705 8715 8716 8817 8816
1 5 7503 7504 7605 7604 8614 8615 8716 8715
1 5 7402 7403 7504 7503 8513 8514 8615 8614
1 5 8513 8514 8615 8614 9624 9625 9726 9725
1 5 8512 8513 8614 8613 9623 9624 9725 9724
1 5 7401 7402 7503 7502 8512 8513 8614 8613
1 5 7300 7301 7402 7401 8411 8412 8513 8512
1 5 8411 8412 8513 8512 9522 9523 9624 9623
1 5 8412 8413 8514 8513 9523 9524 9625 9624
1 5 7301 7302 7403 7402 8412 8413 8514 8513
1 5 7302 7303 7404 7403 8413 8414 8515 8514
1 5 8413 8414 8515 8514 9524 9525 9626 9625
1 5 8414 8415 8516 8515 9525 9526 9627 9626
1 5 7303 7304 7405 7404 8414 8415 8516 8515
1 5 7404 7405 7506 7505 8515 8516 8617 8616
1 5 8515 8516 8617 8616 9626 9627 9728 9727
1 5 8514 8515 8616 8615 9625 9626 9727 9726
1 5 7403 7404 7505 7504 8514 8515 8616 8615
1 5 7504 7505 7606 7605 8615 8616 8717 8716
1 5 7505 7506 7607 7606 8616 8617 8718 8717
1 5 7606 7607 7708 7707 8717 8718 8819 8818
1 5 7605 7606 7707 7706 8716 8717 8818 8817
1 5 8716 8717 8818 8817 9827 9828 9929 9928
1 5 8717 8718 8819 8818 9828 9829 9930 9929
1 5 8616 8617 8718 8717 9727 9728 9829 9828
1 5 8615 8616 8717 8716 9726 9727 9828 9827
1 5 9726 9727 9828 9827 10837 10838 10939 10938
1 5 9727 9728 9829 9828 10838 10839 10940 10939
1 5 9828 9829 9930 9929 10939 10940 11041 11040
1 5 9827 9828 9929 9928 10938 10939 11040 11039
1 5 10938 10939 11040 11039 12049 12050 12151 12150
1 5 10939 10940 11041 11040 12050 12051 12152 12151
1 5 10838 10839 10940 10939 11949 11950 12051 12050
1 5 10837 10838 10939 10938 11948 11949 12050 12049
1 5 10736 10737 10838 10837 11847 11848 11949 11948
1 5 9625 9626 9727 9726 10736 10737 10838 10837
1 5 9626 9627 9728 9727 10737 10738 10839 10838
1 5 10737 10738 10839 10838 11848 11849 11950 11949
1 5 10636 10637 10738 10737 11747 11748 11849 11848
1 5 9525 9526 9627 9626 10636 10637 10738 10737
1 5 9524 9525 9626 9625 10635 10636 10737 10736
1 5 10635 10636 10737 10736 11746 11747 11848 11847
1 5 10634 10635 10736 10735 11745 11746 11847 11846
1 5 9523 9524 9625 9624 10634 10635 10736 10735
1 5 9522 9523 9624 9623 10633 10634 10735 10734
1 5 10633 10634 10735 10734 11744 11745 11846 11845
1 5 10734 10735 10836 10835 11845 11846 11947 11946
1 5 9623 9624 9725 9724 10734 10735 10836 10835
1 5 9624 9625 9726 9725 10735 10736 10837 10836
1 5 10735 10736 10837 10836 11846 11847 11948 11947
1 5 10836 10837 10938 10937 11947 11948 12049 12048
1 5 10937 10938 11039 11038 12048 12049 12150 12149
1 5 9826 9827 9928 9927 10937 10938 11039 11038
1 5 9725 9726 9827 9826 10836 10837 10938 10937
1 5 9724 9725 9826 9825 10835 10836 10937 10936
1 5 9825 9826 9927 9926 10936 10937 11038 11037
1 5 10936 10937 11038 11037 12047 12048 12149 12148
1 5 10835 10836 10937 10936 11946 11947 12048 12047
1 5 10834 10835 10936 10935 11945 11946 12047 12046
1 5 10935 10936 11037 11036 12046 12047 12148 12147
1 5 9824 9825 9926 9925 10935 10936 11037 11036
1 5 9723 9724 9825 9824 10834 10835 10936 10935
1 5 9722 9723 9824 9823 10833 10834 10935 10934
1 5 9823 9824 9925 9924 10934 10935 11036 11035
1 5 10934 10935 11036 11035 12045 12046 12147 12146
1 5 10833 10834 10935 10934 11944 11945 12046 12045
1 5 10732 10733 10834 10833 11843 11844 11945 11944
1 5 9621 9622 9723 9722 10732 10733 10834 10833
1 5 9622 9623 9724 9723 10733 10734 10835 10834
1 5 10733 10734 10835 10834 11844 11845 11946 11945
1 5 10632 10633 10734 10733 11743 11744 11845 11844
1 5 9521 9522 9623 9622 10632 10633 10734 10733
1 5 9520 9521 9622 9621 10631 10632 10733 10732
1 5 10631 10632 10733 10732 11742 11743 11844 11843
1 5 10530 10531 10632 10631 11641 11642 11743 11742
1 5 10531 10532 10633 10632 11642 11643 11744 11743
1 5 10430 10431 10532 10531 11541 11542 11643 11642
1 5 10429 10430 10531 10530 11540 11541 11642 11641
1 5 9318 9319 9420 9419 10429 10430 10531 10530
1 5 9319 9320 9421 9420 10430 10431 10532 10531
1 5 9420 9421 9522 9521 10531 10532 10633 10632
1 5 9419 9420 9521 9520 10530 10531 10632 10631
1 5 8308 8309 8410 8409 9419 9420 9521 9520
1 5 8207 8208 8309 8308 9318 9319 9420 9419
1 5 7096 7097 7198 7197 8207 8208 8309 8308
1 5 7197 7198 7299 7298 8308 8309 8410 8409
1 5 7198 7199 7300 7299 8309 8310 8411 8410
1 5 7097 7098 7199 7198 8208 8209 8310 8309
1 5 8208 8209 8310 8309 9319 9320 9421 9420
1 5 8309 8310 8411 8410 9420 9421 9522 9521
1 5 8310 8311 8412 8411 9421 9422 9523 9522
1 5 8209 8210 8311 8310 9320 9321 9422 9421
1 5 7098 7099 7200 7199 8209 8210 8311 8310
1 5 7199 7200 7301 7300 8310 8311 8412 8411
1 5 7200 7201 7302 7301 8311 8312 8413 8412
1 5 7099 7100 7201 7200 8210 8211 8312 8311
1 5 8210 8211 8312 8311 9321 9322 9423 9422
1 5 8311 8312 8413 8412 9422 9423 9524 9523
1 5 9422 9423 9524 9523 10533 10534 10635 10634
1 5 10533 10534 10635 10634 11644 11645 11746 11745
1 5 10532 10533 10634 10633 11643 11644 11745 11744
1 5 9421 9422 9523 9522 10532 10533 10634 10633
1 5 9320 9321 9422 9421 10431 10432 10533 10532
1 5 10431 10432 10533 10532 11542 11543 11644 11643
1 5 10432 10433 10534 10533 11543 11544 11645 11644
1 5 9321 9322 9423 9422 10432 10433 10534 10533
1 5 9220 9221 9322 9321 10331 10332 10433 10432
1 5 10331 10332 10433 10432 11442 11443 11544 11543
1 5 10330 10331 10432 10431 11441 11442 11543 11542
1 5 9219 9220 9321 9320 10330 10331 10432 10431
1 5 9118 9119 9220 9219 10229 10230 10331 10330
1 5 10229 10230 10331 10330 11340 11341 11442 11441
1 5 10230 10231 10332 10331 11341 11342 11443 11442
1 5 9119 9120 9221 9220 10230 10231 10332 10331
1 5 8008 8009 8110 8109 9119 9120 9221 9220
1 5 8109 8110 8211 8210 9220 9221 9322 9321
1 5 6998 6999 7100 7099 8109 8110 8211 8210
1 5 6897 6898 6999 6998 8008 8009 8110 8109
1 5 6896 6897 6998 6997 8007 8008 8109 8108
1 5 6997 6998 7099 7098 8108 8109 8210 8209
1 5 8108 8109 8210 8209 9219 9220 9321 9320
1 5 8007 8008 8109 8108 9118 9119 9220 9219
1 5 8006 8007 8108 8107 9117 9118 9219 9218
1 5 8107 8108 8209 8208 9218 9219 9320 9319
1 5 6996 6997 7098 7097 8107 8108 8209 8208
1 5 6895 6896 6997 6996 8006 8007 8108 8107
1 5 6894 6895 6996 6995 8005 8006 8107 8106
1 5 6995 6996 7097 7096 8106 8107 8208 8207
1 5 8106 8107 8208 8207 9217 9218 9319 9318
1 5 8005 8006 8107 8106 9116 9117 9218 9217
1 5 9116 9117 9218 9217 10227 10228 10329 10328
1 5 9117 9118 9219 9218 10228 10229 10330 10329
1 5 9218 9219 9320 9319 10329 10330 10431 10430
1 5 9217 9218 9319 9318 10328 10329 10430 10429
1 5 10328 10329 10430 10429 11439 11440 11541 11540
1 5 10329 10330 10431 10430 11440 11441 11542 11541
1 5 10228 10229 10330 10329 11339 11340 11441 11440
1 5 10227 10228 10329 10328 11338 11339 11440 11439
1 5 10126 10127 10228 10227 11237 11238 11339 11338
1 5 10025 10026 10127 10126 11136 11137 11238 11237
1 5 10026 10027 10128 10127 11137 11138 11239 11238
1 5 10127 10128 10229 10228 11238 11239 11340 11339
1 5 10128 10129 10230 10229 11239 11240 11341 11340
1 5 10129 10130 10231 10230 11240 11241 11342 11341
1 5 10028 10029 10130 10129 11139 11140 11241 11240
1 5 10027 10028 10129 10128 11138 11139 11240 11239
1 5 8916 8917 9018 9017 10027 10028 10129 10128
1 5 8917 8918 9019 9018 10028 10029 10130 10129
1 5 9018 9019 9120 9119 10129 10130 10231 10230
1 5 9017 9018 9119 9118 10128 10129 10230 10229
1 5 9016 9017 9118 9117 10127 10128 10229 10228
1 5 8915 8916 9017 9016 10026 10027 10128 10127
1 5 8914 8915 9016 9015 10025 10026 10127 10126
1 5 9015 9016 9117 9116 10126 10127 10228 10227
1 5 7904 7905 8006 8005 9015 9016 9117 9116
1 5 7803 7804 7905 7904 8914 8915 9016 9015
1 5 6692 6693 6794 6793 7803 7804 7905 7904
1 5 6793 6794 6895 6894 7904 7905 8006 8005
1 5 6794 6795 6896 6895 7905 7906 8007 8006
1 5 6693 6694 6795 6794 7804 7805 7906 7905
1 5 7804 7805 7906 7905 8915 8916 9017 9016
1 5 7905 7906 8007 8006 9016 9017 9118 9117
1 5 7906 7907 8008 8007 9017 9018 9119 9118
1 5 7805 7806 7907 7906 8916 8917 9018 9017
1 5 6694 6695 6796 6795 7805 7806 7907 7906
1 5 6795 6796 6897 6896 7906 7907 8008 8007
1 5 6796 6797 6898 6897 7907 7908 8009 8008
1 5 6695 6696 6797 6796 7806 7807 7908 7907
1 5 7806 7807 7908 7907 8917 8918 9019 9018
1 5 7907 7908 8009 8008 9018 9019 9120 9119
1 5 7908 7909 8010 8009 9019 9020 9121 9120
1 5 7807 7808 7909 7908 8918 8919 9020 9019
1 5 6696 6697 6798 6797 7807 7808 7909 7908
1 5 6797 6798 6899 6898 7908 7909 8010 8009
1 5 6798 6799 6900 6899 7909 7910 8011 8010
1 5 6697 6698 6799 6798 7808 7809 7910 7909
1 5 7808 7809 7910 7909 8919 8920 9021 9020
1 5 7909 7910 8011 8010 9020 9021 9122 9121
1 5 9020 9021 9122 9121 10131 10132 10233 10232
1 5 9019 9020 9121 9120 10130 10131 10232 10231
1 5 8918 8919 9020 9019 10029 10030 10131 10130
1 5 8919 8920 9021 9020 10030 10031 10132 10131
1 5 10030 10031 10132 10131 11141 11142 11243 11242
1 5 10029 10030 10131 10130 11140 11141 11242 11241
1 5 10130 10131 10232 10231 11241 11242 11343 11342
1 5 10131 10132 10233 10232 11242 11243 11344 11343
1 5 10232 10233 10334 10333 11343 11344 11445 11444
1 5 10231 10232 10333 10332 11342 11343 11444 11443
1 5 10332 10333 10434 10433 11443 11444 11545 11544
1 5 10333 10334 10435 10434 11444 11445 11546 11545
1 5 9222 9223 9324 9323 10333 10334 10435 10434
1 5 9221 9222 9323 9322 10332 10333 10434 10433
1 5 9120 9121 9222 9221 10231 10232 10333 10332
1 5 9121 9122 9223 9222 10232 10233 10334 10333
1 5 8010 8011 8112 8111 9121 9122 9223 9222
1 5 6899 6900 7001 7000 8010 8011 8112 8111
1 5 6898 6899 7000 6999 8009 8010 8111 8110
1 5 8009 8010 8111 8110 9120 9121 9222 9221
1 5 8110 8111 8212 8211 9221 9222 9323 9322
1 5 6999 7000 7101 7100 8110 8111 8212 8211
1 5 7000 7001 7102 7101 8111 8112 8213 8212
1 5 8111 8112 8213 8212 9222 9223 9324 9323
1 5 8212 8213 8314 8313 9323 9324 9425 9424
1 5 7101 7102 7203 7202 8212 8213 8314 8313
1 5 7100 7101 7202 7201 8211 8212 8313 8312
1 5 8211 8212 8313 8312 9322 9323 9424 9423
1 5 8312 8313 8414 8413 9423 9424 9525 9524
1 5 7201 7202 7303 7302 8312 8313 8414 8413
1 5 7202 7203 7304 7303 8313 8314 8415 8414
1 5 8313 8314 8415 8414 9424 9425 9526 9525
1 5 9424 9425 9526 9525 10535 10536 10637 10636
1 5 9423 9424 9525 9524 10534 10535 10636 10635
1 5 9322 9323 9424 9423 10433 10434 10535 10534
1 5 9323 9324 9425 9424 10434 10435 10536 10535
1 5 10434 10435 10536 10535 11545 11546 11647 11646
1 5 10433 10434 10535 10534 11544 11545 11646 11645
1 5 10534 10535 10636 10635 11645 11646 11747 11746
1 5 10535 10536 10637 10636 11646 11647 11748 11747
1 5 10536 10537 10638 10637 11647 11648 11749 11748
1 5 10537 10538 10639 10638 11648 11649 11750 11749
1 5 10436 10437 10538 10537 11547 11548 11649 11648
1 5 10435 10436 10537 10536 11546 11547 11648 11647
1 5 9324 9325 9426 9425 10435 10436 10537 10536
1 5 9325 9326 9427 9426 10436 10437 10538 10537
1 5 9426 9427 9528 9527 10537 10538 10639 10638
1 5 9425 9426 9527 9526 10536 10537 10638 10637
1 5 8314 8315 8416 8415 9425 9426 9527 9526
1 5 8213 8214 8315 8314 9324 9325 9426 9425
1 5 7102 7103 7204 7203 8213 8214 8315 8314
1 5 7203 7204 7305 7304 8314 8315 8416 8415
1 5 7204 7205 7306 7305 8315 8316 8417 8416
1 5 7103 7104 7205 7204 8214 8215 8316 8315
1 5 8214 8215 8316 8315 9325 9326 9427 9426
1 5 8315 8316 8417 8416 9426 9427 9528 9527
1 5 8316 8317 8418 8417 9427 9428 9529 9528
1 5 8215 8216 8317 8316 9326 9327 9428 9427
1 5 7104 7105 7206 7205 8215 8216 8317 8316
1 5 7205 7206 7307 7306 8316 8317 8418 8417
1 5 7206 7207 7308 7307 8317 8318 8419 8418
1 5 7105 7106 7207 7206 8216 8217 8318 8317
1 5 8216 8217 8318 8317 9327 9328 9429 9428
1 5 8317 8318 8419 8418 9428 9429 9530 9529
1 5 9428 9429 9530 9529 10539 10540 10641 10640
1 5 10539 10540 10641 10640 11650 11651 11752 11751
1 5 10538 10539 10640 10639 11649 11650 11751 11750
1 5 9427 9428 9529 9528 10538 10539 10640 10639
1 5 9326 9327 9428 9427 10437 10438 10539 10538
1 5 10437 10438 10539 10538 11548 11549 11650 11649
1 5 10438 10439 10540 10539 11549 11550 11651 11650
1 5 9327 9328 9429 9428 10438 10439 10540 10539
1 5 9226 9227 9328 9327 10337 10338 10439 10438
1 5 10337 10338 10439 10438 11448 11449 11550 11549
1 5 10336 10337 10438 10437 11447 11448 11549 11548
1 5 9225 9226 9327 9326 10336 10337 10438 10437
1 5 9124 9125 9226 9225 10235 10236 10337 10336
1 5 10235 10236 10337 10336 11346 11347 11448 11447
1 5 10236 10237 10338 10337 11347 11348 11449 11448
1 5 9125 9126 9227 9226 10236 10237 10338 10337
1 5 8014 8015 8116 8115 9125 9126 9227 9226
1 5 8115 8116 8217 8216 9226 9227 9328 9327
1 5 7004 7005 7106 7105 8115 8116 8217 8216
1 5 6903 6904 7005 7004 8014 8015 8116 8115
1 5 6902 6903 7004 7003 8013 8014 8115 8114
1 5 7003 7004 7105 7104 8114 8115 8216 8215
1 5 8114 8115 8216 8215 9225 9226 9327 9326
1 5 8013 8014 8115 8114 9124 9125 9226 9225
1 5 8012 8013 8114 8113 9123 9124 9225 9224
1 5 8113 8114 8215 8214 9224 9225 9326 9325
1 5 7002 7003 7104 7103 8113 8114 8215 8214
1 5 6901 6902 7003 7002 8012 8013 8114 8113
1 5 6900 6901 7002 7001 8011 8012 8113 8112
1 5 7001 7002 7103 7102 8112 8113 8214 8213
1 5 8112 8113 8214 8213 9223 9224 9325 9324
1 5 8011 8012 8113 8112 9122 9123 9224 9223
1 5 9122 9123 9224 9223 10233 10234 10335 10334
1 5 9123 9124 9225 9224 10234 10235 10336 10335
1 5 9224 9225 9326 9325 10335 10336 10437 10436
1 5 9223 9224 9325 9324 10334 10335 10436 10435
1 5 10334 10335 10436 10435 11445 11446 11547 11546
1 5 10335 10336 10437 10436 11446 11447 11548 11547
1 5 10234 10235 10336 10335 11345 11346 11447 11446
1 5 10233 10234 10335 10334 11344 11345 11446 11445
1 5 10132 10133 10234 10233 11243 11244 11345 11344
1 5 10031 10032 10133 10132 11142 11143 11244 11243
1 5 10032 10033 10134 10133 11143 11144 11245 11244
1 5 10133 10134 10235 10234 11244 11245 11346 11345
1 5 10134 10135 10236 10235 11245 11246 11347 11346
1 5 10135 10136 10237 10236 11246 11247 11348 11347
1 5 10034 10035 10136 10135 11145 11146 11247 11246
1 5 10033 10034 10135 10134 11144 11145 11246 11245
1 5 8922 8923 9024 9023 10033 10034 10135 10134
1 5 8923 8924 9025 9024 10034 10035 10136 10135
1 5 9024 9025 9126 9125 10135 10136 10237 10236
1 5 9023 9024 9125 9124 10134 10135 10236 10235
1 5 9022 9023 9124 9123 10133 10134 10235 10234
1 5 8921 8922 9023 9022 10032 10033 10134 10133
1 5 8920 8921 9022 9021 10031 10032 10133 10132
1 5 9021 9022 9123 9122 10132 10133 10234 10233
1 5 7910 7911 8012 8011 9021 9022 9123 9122
1 5 7809 7810 7911 7910 8920 8921 9022 9021
1 5 6698 6699 6800 6799 7809 7810 7911 7910
1 5 6799 6800 6901 6900 7910 7911 8012 8011
1 5 6800 6801 6902 6901 7911 7912 8013 8012
1 5 6699 6700 6801 6800 7810 7811 7912 7911
1 5 7810 7811 7912 7911 8921 8922 9023 9022
1 5 7911 7912 8013 8012 9022 9023 9124 9123
1 5 7912 7913 8014 8013 9023 9024 9125 9124
1 5 7811 7812 7913 7912 8922 8923 9024 9023
1 5 6700 6701 6802 6801 7811 7812 7913 7912
1 5 6801 6802 6903 6902 7912 7913 8014 8013
1 5 6802 6803 6904 6903 7913 7914 8015 8014
1 5 6701 6702 6803 6802 7812 7813 7914 7913
1 5 7812 7813 7914 7913 8923 8924 9025 9024
1 5 7913 7914 8015 8014 9024 9025 9126 9125
1 5 7914 7915 8016 8015 9025 9026 9127 9126
1 5 7813 7814 7915 7914 8924 8925 9026 9025
1 5 6702 6703 6804 6803 7813 7814 7915 7914
1 5 6803 6804 6905 6904 7914 7915 8016 8015
1 5 6804 6805 6906 6905 7915 7916 8017 8016
1 5 6703 6704 6805 6804 7814 7815 7916 7915
1 5 7814 7815 7916 7915 8925 8926 9027 9026
1 5 7915 7916 8017 8016 9026 9027 9128 9127
1 5 9026 9027 9128 9127 10137 10138 10239 10238
1 5 9025 9026 9127 9126 10136 10137 10238 10237
1 5 8924 8925 9026 9025 10035 10036 10137 10136
1 5 8925 8926 9027 9026 10036 10037 10138 10137
1 5 10036 10037 10138 10137 11147 11148 11249 11248
1 5 10035 10036 10137 10136 11146 11147 11248 11247
1 5 10136 10137 10238 10237 11247 11248 11349 11348
1 5 10137 10138 10239 10238 11248 11249 11350 11349
1 5 10238 10239 10340 10339 11349 11350 11451 11450
1 5 10237 10238 10339 10338 11348 11349 11450 11449
1 5 10338 10339 10440 10439 11449 11450 11551 11550
1 5 10339 10340 10441 10440 11450 11451 11552 11551
1 5 9228 9229 9330 9329 10339 10340 10441 10440
1 5 9227 9228 9329 9328 10338 10339 10440 10439
1 5 9126 9127 9228 9227 10237 10238 10339 10338
1 5 9127 9128 9229 9228 10238 10239 10340 10339
1 5 8016 8017 8118 8117 9127 9128 9229 9228
1 5 6905 6906 7007 7006 8016 8017 8118 8117
1 5 6904 6905 7006 7005 8015 8016 8117 8116
1 5 8015 8016 8117 8116 9126 9127 9228 9227
1 5 8116 8117 8218 8217 9227 9228 9329 9328
1 5 7005 7006 7107 7106 8116 8117 8218 8217
1 5 7006 7007 7108 7107 8117 8118 8219 8218
1 5 8117 8118 8219 8218 9228 9229 9330 9329
1 5 8218 8219 8320 8319 9329 9330 9431 9430
1 5 7107 7108 7209 7208 8218 8219 8320 8319
1 5 7106 7107 7208 7207 8217 8218 8319 8318
1 5 8217 8218 8319 8318 9328 9329 9430 9429
1 5 8318 8319 8420 8419 9429 9430 9531 9530
1 5 7207 7208 7309 7308 8318 8319 8420 8419
1 5 7208 7209 7310 7309 8319 8320 8421 8420
1 5 8319 8320 8421 8420 9430 9431 9532 9531
1 5 9430 9431 9532 9531 10541 10542 10643 10642
1 5 9429 9430 9531 9530 10540 10541 10642 10641
1 5 9328 9329 9430 9429 10439 10440 10541 10540
1 5 9329 9330 9431 9430 10440 10441 10542 10541
1 5 10440 10441 10542 10541 11551 11552 11653 11652
1 5 10439 10440 10541 10540 11550 11551 11652 11651
1 5 10540 10541 10642 10641 11651 11652 11753 11752
1 5 10541 10542 10643 10642 11652 11653 11754 11753
1 5 10642 10643 10744 10743 11753 11754 11855 11854
1 5 9531 9532 9633 9632 10642 10643 10744 10743
1 5 9530 9531 9632 9631 10641 10642 10743 10742
1 5 10641 10642 10743 10742 11752 11753 11854 11853
1 5 10742 10743 10844 10843 11853 11854 11955 11954
1 5 9631 9632 9733 9732 10742 10743 10844 10843
1 5 9632 9633 9734 9733 10743 10744 10845 10844
1 5 10743 10744 10845 10844 11854 11855 11956 11955
1 5 10844 10845 10946 10945 11955 11956 12057 12056
1 5 10843 10844 10945 10944 11954 11955 12056 12055
1 5 10944 10945 11046 11045 12055 12056 12157 12156
1 5 10945 10946 11047 11046 12056 12057 12158 12157
1 5 9834 9835 9936 9935 10945 10946 11047 11046
1 5 9833 9834 9935 9934 10944 10945 11046 11045
1 5 9732 9733 9834 9833 10843 10844 10945 10944
1 5 9733 9734 9835 9834 10844 10845 10946 10945
1 5 8622 8623 8724 8723 9733 9734 9835 9834
1 5 8621 8622 8723 8722 9732 9733 9834 9833
1 5 8722 8723 8824 8823 9833 9834 9935 9934
1 5 8723 8724 8825 8824 9834 9835 9936 9935
1 5 7612 7613 7714 7713 8723 8724 8825 8824
1 5 7611 7612 7713 7712 8722 8723 8824 8823
1 5 7510 7511 7612 7611 8621 8622 8723 8722
1 5 7511 7512 7613 7612 8622 8623 8724 8723
1 5 7410 7411 7512 7511 8521 8522 8623 8622
1 5 7309 7310 7411 7410 8420 8421 8522 8521
1 5 8420 8421 8522 8521 9531 9532 9633 9632
1 5 8521 8522 8623 8622 9632 9633 9734 9733
1 5 8520 8521 8622 8621 9631 9632 9733 9732
1 5 8419 8420 8521 8520 9530 9531 9632 9631
1 5 7308 7309 7410 7409 8419 8420 8521 8520
1 5 7409 7410 7511 7510 8520 8521 8622 8621
1 5 7408 7409 7510 7509 8519 8520 8621 8620
1 5 7307 7308 7409 7408 8418 8419 8520 8519
1 5 8418 8419 8520 8519 9529 9530 9631 9630
1 5 8519 8520 8621 8620 9630 9631 9732 9731
1 5 8518 8519 8620 8619 9629 9630 9731 9730
1 5 8417 8418 8519 8518 9528 9529 9630 9629
1 5 7306 7307 7408 7407 8417 8418 8519 8518
1 5 7407 7408 7509 7508 8518 8519 8620 8619
1 5 7508 7509 7610 7609 8619 8620 8721 8720
1 5 7509 7510 7611 7610 8620 8621 8722 8721
1 5 7610 7611 7712 7711 8721 8722 8823 8822
1 5 7609 7610 7711 7710 8720 8721 8822 8821
1 5 8720 8721 8822 8821 9831 9832 9933 9932
1 5 8721 8722 8823 8822 9832 9833 9934 9933
1 5 8620 8621 8722 8721 9731 9732 9833 9832
1 5 8619 8620 8721 8720 9730 9731 9832 9831
1 5 9730 9731 9832 9831 10841 10842 10943 10942
1 5 9731 9732 9833 9832 10842 10843 10944 10943
1 5 9832 9833 9934 9933 10943 10944 11045 11044
1 5 9831 9832 9933 9932 10942 10943 11044 11043
1 5 10942 10943 11044 11043 12053 12054 12155 12154
1 5 10943 10944 11045 11044 12054 12055 12156 12155
1 5 10842 10843 10944 10943 11953 11954 12055 12054
1 5 10841 10842 10943 10942 11952 11953 12054 12053
1 5 10740 10741 10842 10841 11851 11852 11953 11952
1 5 9629 9630 9731 9730 10740 10741 10842 10841
1 5 9630 9631 9732 9731 10741 10742 10843 10842
1 5 10741 10742 10843 10842 11852 11853 11954 11953
1 5 10640 10641 10742 10741 11751 11752 11853 11852
1 5 9529 9530 9631 9630 10640 10641 10742 10741
1 5 9528 9529 9630 9629 10639 10640 10741 10740
1 5 10639 10640 10741 10740 11750 11751 11852 11851
1 5 10638 10639 10740 10739 11749 11750 11851 11850
1 5 10637 10638 10739 10738 11748 11749 11850 11849
1 5 9526 9527 9628 9627 10637 10638 10739 10738
1 5 9527 9528 9629 9628 10638 10639 10740 10739
1 5 8416 8417 8518 8517 9527 9528 9629 9628
1 5 7305 7306 7407 7406 8416 8417 8518 8517
1 5 7304 7305 7406 7405 8415 8416 8517 8516
1 5 8415 8416 8517 8516 9526 9527 9628 9627
1 5 8516 8517 8618 8617 9627 9628 9729 9728
1 5 7405 7406 7507 7506 8516 8517 8618 8617
1 5 7406 7407 7508 7507 8517 8518 8619 8618
1 5 8517 8518 8619 8618 9628 9629 9730 9729
1 5 9628 9629 9730 9729 10739 10740 10841 10840
1 5 9627 9628 9729 9728 10738 10739 10840 10839
1 5 10738 10739 10840 10839 11849 11850 11951 11950
1 5 10739 10740 10841 10840 11850 11851 11952 11951
1 5 10840 10841 10942 10941 11951 11952 12053 12052
1 5 10839 10840 10941 10940 11950 11951 12052 12051
1 5 10940 10941 11042 11041 12051 12052 12153 12152
1 5 10941 10942 11043 11042 12052 12053 12154 12153
1 5 9830 9831 9932 9931 10941 10942 11043 11042
1 5 9829 9830 9931 9930 10940 10941 11042 11041
1 5 9728 9729 9830 9829 10839 10840 10941 10940
1 5 9729 9730 9831 9830 10840 10841 10942 10941
1 5 8618 8619 8720 8719 9729 9730 9831 9830
1 5 8617 8618 8719 8718 9728 9729 9830 9829
1 5 8718 8719 8820 8819 9829 9830 9931 9930
1 5 8719 8720 8821 8820 9830 9831 9932 9931
1 5 7608 7609 7710 7709 8719 8720 8821 8820
1 5 7607 7608 7709 7708 8718 8719 8820 8819
1 5 7506 7507 7608 7607 8617 8618 8719 8718
1 5 7507 7508 7609 7608 8618 8619 8720 8719
1 5 6396 6397 6498 6497 7507 7508 7609 7608
1 5 6395 6396 6497 6496 7506 7507 7608 7607
1 5 6496 6497 6598 6597 7607 7608 7709 7708
1 5 6497 6498 6599 6598 7608 7609 7710 7709
1 5 5386 5387 5488 5487 6497 6498 6599 6598
1 5 5385 5386 5487 5486 6496 6497 6598 6597
1 5 5284 5285 5386 5385 6395 6396 6497 6496
1 5 5285 5286 5387 5386 6396 6397 6498 6497
1 5 5184 5185 5286 5285 6295 6296 6397 6396
1 5 6295 6296 6397 6396 7406 7407 7508 7507
1 5 6294 6295 6396 6395 7405 7406 7507 7506
1 5 5183 5184 5285 5284 6294 6295 6396 6395
1 5 5082 5083 5184 5183 6193 6194 6295 6294
1 5 6193 6194 6295 6294 7304 7305 7406 7405
1 5 6194 6195 6296 6295 7305 7306 7407 7406
1 5 5083 5084 5185 5184 6194 6195 6296 6295
1 5 5084 5085 5186 5185 6195 6196 6297 6296
1 5 6195 6196 6297 6296 7306 7307 7408 7407
1 5 6196 6197 6298 6297 7307 7308 7409 7408
1 5 5085 5086 5187 5186 6196 6197 6298 6297
1 5 5186 5187 5288 5287 6297 6298 6399 6398
1 5 6297 6298 6399 6398 7408 7409 7510 7509
1 5 6296 6297 6398 6397 7407 7408 7509 7508
1 5 5185 5186 5287 5286 6296 6297 6398 6397
1 5 5286 5287 5388 5387 6397 6398 6499 6498
1 5 5387 5388 5489 5488 6498 6499 6600 6599
1 5 6498 6499 6600 6599 7609 7610 7711 7710
1 5 6397 6398 6499 6498 7508 7509 7610 7609
1 5 6398 6399 6500 6499 7509 7510 7611 7610
1 5 6499 6500 6601 6600 7610 7611 7712 7711
1 5 5388 5389 5490 5489 6499 6500 6601 6600
1 5 5287 5288 5389 5388 6398 6399 6500 6499
1 5 5288 5289 5390 5389 6399 6400 6501 6500
1 5 5389 5390 5491 5490 6500 6501 6602 6601
1 5 6500 6501 6602 6601 7611 7612 7713 7712
1 5 6399 6400 6501 6500 7510 7511 7612 7611
1 5 6400 6401 6502 6501 7511 7512 7613 7612
1 5 6501 6502 6603 6602 7612 7613 7714 7713
1 5 5390 5391 5492 5491 6501 6502 6603 6602
1 5 5289 5290 5391 5390 6400 6401 6502 6501
1 5 5188 5189 5290 5289 6299 6300 6401 6400
1 5 6299 6300 6401 6400 7410 7411 7512 7511
1 5 6298 6299 6400 6399 7409 7410 7511 7510
1 5 5187 5188 5289 5288 6298 6299 6400 6399
1 5 5086 5087 5188 5187 6197 6198 6299 6298
1 5 6197 6198 6299 6298 7308 7309 7410 7409
1 5 6198 6199 6300 6299 7309 7310 7411 7410
1 5 5087 5088 5189 5188 6198 6199 6300 6299
1 5 3976 3977 4078 4077 5087 5088 5189 5188
1 5 2865 2866 2967 2966 3976 3977 4078 4077
1 5 2864 2865 2966 2965 3975 3976 4077 4076
1 5 3975 3976 4077 4076 5086 5087 5188 5187
1 5 4076 4077 4178 4177 5187 5188 5289 5288
1 5 2965 2966 3067 3066 4076 4077 4178 4177
1 5 2966 2967 3068 3067 4077 4078 4179 4178
1 5 4077 4078 4179 4178 5188 5189 5290 5289
1 5 4178 4179 4280 4279 5289 5290 5391 5390
1 5 4279 4280 4381 4380 5390 5391 5492 5491
1 5 3168 3169 3270 3269 4279 4280 4381 4380
1 5 3067 3068 3169 3168 4178 4179 4280 4279
1 5 3066 3067 3168 3167 4177 4178 4279 4278
1 5 3167 3168 3269 3268 4278 4279 4380 4379
1 5 4278 4279 4380 4379 5389 5390 5491 5490
1 5 4177 4178 4279 4278 5288 5289 5390 5389
1 5 4176 4177 4278 4277 5287 5288 5389 5388
1 5 4277 4278 4379 4378 5388 5389 5490 5489
1 5 3166 3167 3268 3267 4277 4278 4379 4378
1 5 3065 3066 3167 3166 4176 4177 4278 4277
1 5 3064 3065 3166 3165 4175 4176 4277 4276
1 5 3165 3166 3267 3266 4276 4277 4378 4377
1 5 4276 4277 4378 4377 5387 5388 5489 5488
1 5 4175 4176 4277 4276 5286 5287 5388 5387
1 5 4074 4075 4176 4175 5185 5186 5287 5286
1 5 2963 2964 3065 3064 4074 4075 4176 4175
1 5 2964 2965 3066 3065 4075 4076 4177 4176
1 5 4075 4076 4177 4176 5186 5187 5288 5287
1 5 3974 3975 4076 4075 5085 5086 5187 5186
1 5 2863 2864 2965 2964 3974 3975 4076 4075
1 5 2862 2863 2964 2963 3973 3974 4075 4074
1 5 3973 3974 4075 4074 5084 5085 5186 5185
1 5 3972 3973 4074 4073 5083 5084 5185 5184
1 5 2861 2862 2963 2962 3972 3973 4074 4073
1 5 2860 2861 2962 2961 3971 3972 4073 4072
1 5 3971 3972 4073 4072 5082 5083 5184 5183
1 5 4072 4073 4174 4173 5183 5184 5285 5284
1 5 2961 2962 3063 3062 4072 4073 4174 4173
1 5 2962 2963 3064 3063 4073 4074 4175 4174
1 5 4073 4074 4175 4174 5184 5185 5286 5285
1 5 4174 4175 4276 4275 5285 5286 5387 5386
1 5 4173 4174 4275 4274 5284 5285 5386 5385
1 5 4274 4275 4376 4375 5385 5386 5487 5486
1 5 4275 4276 4377 4376 5386 5387 5488 5487
1 5 3164 3165 3266 3265 4275 4276 4377 4376
1 5 3163 3164 3265 3264 4274 4275 4376 4375
1 5 3062 3063 3164 3163 4173 4174 4275 4274
1 5 3063 3064 3165 3164 4174 4175 4276 4275
1 5 1952 1953 2054 2053 3063 3064 3165 3164
1 5 1951 1952 2053 2052 3062 3063 3164 3163
1 5 2052 2053 2154 2153 3163 3164 3265 3264
1 5 2053 2054 2155 2154 3164 3165 3266 3265
1 5 942 943 1044 1043 2053 2054 2155 2154
1 5 941 942 1043 1042 2052 2053 2154 2153
1 5 840 841 942 941 1951 1952 2053 2052
1 5 841 842 943 942 1952 1953 2054 2053
1 5 740 741 842 841 1851 1852 1953 1952
1 5 1851 1852 1953 1952 2962 2963 3064 3063
1 5 1850 1851 1952 1951 2961 2962 3063 3062
1 5 739 740 841 840 1850 1851 1952 1951
1 5 638 639 740 739 1749 1750 1851 1850
1 5 1749 1750 1851 1850 2860 2861 2962 2961
1 5 1750 1751 1852 1851 2861 2862 2963 2962
1 5 639 640 741 740 1750 1751 1852 1851
1 5 640 641 742 741 1751 1752 1853 1852
1 5 1751 1752 1853 1852 2862 2863 2964 2963
1 5 1752 1753 1854 1853 2863 2864 2965 2964
1 5 641 642 743 742 1752 1753 1854 1853
1 5 742 743 844 843 1853 1854 1955 1954
1 5 1853 1854 1955 1954 2964 2965 3066 3065
1 5 1852 1853 1954 1953 2963 2964 3065 3064
1 5 741 742 843 842 1852 1853 1954 1953
1 5 842 843 944 943 1953 1954 2055 2054
1 5 943 944 1045 1044 2054 2055 2156 2155
1 5 2054 2055 2156 2155 3165 3166 3267 3266
1 5 1953 1954 2055 2054 3064 3065 3166 3165
1 5 1954 1955 2056 2055 3065 3066 3167 3166
1 5 2055 2056 2157 2156 3166 3167 3268 3267
1 5 944 945 1046 1045 2055 2056 2157 2156
1 5 843 844 945 944 1954 1955 2056 2055
1 5 844 845 946 945 1955 1956 2057 2056
1 5 945 946 1047 1046 2056 2057 2158 2157
1 5 2056 2057 2158 2157 3167 3168 3269 3268
1 5 1955 1956 2057 2056 3066 3067 3168 3167
1 5 1956 1957 2058 2057 3067 3068 3169 3168
1 5 2057 2058 2159 2158 3168 3169 3270 3269
1 5 946 947 1048 1047 2057 2058 2159 2158
1 5 845 846 947 946 1956 1957 2058 2057
1 5 744 745 846 845 1855 1856 1957 1956
1 5 1855 1856 1957 1956 2966 2967 3068 3067
1 5 1854 1855 1956 1955 2965 2966 3067 3066
1 5 743 744 845 844 1854 1855 1956 1955
1 5 642 643 744 743 1753 1754 1855 1854
1 5 1753 1754 1855 1854 2864 2865 2966 2965
1 5 1754 1755 1856 1855 2865 2866 2967 2966
1 5 643 644 745 744 1754 1755 1856 1855
1 5 542 543 644 643 1653 1654 1755 1754
1 5 441 442 543 542 1552 1553 1654 1653
1 5 1552 1553 1654 1653 2663 2664 2765 2764
1 5 1653 1654 1755 1754 2764 2765 2866 2865
1 5 1652 1653 1754 1753 2763 2764 2865 2864
1 5 1551 1552 1653 1652 2662 2663 2764 2763
1 5 440 441 542 541 1551 1552 1653 1652
1 5 541 542 643 642 1652 1653 1754 1753
1 5 540 541 642 641 1651 1652 1753 1752
1 5 1651 1652 1753 1752 2762 2763 2864 2863
1 5 1650 1651 1752 1751 2761 2762 2863 2862
1 5 539 540 641 640 1650 1651 1752 1751
1 5 438 439 540 539 1549 1550 1651 1650
1 5 1549 1550 1651 1650 2660 2661 2762 2761
1 5 1550 1551 1652 1651 2661 2662 2763 2762
1 5 439 440 541 540 1550 1551 1652 1651
1 5 338 339 440 439 1449 1450 1551 1550
1 5 1449 1450 1551 1550 2560 2561 2662 2661
1 5 1448 1449 1550 1549 2559 2560 2661 2660
1 5 337 338 439 438 1448 1449 1550 1549
1 5 236 237 338 337 1347 1348 1449 1448
1 5 1347 1348 1449 1448 2458 2459 2560 2559
1 5 1348 1349 1450 1449 2459 2460 2561 2560
1 5 237 238 339 338 1348 1349 1450 1449
1 5 238 239 340 339 1349 1350 1451 1450
1 5 239 240 341 340 1350 1351 1452 1451
1 5 340 341 442 441 1451 1452 1553 1552
1 5 339 340 441 440 1450 1451 1552 1551
1 5 1450 1451 1552 1551 2561 2562 2663 2662
1 5 1451 1452 1553 1552 2562 2563 2664 2663
1 5 1350 1351 1452 1451 2461 2462 2563 2562
1 5 1349 1350 1451 1450 2460 2461 2562 2561
1 5 2460 2461 2562 2561 3571 3572 3673 3672
1 5 2461 2462 2563 2562 3572 3573 3674 3673
1 5 2562 2563 2664 2663 3673 3674 3775 3774
1 5 2561 2562 2663 2662 3672 3673 3774 3773
1 5 3672 3673 3774 3773 4783 4784 4885 4884
1 5 3673 3674 3775 3774 4784 4785 4886 4885
1 5 3572 3573 3674 3673 4683 4684 4785 4784
1 5 3571 3572 3673 3672 4682 4683 4784 4783
1 5 3570 3571 3672 3671 4681 4682 4783 4782
1 5 2459 2460 2561 2560 3570 3571 3672 3671
1 5 2458 2459 2560 2559 3569 3570 3671 3670
1 5 3569 3570 3671 3670 4680 4681 4782 4781
1 5 3670 3671 3772 3771 4781 4782 4883 4882
1 5 2559 2560 2661 2660 3670 3671 3772 3771
1 5 2560 2561 2662 2661 3671 3672 3773 3772
1 5 3671 3672 3773 3772 4782 4783 4884 4883
1 5 3772 3773 3874 3873 4883 4884 4985 4984
1 5 2661 2662 2763 2762 3772 3773 3874 3873
1 5 2660 2661 2762 2761 3771 3772 3873 3872
1 5 3771 3772 3873 3872 4882 4883 4984 4983
1 5 3872 3873 3974 3973 4983 4984 5085 5084
1 5 2761 2762 2863 2862 3872 3873 3974 3973
1 5 2762 2763 2864 2863 3873 3874 3975 3974
1 5 3873 3874 3975 3974 4984 4985 5086 5085
1 5 3874 3875 3976 3975 4985 4986 5087 5086
1 5 3773 3774 3875 3874 4884 4885 4986 4985
1 5 2662 2663 2764 2763 3773 3774 3875 3874
1 5 2763 2764 2865 2864 3874 3875 3976 3975
1 5 2764 2765 2866 2865 3875 3876 3977 3976
1 5 2663 2664 2765 2764 3774 3775 3876 3875
1 5 3774 3775 3876 3875 4885 4886 4987 4986
1 5 3875 3876 3977 3976 4986 4987 5088 5087
1 5 4986 4987 5088 5087 6097 6098 6199 6198
1 5 6097 6098 6199 6198 7208 7209 7310 7309
1 5 6096 6097 6198 6197 7207 7208 7309 7308
1 5 4985 4986 5087 5086 6096 6097 6198 6197
1 5 4984 4985 5086 5085 6095 6096 6197 6196
1 5 6095 6096 6197 6196 7206 7207 7308 7307
1 5 6094 6095 6196 6195 7205 7206 7307 7306
1 5 4983 4984 5085 5084 6094 6095 6196 6195
1 5 4882 4883 4984 4983 5993 5994 6095 6094
1 5 5993 5994 6095 6094 7104 7105 7206 7205
1 5 5994 5995 6096 6095 7105 7106 7207 7206
1 5 4883 4884 4985 4984 5994 5995 6096 6095
1 5 4884 4885 4986 4985 5995 5996 6097 6096
1 5 5995 5996 6097 6096 7106 7107 7208 7207
1 5 5996 5997 6098 6097 7107 7108 7209 7208
1 5 4885 4886 4987 4986 5996 5997 6098 6097
1 5 4784 4785 4886 4885 5895 5896 5997 5996
1 5 4683 4684 4785 4784 5794 5795 5896 5895
1 5 5794 5795 5896 5895 6905 6906 7007 7006
1 5 5895 5896 5997 5996 7006 7007 7108 7107
1 5 5894 5895 5996 5995 7005 7006 7107 7106
1 5 5793 5794 5895 5894 6904 6905 7006 7005
1 5 4682 4683 4784 4783 5793 5794 5895 5894
1 5 4783 4784 4885 4884 5894 5895 5996 5995
1 5 4782 4783 4884 4883 5893 5894 5995 5994
1 5 4681 4682 4783 4782 5792 5793 5894 5893
1 5 5792 5793 5894 5893 6903 6904 7005 7004
1 5 5893 5894 5995 5994 7004 7005 7106 7105
1 5 5892 5893 5994 5993 7003 7004 7105 7104
1 5 5791 5792 5893 5892 6902 6903 7004 7003
1 5 4680 4681 4782 4781 5791 5792 5893 5892
1 5 4781 4782 4883 4882 5892 5893 5994 5993
1 5 4780 4781 4882 4881 5891 5892 5993 5992
1 5 4679 4680 4781 4780 5790 5791 5892 5891
1 5 5790 5791 5892 5891 6901 6902 7003 7002
1 5 5891 5892 5993 5992 7002 7003 7104 7103
1 5 5890 5891 5992 5991 7001 7002 7103 7102
1 5 5789 5790 5891 5890 6900 6901 7002 7001
1 5 4678 4679 4780 4779 5789 5790 5891 5890
1 5 4779 4780 4881 4880 5890 5891 5992 5991
1 5 4880 4881 4982 4981 5991 5992 6093 6092
1 5 5991 5992 6093 6092 7102 7103 7204 7203
1 5 5992 5993 6094 6093 7103 7104 7205 7204
1 5 4881 4882 4983 4982 5992 5993 6094 6093
1 5 4982 4983 5084 5083 6093 6094 6195 6194
1 5 6093 6094 6195 6194 7204 7205 7306 7305
1 5 6092 6093 6194 6193 7203 7204 7305 7304
1 5 4981 4982 5083 5082 6092 6093 6194 6193
1 5 3870 3871 3972 3971 4981 4982 5083 5082
1 5 3871 3872 3973 3972 4982 4983 5084 5083
1 5 3770 3771 3872 3871 4881 4882 4983 4982
1 5 3769 3770 3871 3870 4880 4881 4982 4981
1 5 3668 3669 3770 3769 4779 4780 4881 4880
1 5 3669 3670 3771 3770 4780 4781 4882 4881
1 5 3568 3569 3670 3669 4679 4680 4781 4780
1 5 3567 3568 3669 3668 4678 4679 4780 4779
1 5 2456 2457 2558 2557 3567 3568 3669 3668
1 5 2457 2458 2559 2558 3568 3569 3670 3669
1 5 2558 2559 2660 2659 3669 3670 3771 3770
1 5 2557 2558 2659 2658 3668 3669 3770 3769
1 5 2658 2659 2760 2759 3769 3770 3871 3870
1 5 2659 2660 2761 2760 3770 3771 3872 3871
1 5 2760 2761 2862 2861 3871 3872 3973 3972
1 5 2759 2760 2861 2860 3870 3871 3972 3971
1 5 1648 1649 1750 1749 2759 2760 2861 2860
1 5 537 538 639 638 1648 1649 1750 1749
1 5 538 539 640 639 1649 1650 1751 1750
1 5 1649 1650 1751 1750 2760 2761 2862 2861
1 5 1548 1549 1650 1649 2659 2660 2761 2760
1 5 437 438 539 538 1548 1549 1650 1649
1 5 436 437 538 537 1547 1548 1649 1648
1 5 1547 1548 1649 1648 2658 2659 2760 2759
1 5 1446 1447 1548 1547 2557 2558 2659 2658
1 5 335 336 437 436 1446 1447 1548 1547
1 5 336 337 438 437 1447 1448 1549 1548
1 5 1447 1448 1549 1548 2558 2559 2660 2659
1 5 1346 1347 1448 1447 2457 2458 2559 2558
1 5 235 236 337 336 1346 1347 1448 1447
1 5 234 235 336 335 1345 1346 1447 1446
1 5 1345 1346 1447 1446 2456 2457 2558 2557
1 5 1244 1245 1346 1345 2355 2356 2457 2456
1 5 133 134 235 234 1244 1245 1346 1345
1 5 134 135 236 235 1245 1246 1347 1346
1 5 1245 1246 1347 1346 2356 2357 2458 2457
1 5 1144 1145 1246 1245 2255 2256 2357 2356
1 5 33 34 135 134 1144 1145 1246 1245
1 5 32 33 134 133 1143 1144 1245 1244
1 5 1143 1144 1245 1244 2254 2255 2356 2355
1 5 2254 2255 2356 2355 3365 3366 3467 3466
1 5 2255 2256 2357 2356 3366 3367 3468 3467
1 5 2356 2357 2458 2457 3467 3468 3569 3568
1 5 2355 2356 2457 2456 3466 3467 3568 3567
1 5 3466 3467 3568 3567 4577 4578 4679 4678
1 5 3467 3468 3569 3568 4578 4579 4680 4679
1 5 3366 3367 3468 3467 4477 4478 4579 4578
1 5 3365 3366 3467 3466 4476 4477 4578 4577
1 5 4476 4477 4578 4577 5587 5588 5689 5688
1 5 4577 4578 4679 4678 5688 5689 5790 5789
1 5 5688 5689 5790 5789 6799 6800 6901 6900
1 5 5587 5588 5689 5688 6698 6699 6800 6799
1 5 5588 5589 5690 5689 6699 6700 6801 6800
1 5 5689 5690 5791 5790 6800 6801 6902 6901
1 5 4578 4579 4680 4679 5689 5690 5791 5790
1 5 4477 4478 4579 4578 5588 5589 5690 5689
1 5 4478 4479 4580 4579 5589 5590 5691 5690
1 5 4579 4580 4681 4680 5690 5691 5792 5791
1 5 5690 5691 5792 5791 6801 6802 6903 6902
1 5 5589 5590 5691 5690 6700 6701 6802 6801
1 5 5590 5591 5692 5691 6701 6702 6803 6802
1 5 5691 5692 5793 5792 6802 6803 6904 6903
1 5 4580 4581 4682 4681 5691 5692 5793 5792
1 5 4479 4480 4581 4580 5590 5591 5692 5691
1 5 4480 4481 4582 4581 5591 5592 5693 5692
1 5 4581 4582 4683 4682 5692 5693 5794 5793
1 5 5692 5693 5794 5793 6803 6804 6905 6904
1 5 5591 5592 5693 5692 6702 6703 6804 6803
1 5 5592 5593 5694 5693 6703 6704 6805 6804
1 5 5693 5694 5795 5794 6804 6805 6906 6905
1 5 4582 4583 4684 4683 5693 5694 5795 5794
1 5 4481 4482 4583 4582 5592 5593 5694 5693
1 5 3370 3371 3472 3471 4481 4482 4583 4582
1 5 3471 3472 3573 3572 4582 4583 4684 4683
1 5 2360 2361 2462 2461 3471 3472 3573 3572
1 5 2259 2260 2361 2360 3370 3371 3472 3471
1 5 2258 2259 2360 2359 3369 3370 3471 3470
1 5 2359 2360 2461 2460 3470 3471 3572 3571
1 5 3470 3471 3572 3571 4581 4582 4683 4682
1 5 3369 3370 3471 3470 4480 4481 4582 4581
1 5 3368 3369 3470 3469 4479 4480 4581 4580
1 5 3367 3368 3469 3468 4478 4479 4580 4579
1 5 3468 3469 3570 3569 4579 4580 4681 4680
1 5 3469 3470 3571 3570 4580 4581 4682 4681
1 5 2358 2359 2460 2459 3469 3470 3571 3570
1 5 2357 2358 2459 2458 3468 3469 3570 3569
1 5 2256 2257 2358 2357 3367 3368 3469 3468
1 5 2257 2258 2359 2358 3368 3369 3470 3469
1 5 1146 1147 1248 1247 2257 2258 2359 2358
1 5 1145 1146 1247 1246 2256 2257 2358 2357
1 5 1246 1247 1348 1347 2357 2358 2459 2458
1 5 1247 1248 1349 1348 2358 2359 2460 2459
1 5 136 137 238 237 1247 1248 1349 1348
1 5 135 136 237 236 1246 1247 1348 1347
1 5 34 35 136 135 1145 1146 1247 1246
1 5 35 36 137 136 1146 1147 1248 1247
1 5 36 37 138 137 1147 1148 1249 1248
1 5 137 138 239 238 1248 1249 1350 1349
1 5 1248 1249 1350 1349 2359 2360 2461 2460
1 5 1147 1148 1249 1248 2258 2259 2360 2359
1 5 1148 1149 1250 1249 2259 2260 2361 2360
1 5 1249 1250 1351 1350 2360 2361 2462 2461
1 5 138 139 240 239 1249 1250 1351 1350
1 5 37 38 139 138 1148 1149 1250 1249
1 5 38 39 140 139 1149 1150 1251 1250
1 5 139 140 241 240 1250 1251 1352 1351
1 5 1250 1251 1352 1351 2361 2362 2463 2462
1 5 1149 1150 1251 1250 2260 2261 2362 2361
1 5 1150 1151 1252 1251 2261 2262 2363 2362
1 5 1251 1252 1353 1352 2362 2363 2464 2463
1 5 140 141 242 241 1251 1252 1353 1352
1 5 39 40 141 140 1150 1151 1252 1251
1 5 40 41 142 141 1151 1152 1253 1252
1 5 1151 1152 1253 1252 2262 2263 2364 2363
1 5 1152 1153 1254 1253 2263 2264 2365 2364
1 5 41 42 143 142 1152 1153 1254 1253
1 5 142 143 244 243 1253 1254 1355 1354
1 5 1253 1254 1355 1354 2364 2365 2466 2465
1 5 1252 1253 1354 1353 2363 2364 2465 2464
1 5 141 142 243 242 1252 1253 1354 1353
1 5 242 243 344 343 1353 1354 1455 1454
1 5 1353 1354 1455 1454 2464 2465 2566 2565
1 5 1354 1355 1456 1455 2465 2466 2567 2566
1 5 243 244 345 344 1354 1355 1456 1455
1 5 344 345 446 445 1455 1456 1557 1556
1 5 1455 1456 1557 1556 2566 2567 2668 2667
1 5 1454 1455 1556 1555 2565 2566 2667 2666
1 5 343 344 445 444 1454 1455 1556 1555
1 5 342 343 444 443 1453 1454 1555 1554
1 5 341 342 443 442 1452 1453 1554 1553
1 5 240 241 342 341 1351 1352 1453 1452
1 5 241 242 343 342 1352 1353 1454 1453
1 5 1352 1353 1454 1453 2463 2464 2565 2564
1 5 1351 1352 1453 1452 2462 2463 2564 2563
1 5 1452 1453 1554 1553 2563 2564 2665 2664
1 5 1453 1454 1555 1554 2564 2565 2666 2665
1 5 2564 2565 2666 2665 3675 3676 3777 3776
1 5 2563 2564 2665 2664 3674 3675 3776 3775
1 5 2462 2463 2564 2563 3573 3574 3675 3674
1 5 2463 2464 2565 2564 3574 3575 3676 3675
1 5 3574 3575 3676 3675 4685 4686 4787 4786
1 5 3573 3574 3675 3674 4684 4685 4786 4785
1 5 3674 3675 3776 3775 4785 4786 4887 4886
1 5 3675 3676 3777 3776 4786 4787 4888 4887
1 5 3676 3677 3778 3777 4787 4788 4889 4888
1 5 2565 2566 2667 2666 3676 3677 3778 3777
1 5 2566 2567 2668 2667 3677 3678 3779 3778
1 5 3677 3678 3779 3778 4788 4789 4890 4889
1 5 3576 3577 3678 3677 4687 4688 4789 4788
1 5 2465 2466 2567 2566 3576 3577 3678 3677
1 5 2464 2465 2566 2565 3575 3576 3677 3676
1 5 3575 3576 3677 3676 4686 4687 4788 4787
1 5 3474 3475 3576 3575 4585 4586 4687 4686
1 5 2363 2364 2465 2464 3474 3475 3576 3575
1 5 2364 2365 2466 2465 3475 3476 3577 3576
1 5 3475 3476 3577 3576 4586 4587 4688 4687
1 5 3374 3375 3476 3475 4485 4486 4587 4586
1 5 2263 2264 2365 2364 3374 3375 3476 3475
1 5 2262 2263 2364 2363 3373 3374 3475 3474
1 5 3373 3374 3475 3474 4484 4485 4586 4585
1 5 3372 3373 3474 3473 4483 4484 4585 4584
1 5 3473 3474 3575 3574 4584 4585 4686 4685
1 5 2362 2363 2464 2463 3473 3474 3575 3574
1 5 2261 2262 2363 2362 3372 3373 3474 3473
1 5 2260 2261 2362 2361 3371 3372 3473 3472
1 5 2361 2362 2463 2462 3472 3473 3574 3573
1 5 3472 3473 3574 3573 4583 4584 4685 4684
1 5 3371 3372 3473 3472 4482 4483 4584 4583
1 5 4482 4483 4584 4583 5593 5594 5695 5694
1 5 5593 5594 5695 5694 6704 6705 6806 6805
1 5 5594 5595 5696 5695 6705 6706 6807 6806
1 5 4483 4484 4585 4584 5594 5595 5696 5695
1 5 4484 4485 4586 4585 5595 5596 5697 5696
1 5 5595 5596 5697 5696 6706 6707 6808 6807
1 5 5596 5597 5698 5697 6707 6708 6809 6808
1 5 4485 4486 4587 4586 5596 5597 5698 5697
1 5 4586 4587 4688 4687 5697 5698 5799 5798
1 5 5697 5698 5799 5798 6808 6809 6910 6909
1 5 5696 5697 5798 5797 6807 6808 6909 6908
1 5 4585 4586 4687 4686 5696 5697 5798 5797
1 5 4584 4585 4686 4685 5695 5696 5797 5796
1 5 5695 5696 5797 5796 6806 6807 6908 6907
1 5 5694 5695 5796 5795 6805 6806 6907 6906
1 5 4583 4584 4685 4684 5694 5695 5796 5795
1 5 4684 4685 4786 4785 5795 5796 5897 5896
1 5 4785 4786 4887 4886 5896 5897 5998 5997
1 5 5896 5897 5998 5997 7007 7008 7109 7108
1 5 5795 5796 5897 5896 6906 6907 7008 7007
1 5 5796 5797 5898 5897 6907 6908 7009 7008
1 5 5897 5898 5999 5998 7008 7009 7110 7109
1 5 4786 4787 4888 4887 5897 5898 5999 5998
1 5 4685 4686 4787 4786 5796 5797 5898 5897
1 5 4686 4687 4788 4787 5797 5798 5899 5898
1 5 4787 4788 4889 4888 5898 5899 6000 5999
1 5 5898 5899 6000 5999 7009 7010 7111 7110
1 5 5797 5798 5899 5898 6908 6909 7010 7009
1 5 5798 5799 5900 5899 6909 6910 7011 7010
1 5 5899 5900 6001 6000 7010 7011 7112 7111
1 5 4788 4789 4890 4889 5899 5900 6001 6000
1 5 4687 4688 4789 4788 5798 5799 5900 5899
1 5 4688 4689 4790 4789 5799 5800 5901 5900
1 5 4789 4790 4891 4890 5900 5901 6002 6001
1 5 5900 5901 6002 6001 7011 7012 7113 7112
1 5 5799 5800 5901 5900 6910 6911 7012 7011
1 5 5800 5801 5902 5901 6911 6912 7013 7012
1 5 5901 5902 6003 6002 7012 7013 7114 7113
1 5 4790 4791 4892 4891 5901 5902 6003 6002
1 5 4689 4690 4791 4790 5800 5801 5902 5901
1 5 4588 4589 4690 4689 5699 5700 5801 5800
1 5 5699 5700 5801 5800 6810 6811 6912 6911
1 5 5698 5699 5800 5799 6809 6810 6911 6910
1 5 4587 4588 4689 4688 5698 5699 5800 5799
1 5 4486 4487 4588 4587 5597 5598 5699 5698
1 5 5597 5598 5699 5698 6708 6709 6810 6809
1 5 5598 5599 5700 5699 6709 6710 6811 6810
1 5 4487 4488 4589 4588 5598 5599 5700 5699
1 5 3376 3377 3478 3477 4487 4488 4589 4588
1 5 3375 3376 3477 3476 4486 4487 4588 4587
1 5 3476 3477 3578 3577 4587 4588 4689 4688
1 5 3477 3478 3579 3578 4588 4589 4690 4689
1 5 3578 3579 3680 3679 4689 4690 4791 4790
1 5 3577 3578 3679 3678 4688 4689 4790 4789
1 5 3678 3679 3780 3779 4789 4790 4891 4890
1 5 3679 3680 3781 3780 4790 4791 4892 4891
1 5 2568 2569 2670 2669 3679 3680 3781 3780
1 5 2567 2568 2669 2668 3678 3679 3780 3779
1 5 2466 2467 2568 2567 3577 3578 3679 3678
1 5 2467 2468 2569 2568 3578 3579 3680 3679
1 5 2366 2367 2468 2467 3477 3478 3579 3578
1 5 2365 2366 2467 2466 3476 3477 3578 3577
1 5 2264 2265 2366 2365 3375 3376 3477 3476
1 5 2265 2266 2367 2366 3376 3377 3478 3477
1 5 1154 1155 1256 1255 2265 2266 2367 2366
1 5 43 44 145 144 1154 1155 1256 1255
1 5 42 43 144 143 1153 1154 1255 1254
1 5 1153 1154 1255 1254 2264 2265 2366 2365
1 5 1254 1255 1356 1355 2365 2366 2467 2466
1 5 143 144 245 244 1254 1255 1356 1355
1 5 144 145 246 245 1255 1256 1357 1356
1 5 1255 1256 1357 1356 2366 2367 2468 2467
1 5 1356 1357 1458 1457 2467 2468 2569 2568
1 5 245 246 347 346 1356 1357 1458 1457
1 5 244 245 346 345 1355 1356 1457 1456
1 5 1355 1356 1457 1456 2466 2467 2568 2567
1 5 1456 1457 1558 1557 2567 2568 2669 2668
1 5 345 346 447 446 1456 1457 1558 1557
1 5 346 347 448 447 1457 1458 1559 1558
1 5 1457 1458 1559 1558 2568 2569 2670 2669
1 5 1558 1559 1660 1659 2669 2670 2771 2770
1 5 447 448 549 548 1558 1559 1660 1659
1 5 446 447 548 547 1557 1558 1659 1658
1 5 1557 1558 1659 1658 2668 2669 2770 2769
1 5 1658 1659 1760 1759 2769 2770 2871 2870
1 5 547 548 649 648 1658 1659 1760 1759
1 5 548 549 650 649 1659 1660 1761 1760
1 5 1659 1660 1761 1760 2770 2771 2872 2871
1 5 2770 2771 2872 2871 3881 3882 3983 3982
1 5 2769 2770 2871 2870 3880 3881 3982 3981
1 5 2668 2669 2770 2769 3779 3780 3881 3880
1 5 2669 2670 2771 2770 3780 3781 3882 3881
1 5 3780 3781 3882 3881 4891 4892 4993 4992
1 5 3779 3780 3881 3880 4890 4891 4992 4991
1 5 3880 3881 3982 3981 4991 4992 5093 5092
1 5 3881 3882 3983 3982 4992 4993 5094 5093
1 5 4992 4993 5094 5093 6103 6104 6205 6204
1 5 4891 4892 4993 4992 6002 6003 6104 6103
1 5 6002 6003 6104 6103 7113 7114 7215 7214
1 5 6103 6104 6205 6204 7214 7215 7316 7315
1 5 6102 6103 6204 6203 7213 7214 7315 7314
1 5 6001 6002 6103 6102 7112 7113 7214 7213
1 5 4890 4891 4992 4991 6001 6002 6103 6102
1 5 4991 4992 5093 5092 6102 6103 6204 6203
1 5 4990 4991 5092 5091 6101 6102 6203 6202
1 5 4889 4890 4991 4990 6000 6001 6102 6101
1 5 6000 6001 6102 6101 7111 7112 7213 7212
1 5 6101 6102 6203 6202 7212 7213 7314 7313
1 5 6100 6101 6202 6201 7211 7212 7313 7312
1 5 5999 6000 6101 6100 7110 7111 7212 7211
1 5 4888 4889 4990 4989 5999 6000 6101 6100
1 5 4989 4990 5091 5090 6100 6101 6202 6201
1 5 4988 4989 5090 5089 6099 6100 6201 6200
1 5 4887 4888 4989 4988 5998 5999 6100 6099
1 5 5998 5999 6100 6099 7109 7110 7211 7210
1 5 6099 6100 6201 6200 7210 7211 7312 7311
1 5 6098 6099 6200 6199 7209 7210 7311 7310
1 5 5997 5998 6099 6098 7108 7109 7210 7209
1 5 4886 4887 4988 4987 5997 5998 6099 6098
1 5 4987 4988 5089 5088 6098 6099 6200 6199
1 5 3876 3877 3978 3977 4987 4988 5089 5088
1 5 3775 3776 3877 3876 4886 4887 4988 4987
1 5 2664 2665 2766 2765 3775 3776 3877 3876
1 5 2765 2766 2867 2866 3876 3877 3978 3977
1 5 2766 2767 2868 2867 3877 3878 3979 3978
1 5 2665 2666 2767 2766 3776 3777 3878 3877
1 5 3776 3777 3878 3877 4887 4888 4989 4988
1 5 3877 3878 3979 3978 4988 4989 5090 5089
1 5 3878 3879 3980 3979 4989 4990 5091 5090
1 5 3879 3880 3981 3980 4990 4991 5092 5091
1 5 3778 3779 3880 3879 4889 4890 4991 4990
1 5 3777 3778 3879 3878 4888 4889 4990 4989
1 5 2666 2667 2768 2767 3777 3778 3879 3878
1 5 2667 2668 2769 2768 3778 3779 3880 3879
1 5 2768 2769 2870 2869 3879 3880 3981 3980
1 5 2767 2768 2869 2868 3878 3879 3980 3979
1 5 1656 1657 1758 1757 2767 2768 2869 2868
1 5 1657 1658 1759 1758 2768 2769 2870 2869
1 5 1556 1557 1658 1657 2667 2668 2769 2768
1 5 1555 1556 1657 1656 2666 2667 2768 2767
1 5 444 445 546 545 1555 1556 1657 1656
1 5 445 446 547 546 1556 1557 1658 1657
1 5 546 547 648 647 1657 1658 1759 1758
1 5 545 546 647 646 1656 1657 1758 1757
1 5 544 545 646 645 1655 1656 1757 1756
1 5 443 444 545 544 1554 1555 1656 1655
1 5 1554 1555 1656 1655 2665 2666 2767 2766
1 5 1655 1656 1757 1756 2766 2767 2868 2867
1 5 1654 1655 1756 1755 2765 2766 2867 2866
1 5 1553 1554 1655 1654 2664 2665 2766 2765
1 5 442 443 544 543 1553 1554 1655 1654
1 5 543 544 645 644 1654 1655 1756 1755
1 5 644 645 746 745 1755 1756 1857 1856
1 5 1755 1756 1857 1856 2866 2867 2968 2967
1 5 1756 1757 1858 1857 2867 2868 2969 2968
1 5 645 646 747 746 1756 1757 1858 1857
1 5 746 747 848 847 1857 1858 1959 1958
1 5 1857 1858 1959 1958 2968 2969 3070 3069
1 5 1856 1857 1958 1957 2967 2968 3069 3068
1 5 745 746 847 846 1856 1857 1958 1957
1 5 846 847 948 947 1957 1958 2059 2058
1 5 847 848 949 948 1958 1959 2060 2059
1 5 948 949 1050 1049 2059 2060 2161 2160
1 5 947 948 1049 1048 2058 2059 2160 2159
1 5 2058 2059 2160 2159 3169 3170 3271 3270
1 5 2059 2060 2161 2160 3170 3171 3272 3271
1 5 1958 1959 2060 2059 3069 3070 3171 3170
1 5 1957 1958 2059 2058 3068 3069 3170 3169
1 5 3068 3069 3170 3169 4179 4180 4281 4280
1 5 3069 3070 3171 3170 4180 4181 4282 4281
1 5 3170 3171 3272 3271 4281 4282 4383 4382
1 5 3169 3170 3271 3270 4280 4281 4382 4381
1 5 4280 4281 4382 4381 5391 5392 5493 5492
1 5 4281 4282 4383 4382 5392 5393 5494 5493
1 5 4180 4181 4282 4281 5291 5292 5393 5392
1 5 4179 4180 4281 4280 5290 5291 5392 5391
1 5 4078 4079 4180 4179 5189 5190 5291 5290
1 5 3977 3978 4079 4078 5088 5089 5190 5189
1 5 2866 2867 2968 2967 3977 3978 4079 4078
1 5 2967 2968 3069 3068 4078 4079 4180 4179
1 5 2968 2969 3070 3069 4079 4080 4181 4180
1 5 2867 2868 2969 2968 3978 3979 4080 4079
1 5 3978 3979 4080 4079 5089 5090 5191 5190
1 5 4079 4080 4181 4180 5190 5191 5292 5291
1 5 4080 4081 4182 4181 5191 5192 5293 5292
1 5 3979 3980 4081 4080 5090 5091 5192 5191
1 5 2868 2869 2970 2969 3979 3980 4081 4080
1 5 2969 2970 3071 3070 4080 4081 4182 4181
1 5 2970 2971 3072 3071 4081 4082 4183 4182
1 5 2869 2870 2971 2970 3980 3981 4082 4081
1 5 3980 3981 4082 4081 5091 5092 5193 5192
1 5 4081 4082 4183 4182 5192 5193 5294 5293
1 5 4182 4183 4284 4283 5293 5294 5395 5394
1 5 4181 4182 4283 4282 5292 5293 5394 5393
1 5 4282 4283 4384 4383 5393 5394 5495 5494
1 5 4283 4284 4385 4384 5394 5395 5496 5495
1 5 3172 3173 3274 3273 4283 4284 4385 4384
1 5 3171 3172 3273 3272 4282 4283 4384 4383
1 5 3070 3071 3172 3171 4181 4182 4283 4282
1 5 3071 3072 3173 3172 4182 4183 4284 4283
1 5 1960 1961 2062 2061 3071 3072 3173 3172
1 5 1959 1960 2061 2060 3070 3071 3172 3171
1 5 2060 2061 2162 2161 3171 3172 3273 3272
1 5 2061 2062 2163 2162 3172 3173 3274 3273
1 5 950 951 1052 1051 2061 2062 2163 2162
1 5 949 950 1051 1050 2060 2061 2162 2161
1 5 848 849 950 949 1959 1960 2061 2060
1 5 849 850 951 950 1960 1961 2062 2061
1 5 748 749 850 849 1859 1860 1961 1960
1 5 1859 1860 1961 1960 2970 2971 3072 3071
1 5 1858 1859 1960 1959 2969 2970 3071 3070
1 5 747 748 849 848 1858 1859 1960 1959
1 5 646 647 748 747 1757 1758 1859 1858
1 5 1757 1758 1859 1858 2868 2869 2970 2969
1 5 1758 1759 1860 1859 2869 2870 2971 2970
1 5 647 648 749 748 1758 1759 1860 1859
1 5 648 649 750 749 1759 1760 1861 1860
1 5 649 650 751 750 1760 1761 1862 1861
1 5 1760 1761 1862 1861 2871 2872 2973 2972
1 5 1759 1760 1861 1860 2870 2871 2972 2971
1 5 2870 2871 2972 2971 3981 3982 4083 4082
1 5 3981 3982 4083 4082 5092 5093 5194 5193
1 5 3982 3983 4084 4083 5093 5094 5195 5194
1 5 2871 2872 2973 2972 3982 3983 4084 4083
1 5 2972 2973 3074 3073 4083 4084 4185 4184
1 5 4083 4084 4185 4184 5194 5195 5296 5295
1 5 4082 4083 4184 4183 5193 5194 5295 5294
1 5 2971 2972 3073 3072 4082 4083 4184 4183
1 5 1860 1861 1962 1961 2971 2972 3073 3072
1 5 1861 1862 1963 1962 2972 2973 3074 3073
1 5 750 751 852 851 1861 1862 1963 1962
1 5 749 750 851 850 1860 1861 1962 1961
1 5 850 851 952 951 1961 1962 2063 2062
1 5 851 852 953 952 1962 1963 2064 2063
1 5 952 953 1054 1053 2063 2064 2165 2164
1 5 951 952 1053 1052 2062 2063 2164 2163
1 5 2062 2063 2164 2163 3173 3174 3275 3274
1 5 2063 2064 2165 2164 3174 3175 3276 3275
1 5 1962 1963 2064 2063 3073 3074 3175 3174
1 5 1961 1962 2063 2062 3072 3073 3174 3173
1 5 3072 3073 3174 3173 4183 4184 4285 4284
1 5 3073 3074 3175 3174 4184 4185 4286 4285
1 5 3174 3175 3276 3275 4285 4286 4387 4386
1 5 3173 3174 3275 3274 4284 4285 4386 4385
1 5 4284 4285 4386 4385 5395 5396 5497 5496
1 5 4285 4286 4387 4386 5396 5397 5498 5497
1 5 4184 4185 4286 4285 5295 5296 5397 5396
1 5 4183 4184 4285 4284 5294 5295 5396 5395
1 5 5294 5295 5396 5395 6405 6406 6507 6506
1 5 5295 5296 5397 5396 6406 6407 6508 6507
1 5 5396 5397 5498 5497 6507 6508 6609 6608
1 5 5395 5396 5497 5496 6506 6507 6608 6607
1 5 6506 6507 6608 6607 7617 7618 7719 7718
1 5 6507 6508 6609 6608 7618 7619 7720 7719
1 5 6406 6407 6508 6507 7517 7518 7619 7618
1 5 6405 6406 6507 6506 7516 7517 7618 7617
1 5 6304 6305 6406 6405 7415 7416 7517 7516
1 5 5193 5194 5295 5294 6304 6305 6406 6405
1 5 5194 5195 5296 5295 6305 6306 6407 6406
1 5 6305 6306 6407 6406 7416 7417 7518 7517
1 5 6204 6205 6306 6305 7315 7316 7417 7416
1 5 5093 5094 5195 5194 6204 6205 6306 6305
1 5 5092 5093 5194 5193 6203 6204 6305 6304
1 5 6203 6204 6305 6304 7314 7315 7416 7415
1 5 6202 6203 6304 6303 7313 7314 7415 7414
1 5 5091 5092 5193 5192 6202 6203 6304 6303
1 5 5090 5091 5192 5191 6201 6202 6303 6302
1 5 6201 6202 6303 6302 7312 7313 7414 7413
1 5 6302 6303 6404 6403 7413 7414 7515 7514
1 5 5191 5192 5293 5292 6302 6303 6404 6403
1 5 5192 5193 5294 5293 6303 6304 6405 6404
1 5 6303 6304 6405 6404 7414 7415 7516 7515
1 5 6404 6405 6506 6505 7515 7516 7617 7616
1 5 6505 6506 6607 6606 7616 7617 7718 7717
1 5 5394 5395 5496 5495 6505 6506 6607 6606
1 5 5293 5294 5395 5394 6404 6405 6506 6505
1 5 5292 5293 5394 5393 6403 6404 6505 6504
1 5 5393 5394 5495 5494 6504 6505 6606 6605
1 5 6504 6505 6606 6605 7615 7616 7717 7716
1 5 6403 6404 6505 6504 7514 7515 7616 7615
1 5 6402 6403 6504 6503 7513 7514 7615 7614
1 5 6503 6504 6605 6604 7614 7615 7716 7715
1 5 5392 5393 5494 5493 6503 6504 6605 6604
1 5 5291 5292 5393 5392 6402 6403 6504 6503
1 5 5290 5291 5392 5391 6401 6402 6503 6502
1 5 5391 5392 5493 5492 6502 6503 6604 6603
1 5 6502 6503 6604 6603 7613 7614 7715 7714
1 5 6401 6402 6503 6502 7512 7513 7614 7613
1 5 6300 6301 6402 6401 7411 7412 7513 7512
1 5 5189 5190 5291 5290 6300 6301 6402 6401
1 5 5190 5191 5292 5291 6301 6302 6403 6402
1 5 6301 6302 6403 6402 7412 7413 7514 7513
1 5 6200 6201 6302 6301 7311 7312 7413 7412
1 5 5089 5090 5191 5190 6200 6201 6302 6301
1 5 5088 5089 5190 5189 6199 6200 6301 6300
1 5 6199 6200 6301 6300 7310 7311 7412 7411
1 5 7310 7311 7412 7411 8421 8422 8523 8522
1 5 8421 8422 8523 8522 9532 9533 9634 9633
1 5 8422 8423 8524 8523 9533 9534 9635 9634
1 5 7311 7312 7413 7412 8422 8423 8524 8523
1 5 7412 7413 7514 7513 8523 8524 8625 8624
1 5 8523 8524 8625 8624 9634 9635 9736 9735
1 5 8522 8523 8624 8623 9633 9634 9735 9734
1 5 7411 7412 7513 7512 8522 8523 8624 8623
1 5 7512 7513 7614 7613 8623 8624 8725 8724
1 5 7613 7614 7715 7714 8724 8725 8826 8825
1 5 8724 8725 8826 8825 9835 9836 9937 9936
1 5 8623 8624 8725 8724 9734 9735 9836 9835
1 5 8624 8625 8726 8725 9735 9736 9837 9836
1 5 8725 8726 8827 8826 9836 9837 9938 9937
1 5 7614 7615 7716 7715 8725 8726 8827 8826
1 5 7513 7514 7615 7614 8624 8625 8726 8725
1 5 7514 7515 7616 7615 8625 8626 8727 8726
1 5 7615 7616 7717 7716 8726 8727 8828 8827
1 5 8726 8727 8828 8827 9837 9838 9939 9938
1 5 8625 8626 8727 8726 9736 9737 9838 9837
1 5 8626 8627 8728 8727 9737 9738 9839 9838
1 5 8727 8728 8829 8828 9838 9839 9940 9939
1 5 7616 7617 7718 7717 8727 8728 8829 8828
1 5 7515 7516 7617 7616 8626 8627 8728 8727
1 5 7414 7415 7516 7515 8525 8526 8627 8626
1 5 8525 8526 8627 8626 9636 9637 9738 9737
1 5 8524 8525 8626 8625 9635 9636 9737 9736
1 5 7413 7414 7515 7514 8524 8525 8626 8625
1 5 7312 7313 7414 7413 8423 8424 8525 8524
1 5 8423 8424 8525 8524 9534 9535 9636 9635
1 5 8424 8425 8526 8525 9535 9536 9637 9636
1 5 7313 7314 7415 7414 8424 8425 8526 8525
1 5 7314 7315 7416 7415 8425 8426 8527 8526
1 5 8425 8426 8527 8526 9536 9537 9638 9637
1 5 8426 8427 8528 8527 9537 9538 9639 9638
1 5 7315 7316 7417 7416 8426 8427 8528 8527
1 5 7416 7417 7518 7517 8527 8528 8629 8628
1 5 8527 8528 8629 8628 9638 9639 9740 9739
1 5 8526 8527 8628 8627 9637 9638 9739 9738
1 5 7415 7416 7517 7516 8526 8527 8628 8627
1 5 7516 7517 7618 7617 8627 8628 8729 8728
1 5 7517 7518 7619 7618 8628 8629 8730 8729
1 5 7618 7619 7720 7719 8729 8730 8831 8830
1 5 7617 7618 7719 7718 8728 8729 8830 8829
1 5 8728 8729 8830 8829 9839 9840 9941 9940
1 5 8729 8730 8831 8830 9840 9841 9942 9941
1 5 8628 8629 8730 8729 9739 9740 9841 9840
1 5 8627 8628 8729 8728 9738 9739 9840 9839
1 5 9738 9739 9840 9839 10849 10850 10951 10950
1 5 9739 9740 9841 9840 10850 10851 10952 10951
1 5 9840 9841 9942 9941 10951 10952 11053 11052
1 5 9839 9840 9941 9940 10950 10951 11052 11051
1 5 10950 10951 11052 11051 12061 12062 12163 12162
1 5 10951 10952 11053 11052 12062 12063 12164 12163
1 5 10850 10851 10952 10951 11961 11962 12063 12062
1 5 10849 10850 10951 10950 11960 11961 12062 12061
1 5 10748 10749 10850 10849 11859 11860 11961 11960
1 5 9637 9638 9739 9738 10748 10749 10850 10849
1 5 9638 9639 9740 9739 10749 10750 10851 10850
1 5 10749 10750 10851 10850 11860 11861 11962 11961
1 5 10648 10649 10750 10749 11759 11760 11861 11860
1 5 9537 9538 9639 9638 10648 10649 10750 10749
1 5 9536 9537 9638 9637 10647 10648 10749 10748
1 5 10647 10648 10749 10748 11758 11759 11860 11859
1 5 10646 10647 10748 10747 11757 11758 11859 11858
1 5 9535 9536 9637 9636 10646 10647 10748 10747
1 5 9534 9535 9636 9635 10645 10646 10747 10746
1 5 10645 10646 10747 10746 11756 11757 11858 11857
1 5 10746 10747 10848 10847 11857 11858 11959 11958
1 5 9635 9636 9737 9736 10746 10747 10848 10847
1 5 9636 9637 9738 9737 10747 10748 10849 10848
1 5 10747 10748 10849 10848 11858 11859 11960 11959
1 5 10848 10849 10950 10949 11959 11960 12061 12060
1 5 10949 10950 11051 11050 12060 12061 12162 12161
1 5 9838 9839 9940 9939 10949 10950 11051 11050
1 5 9737 9738 9839 9838 10848 10849 10950 10949
1 5 9736 9737 9838 9837 10847 10848 10949 10948
1 5 9837 9838 9939 9938 10948 10949 11050 11049
1 5 10948 10949 11050 11049 12059 12060 12161 12160
1 5 10847 10848 10949 10948 11958 11959 12060 12059
1 5 10846 10847 10948 10947 11957 11958 12059 12058
1 5 10947 10948 11049 11048 12058 12059 12160 12159
1 5 9836 9837 9938 9937 10947 10948 11049 11048
1 5 9735 9736 9837 9836 10846 10847 10948 10947
1 5 9734 9735 9836 9835 10845 10846 10947 10946
1 5 9835 9836 9937 9936 10946 10947 11048 11047
1 5 10946 10947 11048 11047 12057 12058 12159 12158
1 5 10845 10846 10947 10946 11956 11957 12058 12057
1 5 10744 10745 10846 10845 11855 11856 11957 11956
1 5 9633 9634 9735 9734 10744 10745 10846 10845
1 5 9634 9635 9736 9735 10745 10746 10847 10846
1 5 10745 10746 10847 10846 11856 11857 11958 11957
1 5 10644 10645 10746 10745 11755 11756 11857 11856
1 5 9533 9534 9635 9634 10644 10645 10746 10745
1 5 9532 9533 9634 9633 10643 10644 10745 10744
1 5 10643 10644 10745 10744 11754 11755 11856 11855
1 5 10542 10543 10644 10643 11653 11654 11755 11754
1 5 10543 10544 10645 10644 11654 11655 11756 11755
1 5 10442 10443 10544 10543 11553 11554 11655 11654
1 5 10441 10442 10543 10542 11552 11553 11654 11653
1 5 9330 9331 9432 9431 10441 10442 10543 10542
1 5 9331 9332 9433 9432 10442 10443 10544 10543
1 5 9432 9433 9534 9533 10543 10544 10645 10644
1 5 9431 9432 9533 9532 10542 10543 10644 10643
1 5 8320 8321 8422 8421 9431 9432 9533 9532
1 5 8219 8220 8321 8320 9330 9331 9432 9431
1 5 7108 7109 7210 7209 8219 8220 8321 8320
1 5 7209 7210 7311 7310 8320 8321 8422 8421
1 5 7210 7211 7312 7311 8321 8322 8423 8422
1 5 7109 7110 7211 7210 8220 8221 8322 8321
1 5 8220 8221 8322 8321 9331 9332 9433 9432
1 5 8321 8322 8423 8422 9432 9433 9534 9533
1 5 8322 8323 8424 8423 9433 9434 9535 9534
1 5 8221 8222 8323 8322 9332 9333 9434 9433
1 5 7110 7111 7212 7211 8221 8222 8323 8322
1 5 7211 7212 7313 7312 8322 8323 8424 8423
1 5 7212 7213 7314 7313 8323 8324 8425 8424
1 5 7111 7112 7213 7212 8222 8223 8324 8323
1 5 8222 8223 8324 8323 9333 9334 9435 9434
1 5 8323 8324 8425 8424 9434 9435 9536 9535
1 5 9434 9435 9536 9535 10545 10546 10647 10646
1 5 10545 10546 10647 10646 11656 11657 11758 11757
1 5 10544 10545 10646 10645 11655 11656 11757 11756
1 5 9433 9434 9535 9534 10544 10545 10646 10645
1 5 9332 9333 9434 9433 10443 10444 10545 10544
1 5 10443 10444 10545 10544 11554 11555 11656 11655
1 5 10444 10445 10546 10545 11555 11556 11657 11656
1 5 9333 9334 9435 9434 10444 10445 10546 10545
1 5 9232 9233 9334 9333 10343 10344 10445 10444
1 5 10343 10344 10445 10444 11454 11455 11556 11555
1 5 10342 10343 10444 10443 11453 11454 11555 11554
1 5 9231 9232 9333 9332 10342 10343 10444 10443
1 5 9130 9131 9232 9231 10241 10242 10343 10342
1 5 10241 10242 10343 10342 11352 11353 11454 11453
1 5 10242 10243 10344 10343 11353 11354 11455 11454
1 5 9131 9132 9233 9232 10242 10243 10344 10343
1 5 8020 8021 8122 8121 9131 9132 9233 9232
1 5 8121 8122 8223 8222 9232 9233 9334 9333
1 5 7010 7011 7112 7111 8121 8122 8223 8222
1 5 6909 6910 7011 7010 8020 8021 8122 8121
1 5 6908 6909 7010 7009 8019 8020 8121 8120
1 5 7009 7010 7111 7110 8120 8121 8222 8221
1 5 8120 8121 8222 8221 9231 9232 9333 9332
1 5 8019 8020 8121 8120 9130 9131 9232 9231
1 5 8018 8019 8120 8119 9129 9130 9231 9230
1 5 8119 8120 8221 8220 9230 9231 9332 9331
1 5 7008 7009 7110 7109 8119 8120 8221 8220
1 5 6907 6908 7009 7008 8018 8019 8120 8119
1 5 6906 6907 7008 7007 8017 8018 8119 8118
1 5 7007 7008 7109 7108 8118 8119 8220 8219
1 5 8118 8119 8220 8219 9229 9230 9331 9330
1 5 8017 8018 8119 8118 9128 9129 9230 9229
1 5 9128 9129 9230 9229 10239 10240 10341 10340
1 5 9129 9130 9231 9230 10240 10241 10342 10341
1 5 9230 9231 9332 9331 10341 10342 10443 10442
1 5 9229 9230 9331 9330 10340 10341 10442 10441
1 5 10340 10341 10442 10441 11451 11452 11553 11552
1 5 10341 10342 10443 10442 11452 11453 11554 11553
1 5 10240 10241 10342 10341 11351 11352 11453 11452
1 5 10239 10240 10341 10340 11350 11351 11452 11451
1 5 10138 10139 10240 10239 11249 11250 11351 11350
1 5 10037 10038 10139 10138 11148 11149 11250 11249
1 5 10038 10039 10140 10139 11149 11150 11251 11250
1 5 10139 10140 10241 10240 11250 11251 11352 11351
1 5 10140 10141 10242 10241 11251 11252 11353 11352
1 5 10141 10142 10243 10242 11252 11253 11354 11353
1 5 10040 10041 10142 10141 11151 11152 11253 11252
1 5 10039 10040 10141 10140 11150 11151 11252 11251
1 5 8928 8929 9030 9029 10039 10040 10141 10140
1 5 8929 8930 9031 9030 10040 10041 10142 10141
1 5 9030 9031 9132 9131 10141 10142 10243 10242
1 5 9029 9030 9131 9130 10140 10141 10242 10241
1 5 9028 9029 9130 9129 10139 10140 10241 10240
1 5 8927 8928 9029 9028 10038 10039 10140 10139
1 5 8926 8927 9028 9027 10037 10038 10139 10138
1 5 9027 9028 9129 9128 10138 10139 10240 10239
1 5 7916 7917 8018 8017 9027 9028 9129 9128
1 5 7815 7816 7917 7916 8926 8927 9028 9027
1 5 6704 6705 6806 6805 7815 7816 7917 7916
1 5 6805 6806 6907 6906 7916 7917 8018 8017
1 5 6806 6807 6908 6907 7917 7918 8019 8018
1 5 6705 6706 6807 6806 7816 7817 7918 7917
1 5 7816 7817 7918 7917 8927 8928 9029 9028
1 5 7917 7918 8019 8018 9028 9029 9130 9129
1 5 7918 7919 8020 8019 9029 9030 9131 9130
1 5 7817 7818 7919 7918 8928 8929 9030 9029
1 5 6706 6707 6808 6807 7817 7818 7919 7918
1 5 6807 6808 6909 6908 7918 7919 8020 8019
1 5 6808 6809 6910 6909 7919 7920 8021 8020
1 5 6707 6708 6809 6808 7818 7819 7920 7919
1 5 7818 7819 7920 7919 8929 8930 9031 9030
1 5 7919 7920 8021 8020 9030 9031 9132 9131
1 5 7920 7921 8022 8021 9031 9032 9133 9132
1 5 7819 7820 7921 7920 8930 8931 9032 9031
1 5 6708 6709 6810 6809 7819 7820 7921 7920
1 5 6809 6810 6911 6910 7920 7921 8022 8021
1 5 6810 6811 6912 6911 7921 7922 8023 8022
1 5 6709 6710 6811 6810 7820 7821 7922 7921
1 5 7820 7821 7922 7921 8931 8932 9033 9032
1 5 7921 7922 8023 8022 9032 9033 9134 9133
1 5 9032 9033 9134 9133 10143 10144 10245 10244
1 5 9031 9032 9133 9132 10142 10143 10244 10243
1 5 8930 8931 9032 9031 10041 10042 10143 10142
1 5 8931 8932 9033 9032 10042 10043 10144 10143
1 5 10042 10043 10144 10143 11153 11154 11255 11254
1 5 10041 10042 10143 10142 11152 11153 11254 11253
1 5 10142 10143 10244 10243 11253 11254 11355 11354
1 5 10143 10144 10245 10244 11254 11255 11356 11355
1 5 10244 10245 10346 10345 11355 11356 11457 11456
1 5 10243 10244 10345 10344 11354 11355 11456 11455
1 5 10344 10345 10446 10445 11455 11456 11557 11556
1 5 10345 10346 10447 10446 11456 11457 11558 11557
1 5 9234 9235 9336 9335 10345 10346 10447 10446
1 5 9233 9234 9335 9334 10344 10345 10446 10445
1 5 9132 9133 9234 9233 10243 10244 10345 10344
1 5 9133 9134 9235 9234 10244 10245 10346 10345
1 5 8022 8023 8124 8123 9133 9134 9235 9234
1 5 6911 6912 7013 7012 8022 8023 8124 8123
1 5 6910 6911 7012 7011 8021 8022 8123 8122
1 5 8021 8022 8123 8122 9132 9133 9234 9233
1 5 8122 8123 8224 8223 9233 9234 9335 9334
1 5 7011 7012 7113 7112 8122 8123 8224 8223
1 5 7012 7013 7114 7113 8123 8124 8225 8224
1 5 8123 8124 8225 8224 9234 9235 9336 9335
1 5 8224 8225 8326 8325 9335 9336 9437 9436
1 5 7113 7114 7215 7214 8224 8225 8326 8325
1 5 7112 7113 7214 7213 8223 8224 8325 8324
1 5 8223 8224 8325 8324 9334 9335 9436 9435
1 5 8324 8325 8426 8425 9435 9436 9537 9536
1 5 7213 7214 7315 7314 8324 8325 8426 8425
1 5 7214 7215 7316 7315 8325 8326 8427 8426
1 5 8325 8326 8427 8426 9436 9437 9538 9537
1 5 9436 9437 9538 9537 10547 10548 10649 10648
1 5 9435 9436 9537 9536 10546 10547 10648 10647
1 5 9334 9335 9436 9435 10445 10446 10547 10546
1 5 9335 9336 9437 9436 10446 10447 10548 10547
1 5 10446 10447 10548 10547 11557 11558 11659 11658
1 5 10445 10446 10547 10546 11556 11557 11658 11657
1 5 10546 10547 10648 10647 11657 11658 11759 11758
1 5 10547 10548 10649 10648 11658 11659 11760 11759
1 5 10548 10549 10650 10649 11659 11660 11761 11760
1 5 10549 10550 10651 10650 11660 11661 11762 11761
1 5 10448 10449 10550 10549 11559 11560 11661 11660
1 5 10447 10448 10549 10548 11558 11559 11660 11659
1 5 9336 9337 9438 9437 10447 10448 10549 10548
1 5 9337 9338 9439 9438 10448 10449 10550 10549
1 5 9438 9439 9540 9539 10549 10550 10651 10650
1 5 9437 9438 9539 9538 10548 10549 10650 10649
1 5 8326 8327 8428 8427 9437 9438 9539 9538
1 5 8225 8226 8327 8326 9336 9337 9438 9437
1 5 7114 7115 7216 7215 8225 8226 8327 8326
1 5 7215 7216 7317 7316 8326 8327 8428 8427
1 5 7216 7217 7318 7317 8327 8328 8429 8428
1 5 7115 7116 7217 7216 8226 8227 8328 8327
1 5 8226 8227 8328 8327 9337 9338 9439 9438
1 5 8327 8328 8429 8428 9438 9439 9540 9539
1 5 8328 8329 8430 8429 9439 9440 9541 9540
1 5 8227 8228 8329 8328 9338 9339 9440 9439
1 5 7116 7117 7218 7217 8227 8228 8329 8328
1 5 7217 7218 7319 7318 8328 8329 8430 8429
1 5 7218 7219 7320 7319 8329 8330 8431 8430
1 5 7117 7118 7219 7218 8228 8229 8330 8329
1 5 8228 8229 8330 8329 9339 9340 9441 9440
1 5 8329 8330 8431 8430 9440 9441 9542 9541
1 5 9440 9441 9542 9541 10551 10552 10653 10652
1 5 10551 10552 10653 10652 11662 11663 11764 11763
1 5 10550 10551 10652 10651 11661 11662 11763 11762
1 5 9439 9440 9541 9540 10550 10551 10652 10651
1 5 9338 9339 9440 9439 10449 10450 10551 10550
1 5 10449 10450 10551 10550 11560 11561 11662 11661
1 5 10450 10451 10552 10551 11561 11562 11663 11662
1 5 9339 9340 9441 9440 10450 10451 10552 10551
1 5 9238 9239 9340 9339 10349 10350 10451 10450
1 5 10349 10350 10451 10450 11460 11461 11562 11561
1 5 10348 10349 10450 10449 11459 11460 11561 11560
1 5 9237 9238 9339 9338 10348 10349 10450 10449
1 5 9136 9137 9238 9237 10247 10248 10349 10348
1 5 10247 10248 10349 10348 11358 11359 11460 11459
1 5 10248 10249 10350 10349 11359 11360 11461 11460
1 5 9137 9138 9239 9238 10248 10249 10350 10349
1 5 8026 8027 8128 8127 9137 9138 9239 9238
1 5 8127 8128 8229 8228 9238 9239 9340 9339
1 5 7016 7017 7118 7117 8127 8128 8229 8228
1 5 6915 6916 7017 7016 8026 8027 8128 8127
1 5 6914 6915 7016 7015 8025 8026 8127 8126
1 5 7015 7016 7117 7116 8126 8127 8228 8227
1 5 8126 8127 8228 8227 9237 9238 9339 9338
1 5 8025 8026 8127 8126 9136 9137 9238 9237
1 5 8024 8025 8126 8125 9135 9136 9237 9236
1 5 8125 8126 8227 8226 9236 9237 9338 9337
1 5 7014 7015 7116 7115 8125 8126 8227 8226
1 5 6913 6914 7015 7014 8024 8025 8126 8125
1 5 6912 6913 7014 7013 8023 8024 8125 8124
1 5 7013 7014 7115 7114 8124 8125 8226 8225
1 5 8124 8125 8226 8225 9235 9236 9337 9336
1 5 8023 8024 8125 8124 9134 9135 9236 9235
1 5 9134 9135 9236 9235 10245 10246 10347 10346
1 5 9135 9136 9237 9236 10246 10247 10348 10347
1 5 9236 9237 9338 9337 10347 10348 10449 10448
1 5 9235 9236 9337 9336 10346 10347 10448 10447
1 5 10346 10347 10448 10447 11457 11458 11559 11558
1 5 10347 10348 10449 10448 11458 11459 11560 11559
1 5 10246 10247 10348 10347 11357 11358 11459 11458
1 5 10245 10246 10347 10346 11356 11357 11458 11457
1 5 10144 10145 10246 10245 11255 11256 11357 11356
1 5 10043 10044 10145 10144 11154 11155 11256 11255
1 5 10044 10045 10146 10145 11155 11156 11257 11256
1 5 10145 10146 10247 10246 11256 11257 11358 11357
1 5 10146 10147 10248 10247 11257 11258 11359 11358
1 5 10147 10148 10249 10248 11258 11259 11360 11359
1 5 10046 10047 10148 10147 11157 11158 11259 11258
1 5 10045 10046 10147 10146 11156 11157 11258 11257
1 5 8934 8935 9036 9035 10045 10046 10147 10146
1 5 8935 8936 9037 9036 10046 10047 10148 10147
1 5 9036 9037 9138 9137 10147 10148 10249 10248
1 5 9035 9036 9137 9136 10146 10147 10248 10247
1 5 9034 9035 9136 9135 10145 10146 10247 10246
1 5 8933 8934 9035 9034 10044 10045 10146 10145
1 5 8932 8933 9034 9033 10043 10044 10145 10144
1 5 9033 9034 9135 9134 10144 10145 10246 10245
1 5 7922 7923 8024 8023 9033 9034 9135 9134
1 5 7821 7822 7923 7922 8932 8933 9034 9033
1 5 6710 6711 6812 6811 7821 7822 7923 7922
1 5 6811 6812 6913 6912 7922 7923 8024 8023
1 5 6812 6813 6914 6913 7923 7924 8025 8024
1 5 6711 6712 6813 6812 7822 7823 7924 7923
1 5 7822 7823 7924 7923 8933 8934 9035 9034
1 5 7923 7924 8025 8024 9034 9035 9136 9135
1 5 7924 7925 8026 8025 9035 9036 9137 9136
1 5 7823 7824 7925 7924 8934 8935 9036 9035
1 5 6712 6713 6814 6813 7823 7824 7925 7924
1 5 6813 6814 6915 6914 7924 7925 8026 8025
1 5 6814 6815 6916 6915 7925 7926 8027 8026
1 5 6713 6714 6815 6814 7824 7825 7926 7925
1 5 7824 7825 7926 7925 8935 8936 9037 9036
1 5 7925 7926 8027 8026 9036 9037 9138 9137
1 5 7926 7927 8028 8027 9037 9038 9139 9138
1 5 7825 7826 7927 7926 8936 8937 9038 9037
1 5 6714 6715 6816 6815 7825 7826 7927 7926
1 5 6815 6816 6917 6916 7926 7927 8028 8027
1 5 6816 6817 6918 6917 7927 7928 8029 8028
1 5 6715 6716 6817 6816 7826 7827 7928 7927
1 5 7826 7827 7928 7927 8937 8938 9039 9038
1 5 7927 7928 8029 8028 9038 9039 9140 9139
1 5 9038 9039 9140 9139 10149 10150 10251 10250
1 5 9037 9038 9139 9138 10148 10149 10250 10249
1 5 8936 8937 9038 9037 10047 10048 10149 10148
1 5 8937 8938 9039 9038 10048 10049 10150 10149
1 5 10048 10049 10150 10149 11159 11160 11261 11260
1 5 10047 10048 10149 10148 11158 11159 11260 11259
1 5 10148 10149 10250 10249 11259 11260 11361 11360
1 5 10149 10150 10251 10250 11260 11261 11362 11361
1 5 10250 10251 10352 10351 11361 11362 11463 11462
1 5 10249 10250 10351 10350 11360 11361 11462 11461
1 5 10350 10351 10452 10451 11461 11462 11563 11562
1 5 10351 10352 10453 10452 11462 11463 11564 11563
1 5 9240 9241 9342 9341 10351 10352 10453 10452
1 5 9239 9240 9341 9340 10350 10351 10452 10451
1 5 9138 9139 9240 9239 10249 10250 10351 10350
1 5 9139 9140 9241 9240 10250 10251 10352 10351
1 5 8028 8029 8130 8129 9139 9140 9241 9240
1 5 6917 6918 7019 7018 8028 8029 8130 8129
1 5 6916 6917 7018 7017 8027 8028 8129 8128
1 5 8027 8028 8129 8128 9138 9139 9240 9239
1 5 8128 8129 8230 8229 9239 9240 9341 9340
1 5 7017 7018 7119 7118 8128 8129 8230 8229
1 5 7018 7019 7120 7119 8129 8130 8231 8230
1 5 8129 8130 8231 8230 9240 9241 9342 9341
1 5 8230 8231 8332 8331 9341 9342 9443 9442
1 5 7119 7120 7221 7220 8230 8231 8332 8331
1 5 7118 7119 7220 7219 8229 8230 8331 8330
1 5 8229 8230 8331 8330 9340 9341 9442 9441
1 5 8330 8331 8432 8431 9441 9442 9543 9542
1 5 7219 7220 7321 7320 8330 8331 8432 8431
1 5 7220 7221 7322 7321 8331 8332 8433 8432
1 5 8331 8332 8433 8432 9442 9443 9544 9543
1 5 9442 9443 9544 9543 10553 10554 10655 10654
1 5 9441 9442 9543 9542 10552 10553 10654 10653
1 5 9340 9341 9442 9441 10451 10452 10553 10552
1 5 9341 9342 9443 9442 10452 10453 10554 10553
1 5 10452 10453 10554 10553 11563 11564 11665 11664
1 5 10451 10452 10553 10552 11562 11563 11664 11663
1 5 10552 10553 10654 10653 11663 11664 11765 11764
1 5 10553 10554 10655 10654 11664 11665 11766 11765
1 5 10654 10655 10756 10755 11765 11766 11867 11866
1 5 9543 9544 9645 9644 10654 10655 10756 10755
1 5 9542 9543 9644 9643 10653 10654 10755 10754
1 5 10653 10654 10755 10754 11764 11765 11866 11865
1 5 10754 10755 10856 10855 11865 11866 11967 11966
1 5 9643 9644 9745 9744 10754 10755 10856 10855
1 5 9644 9645 9746 9745 10755 10756 10857 10856
1 5 10755 10756 10857 10856 11866 11867 11968 11967
1 5 10856 10857 10958 10957 11967 11968 12069 12068
1 5 10855 10856 10957 10956 11966 11967 12068 12067
1 5 10956 10957 11058 11057 12067 12068 12169 12168
1 5 10957 10958 11059 11058 12068 12069 12170 12169
1 5 9846 9847 9948 9947 10957 10958 11059 11058
1 5 9845 9846 9947 9946 10956 10957 11058 11057
1 5 9744 9745 9846 9845 10855 10856 10957 10956
1 5 9745 9746 9847 9846 10856 10857 10958 10957
1 5 8634 8635 8736 8735 9745 9746 9847 9846
1 5 8633 8634 8735 8734 9744 9745 9846 9845
1 5 8734 8735 8836 8835 9845 9846 9947 9946
1 5 8735 8736 8837 8836 9846 9847 9948 9947
1 5 7624 7625 7726 7725 8735 8736 8837 8836
1 5 7623 7624 7725 7724 8734 8735 8836 8835
1 5 7522 7523 7624 7623 8633 8634 8735 8734
1 5 7523 7524 7625 7624 8634 8635 8736 8735
1 5 7422 7423 7524 7523 8533 8534 8635 8634
1 5 7321 7322 7423 7422 8432 8433 8534 8533
1 5 8432 8433 8534 8533 9543 9544 9645 9644
1 5 8533 8534 8635 8634 9644 9645 9746 9745
1 5 8532 8533 8634 8633 9643 9644 9745 9744
1 5 8431 8432 8533 8532 9542 9543 9644 9643
1 5 7320 7321 7422 7421 8431 8432 8533 8532
1 5 7421 7422 7523 7522 8532 8533 8634 8633
1 5 7420 7421 7522 7521 8531 8532 8633 8632
1 5 7319 7320 7421 7420 8430 8431 8532 8531
1 5 8430 8431 8532 8531 9541 9542 9643 9642
1 5 8531 8532 8633 8632 9642 9643 9744 9743
1 5 8530 8531 8632 8631 9641 9642 9743 9742
1 5 8429 8430 8531 8530 9540 9541 9642 9641
1 5 7318 7319 7420 7419 8429 8430 8531 8530
1 5 7419 7420 7521 7520 8530 8531 8632 8631
1 5 7520 7521 7622 7621 8631 8632 8733 8732
1 5 7521 7522 7623 7622 8632 8633 8734 8733
1 5 7622 7623 7724 7723 8733 8734 8835 8834
1 5 7621 7622 7723 7722 8732 8733 8834 8833
1 5 8732 8733 8834 8833 9843 9844 9945 9944
1 5 8733 8734 8835 8834 9844 9845 9946 9945
1 5 8632 8633 8734 8733 9743 9744 9845 9844
1 5 8631 8632 8733 8732 9742 9743 9844 9843
1 5 9742 9743 9844 9843 10853 10854 10955 10954
1 5 9743 9744 9845 9844 10854 10855 10956 10955
1 5 9844 9845 9946 9945 10955 10956 11057 11056
1 5 9843 9844 9945 9944 10954 10955 11056 11055
1 5 10954 10955 11056 11055 12065 12066 12167 12166
1 5 10955 10956 11057 11056 12066 12067 12168 12167
1 5 10854 10855 10956 10955 11965 11966 12067 12066
1 5 10853 10854 10955 10954 11964 11965 12066 12065
1 5 10752 10753 10854 10853 11863 11864 11965 11964
1 5 9641 9642 9743 9742 10752 10753 10854 10853
1 5 9642 9643 9744 9743 10753 10754 10855 10854
1 5 10753 10754 10855 10854 11864 11865 11966 11965
1 5 10652 10653 10754 10753 11763 11764 11865 11864
1 5 9541 9542 9643 9642 10652 10653 10754 10753
1 5 9540 9541 9642 9641 10651 10652 10753 10752
1 5 10651 10652 10753 10752 11762 11763 11864 11863
1 5 10650 10651 10752 10751 11761 11762 11863 11862
1 5 10649 10650 10751 10750 11760 11761 11862 11861
1 5 9538 9539 9640 9639 10649 10650 10751 10750
1 5 9539 9540 9641 9640 10650 10651 10752 10751
1 5 8428 8429 8530 8529 9539 9540 9641 9640
1 5 7317 7318 7419 7418 8428 8429 8530 8529
1 5 7316 7317 7418 7417 8427 8428 8529 8528
1 5 8427 8428 8529 8528 9538 9539 9640 9639
1 5 8528 8529 8630 8629 9639 9640 9741 9740
1 5 7417 7418 7519 7518 8528 8529 8630 8629
1 5 7418 7419 7520 7519 8529 8530 8631 8630
1 5 8529 8530 8631 8630 9640 9641 9742 9741
1 5 9640 9641 9742 9741 10751 10752 10853 10852
1 5 9639 9640 9741 9740 10750 10751 10852 10851
1 5 10750 10751 10852 10851 11861 11862 11963 11962
1 5 10751 10752 10853 10852 11862 11863 11964 11963
1 5 10852 10853 10954 10953 11963 11964 12065 12064
1 5 10851 10852 10953 10952 11962 11963 12064 12063
1 5 10952 10953 11054 11053 12063 12064 12165 12164
1 5 10953 10954 11055 11054 12064 12065 12166 12165
1 5 9842 9843 9944 9943 10953 10954 11055 11054
1 5 9841 9842 9943 9942 10952 10953 11054 11053
1 5 9740 9741 9842 9841 10851 10852 10953 10952
1 5 9741 9742 9843 9842 10852 10853 10954 10953
1 5 8630 8631 8732 8731 9741 9742 9843 9842
1 5 8629 8630 8731 8730 9740 9741 9842 9841
1 5 8730 8731 8832 8831 9841 9842 9943 9942
1 5 8731 8732 8833 8832 9842 9843 9944 9943
1 5 7620 7621 7722 7721 8731 8732 8833 8832
1 5 7619 7620 7721 7720 8730 8731 8832 8831
1 5 7518 7519 7620 7619 8629 8630 8731 8730
1 5 7519 7520 7621 7620 8630 8631 8732 8731
1 5 6408 6409 6510 6509 7519 7520 7621 7620
1 5 6407 6408 6509 6508 7518 7519 7620 7619
1 5 6508 6509 6610 6609 7619 7620 7721 7720
1 5 6509 6510 6611 6610 7620 7621 7722 7721
1 5 5398 5399 5500 5499 6509 6510 6611 6610
1 5 5397 5398 5499 5498 6508 6509 6610 6609
1 5 5296 5297 5398 5397 6407 6408 6509 6508
1 5 5297 5298 5399 5398 6408 6409 6510 6509
1 5 5196 5197 5298 5297 6307 6308 6409 6408
1 5 6307 6308 6409 6408 7418 7419 7520 7519
1 5 6306 6307 6408 6407 7417 7418 7519 7518
1 5 5195 5196 5297 5296 6306 6307 6408 6407
1 5 5094 5095 5196 5195 6205 6206 6307 6306
1 5 6205 6206 6307 6306 7316 7317 7418 7417
1 5 6206 6207 6308 6307 7317 7318 7419 7418
1 5 5095 5096 5197 5196 6206 6207 6308 6307
1 5 5096 5097 5198 5197 6207 6208 6309 6308
1 5 6207 6208 6309 6308 7318 7319 7420 7419
1 5 6208 6209 6310 6309 7319 7320 7421 7420
1 5 5097 5098 5199 5198 6208 6209 6310 6309
1 5 5198 5199 5300 5299 6309 6310 6411 6410
1 5 6309 6310 6411 6410 7420 7421 7522 7521
1 5 6308 6309 6410 6409 7419 7420 7521 7520
1 5 5197 5198 5299 5298 6308 6309 6410 6409
1 5 5298 5299 5400 5399 6409 6410 6511 6510
1 5 5399 5400 5501 5500 6510 6511 6612 6611
1 5 6510 6511 6612 6611 7621 7622 7723 7722
1 5 6409 6410 6511 6510 7520 7521 7622 7621
1 5 6410 6411 6512 6511 7521 7522 7623 7622
1 5 6511 6512 6613 6612 7622 7623 7724 7723
1 5 5400 5401 5502 5501 6511 6512 6613 6612
1 5 5299 5300 5401 5400 6410 6411 6512 6511
1 5 5300 5301 5402 5401 6411 6412 6513 6512
1 5 5401 5402 5503 5502 6512 6513 6614 6613
1 5 6512 6513 6614 6613 7623 7624 7725 7724
1 5 6411 6412 6513 6512 7522 7523 7624 7623
1 5 6412 6413 6514 6513 7523 7524 7625 7624
1 5 6513 6514 6615 6614 7624 7625 7726 7725
1 5 5402 5403 5504 5503 6513 6514 6615 6614
1 5 5301 5302 5403 5402 6412 6413 6514 6513
1 5 5200 5201 5302 5301 6311 6312 6413 6412
1 5 6311 6312 6413 6412 7422 7423 7524 7523
1 5 6310 6311 6412 6411 7421 7422 7523 7522
1 5 5199 5200 5301 5300 6310 6311 6412 6411
1 5 5098 5099 5200 5199 6209 6210 6311 6310
1 5 6209 6210 6311 6310 7320 7321 7422 7421
1 5 6210 6211 6312 6311 7321 7322 7423 7422
1 5 5099 5100 5201 5200 6210 6211 6312 6311
1 5 3988 3989 4090 4089 5099 5100 5201 5200
1 5 2877 2878 2979 2978 3988 3989 4090 4089
1 5 2876 2877 2978 2977 3987 3988 4089 4088
1 5 3987 3988 4089 4088 5098 5099 5200 5199
1 5 4088 4089 4190 4189 5199 5200 5301 5300
1 5 2977 2978 3079 3078 4088 4089 4190 4189
1 5 2978 2979 3080 3079 4089 4090 4191 4190
1 5 4089 4090 4191 4190 5200 5201 5302 5301
1 5 4190 4191 4292 4291 5301 5302 5403 5402
1 5 4291 4292 4393 4392 5402 5403 5504 5503
1 5 3180 3181 3282 3281 4291 4292 4393 4392
1 5 3079 3080 3181 3180 4190 4191 4292 4291
1 5 3078 3079 3180 3179 4189 4190 4291 4290
1 5 3179 3180 3281 3280 4290 4291 4392 4391
1 5 4290 4291 4392 4391 5401 5402 5503 5502
1 5 4189 4190 4291 4290 5300 5301 5402 5401
1 5 4188 4189 4290 4289 5299 5300 5401 5400
1 5 4289 4290 4391 4390 5400 5401 5502 5501
1 5 3178 3179 3280 3279 4289 4290 4391 4390
1 5 3077 3078 3179 3178 4188 4189 4290 4289
1 5 3076 3077 3178 3177 4187 4188 4289 4288
1 5 3177 3178 3279 3278 4288 4289 4390 4389
1 5 4288 4289 4390 4389 5399 5400 5501 5500
1 5 4187 4188 4289 4288 5298 5299 5400 5399
1 5 4086 4087 4188 4187 5197 5198 5299 5298
1 5 2975 2976 3077 3076 4086 4087 4188 4187
1 5 2976 2977 3078 3077 4087 4088 4189 4188
1 5 4087 4088 4189 4188 5198 5199 5300 5299
1 5 3986 3987 4088 4087 5097 5098 5199 5198
1 5 2875 2876 2977 2976 3986 3987 4088 4087
1 5 2874 2875 2976 2975 3985 3986 4087 4086
1 5 3985 3986 4087 4086 5096 5097 5198 5197
1 5 3984 3985 4086 4085 5095 5096 5197 5196
1 5 2873 2874 2975 2974 3984 3985 4086 4085
1 5 2872 2873 2974 2973 3983 3984 4085 4084
1 5 3983 3984 4085 4084 5094 5095 5196 5195
1 5 4084 4085 4186 4185 5195 5196 5297 5296
1 5 2973 2974 3075 3074 4084 4085 4186 4185
1 5 2974 2975 3076 3075 4085 4086 4187 4186
1 5 4085 4086 4187 4186 5196 5197 5298 5297
1 5 4186 4187 4288 4287 5297 5298 5399 5398
1 5 4185 4186 4287 4286 5296 5297 5398 5397
1 5 4286 4287 4388 4387 5397 5398 5499 5498
1 5 4287 4288 4389 4388 5398 5399 5500 5499
1 5 3176 3177 3278 3277 4287 4288 4389 4388
1 5 3175 3176 3277 3276 4286 4287 4388 4387
1 5 3074 3075 3176 3175 4185 4186 4287 4286
1 5 3075 3076 3177 3176 4186 4187 4288 4287
1 5 1964 1965 2066 2065 3075 3076 3177 3176
1 5 1963 1964 2065 2064 3074 3075 3176 3175
1 5 2064 2065 2166 2165 3175 3176 3277 3276
1 5 2065 2066 2167 2166 3176 3177 3278 3277
1 5 954 955 1056 1055 2065 2066 2167 2166
1 5 953 954 1055 1054 2064 2065 2166 2165
1 5 852 853 954 953 1963 1964 2065 2064
1 5 853 854 955 954 1964 1965 2066 2065
1 5 752 753 854 853 1863 1864 1965 1964
1 5 1863 1864 1965 1964 2974 2975 3076 3075
1 5 1862 1863 1964 1963 2973 2974 3075 3074
1 5 751 752 853 852 1862 1863 1964 1963
1 5 650 651 752 751 1761 1762 1863 1862
1 5 1761 1762 1863 1862 2872 2873 2974 2973
1 5 1762 1763 1864 1863 2873 2874 2975 2974
1 5 651 652 753 752 1762 1763 1864 1863
1 5 652 653 754 753 1763 1764 1865 1864
1 5 1763 1764 1865 1864 2874 2875 2976 2975
1 5 1764 1765 1866 1865 2875 2876 2977 2976
1 5 653 654 755 754 1764 1765 1866 1865
1 5 754 755 856 855 1865 1866 1967 1966
1 5 1865 1866 1967 1966 2976 2977 3078 3077
1 5 1864 1865 1966 1965 2975 2976 3077 3076
1 5 753 754 855 854 1864 1865 1966 1965
1 5 854 855 956 955 1965 1966 2067 2066
1 5 955 956 1057 1056 2066 2067 2168 2167
1 5 2066 2067 2168 2167 3177 3178 3279 3278
1 5 1965 1966 2067 2066 3076 3077 3178 3177
1 5 1966 1967 2068 2067 3077 3078 3179 3178
1 5 2067 2068 2169 2168 3178 3179 3280 3279
1 5 956 957 1058 1057 2067 2068 2169 2168
1 5 855 856 957 956 1966 1967 2068 2067
1 5 856 857 958 957 1967 1968 2069 2068
1 5 957 958 1059 1058 2068 2069 2170 2169
1 5 2068 2069 2170 2169 3179 3180 3281 3280
1 5 1967 1968 2069 2068 3078 3079 3180 3179
1 5 1968 1969 2070 2069 3079 3080 3181 3180
1 5 2069 2070 2171 2170 3180 3181 3282 3281
1 5 958 959 1060 1059 2069 2070 2171 2170
1 5 857 858 959 958 1968 1969 2070 2069
1 5 756 757 858 857 1867 1868 1969 1968
1 5 1867 1868 1969 1968 2978 2979 3080 3079
1 5 1866 1867 1968 1967 2977 2978 3079 3078
1 5 755 756 857 856 1866 1867 1968 1967
1 5 654 655 756 755 1765 1766 1867 1866
1 5 1765 1766 1867 1866 2876 2877 2978 2977
1 5 1766 1767 1868 1867 2877 2878 2979 2978
1 5 655 656 757 756 1766 1767 1868 1867
1 5 554 555 656 655 1665 1666 1767 1766
1 5 453 454 555 554 1564 1565 1666 1665
1 5 1564 1565 1666 1665 2675 2676 2777 2776
1 5 1665 1666 1767 1766 2776 2777 2878 2877
1 5 1664 1665 1766 1765 2775 2776 2877 2876
1 5 1563 1564 1665 1664 2674 2675 2776 2775
1 5 452 453 554 553 1563 1564 1665 1664
1 5 553 554 655 654 1664 1665 1766 1765
1 5 552 553 654 653 1663 1664 1765 1764
1 5 1663 1664 1765 1764 2774 2775 2876 2875
1 5 1662 1663 1764 1763 2773 2774 2875 2874
1 5 551 552 653 652 1662 1663 1764 1763
1 5 450 451 552 551 1561 1562 1663 1662
1 5 1561 1562 1663 1662 2672 2673 2774 2773
1 5 1562 1563 1664 1663 2673 2674 2775 2774
1 5 451 452 553 552 1562 1563 1664 1663
1 5 350 351 452 451 1461 1462 1563 1562
1 5 1461 1462 1563 1562 2572 2573 2674 2673
1 5 1460 1461 1562 1561 2571 2572 2673 2672
1 5 349 350 451 450 1460 1461 1562 1561
1 5 248 249 350 349 1359 1360 1461 1460
1 5 1359 1360 1461 1460 2470 2471 2572 2571
1 5 1360 1361 1462 1461 2471 2472 2573 2572
1 5 249 250 351 350 1360 1361 1462 1461
1 5 250 251 352 351 1361 1362 1463 1462
1 5 251 252 353 352 1362 1363 1464 1463
1 5 352 353 454 453 1463 1464 1565 1564
1 5 351 352 453 452 1462 1463 1564 1563
1 5 1462 1463 1564 1563 2573 2574 2675 2674
1 5 1463 1464 1565 1564 2574 2575 2676 2675
1 5 1362 1363 1464 1463 2473 2474 2575 2574
1 5 1361 1362 1463 1462 2472 2473 2574 2573
1 5 2472 2473 2574 2573 3583 3584 3685 3684
1 5 2473 2474 2575 2574 3584 3585 3686 3685
1 5 2574 2575 2676 2675 3685 3686 3787 3786
1 5 2573 2574 2675 2674 3684 3685 3786 3785
1 5 3684 3685 3786 3785 4795 4796 4897 4896
1 5 3685 3686 3787 3786 4796 4797 4898 4897
1 5 3584 3585 3686 3685 4695 4696 4797 4796
1 5 3583 3584 3685 3684 4694 4695 4796 4795
1 5 3582 3583 3684 3683 4693 4694 4795 4794
1 5 2471 2472 2573 2572 3582 3583 3684 3683
1 5 2470 2471 2572 2571 3581 3582 3683 3682
1 5 3581 3582 3683 3682 4692 4693 4794 4793
1 5 3682 3683 3784 3783 4793 4794 4895 4894
1 5 2571 2572 2673 2672 3682 3683 3784 3783
1 5 2572 2573 2674 2673 3683 3684 3785 3784
1 5 3683 3684 3785 3784 4794 4795 4896 4895
1 5 3784 3785 3886 3885 4895 4896 4997 4996
1 5 2673 2674 2775 2774 3784 3785 3886 3885
1 5 2672 2673 2774 2773 3783 3784 3885 3884
1 5 3783 3784 3885 3884 4894 4895 4996 4995
1 5 3884 3885 3986 3985 4995 4996 5097 5096
1 5 2773 2774 2875 2874 3884 3885 3986 3985
1 5 2774 2775 2876 2875 3885 3886 3987 3986
1 5 3885 3886 3987 3986 4996 4997 5098 5097
1 5 3886 3887 3988 3987 4997 4998 5099 5098
1 5 3785 3786 3887 3886 4896 4897 4998 4997
1 5 2674 2675 2776 2775 3785 3786 3887 3886
1 5 2775 2776 2877 2876 3886 3887 3988 3987
1 5 2776 2777 2878 2877 3887 3888 3989 3988
1 5 2675 2676 2777 2776 3786 3787 3888 3887
1 5 3786 3787 3888 3887 4897 4898 4999 4998
1 5 3887 3888 3989 3988 4998 4999 5100 5099
1 5 4998 4999 5100 5099 6109 6110 6211 6210
1 5 6109 6110 6211 6210 7220 7221 7322 7321
1 5 6108 6109 6210 6209 7219 7220 7321 7320
1 5 4997 4998 5099 5098 6108 6109 6210 6209
1 5 4996 4997 5098 5097 6107 6108 6209 6208
1 5 6107 6108 6209 6208 7218 7219 7320 7319
1 5 6106 6107 6208 6207 7217 7218 7319 7318
1 5 4995 4996 5097 5096 6106 6107 6208 6207
1 5 4894 4895 4996 4995 6005 6006 6107 6106
1 5 6005 6006 6107 6106 7116 7117 7218 7217
1 5 6006 6007 6108 6107 7117 7118 7219 7218
1 5 4895 4896 4997 4996 6006 6007 6108 6107
1 5 4896 4897 4998 4997 6007 6008 6109 6108
1 5 6007 6008 6109 6108 7118 7119 7220 7219
1 5 6008 6009 6110 6109 7119 7120 7221 7220
1 5 4897 4898 4999 4998 6008 6009 6110 6109
1 5 4796 4797 4898 4897 5907 5908 6009 6008
1 5 4695 4696 4797 4796 5806 5807 5908 5907
1 5 5806 5807 5908 5907 6917 6918 7019 7018
1 5 5907 5908 6009 6008 7018 7019 7120 7119
1 5 5906 5907 6008 6007 7017 7018 7119 7118
1 5 5805 5806 5907 5906 6916 6917 7018 7017
1 5 4694 4695 4796 4795 5805 5806 5907 5906
1 5 4795 4796 4897 4896 5906 5907 6008 6007
1 5 4794 4795 4896 4895 5905 5906 6007 6006
1 5 4693 4694 4795 4794 5804 5805 5906 5905
1 5 5804 5805 5906 5905 6915 6916 7017 7016
1 5 5905 5906 6007 6006 7016 7017 7118 7117
1 5 5904 5905 6006 6005 7015 7016 7117 7116
1 5 5803 5804 5905 5904 6914 6915 7016 7015
1 5 4692 4693 4794 4793 5803 5804 5905 5904
1 5 4793 4794 4895 4894 5904 5905 6006 6005
1 5 4792 4793 4894 4893 5903 5904 6005 6004
1 5 4691 4692 4793 4792 5802 5803 5904 5903
1 5 5802 5803 5904 5903 6913 6914 7015 7014
1 5 5903 5904 6005 6004 7014 7015 7116 7115
1 5 5902 5903 6004 6003 7013 7014 7115 7114
1 5 5801 5802 5903 5902 6912 6913 7014 7013
1 5 4690 4691 4792 4791 5801 5802 5903 5902
1 5 4791 4792 4893 4892 5902 5903 6004 6003
1 5 4892 4893 4994 4993 6003 6004 6105 6104
1 5 6003 6004 6105 6104 7114 7115 7216 7215
1 5 6004 6005 6106 6105 7115 7116 7217 7216
1 5 4893 4894 4995 4994 6004 6005 6106 6105
1 5 4994 4995 5096 5095 6105 6106 6207 6206
1 5 6105 6106 6207 6206 7216 7217 7318 7317
1 5 6104 6105 6206 6205 7215 7216 7317 7316
1 5 4993 4994 5095 5094 6104 6105 6206 6205
1 5 3882 3883 3984 3983 4993 4994 5095 5094
1 5 3883 3884 3985 3984 4994 4995 5096 5095
1 5 3782 3783 3884 3883 4893 4894 4995 4994
1 5 3781 3782 3883 3882 4892 4893 4994 4993
1 5 3680 3681 3782 3781 4791 4792 4893 4892
1 5 3681 3682 3783 3782 4792 4793 4894 4893
1 5 3580 3581 3682 3681 4691 4692 4793 4792
1 5 3579 3580 3681 3680 4690 4691 4792 4791
1 5 2468 2469 2570 2569 3579 3580 3681 3680
1 5 2469 2470 2571 2570 3580 3581 3682 3681
1 5 2570 2571 2672 2671 3681 3682 3783 3782
1 5 2569 2570 2671 2670 3680 3681 3782 3781
1 5 2670 2671 2772 2771 3781 3782 3883 3882
1 5 2671 2672 2773 2772 3782 3783 3884 3883
1 5 2772 2773 2874 2873 3883 3884 3985 3984
1 5 2771 2772 2873 2872 3882 3883 3984 3983
1 5 1660 1661 1762 1761 2771 2772 2873 2872
1 5 549 550 651 650 1660 1661 1762 1761
1 5 550 551 652 651 1661 1662 1763 1762
1 5 1661 1662 1763 1762 2772 2773 2874 2873
1 5 1560 1561 1662 1661 2671 2672 2773 2772
1 5 449 450 551 550 1560 1561 1662 1661
1 5 448 449 550 549 1559 1560 1661 1660
1 5 1559 1560 1661 1660 2670 2671 2772 2771
1 5 1458 1459 1560 1559 2569 2570 2671 2670
1 5 347 348 449 448 1458 1459 1560 1559
1 5 348 349 450 449 1459 1460 1561 1560
1 5 1459 1460 1561 1560 2570 2571 2672 2671
1 5 1358 1359 1460 1459 2469 2470 2571 2570
1 5 247 248 349 348 1358 1359 1460 1459
1 5 246 247 348 347 1357 1358 1459 1458
1 5 1357 1358 1459 1458 2468 2469 2570 2569
1 5 1256 1257 1358 1357 2367 2368 2469 2468
1 5 145 146 247 246 1256 1257 1358 1357
1 5 146 147 248 247 1257 1258 1359 1358
1 5 1257 1258 1359 1358 2368 2369 2470 2469
1 5 1156 1157 1258 1257 2267 2268 2369 2368
1 5 45 46 147 146 1156 1157 1258 1257
1 5 44 45 146 145 1155 1156 1257 1256
1 5 1155 1156 1257 1256 2266 2267 2368 2367
1 5 2266 2267 2368 2367 3377 3378 3479 3478
1 5 2267 2268 2369 2368 3378 3379 3480 3479
1 5 2368 2369 2470 2469 3479 3480 3581 3580
1 5 2367 2368 2469 2468 3478 3479 3580 3579
1 5 3478 3479 3580 3579 4589 4590 4691 4690
1 5 3479 3480 3581 3580 4590 4591 4692 4691
1 5 3378 3379 3480 3479 4489 4490 4591 4590
1 5 3377 3378 3479 3478 4488 4489 4590 4589
1 5 4488 4489 4590 4589 5599 5600 5701 5700
1 5 4589 4590 4691 4690 5700 5701 5802 5801
1 5 5700 5701 5802 5801 6811 6812 6913 6912
1 5 5599 5600 5701 5700 6710 6711 6812 6811
1 5 5600 5601 5702 5701 6711 6712 6813 6812
1 5 5701 5702 5803 5802 6812 6813 6914 6913
1 5 4590 4591 4692 4691 5701 5702 5803 5802
1 5 4489 4490 4591 4590 5600 5601 5702 5701
1 5 4490 4491 4592 4591 5601 5602 5703 5702
1 5 4591 4592 4693 4692 5702 5703 5804 5803
1 5 5702 5703 5804 5803 6813 6814 6915 6914
1 5 5601 5602 5703 5702 6712 6713 6814 6813
1 5 5602 5603 5704 5703 6713 6714 6815 6814
1 5 5703 5704 5805 5804 6814 6815 6916 6915
1 5 4592 4593 4694 4693 5703 5704 5805 5804
1 5 4491 4492 4593 4592 5602 5603 5704 5703
1 5 4492 4493 4594 4593 5603 5604 5705 5704
1 5 4593 4594 4695 4694 5704 5705 5806 5805
1 5 5704 5705 5806 5805 6815 6816 6917 6916
1 5 5603 5604 5705 5704 6714 6715 6816 6815
1 5 5604 5605 5706 5705 6715 6716 6817 6816
1 5 5705 5706 5807 5806 6816 6817 6918 6917
1 5 4594 4595 4696 4695 5705 5706 5807 5806
1 5 4493 4494 4595 4594 5604 5605 5706 5705
1 5 3382 3383 3484 3483 4493 4494 4595 4594
1 5 3483 3484 3585 3584 4594 4595 4696 4695
1 5 2372 2373 2474 2473 3483 3484 3585 3584
1 5 2271 2272 2373 2372 3382 3383 3484 3483
1 5 2270 2271 2372 2371 3381 3382 3483 3482
1 5 2371 2372 2473 2472 3482 3483 3584 3583
1 5 3482 3483 3584 3583 4593 4594 4695 4694
1 5 3381 3382 3483 3482 4492 4493 4594 4593
1 5 3380 3381 3482 3481 4491 4492 4593 4592
1 5 3379 3380 3481 3480 4490 4491 4592 4591
1 5 3480 3481 3582 3581 4591 4592 4693 4692
1 5 3481 3482 3583 3582 4592 4593 4694 4693
1 5 2370 2371 2472 2471 3481 3482 3583 3582
1 5 2369 2370 2471 2470 3480 3481 3582 3581
1 5 2268 2269 2370 2369 3379 3380 3481 3480
1 5 2269 2270 2371 2370 3380 3381 3482 3481
1 5 1158 1159 1260 1259 2269 2270 2371 2370
1 5 1157 1158 1259 1258 2268 2269 2370 2369
1 5 1258 1259 1360 1359 2369 2370 2471 2470
1 5 1259 1260 1361 1360 2370 2371 2472 2471
1 5 148 149 250 249 1259 1260 1361 1360
1 5 147 148 249 248 1258 1259 1360 1359
1 5 46 47 148 147 1157 1158 1259 1258
1 5 47 48 149 148 1158 1159 1260 1259
1 5 48 49 150 149 1159 1160 1261 1260
1 5 149 150 251 250 1260 1261 1362 1361
1 5 1260 1261 1362 1361 2371 2372 2473 2472
1 5 1159 1160 1261 1260 2270 2271 2372 2371
1 5 1160 1161 1262 1261 2271 2272 2373 2372
1 5 1261 1262 1363 1362 2372 2373 2474 2473
1 5 150 151 252 251 1261 1262 1363 1362
1 5 49 50 151 150 1160 1161 1262 1261
1 5 50 51 152 151 1161 1162 1263 1262
1 5 151 152 253 252 1262 1263 1364 1363
1 5 1262 1263 1364 1363 2373 2374 2475 2474
1 5 1161 1162 1263 1262 2272 2273 2374 2373
1 5 1162 1163 1264 1263 2273 2274 2375 2374
1 5 1263 1264 1365 1364 2374 2375 2476 2475
1 5 152 153 254 253 1263 1264 1365 1364
1 5 51 52 153 152 1162 1163 1264 1263
1 5 52 53 154 153 1163 1164 1265 1264
1 5 1163 1164 1265 1264 2274 2275 2376 2375
1 5 1164 1165 1266 1265 2275 2276 2377 2376
1 5 53 54 155 154 1164 1165 1266 1265
1 5 154 155 256 255 1265 1266 1367 1366
1 5 1265 1266 1367 1366 2376 2377 2478 2477
1 5 1264 1265 1366 1365 2375 2376 2477 2476
1 5 153 154 255 254 1264 1265 1366 1365
1 5 254 255 356 355 1365 1366 1467 1466
1 5 1365 1366 1467 1466 2476 2477 2578 2577
1 5 1366 1367 1468 1467 2477 2478 2579 2578
1 5 255 256 357 356 1366 1367 1468 1467
1 5 356 357 458 457 1467 1468 1569 1568
1 5 1467 1468 1569 1568 2578 2579 2680 2679
1 5 1466 1467 1568 1567 2577 2578 2679 2678
1 5 355 356 457 456 1466 1467 1568 1567
1 5 354 355 456 455 1465 1466 1567 1566
1 5 353 354 455 454 1464 1465 1566 1565
1 5 252 253 354 353 1363 1364 1465 1464
1 5 253 254 355 354 1364 1365 1466 1465
1 5 1364 1365 1466 1465 2475 2476 2577 2576
1 5 1363 1364 1465 1464 2474 2475 2576 2575
1 5 1464 1465 1566 1565 2575 2576 2677 2676
1 5 1465 1466 1567 1566 2576 2577 2678 2677
1 5 2576 2577 2678 2677 3687 3688 3789 3788
1 5 2575 2576 2677 2676 3686 3687 3788 3787
1 5 2474 2475 2576 2575 3585 3586 3687 3686
1 5 2475 2476 2577 2576 3586 3587 3688 3687
1 5 3586 3587 3688 3687 4697 4698 4799 4798
1 5 3585 3586 3687 3686 4696 4697 4798 4797
1 5 3686 3687 3788 3787 4797 4798 4899 4898
1 5 3687 3688 3789 3788 4798 4799 4900 4899
1 5 3688 3689 3790 3789 4799 4800 4901 4900
1 5 2577 2578 2679 2678 3688 3689 3790 3789
1 5 2578 2579 2680 2679 3689 3690 3791 3790
1 5 3689 3690 3791 3790 4800 4801 4902 4901
1 5 3588 3589 3690 3689 4699 4700 4801 4800
1 5 2477 2478 2579 2578 3588 3589 3690 3689
1 5 2476 2477 2578 2577 3587 3588 3689 3688
1 5 3587 3588 3689 3688 4698 4699 4800 4799
1 5 3486 3487 3588 3587 4597 4598 4699 4698
1 5 2375 2376 2477 2476 3486 3487 3588 3587
1 5 2376 2377 2478 2477 3487 3488 3589 3588
1 5 3487 3488 3589 3588 4598 4599 4700 4699
1 5 3386 3387 3488 3487 4497 4498 4599 4598
1 5 2275 2276 2377 2376 3386 3387 3488 3487
1 5 2274 2275 2376 2375 3385 3386 3487 3486
1 5 3385 3386 3487 3486 4496 4497 4598 4597
1 5 3384 3385 3486 3485 4495 4496 4597 4596
1 5 3485 3486 3587 3586 4596 4597 4698 4697
1 5 2374 2375 2476 2475 3485 3486 3587 3586
1 5 2273 2274 2375 2374 3384 3385 3486 3485
1 5 2272 2273 2374 2373 3383 3384 3485 3484
1 5 2373 2374 2475 2474 3484 3485 3586 3585
1 5 3484 3485 3586 3585 4595 4596 4697 4696
1 5 3383 3384 3485 3484 4494 4495 4596 4595
1 5 4494 4495 4596 4595 5605 5606 5707 5706
1 5 5605 5606 5707 5706 6716 6717 6818 6817
1 5 5606 5607 5708 5707 6717 6718 6819 6818
1 5 4495 4496 4597 4596 5606 5607 5708 5707
1 5 4596 4597 4698 4697 5707 5708 5809 5808
1 5 5707 5708 5809 5808 6818 6819 6920 6919
1 5 5706 5707 5808 5807 6817 6818 6919 6918
1 5 4595 4596 4697 4696 5706 5707 5808 5807
1 5 4696 4697 4798 4797 5807 5808 5909 5908
1 5 4797 4798 4899 4898 5908 5909 6010 6009
1 5 5908 5909 6010 6009 7019 7020 7121 7120
1 5 5807 5808 5909 5908 6918 6919 7020 7019
1 5 5808 5809 5910 5909 6919 6920 7021 7020
1 5 5909 5910 6011 6010 7020 7021 7122 7121
1 5 4798 4799 4900 4899 5909 5910 6011 6010
1 5 4697 4698 4799 4798 5808 5809 5910 5909
1 5 4698 4699 4800 4799 5809 5810 5911 5910
1 5 4799 4800 4901 4900 5910 5911 6012 6011
1 5 5910 5911 6012 6011 7021 7022 7123 7122
1 5 5809 5810 5911 5910 6920 6921 7022 7021
1 5 5810 5811 5912 5911 6921 6922 7023 7022
1 5 5911 5912 6013 6012 7022 7023 7124 7123
1 5 4800 4801 4902 4901 5911 5912 6013 6012
1 5 4699 4700 4801 4800 5810 5811 5912 5911
1 5 4598 4599 4700 4699 5709 5710 5811 5810
1 5 5709 5710 5811 5810 6820 6821 6922 6921
1 5 5708 5709 5810 5809 6819 6820 6921 6920
1 5 4597 4598 4699 4698 5708 5709 5810 5809
1 5 4496 4497 4598 4597 5607 5608 5709 5708
1 5 5607 5608 5709 5708 6718 6719 6820 6819
1 5 5608 5609 5710 5709 6719 6720 6821 6820
1 5 4497 4498 4599 4598 5608 5609 5710 5709
1 5 4498 4499 4600 4599 5609 5610 5711 5710
1 5 5609 5610 5711 5710 6720 6721 6822 6821
1 5 5610 5611 5712 5711 6721 6722 6823 6822
1 5 4499 4500 4601 4600 5610 5611 5712 5711
1 5 4600 4601 4702 4701 5711 5712 5813 5812
1 5 5711 5712 5813 5812 6822 6823 6924 6923
1 5 5710 5711 5812 5811 6821 6822 6923 6922
1 5 4599 4600 4701 4700 5710 5711 5812 5811
1 5 4700 4701 4802 4801 5811 5812 5913 5912
1 5 4801 4802 4903 4902 5912 5913 6014 6013
1 5 5912 5913 6014 6013 7023 7024 7125 7124
1 5 5811 5812 5913 5912 6922 6923 7024 7023
1 5 5812 5813 5914 5913 6923 6924 7025 7024
1 5 5913 5914 6015 6014 7024 7025 7126 7125
1 5 4802 4803 4904 4903 5913 5914 6015 6014
1 5 4701 4702 4803 4802 5812 5813 5914 5913
1 5 4702 4703 4804 4803 5813 5814 5915 5914
1 5 4803 4804 4905 4904 5914 5915 6016 6015
1 5 5914 5915 6016 6015 7025 7026 7127 7126
1 5 5813 5814 5915 5914 6924 6925 7026 7025
1 5 5814 5815 5916 5915 6925 6926 7027 7026
1 5 5915 5916 6017 6016 7026 7027 7128 7127
1 5 4804 4805 4906 4905 5915 5916 6017 6016
1 5 4703 4704 4805 4804 5814 5815 5916 5915
1 5 4602 4603 4704 4703 5713 5714 5815 5814
1 5 5713 5714 5815 5814 6824 6825 6926 6925
1 5 5712 5713 5814 5813 6823 6824 6925 6924
1 5 4601 4602 4703 4702 5712 5713 5814 5813
1 5 4500 4501 4602 4601 5611 5612 5713 5712
1 5 5611 5612 5713 5712 6722 6723 6824 6823
1 5 5612 5613 5714 5713 6723 6724 6825 6824
1 5 4501 4502 4603 4602 5612 5613 5714 5713
1 5 3390 3391 3492 3491 4501 4502 4603 4602
1 5 3389 3390 3491 3490 4500 4501 4602 4601
1 5 3490 3491 3592 3591 4601 4602 4703 4702
1 5 3491 3492 3593 3592 4602 4603 4704 4703
1 5 3592 3593 3694 3693 4703 4704 4805 4804
1 5 3591 3592 3693 3692 4702 4703 4804 4803
1 5 3692 3693 3794 3793 4803 4804 4905 4904
1 5 3693 3694 3795 3794 4804 4805 4906 4905
1 5 2582 2583 2684 2683 3693 3694 3795 3794
1 5 2581 2582 2683 2682 3692 3693 3794 3793
1 5 2480 2481 2582 2581 3591 3592 3693 3692
1 5 2481 2482 2583 2582 3592 3593 3694 3693
1 5 2380 2381 2482 2481 3491 3492 3593 3592
1 5 2379 2380 2481 2480 3490 3491 3592 3591
1 5 2278 2279 2380 2379 3389 3390 3491 3490
1 5 2279 2280 2381 2380 3390 3391 3492 3491
1 5 1168 1169 1270 1269 2279 2280 2381 2380
1 5 57 58 159 158 1168 1169 1270 1269
1 5 56 57 158 157 1167 1168 1269 1268
1 5 1167 1168 1269 1268 2278 2279 2380 2379
1 5 1268 1269 1370 1369 2379 2380 2481 2480
1 5 157 158 259 258 1268 1269 1370 1369
1 5 158 159 260 259 1269 1270 1371 1370
1 5 1269 1270 1371 1370 2380 2381 2482 2481
1 5 1370 1371 1472 1471 2481 2482 2583 2582
1 5 1471 1472 1573 1572 2582 2583 2684 2683
1 5 360 361 462 461 1471 1472 1573 1572
1 5 259 260 361 360 1370 1371 1472 1471
1 5 258 259 360 359 1369 1370 1471 1470
1 5 359 360 461 460 1470 1471 1572 1571
1 5 1470 1471 1572 1571 2581 2582 2683 2682
1 5 1369 1370 1471 1470 2480 2481 2582 2581
1 5 1368 1369 1470 1469 2479 2480 2581 2580
1 5 1469 1470 1571 1570 2580 2581 2682 2681
1 5 358 359 460 459 1469 1470 1571 1570
1 5 257 258 359 358 1368 1369 1470 1469
1 5 256 257 358 357 1367 1368 1469 1468
1 5 357 358 459 458 1468 1469 1570 1569
1 5 1468 1469 1570 1569 2579 2580 2681 2680
1 5 1367 1368 1469 1468 2478 2479 2580 2579
1 5 1266 1267 1368 1367 2377 2378 2479 2478
1 5 155 156 257 256 1266 1267 1368 1367
1 5 156 157 258 257 1267 1268 1369 1368
1 5 1267 1268 1369 1368 2378 2379 2480 2479
1 5 1166 1167 1268 1267 2277 2278 2379 2378
1 5 55 56 157 156 1166 1167 1268 1267
1 5 54 55 156 155 1165 1166 1267 1266
1 5 1165 1166 1267 1266 2276 2277 2378 2377
1 5 2276 2277 2378 2377 3387 3388 3489 3488
1 5 3387 3388 3489 3488 4498 4499 4600 4599
1 5 3388 3389 3490 3489 4499 4500 4601 4600
1 5 2277 2278 2379 2378 3388 3389 3490 3489
1 5 2378 2379 2480 2479 3489 3490 3591 3590
1 5 3489 3490 3591 3590 4600 4601 4702 4701
1 5 3488 3489 3590 3589 4599 4600 4701 4700
1 5 2377 2378 2479 2478 3488 3489 3590 3589
1 5 2478 2479 2580 2579 3589 3590 3691 3690
1 5 3589 3590 3691 3690 4700 4701 4802 4801
1 5 3590 3591 3692 3691 4701 4702 4803 4802
1 5 2479 2480 2581 2580 3590 3591 3692 3691
1 5 2580 2581 2682 2681 3691 3692 3793 3792
1 5 3691 3692 3793 3792 4802 4803 4904 4903
1 5 3690 3691 3792 3791 4801 4802 4903 4902
1 5 2579 2580 2681 2680 3690 3691 3792 3791
1 5 2680 2681 2782 2781 3791 3792 3893 3892
1 5 3791 3792 3893 3892 4902 4903 5004 5003
1 5 3792 3793 3894 3893 4903 4904 5005 5004
1 5 2681 2682 2783 2782 3792 3793 3894 3893
1 5 2782 2783 2884 2883 3893 3894 3995 3994
1 5 3893 3894 3995 3994 5004 5005 5106 5105
1 5 3892 3893 3994 3993 5003 5004 5105 5104
1 5 2781 2782 2883 2882 3892 3893 3994 3993
1 5 1670 1671 1772 1771 2781 2782 2883 2882
1 5 1569 1570 1671 1670 2680 2681 2782 2781
1 5 458 459 560 559 1569 1570 1671 1670
1 5 559 560 661 660 1670 1671 1772 1771
1 5 560 561 662 661 1671 1672 1773 1772
1 5 459 460 561 560 1570 1571 1672 1671
1 5 1570 1571 1672 1671 2681 2682 2783 2782
1 5 1671 1672 1773 1772 2782 2783 2884 2883
1 5 1672 1673 1774 1773 2783 2784 2885 2884
1 5 1571 1572 1673 1672 2682 2683 2784 2783
1 5 460 461 562 561 1571 1572 1673 1672
1 5 561 562 663 662 1672 1673 1774 1773
1 5 562 563 664 663 1673 1674 1775 1774
1 5 461 462 563 562 1572 1573 1674 1673
1 5 1572 1573 1674 1673 2683 2684 2785 2784
1 5 1673 1674 1775 1774 2784 2785 2886 2885
1 5 2784 2785 2886 2885 3895 3896 3997 3996
1 5 2783 2784 2885 2884 3894 3895 3996 3995
1 5 2682 2683 2784 2783 3793 3794 3895 3894
1 5 2683 2684 2785 2784 3794 3795 3896 3895
1 5 3794 3795 3896 3895 4905 4906 5007 5006
1 5 3793 3794 3895 3894 4904 4905 5006 5005
1 5 3894 3895 3996 3995 5005 5006 5107 5106
1 5 3895 3896 3997 3996 5006 5007 5108 5107
1 5 5006 5007 5108 5107 6117 6118 6219 6218
1 5 4905 4906 5007 5006 6016 6017 6118 6117
1 5 6016 6017 6118 6117 7127 7128 7229 7228
1 5 6117 6118 6219 6218 7228 7229 7330 7329
1 5 6116 6117 6218 6217 7227 7228 7329 7328
1 5 6015 6016 6117 6116 7126 7127 7228 7227
1 5 4904 4905 5006 5005 6015 6016 6117 6116
1 5 5005 5006 5107 5106 6116 6117 6218 6217
1 5 5004 5005 5106 5105 6115 6116 6217 6216
1 5 4903 4904 5005 5004 6014 6015 6116 6115
1 5 6014 6015 6116 6115 7125 7126 7227 7226
1 5 6115 6116 6217 6216 7226 7227 7328 7327
1 5 6114 6115 6216 6215 7225 7226 7327 7326
1 5 6013 6014 6115 6114 7124 7125 7226 7225
1 5 4902 4903 5004 5003 6013 6014 6115 6114
1 5 5003 5004 5105 5104 6114 6115 6216 6215
1 5 5002 5003 5104 5103 6113 6114 6215 6214
1 5 4901 4902 5003 5002 6012 6013 6114 6113
1 5 6012 6013 6114 6113 7123 7124 7225 7224
1 5 6113 6114 6215 6214 7224 7225 7326 7325
1 5 6112 6113 6214 6213 7223 7224 7325 7324
1 5 6011 6012 6113 6112 7122 7123 7224 7223
1 5 4900 4901 5002 5001 6011 6012 6113 6112
1 5 5001 5002 5103 5102 6112 6113 6214 6213
1 5 5000 5001 5102 5101 6111 6112 6213 6212
1 5 4899 4900 5001 5000 6010 6011 6112 6111
1 5 6010 6011 6112 6111 7121 7122 7223 7222
1 5 6111 6112 6213 6212 7222 7223 7324 7323
1 5 6110 6111 6212 6211 7221 7222 7323 7322
1 5 6009 6010 6111 6110 7120 7121 7222 7221
1 5 4898 4899 5000 4999 6009 6010 6111 6110
1 5 4999 5000 5101 5100 6110 6111 6212 6211
1 5 3888 3889 3990 3989 4999 5000 5101 5100
1 5 3787 3788 3889 3888 4898 4899 5000 4999
1 5 2676 2677 2778 2777 3787 3788 3889 3888
1 5 2777 2778 2879 2878 3888 3889 3990 3989
1 5 2778 2779 2880 2879 3889 3890 3991 3990
1 5 2677 2678 2779 2778 3788 3789 3890 3889
1 5 3788 3789 3890 3889 4899 4900 5001 5000
1 5 3889 3890 3991 3990 5000 5001 5102 5101
1 5 3890 3891 3992 3991 5001 5002 5103 5102
1 5 3891 3892 3993 3992 5002 5003 5104 5103
1 5 3790 3791 3892 3891 4901 4902 5003 5002
1 5 3789 3790 3891 3890 4900 4901 5002 5001
1 5 2678 2679 2780 2779 3789 3790 3891 3890
1 5 2679 2680 2781 2780 3790 3791 3892 3891
1 5 2780 2781 2882 2881 3891 3892 3993 3992
1 5 2779 2780 2881 2880 3890 3891 3992 3991
1 5 1668 1669 1770 1769 2779 2780 2881 2880
1 5 1669 1670 1771 1770 2780 2781 2882 2881
1 5 1568 1569 1670 1669 2679 2680 2781 2780
1 5 1567 1568 1669 1668 2678 2679 2780 2779
1 5 456 457 558 557 1567 1568 1669 1668
1 5 457 458 559 558 1568 1569 1670 1669
1 5 558 559 660 659 1669 1670 1771 1770
1 5 557 558 659 658 1668 1669 1770 1769
1 5 556 557 658 657 1667 1668 1769 1768
1 5 455 456 557 556 1566 1567 1668 1667
1 5 1566 1567 1668 1667 2677 2678 2779 2778
1 5 1667 1668 1769 1768 2778 2779 2880 2879
1 5 1666 1667 1768 1767 2777 2778 2879 2878
1 5 1565 1566 1667 1666 2676 2677 2778 2777
1 5 454 455 556 555 1565 1566 1667 1666
1 5 555 556 657 656 1666 1667 1768 1767
1 5 656 657 758 757 1767 1768 1869 1868
1 5 1767 1768 1869 1868 2878 2879 2980 2979
1 5 1768 1769 1870 1869 2879 2880 2981 2980
1 5 657 658 759 758 1768 1769 1870 1869
1 5 758 759 860 859 1869 1870 1971 1970
1 5 1869 1870 1971 1970 2980 2981 3082 3081
1 5 1868 1869 1970 1969 2979 2980 3081 3080
1 5 757 758 859 858 1868 1869 1970 1969
1 5 858 859 960 959 1969 1970 2071 2070
1 5 859 860 961 960 1970 1971 2072 2071
1 5 960 961 1062 1061 2071 2072 2173 2172
1 5 959 960 1061 1060 2070 2071 2172 2171
1 5 2070 2071 2172 2171 3181 3182 3283 3282
1 5 2071 2072 2173 2172 3182 3183 3284 3283
1 5 1970 1971 2072 2071 3081 3082 3183 3182
1 5 1969 1970 2071 2070 3080 3081 3182 3181
1 5 3080 3081 3182 3181 4191 4192 4293 4292
1 5 3081 3082 3183 3182 4192 4193 4294 4293
1 5 3182 3183 3284 3283 4293 4294 4395 4394
1 5 3181 3182 3283 3282 4292 4293 4394 4393
1 5 4292 4293 4394 4393 5403 5404 5505 5504
1 5 4293 4294 4395 4394 5404 5405 5506 5505
1 5 4192 4193 4294 4293 5303 5304 5405 5404
1 5 4191 4192 4293 4292 5302 5303 5404 5403
1 5 4090 4091 4192 4191 5201 5202 5303 5302
1 5 2979 2980 3081 3080 4090 4091 4192 4191
1 5 2980 2981 3082 3081 4091 4092 4193 4192
1 5 4091 4092 4193 4192 5202 5203 5304 5303
1 5 3990 3991 4092 4091 5101 5102 5203 5202
1 5 2879 2880 2981 2980 3990 3991 4092 4091
1 5 2878 2879 2980 2979 3989 3990 4091 4090
1 5 3989 3990 4091 4090 5100 5101 5202 5201
1 5 5100 5101 5202 5201 6211 6212 6313 6312
1 5 6211 6212 6313 6312 7322 7323 7424 7423
1 5 6212 6213 6314 6313 7323 7324 7425 7424
1 5 5101 5102 5203 5202 6212 6213 6314 6313
1 5 5202 5203 5304 5303 6313 6314 6415 6414
1 5 6313 6314 6415 6414 7424 7425 7526 7525
1 5 6312 6313 6414 6413 7423 7424 7525 7524
1 5 5201 5202 5303 5302 6312 6313 6414 6413
1 5 5302 5303 5404 5403 6413 6414 6515 6514
1 5 5403 5404 5505 5504 6514 6515 6616 6615
1 5 6514 6515 6616 6615 7625 7626 7727 7726
1 5 6413 6414 6515 6514 7524 7525 7626 7625
1 5 6414 6415 6516 6515 7525 7526 7627 7626
1 5 6515 6516 6617 6616 7626 7627 7728 7727
1 5 5404 5405 5506 5505 6515 6516 6617 6616
1 5 5303 5304 5405 5404 6414 6415 6516 6515
1 5 5304 5305 5406 5405 6415 6416 6517 6516
1 5 5405 5406 5507 5506 6516 6517 6618 6617
1 5 6516 6517 6618 6617 7627 7628 7729 7728
1 5 6415 6416 6517 6516 7526 7527 7628 7627
1 5 6416 6417 6518 6517 7527 7528 7629 7628
1 5 6517 6518 6619 6618 7628 7629 7730 7729
1 5 5406 5407 5508 5507 6517 6518 6619 6618
1 5 5305 5306 5407 5406 6416 6417 6518 6517
1 5 5204 5205 5306 5305 6315 6316 6417 6416
1 5 6315 6316 6417 6416 7426 7427 7528 7527
1 5 6314 6315 6416 6415 7425 7426 7527 7526
1 5 5203 5204 5305 5304 6314 6315 6416 6415
1 5 5102 5103 5204 5203 6213 6214 6315 6314
1 5 6213 6214 6315 6314 7324 7325 7426 7425
1 5 6214 6215 6316 6315 7325 7326 7427 7426
1 5 5103 5104 5205 5204 6214 6215 6316 6315
1 5 3992 3993 4094 4093 5103 5104 5205 5204
1 5 2881 2882 2983 2982 3992 3993 4094 4093
1 5 2880 2881 2982 2981 3991 3992 4093 4092
1 5 3991 3992 4093 4092 5102 5103 5204 5203
1 5 4092 4093 4194 4193 5203 5204 5305 5304
1 5 2981 2982 3083 3082 4092 4093 4194 4193
1 5 2982 2983 3084 3083 4093 4094 4195 4194
1 5 4093 4094 4195 4194 5204 5205 5306 5305
1 5 4194 4195 4296 4295 5305 5306 5407 5406
1 5 4193 4194 4295 4294 5304 5305 5406 5405
1 5 4294 4295 4396 4395 5405 5406 5507 5506
1 5 4295 4296 4397 4396 5406 5407 5508 5507
1 5 3184 3185 3286 3285 4295 4296 4397 4396
1 5 3183 3184 3285 3284 4294 4295 4396 4395
1 5 3082 3083 3184 3183 4193 4194 4295 4294
1 5 3083 3084 3185 3184 4194 4195 4296 4295
1 5 1972 1973 2074 2073 3083 3084 3185 3184
1 5 1971 1972 2073 2072 3082 3083 3184 3183
1 5 2072 2073 2174 2173 3183 3184 3285 3284
1 5 2073 2074 2175 2174 3184 3185 3286 3285
1 5 962 963 1064 1063 2073 2074 2175 2174
1 5 961 962 1063 1062 2072 2073 2174 2173
1 5 860 861 962 961 1971 1972 2073 2072
1 5 861 862 963 962 1972 1973 2074 2073
1 5 760 761 862 861 1871 1872 1973 1972
1 5 1871 1872 1973 1972 2982 2983 3084 3083
1 5 1870 1871 1972 1971 2981 2982 3083 3082
1 5 759 760 861 860 1870 1871 1972 1971
1 5 658 659 760 759 1769 1770 1871 1870
1 5 1769 1770 1871 1870 2880 2881 2982 2981
1 5 1770 1771 1872 1871 2881 2882 2983 2982
1 5 659 660 761 760 1770 1771 1872 1871
1 5 660 661 762 761 1771 1772 1873 1872
1 5 761 762 863 862 1872 1873 1974 1973
1 5 1872 1873 1974 1973 2983 2984 3085 3084
1 5 1771 1772 1873 1872 2882 2883 2984 2983
1 5 2882 2883 2984 2983 3993 3994 4095 4094
1 5 2983 2984 3085 3084 4094 4095 4196 4195
1 5 4094 4095 4196 4195 5205 5206 5307 5306
1 5 3993 3994 4095 4094 5104 5105 5206 5205
1 5 3994 3995 4096 4095 5105 5106 5207 5206
1 5 4095 4096 4197 4196 5206 5207 5308 5307
1 5 2984 2985 3086 3085 4095 4096 4197 4196
1 5 2883 2884 2985 2984 3994 3995 4096 4095
1 5 1772 1773 1874 1873 2883 2884 2985 2984
1 5 1873 1874 1975 1974 2984 2985 3086 3085
1 5 762 763 864 863 1873 1874 1975 1974
1 5 661 662 763 762 1772 1773 1874 1873
1 5 662 663 764 763 1773 1774 1875 1874
1 5 663 664 765 764 1774 1775 1876 1875
1 5 764 765 866 865 1875 1876 1977 1976
1 5 763 764 865 864 1874 1875 1976 1975
1 5 1874 1875 1976 1975 2985 2986 3087 3086
1 5 1875 1876 1977 1976 2986 2987 3088 3087
1 5 1774 1775 1876 1875 2885 2886 2987 2986
1 5 1773 1774 1875 1874 2884 2885 2986 2985
1 5 2884 2885 2986 2985 3995 3996 4097 4096
1 5 3995 3996 4097 4096 5106 5107 5208 5207
1 5 3996 3997 4098 4097 5107 5108 5209 5208
1 5 2885 2886 2987 2986 3996 3997 4098 4097
1 5 2986 2987 3088 3087 4097 4098 4199 4198
1 5 4097 4098 4199 4198 5208 5209 5310 5309
1 5 4096 4097 4198 4197 5207 5208 5309 5308
1 5 2985 2986 3087 3086 4096 4097 4198 4197
1 5 3086 3087 3188 3187 4197 4198 4299 4298
1 5 4197 4198 4299 4298 5308 5309 5410 5409
1 5 4198 4199 4300 4299 5309 5310 5411 5410
1 5 3087 3088 3189 3188 4198 4199 4300 4299
1 5 3188 3189 3290 3289 4299 4300 4401 4400
1 5 4299 4300 4401 4400 5410 5411 5512 5511
1 5 4298 4299 4400 4399 5409 5410 5511 5510
1 5 3187 3188 3289 3288 4298 4299 4400 4399
1 5 2076 2077 2178 2177 3187 3188 3289 3288
1 5 2077 2078 2179 2178 3188 3189 3290 3289
1 5 1976 1977 2078 2077 3087 3088 3189 3188
1 5 1975 1976 2077 2076 3086 3087 3188 3187
1 5 864 865 966 965 1975 1976 2077 2076
1 5 865 866 967 966 1976 1977 2078 2077
1 5 966 967 1068 1067 2077 2078 2179 2178
1 5 965 966 1067 1066 2076 2077 2178 2177
1 5 964 965 1066 1065 2075 2076 2177 2176
1 5 963 964 1065 1064 2074 2075 2176 2175
1 5 862 863 964 963 1973 1974 2075 2074
1 5 863 864 965 964 1974 1975 2076 2075
1 5 1974 1975 2076 2075 3085 3086 3187 3186
1 5 1973 1974 2075 2074 3084 3085 3186 3185
1 5 2074 2075 2176 2175 3185 3186 3287 3286
1 5 2075 2076 2177 2176 3186 3187 3288 3287
1 5 3186 3187 3288 3287 4297 4298 4399 4398
1 5 3185 3186 3287 3286 4296 4297 4398 4397
1 5 3084 3085 3186 3185 4195 4196 4297 4296
1 5 3085 3086 3187 3186 4196 4197 4298 4297
1 5 4196 4197 4298 4297 5307 5308 5409 5408
1 5 4195 4196 4297 4296 5306 5307 5408 5407
1 5 4296 4297 4398 4397 5407 5408 5509 5508
1 5 4297 4298 4399 4398 5408 5409 5510 5509
1 5 5408 5409 5510 5509 6519 6520 6621 6620
1 5 5407 5408 5509 5508 6518 6519 6620 6619
1 5 5306 5307 5408 5407 6417 6418 6519 6518
1 5 5307 5308 5409 5408 6418 6419 6520 6519
1 5 6418 6419 6520 6519 7529 7530 7631 7630
1 5 6417 6418 6519 6518 7528 7529 7630 7629
1 5 6518 6519 6620 6619 7629 7630 7731 7730
1 5 6519 6520 6621 6620 7630 7631 7732 7731
1 5 6520 6521 6622 6621 7631 7632 7733 7732
1 5 5409 5410 5511 5510 6520 6521 6622 6621
1 5 5410 5411 5512 5511 6521 6522 6623 6622
1 5 6521 6522 6623 6622 7632 7633 7734 7733
1 5 6420 6421 6522 6521 7531 7532 7633 7632
1 5 5309 5310 5411 5410 6420 6421 6522 6521
1 5 5308 5309 5410 5409 6419 6420 6521 6520
1 5 6419 6420 6521 6520 7530 7531 7632 7631
1 5 6318 6319 6420 6419 7429 7430 7531 7530
1 5 5207 5208 5309 5308 6318 6319 6420 6419
1 5 5208 5209 5310 5309 6319 6320 6421 6420
1 5 6319 6320 6421 6420 7430 7431 7532 7531
1 5 6218 6219 6320 6319 7329 7330 7431 7430
1 5 5107 5108 5209 5208 6218 6219 6320 6319
1 5 5106 5107 5208 5207 6217 6218 6319 6318
1 5 6217 6218 6319 6318 7328 7329 7430 7429
1 5 6216 6217 6318 6317 7327 7328 7429 7428
1 5 6317 6318 6419 6418 7428 7429 7530 7529
1 5 5206 5207 5308 5307 6317 6318 6419 6418
1 5 5105 5106 5207 5206 6216 6217 6318 6317
1 5 5104 5105 5206 5205 6215 6216 6317 6316
1 5 5205 5206 5307 5306 6316 6317 6418 6417
1 5 6316 6317 6418 6417 7427 7428 7529 7528
1 5 6215 6216 6317 6316 7326 7327 7428 7427
1 5 7326 7327 7428 7427 8437 8438 8539 8538
1 5 7427 7428 7529 7528 8538 8539 8640 8639
1 5 8538 8539 8640 8639 9649 9650 9751 9750
1 5 8437 8438 8539 8538 9548 9549 9650 9649
1 5 8438 8439 8540 8539 9549 9550 9651 9650
1 5 8539 8540 8641 8640 9650 9651 9752 9751
1 5 7428 7429 7530 7529 8539 8540 8641 8640
1 5 7327 7328 7429 7428 8438 8439 8540 8539
1 5 7328 7329 7430 7429 8439 8440 8541 8540
1 5 8439 8440 8541 8540 9550 9551 9652 9651
1 5 8440 8441 8542 8541 9551 9552 9653 9652
1 5 7329 7330 7431 7430 8440 8441 8542 8541
1 5 7430 7431 7532 7531 8541 8542 8643 8642
1 5 8541 8542 8643 8642 9652 9653 9754 9753
1 5 8540 8541 8642 8641 9651 9652 9753 9752
1 5 7429 7430 7531 7530 8540 8541 8642 8641
1 5 7530 7531 7632 7631 8641 8642 8743 8742
1 5 8641 8642 8743 8742 9752 9753 9854 9853
1 5 8642 8643 8744 8743 9753 9754 9855 9854
1 5 7531 7532 7633 7632 8642 8643 8744 8743
1 5 7632 7633 7734 7733 8743 8744 8845 8844
1 5 8743 8744 8845 8844 9854 9855 9956 9955
1 5 8742 8743 8844 8843 9853 9854 9955 9954
1 5 7631 7632 7733 7732 8742 8743 8844 8843
1 5 7630 7631 7732 7731 8741 8742 8843 8842
1 5 7629 7630 7731 7730 8740 8741 8842 8841
1 5 7528 7529 7630 7629 8639 8640 8741 8740
1 5 7529 7530 7631 7630 8640 8641 8742 8741
1 5 8640 8641 8742 8741 9751 9752 9853 9852
1 5 8639 8640 8741 8740 9750 9751 9852 9851
1 5 8740 8741 8842 8841 9851 9852 9953 9952
1 5 8741 8742 8843 8842 9852 9853 9954 9953
1 5 9852 9853 9954 9953 10963 10964 11065 11064
1 5 9851 9852 9953 9952 10962 10963 11064 11063
1 5 9750 9751 9852 9851 10861 10862 10963 10962
1 5 9751 9752 9853 9852 10862 10863 10964 10963
1 5 10862 10863 10964 10963 11973 11974 12075 12074
1 5 10861 10862 10963 10962 11972 11973 12074 12073
1 5 10962 10963 11064 11063 12073 12074 12175 12174
1 5 10963 10964 11065 11064 12074 12075 12176 12175
1 5 10964 10965 11066 11065 12075 12076 12177 12176
1 5 9853 9854 9955 9954 10964 10965 11066 11065
1 5 9854 9855 9956 9955 10965 10966 11067 11066
1 5 10965 10966 11067 11066 12076 12077 12178 12177
1 5 10864 10865 10966 10965 11975 11976 12077 12076
1 5 9753 9754 9855 9854 10864 10865 10966 10965
1 5 9752 9753 9854 9853 10863 10864 10965 10964
1 5 10863 10864 10965 10964 11974 11975 12076 12075
1 5 10762 10763 10864 10863 11873 11874 11975 11974
1 5 9651 9652 9753 9752 10762 10763 10864 10863
1 5 9652 9653 9754 9753 10763 10764 10865 10864
1 5 10763 10764 10865 10864 11874 11875 11976 11975
1 5 10662 10663 10764 10763 11773 11774 11875 11874
1 5 9551 9552 9653 9652 10662 10663 10764 10763
1 5 9550 9551 9652 9651 10661 10662 10763 10762
1 5 10661 10662 10763 10762 11772 11773 11874 11873
1 5 10660 10661 10762 10761 11771 11772 11873 11872
1 5 10761 10762 10863 10862 11872 11873 11974 11973
1 5 9650 9651 9752 9751 10761 10762 10863 10862
1 5 9549 9550 9651 9650 10660 10661 10762 10761
1 5 9548 9549 9650 9649 10659 10660 10761 10760
1 5 9649 9650 9751 9750 10760 10761 10862 10861
1 5 10760 10761 10862 10861 11871 11872 11973 11972
1 5 10659 10660 10761 10760 11770 11771 11872 11871
1 5 10658 10659 10760 10759 11769 11770 11871 11870
1 5 9547 9548 9649 9648 10658 10659 10760 10759
1 5 9546 9547 9648 9647 10657 10658 10759 10758
1 5 10657 10658 10759 10758 11768 11769 11870 11869
1 5 10758 10759 10860 10859 11869 11870 11971 11970
1 5 9647 9648 9749 9748 10758 10759 10860 10859
1 5 9648 9649 9750 9749 10759 10760 10861 10860
1 5 10759 10760 10861 10860 11870 11871 11972 11971
1 5 10860 10861 10962 10961 11971 11972 12073 12072
1 5 10859 10860 10961 10960 11970 11971 12072 12071
1 5 10960 10961 11062 11061 12071 12072 12173 12172
1 5 10961 10962 11063 11062 12072 12073 12174 12173
1 5 9850 9851 9952 9951 10961 10962 11063 11062
1 5 9849 9850 9951 9950 10960 10961 11062 11061
1 5 9748 9749 9850 9849 10859 10860 10961 10960
1 5 9749 9750 9851 9850 10860 10861 10962 10961
1 5 8638 8639 8740 8739 9749 9750 9851 9850
1 5 8637 8638 8739 8738 9748 9749 9850 9849
1 5 8738 8739 8840 8839 9849 9850 9951 9950
1 5 8739 8740 8841 8840 9850 9851 9952 9951
1 5 7628 7629 7730 7729 8739 8740 8841 8840
1 5 7627 7628 7729 7728 8738 8739 8840 8839
1 5 7526 7527 7628 7627 8637 8638 8739 8738
1 5 7527 7528 7629 7628 8638 8639 8740 8739
1 5 7426 7427 7528 7527 8537 8538 8639 8638
1 5 7325 7326 7427 7426 8436 8437 8538 8537
1 5 8436 8437 8538 8537 9547 9548 9649 9648
1 5 8537 8538 8639 8638 9648 9649 9750 9749
1 5 8536 8537 8638 8637 9647 9648 9749 9748
1 5 8435 8436 8537 8536 9546 9547 9648 9647
1 5 7324 7325 7426 7425 8435 8436 8537 8536
1 5 7425 7426 7527 7526 8536 8537 8638 8637
1 5 7424 7425 7526 7525 8535 8536 8637 8636
1 5 7323 7324 7425 7424 8434 8435 8536 8535
1 5 8434 8435 8536 8535 9545 9546 9647 9646
1 5 8535 8536 8637 8636 9646 9647 9748 9747
1 5 8534 8535 8636 8635 9645 9646 9747 9746
1 5 8433 8434 8535 8534 9544 9545 9646 9645
1 5 7322 7323 7424 7423 8433 8434 8535 8534
1 5 7423 7424 7525 7524 8534 8535 8636 8635
1 5 7524 7525 7626 7625 8635 8636 8737 8736
1 5 7525 7526 7627 7626 8636 8637 8738 8737
1 5 7626 7627 7728 7727 8737 8738 8839 8838
1 5 7625 7626 7727 7726 8736 8737 8838 8837
1 5 8736 8737 8838 8837 9847 9848 9949 9948
1 5 8737 8738 8839 8838 9848 9849 9950 9949
1 5 8636 8637 8738 8737 9747 9748 9849 9848
1 5 8635 8636 8737 8736 9746 9747 9848 9847
1 5 9746 9747 9848 9847 10857 10858 10959 10958
1 5 9747 9748 9849 9848 10858 10859 10960 10959
1 5 9848 9849 9950 9949 10959 10960 11061 11060
1 5 9847 9848 9949 9948 10958 10959 11060 11059
1 5 10958 10959 11060 11059 12069 12070 12171 12170
1 5 10959 10960 11061 11060 12070 12071 12172 12171
1 5 10858 10859 10960 10959 11969 11970 12071 12070
1 5 10857 10858 10959 10958 11968 11969 12070 12069
1 5 10756 10757 10858 10857 11867 11868 11969 11968
1 5 9645 9646 9747 9746 10756 10757 10858 10857
1 5 9646 9647 9748 9747 10757 10758 10859 10858
1 5 10757 10758 10859 10858 11868 11869 11970 11969
1 5 10656 10657 10758 10757 11767 11768 11869 11868
1 5 9545 9546 9647 9646 10656 10657 10758 10757
1 5 9544 9545 9646 9645 10655 10656 10757 10756
1 5 10655 10656 10757 10756 11766 11767 11868 11867
1 5 10554 10555 10656 10655 11665 11666 11767 11766
1 5 10555 10556 10657 10656 11666 11667 11768 11767
1 5 10454 10455 10556 10555 11565 11566 11667 11666
1 5 10453 10454 10555 10554 11564 11565 11666 11665
1 5 9342 9343 9444 9443 10453 10454 10555 10554
1 5 9343 9344 9445 9444 10454 10455 10556 10555
1 5 9444 9445 9546 9545 10555 10556 10657 10656
1 5 9443 9444 9545 9544 10554 10555 10656 10655
1 5 8332 8333 8434 8433 9443 9444 9545 9544
1 5 8231 8232 8333 8332 9342 9343 9444 9443
1 5 7120 7121 7222 7221 8231 8232 8333 8332
1 5 7221 7222 7323 7322 8332 8333 8434 8433
1 5 7222 7223 7324 7323 8333 8334 8435 8434
1 5 7121 7122 7223 7222 8232 8233 8334 8333
1 5 8232 8233 8334 8333 9343 9344 9445 9444
1 5 8333 8334 8435 8434 9444 9445 9546 9545
1 5 8334 8335 8436 8435 9445 9446 9547 9546
1 5 8233 8234 8335 8334 9344 9345 9446 9445
1 5 7122 7123 7224 7223 8233 8234 8335 8334
1 5 7223 7224 7325 7324 8334 8335 8436 8435
1 5 7224 7225 7326 7325 8335 8336 8437 8436
1 5 7123 7124 7225 7224 8234 8235 8336 8335
1 5 8234 8235 8336 8335 9345 9346 9447 9446
1 5 8335 8336 8437 8436 9446 9447 9548 9547
1 5 9446 9447 9548 9547 10557 10558 10659 10658
1 5 10557 10558 10659 10658 11668 11669 11770 11769
1 5 10556 10557 10658 10657 11667 11668 11769 11768
1 5 9445 9446 9547 9546 10556 10557 10658 10657
1 5 9344 9345 9446 9445 10455 10456 10557 10556
1 5 10455 10456 10557 10556 11566 11567 11668 11667
1 5 10456 10457 10558 10557 11567 11568 11669 11668
1 5 9345 9346 9447 9446 10456 10457 10558 10557
1 5 9244 9245 9346 9345 10355 10356 10457 10456
1 5 10355 10356 10457 10456 11466 11467 11568 11567
1 5 10354 10355 10456 10455 11465 11466 11567 11566
1 5 9243 9244 9345 9344 10354 10355 10456 10455
1 5 9142 9143 9244 9243 10253 10254 10355 10354
1 5 10253 10254 10355 10354 11364 11365 11466 11465
1 5 10254 10255 10356 10355 11365 11366 11467 11466
1 5 9143 9144 9245 9244 10254 10255 10356 10355
1 5 8032 8033 8134 8133 9143 9144 9245 9244
1 5 8133 8134 8235 8234 9244 9245 9346 9345
1 5 7022 7023 7124 7123 8133 8134 8235 8234
1 5 6921 6922 7023 7022 8032 8033 8134 8133
1 5 6920 6921 7022 7021 8031 8032 8133 8132
1 5 7021 7022 7123 7122 8132 8133 8234 8233
1 5 8132 8133 8234 8233 9243 9244 9345 9344
1 5 8031 8032 8133 8132 9142 9143 9244 9243
1 5 8030 8031 8132 8131 9141 9142 9243 9242
1 5 8131 8132 8233 8232 9242 9243 9344 9343
1 5 7020 7021 7122 7121 8131 8132 8233 8232
1 5 6919 6920 7021 7020 8030 8031 8132 8131
1 5 6918 6919 7020 7019 8029 8030 8131 8130
1 5 7019 7020 7121 7120 8130 8131 8232 8231
1 5 8130 8131 8232 8231 9241 9242 9343 9342
1 5 8029 8030 8131 8130 9140 9141 9242 9241
1 5 9140 9141 9242 9241 10251 10252 10353 10352
1 5 9141 9142 9243 9242 10252 10253 10354 10353
1 5 9242 9243 9344 9343 10353 10354 10455 10454
1 5 9241 9242 9343 9342 10352 10353 10454 10453
1 5 10352 10353 10454 10453 11463 11464 11565 11564
1 5 10353 10354 10455 10454 11464 11465 11566 11565
1 5 10252 10253 10354 10353 11363 11364 11465 11464
1 5 10251 10252 10353 10352 11362 11363 11464 11463
1 5 10150 10151 10252 10251 11261 11262 11363 11362
1 5 10151 10152 10253 10252 11262 11263 11364 11363
1 5 10050 10051 10152 10151 11161 11162 11263 11262
1 5 10049 10050 10151 10150 11160 11161 11262 11261
1 5 8938 8939 9040 9039 10049 10050 10151 10150
1 5 8939 8940 9041 9040 10050 10051 10152 10151
1 5 9040 9041 9142 9141 10151 10152 10253 10252
1 5 9039 9040 9141 9140 10150 10151 10252 10251
1 5 7928 7929 8030 8029 9039 9040 9141 9140
1 5 7827 7828 7929 7928 8938 8939 9040 9039
1 5 6716 6717 6818 6817 7827 7828 7929 7928
1 5 6817 6818 6919 6918 7928 7929 8030 8029
1 5 6818 6819 6920 6919 7929 7930 8031 8030
1 5 6717 6718 6819 6818 7828 7829 7930 7929
1 5 7828 7829 7930 7929 8939 8940 9041 9040
1 5 7929 7930 8031 8030 9040 9041 9142 9141
1 5 7930 7931 8032 8031 9041 9042 9143 9142
1 5 7829 7830 7931 7930 8940 8941 9042 9041
1 5 6718 6719 6820 6819 7829 7830 7931 7930
1 5 6819 6820 6921 6920 7930 7931 8032 8031
1 5 6820 6821 6922 6921 7931 7932 8033 8032
1 5 6719 6720 6821 6820 7830 7831 7932 7931
1 5 7830 7831 7932 7931 8941 8942 9043 9042
1 5 7931 7932 8033 8032 9042 9043 9144 9143
1 5 9042 9043 9144 9143 10153 10154 10255 10254
1 5 9041 9042 9143 9142 10152 10153 10254 10253
1 5 8940 8941 9042 9041 10051 10052 10153 10152
1 5 8941 8942 9043 9042 10052 10053 10154 10153
1 5 10052 10053 10154 10153 11163 11164 11265 11264
1 5 10051 10052 10153 10152 11162 11163 11264 11263
1 5 10152 10153 10254 10253 11263 11264 11365 11364
1 5 10153 10154 10255 10254 11264 11265 11366 11365
1 5 10154 10155 10256 10255 11265 11266 11367 11366
1 5 10155 10156 10257 10256 11266 11267 11368 11367
1 5 10054 10055 10156 10155 11165 11166 11267 11266
1 5 10053 10054 10155 10154 11164 11165 11266 11265
1 5 8942 8943 9044 9043 10053 10054 10155 10154
1 5 8943 8944 9045 9044 10054 10055 10156 10155
1 5 9044 9045 9146 9145 10155 10156 10257 10256
1 5 9043 9044 9145 9144 10154 10155 10256 10255
1 5 7932 7933 8034 8033 9043 9044 9145 9144
1 5 7831 7832 7933 7932 8942 8943 9044 9043
1 5 6720 6721 6822 6821 7831 7832 7933 7932
1 5 6821 6822 6923 6922 7932 7933 8034 8033
1 5 6822 6823 6924 6923 7933 7934 8035 8034
1 5 6721 6722 6823 6822 7832 7833 7934 7933
1 5 7832 7833 7934 7933 8943 8944 9045 9044
1 5 7933 7934 8035 8034 9044 9045 9146 9145
1 5 7934 7935 8036 8035 9045 9046 9147 9146
1 5 7833 7834 7935 7934 8944 8945 9046 9045
1 5 6722 6723 6824 6823 7833 7834 7935 7934
1 5 6823 6824 6925 6924 7934 7935 8036 8035
1 5 6824 6825 6926 6925 7935 7936 8037 8036
1 5 6723 6724 6825 6824 7834 7835 7936 7935
1 5 7834 7835 7936 7935 8945 8946 9047 9046
1 5 7935 7936 8037 8036 9046 9047 9148 9147
1 5 9046 9047 9148 9147 10157 10158 10259 10258
1 5 9045 9046 9147 9146 10156 10157 10258 10257
1 5 8944 8945 9046 9045 10055 10056 10157 10156
1 5 8945 8946 9047 9046 10056 10057 10158 10157
1 5 10056 10057 10158 10157 11167 11168 11269 11268
1 5 10055 10056 10157 10156 11166 11167 11268 11267
1 5 10156 10157 10258 10257 11267 11268 11369 11368
1 5 10157 10158 10259 10258 11268 11269 11370 11369
1 5 10258 10259 10360 10359 11369 11370 11471 11470
1 5 10257 10258 10359 10358 11368 11369 11470 11469
1 5 10358 10359 10460 10459 11469 11470 11571 11570
1 5 10359 10360 10461 10460 11470 11471 11572 11571
1 5 9248 9249 9350 9349 10359 10360 10461 10460
1 5 9247 9248 9349 9348 10358 10359 10460 10459
1 5 9146 9147 9248 9247 10257 10258 10359 10358
1 5 9147 9148 9249 9248 10258 10259 10360 10359
1 5 8036 8037 8138 8137 9147 9148 9249 9248
1 5 8137 8138 8239 8238 9248 9249 9350 9349
1 5 7026 7027 7128 7127 8137 8138 8239 8238
1 5 6925 6926 7027 7026 8036 8037 8138 8137
1 5 6924 6925 7026 7025 8035 8036 8137 8136
1 5 7025 7026 7127 7126 8136 8137 8238 8237
1 5 8136 8137 8238 8237 9247 9248 9349 9348
1 5 8035 8036 8137 8136 9146 9147 9248 9247
1 5 8034 8035 8136 8135 9145 9146 9247 9246
1 5 8135 8136 8237 8236 9246 9247 9348 9347
1 5 7024 7025 7126 7125 8135 8136 8237 8236
1 5 6923 6924 7025 7024 8034 8035 8136 8135
1 5 6922 6923 7024 7023 8033 8034 8135 8134
1 5 7023 7024 7125 7124 8134 8135 8236 8235
1 5 8134 8135 8236 8235 9245 9246 9347 9346
1 5 8033 8034 8135 8134 9144 9145 9246 9245
1 5 9144 9145 9246 9245 10255 10256 10357 10356
1 5 10255 10256 10357 10356 11366 11367 11468 11467
1 5 10256 10257 10358 10357 11367 11368 11469 11468
1 5 9145 9146 9247 9246 10256 10257 10358 10357
1 5 9246 9247 9348 9347 10357 10358 10459 10458
1 5 10357 10358 10459 10458 11468 11469 11570 11569
1 5 10356 10357 10458 10457 11467 11468 11569 11568
1 5 9245 9246 9347 9346 10356 10357 10458 10457
1 5 9346 9347 9448 9447 10457 10458 10559 10558
1 5 10457 10458 10559 10558 11568 11569 11670 11669
1 5 10458 10459 10560 10559 11569 11570 11671 11670
1 5 9347 9348 9449 9448 10458 10459 10560 10559
1 5 9448 9449 9550 9549 10559 10560 10661 10660
1 5 10559 10560 10661 10660 11670 11671 11772 11771
1 5 10558 10559 10660 10659 11669 11670 11771 11770
1 5 9447 9448 9549 9548 10558 10559 10660 10659
1 5 8336 8337 8438 8437 9447 9448 9549 9548
1 5 8235 8236 8337 8336 9346 9347 9448 9447
1 5 7124 7125 7226 7225 8235 8236 8337 8336
1 5 7225 7226 7327 7326 8336 8337 8438 8437
1 5 7226 7227 7328 7327 8337 8338 8439 8438
1 5 7125 7126 7227 7226 8236 8237 8338 8337
1 5 8236 8237 8338 8337 9347 9348 9449 9448
1 5 8337 8338 8439 8438 9448 9449 9550 9549
1 5 8338 8339 8440 8439 9449 9450 9551 9550
1 5 8237 8238 8339 8338 9348 9349 9450 9449
1 5 7126 7127 7228 7227 8237 8238 8339 8338
1 5 7227 7228 7329 7328 8338 8339 8440 8439
1 5 7228 7229 7330 7329 8339 8340 8441 8440
1 5 7127 7128 7229 7228 8238 8239 8340 8339
1 5 8238 8239 8340 8339 9349 9350 9451 9450
1 5 8339 8340 8441 8440 9450 9451 9552 9551
1 5 9450 9451 9552 9551 10561 10562 10663 10662
1 5 9449 9450 9551 9550 10560 10561 10662 10661
1 5 9348 9349 9450 9449 10459 10460 10561 10560
1 5 9349 9350 9451 9450 10460 10461 10562 10561
1 5 10460 10461 10562 10561 11571 11572 11673 11672
1 5 10459 10460 10561 10560 11570 11571 11672 11671
1 5 10560 10561 10662 10661 11671 11672 11773 11772
1 5 10561 10562 10663 10662 11672 11673 11774 11773
1 5 10562 10563 10664 10663 11673 11674 11775 11774
1 5 10563 10564 10665 10664 11674 11675 11776 11775
1 5 10462 10463 10564 10563 11573 11574 11675 11674
1 5 10461 10462 10563 10562 11572 11573 11674 11673
1 5 9350 9351 9452 9451 10461 10462 10563 10562
1 5 9351 9352 9453 9452 10462 10463 10564 10563
1 5 9452 9453 9554 9553 10563 10564 10665 10664
1 5 9451 9452 9553 9552 10562 10563 10664 10663
1 5 8340 8341 8442 8441 9451 9452 9553 9552
1 5 8239 8240 8341 8340 9350 9351 9452 9451
1 5 7128 7129 7230 7229 8239 8240 8341 8340
1 5 7229 7230 7331 7330 8340 8341 8442 8441
1 5 7230 7231 7332 7331 8341 8342 8443 8442
1 5 7129 7130 7231 7230 8240 8241 8342 8341
1 5 8240 8241 8342 8341 9351 9352 9453 9452
1 5 8341 8342 8443 8442 9452 9453 9554 9553
1 5 8342 8343 8444 8443 9453 9454 9555 9554
1 5 8241 8242 8343 8342 9352 9353 9454 9453
1 5 7130 7131 7232 7231 8241 8242 8343 8342
1 5 7231 7232 7333 7332 8342 8343 8444 8443
1 5 7232 7233 7334 7333 8343 8344 8445 8444
1 5 7131 7132 7233 7232 8242 8243 8344 8343
1 5 8242 8243 8344 8343 9353 9354 9455 9454
1 5 8343 8344 8445 8444 9454 9455 9556 9555
1 5 9454 9455 9556 9555 10565 10566 10667 10666
1 5 10565 10566 10667 10666 11676 11677 11778 11777
1 5 10564 10565 10666 10665 11675 11676 11777 11776
1 5 9453 9454 9555 9554 10564 10565 10666 10665
1 5 9352 9353 9454 9453 10463 10464 10565 10564
1 5 10463 10464 10565 10564 11574 11575 11676 11675
1 5 10464 10465 10566 10565 11575 11576 11677 11676
1 5 9353 9354 9455 9454 10464 10465 10566 10565
1 5 9252 9253 9354 9353 10363 10364 10465 10464
1 5 10363 10364 10465 10464 11474 11475 11576 11575
1 5 10362 10363 10464 10463 11473 11474 11575 11574
1 5 9251 9252 9353 9352 10362 10363 10464 10463
1 5 9150 9151 9252 9251 10261 10262 10363 10362
1 5 10261 10262 10363 10362 11372 11373 11474 11473
1 5 10262 10263 10364 10363 11373 11374 11475 11474
1 5 9151 9152 9253 9252 10262 10263 10364 10363
1 5 8040 8041 8142 8141 9151 9152 9253 9252
1 5 8141 8142 8243 8242 9252 9253 9354 9353
1 5 7030 7031 7132 7131 8141 8142 8243 8242
1 5 6929 6930 7031 7030 8040 8041 8142 8141
1 5 6928 6929 7030 7029 8039 8040 8141 8140
1 5 7029 7030 7131 7130 8140 8141 8242 8241
1 5 8140 8141 8242 8241 9251 9252 9353 9352
1 5 8039 8040 8141 8140 9150 9151 9252 9251
1 5 8038 8039 8140 8139 9149 9150 9251 9250
1 5 8139 8140 8241 8240 9250 9251 9352 9351
1 5 7028 7029 7130 7129 8139 8140 8241 8240
1 5 6927 6928 7029 7028 8038 8039 8140 8139
1 5 6926 6927 7028 7027 8037 8038 8139 8138
1 5 7027 7028 7129 7128 8138 8139 8240 8239
1 5 8138 8139 8240 8239 9249 9250 9351 9350
1 5 8037 8038 8139 8138 9148 9149 9250 9249
1 5 9148 9149 9250 9249 10259 10260 10361 10360
1 5 9149 9150 9251 9250 10260 10261 10362 10361
1 5 9250 9251 9352 9351 10361 10362 10463 10462
1 5 9249 9250 9351 9350 10360 10361 10462 10461
1 5 10360 10361 10462 10461 11471 11472 11573 11572
1 5 10361 10362 10463 10462 11472 11473 11574 11573
1 5 10260 10261 10362 10361 11371 11372 11473 11472
1 5 10259 10260 10361 10360 11370 11371 11472 11471
1 5 10158 10159 10260 10259 11269 11270 11371 11370
1 5 10057 10058 10159 10158 11168 11169 11270 11269
1 5 10058 10059 10160 10159 11169 11170 11271 11270
1 5 10159 10160 10261 10260 11270 11271 11372 11371
1 5 10160 10161 10262 10261 11271 11272 11373 11372
1 5 10161 10162 10263 10262 11272 11273 11374 11373
1 5 10060 10061 10162 10161 11171 11172 11273 11272
1 5 10059 10060 10161 10160 11170 11171 11272 11271
1 5 8948 8949 9050 9049 10059 10060 10161 10160
1 5 8949 8950 9051 9050 10060 10061 10162 10161
1 5 9050 9051 9152 9151 10161 10162 10263 10262
1 5 9049 9050 9151 9150 10160 10161 10262 10261
1 5 9048 9049 9150 9149 10159 10160 10261 10260
1 5 8947 8948 9049 9048 10058 10059 10160 10159
1 5 8946 8947 9048 9047 10057 10058 10159 10158
1 5 9047 9048 9149 9148 10158 10159 10260 10259
1 5 7936 7937 8038 8037 9047 9048 9149 9148
1 5 7835 7836 7937 7936 8946 8947 9048 9047
1 5 6724 6725 6826 6825 7835 7836 7937 7936
1 5 6825 6826 6927 6926 7936 7937 8038 8037
1 5 6826 6827 6928 6927 7937 7938 8039 8038
1 5 6725 6726 6827 6826 7836 7837 7938 7937
1 5 7836 7837 7938 7937 8947 8948 9049 9048
1 5 7937 7938 8039 8038 9048 9049 9150 9149
1 5 7938 7939 8040 8039 9049 9050 9151 9150
1 5 7837 7838 7939 7938 8948 8949 9050 9049
1 5 6726 6727 6828 6827 7837 7838 7939 7938
1 5 6827 6828 6929 6928 7938 7939 8040 8039
1 5 6828 6829 6930 6929 7939 7940 8041 8040
1 5 6727 6728 6829 6828 7838 7839 7940 7939
1 5 7838 7839 7940 7939 8949 8950 9051 9050
1 5 7939 7940 8041 8040 9050 9051 9152 9151
1 5 7940 7941 8042 8041 9051 9052 9153 9152
1 5 7839 7840 7941 7940 8950 8951 9052 9051
1 5 6728 6729 6830 6829 7839 7840 7941 7940
1 5 6829 6830 6931 6930 7940 7941 8042 8041
1 5 6830 6831 6932 6931 7941 7942 8043 8042
1 5 6729 6730 6831 6830 7840 7841 7942 7941
1 5 7840 7841 7942 7941 8951 8952 9053 9052
1 5 7941 7942 8043 8042 9052 9053 9154 9153
1 5 9052 9053 9154 9153 10163 10164 10265 10264
1 5 9051 9052 9153 9152 10162 10163 10264 10263
1 5 8950 8951 9052 9051 10061 10062 10163 10162
1 5 8951 8952 9053 9052 10062 10063 10164 10163
1 5 10062 10063 10164 10163 11173 11174 11275 11274
1 5 10061 10062 10163 10162 11172 11173 11274 11273
1 5 10162 10163 10264 10263 11273 11274 11375 11374
1 5 10163 10164 10265 10264 11274 11275 11376 11375
1 5 10264 10265 10366 10365 11375 11376 11477 11476
1 5 10263 10264 10365 10364 11374 11375 11476 11475
1 5 10364 10365 10466 10465 11475 11476 11577 11576
1 5 10365 10366 10467 10466 11476 11477 11578 11577
1 5 9254 9255 9356 9355 10365 10366 10467 10466
1 5 9253 9254 9355 9354 10364 10365 10466 10465
1 5 9152 9153 9254 9253 10263 10264 10365 10364
1 5 9153 9154 9255 9254 10264 10265 10366 10365
1 5 8042 8043 8144 8143 9153 9154 9255 9254
1 5 6931 6932 7033 7032 8042 8043 8144 8143
1 5 6930 6931 7032 7031 8041 8042 8143 8142
1 5 8041 8042 8143 8142 9152 9153 9254 9253
1 5 8142 8143 8244 8243 9253 9254 9355 9354
1 5 7031 7032 7133 7132 8142 8143 8244 8243
1 5 7032 7033 7134 7133 8143 8144 8245 8244
1 5 8143 8144 8245 8244 9254 9255 9356 9355
1 5 8244 8245 8346 8345 9355 9356 9457 9456
1 5 7133 7134 7235 7234 8244 8245 8346 8345
1 5 7132 7133 7234 7233 8243 8244 8345 8344
1 5 8243 8244 8345 8344 9354 9355 9456 9455
1 5 8344 8345 8446 8445 9455 9456 9557 9556
1 5 7233 7234 7335 7334 8344 8345 8446 8445
1 5 7234 7235 7336 7335 8345 8346 8447 8446
1 5 8345 8346 8447 8446 9456 9457 9558 9557
1 5 9456 9457 9558 9557 10567 10568 10669 10668
1 5 9455 9456 9557 9556 10566 10567 10668 10667
1 5 9354 9355 9456 9455 10465 10466 10567 10566
1 5 9355 9356 9457 9456 10466 10467 10568 10567
1 5 10466 10467 10568 10567 11577 11578 11679 11678
1 5 10465 10466 10567 10566 11576 11577 11678 11677
1 5 10566 10567 10668 10667 11677 11678 11779 11778
1 5 10567 10568 10669 10668 11678 11679 11780 11779
1 5 10668 10669 10770 10769 11779 11780 11881 11880
1 5 9557 9558 9659 9658 10668 10669 10770 10769
1 5 9556 9557 9658 9657 10667 10668 10769 10768
1 5 10667 10668 10769 10768 11778 11779 11880 11879
1 5 10768 10769 10870 10869 11879 11880 11981 11980
1 5 9657 9658 9759 9758 10768 10769 10870 10869
1 5 9658 9659 9760 9759 10769 10770 10871 10870
1 5 10769 10770 10871 10870 11880 11881 11982 11981
1 5 10870 10871 10972 10971 11981 11982 12083 12082
1 5 10869 10870 10971 10970 11980 11981 12082 12081
1 5 10970 10971 11072 11071 12081 12082 12183 12182
1 5 10971 10972 11073 11072 12082 12083 12184 12183
1 5 9860 9861 9962 9961 10971 10972 11073 11072
1 5 9859 9860 9961 9960 10970 10971 11072 11071
1 5 9758 9759 9860 9859 10869 10870 10971 10970
1 5 9759 9760 9861 9860 10870 10871 10972 10971
1 5 8648 8649 8750 8749 9759 9760 9861 9860
1 5 8647 8648 8749 8748 9758 9759 9860 9859
1 5 8748 8749 8850 8849 9859 9860 9961 9960
1 5 8749 8750 8851 8850 9860 9861 9962 9961
1 5 7638 7639 7740 7739 8749 8750 8851 8850
1 5 7637 7638 7739 7738 8748 8749 8850 8849
1 5 7536 7537 7638 7637 8647 8648 8749 8748
1 5 7537 7538 7639 7638 8648 8649 8750 8749
1 5 7436 7437 7538 7537 8547 8548 8649 8648
1 5 7335 7336 7437 7436 8446 8447 8548 8547
1 5 8446 8447 8548 8547 9557 9558 9659 9658
1 5 8547 8548 8649 8648 9658 9659 9760 9759
1 5 8546 8547 8648 8647 9657 9658 9759 9758
1 5 8445 8446 8547 8546 9556 9557 9658 9657
1 5 7334 7335 7436 7435 8445 8446 8547 8546
1 5 7435 7436 7537 7536 8546 8547 8648 8647
1 5 7434 7435 7536 7535 8545 8546 8647 8646
1 5 7333 7334 7435 7434 8444 8445 8546 8545
1 5 8444 8445 8546 8545 9555 9556 9657 9656
1 5 8545 8546 8647 8646 9656 9657 9758 9757
1 5 8544 8545 8646 8645 9655 9656 9757 9756
1 5 8443 8444 8545 8544 9554 9555 9656 9655
1 5 7332 7333 7434 7433 8443 8444 8545 8544
1 5 7433 7434 7535 7534 8544 8545 8646 8645
1 5 7534 7535 7636 7635 8645 8646 8747 8746
1 5 7535 7536 7637 7636 8646 8647 8748 8747
1 5 7636 7637 7738 7737 8747 8748 8849 8848
1 5 7635 7636 7737 7736 8746 8747 8848 8847
1 5 8746 8747 8848 8847 9857 9858 9959 9958
1 5 8747 8748 8849 8848 9858 9859 9960 9959
1 5 8646 8647 8748 8747 9757 9758 9859 9858
1 5 8645 8646 8747 8746 9756 9757 9858 9857
1 5 9756 9757 9858 9857 10867 10868 10969 10968
1 5 9757 9758 9859 9858 10868 10869 10970 10969
1 5 9858 9859 9960 9959 10969 10970 11071 11070
1 5 9857 9858 9959 9958 10968 10969 11070 11069
1 5 10968 10969 11070 11069 12079 12080 12181 12180
1 5 10969 10970 11071 11070 12080 12081 12182 12181
1 5 10868 10869 10970 10969 11979 11980 12081 12080
1 5 10867 10868 10969 10968 11978 11979 12080 12079
1 5 10766 10767 10868 10867 11877 11878 11979 11978
1 5 9655 9656 9757 9756 10766 10767 10868 10867
1 5 9656 9657 9758 9757 10767 10768 10869 10868
1 5 10767 10768 10869 10868 11878 11879 11980 11979
1 5 10666 10667 10768 10767 11777 11778 11879 11878
1 5 9555 9556 9657 9656 10666 10667 10768 10767
1 5 9554 9555 9656 9655 10665 10666 10767 10766
1 5 10665 10666 10767 10766 11776 11777 11878 11877
1 5 10664 10665 10766 10765 11775 11776 11877 11876
1 5 10663 10664 10765 10764 11774 11775 11876 11875
1 5 9552 9553 9654 9653 10663 10664 10765 10764
1 5 9553 9554 9655 9654 10664 10665 10766 10765
1 5 8442 8443 8544 8543 9553 9554 9655 9654
1 5 7331 7332 7433 7432 8442 8443 8544 8543
1 5 7330 7331 7432 7431 8441 8442 8543 8542
1 5 8441 8442 8543 8542 9552 9553 9654 9653
1 5 8542 8543 8644 8643 9653 9654 9755 9754
1 5 7431 7432 7533 7532 8542 8543 8644 8643
1 5 7432 7433 7534 7533 8543 8544 8645 8644
1 5 8543 8544 8645 8644 9654 9655 9756 9755
1 5 9654 9655 9756 9755 10765 10766 10867 10866
1 5 9653 9654 9755 9754 10764 10765 10866 10865
1 5 10764 10765 10866 10865 11875 11876 11977 11976
1 5 10765 10766 10867 10866 11876 11877 11978 11977
1 5 10866 10867 10968 10967 11977 11978 12079 12078
1 5 10865 10866 10967 10966 11976 11977 12078 12077
1 5 10966 10967 11068 11067 12077 12078 12179 12178
1 5 10967 10968 11069 11068 12078 12079 12180 12179
1 5 9856 9857 9958 9957 10967 10968 11069 11068
1 5 9855 9856 9957 9956 10966 10967 11068 11067
1 5 9754 9755 9856 9855 10865 10866 10967 10966
1 5 9755 9756 9857 9856 10866 10867 10968 10967
1 5 8644 8645 8746 8745 9755 9756 9857 9856
1 5 8643 8644 8745 8744 9754 9755 9856 9855
1 5 8744 8745 8846 8845 9855 9856 9957 9956
1 5 8745 8746 8847 8846 9856 9857 9958 9957
1 5 7634 7635 7736 7735 8745 8746 8847 8846
1 5 7633 7634 7735 7734 8744 8745 8846 8845
1 5 7532 7533 7634 7633 8643 8644 8745 8744
1 5 7533 7534 7635 7634 8644 8645 8746 8745
1 5 6422 6423 6524 6523 7533 7534 7635 7634
1 5 6421 6422 6523 6522 7532 7533 7634 7633
1 5 6522 6523 6624 6623 7633 7634 7735 7734
1 5 6523 6524 6625 6624 7634 7635 7736 7735
1 5 5412 5413 5514 5513 6523 6524 6625 6624
1 5 5411 5412 5513 5512 6522 6523 6624 6623
1 5 5310 5311 5412 5411 6421 6422 6523 6522
1 5 5311 5312 5413 5412 6422 6423 6524 6523
1 5 5210 5211 5312 5311 6321 6322 6423 6422
1 5 6321 6322 6423 6422 7432 7433 7534 7533
1 5 6320 6321 6422 6421 7431 7432 7533 7532
1 5 5209 5210 5311 5310 6320 6321 6422 6421
1 5 5108 5109 5210 5209 6219 6220 6321 6320
1 5 6219 6220 6321 6320 7330 7331 7432 7431
1 5 6220 6221 6322 6321 7331 7332 7433 7432
1 5 5109 5110 5211 5210 6220 6221 6322 6321
1 5 5110 5111 5212 5211 6221 6222 6323 6322
1 5 6221 6222 6323 6322 7332 7333 7434 7433
1 5 6222 6223 6324 6323 7333 7334 7435 7434
1 5 5111 5112 5213 5212 6222 6223 6324 6323
1 5 5212 5213 5314 5313 6323 6324 6425 6424
1 5 6323 6324 6425 6424 7434 7435 7536 7535
1 5 6322 6323 6424 6423 7433 7434 7535 7534
1 5 5211 5212 5313 5312 6322 6323 6424 6423
1 5 5312 5313 5414 5413 6423 6424 6525 6524
1 5 5413 5414 5515 5514 6524 6525 6626 6625
1 5 6524 6525 6626 6625 7635 7636 7737 7736
1 5 6423 6424 6525 6524 7534 7535 7636 7635
1 5 6424 6425 6526 6525 7535 7536 7637 7636
1 5 6525 6526 6627 6626 7636 7637 7738 7737
1 5 5414 5415 5516 5515 6525 6526 6627 6626
1 5 5313 5314 5415 5414 6424 6425 6526 6525
1 5 5314 5315 5416 5415 6425 6426 6527 6526
1 5 5415 5416 5517 5516 6526 6527 6628 6627
1 5 6526 6527 6628 6627 7637 7638 7739 7738
1 5 6425 6426 6527 6526 7536 7537 7638 7637
1 5 6426 6427 6528 6527 7537 7538 7639 7638
1 5 6527 6528 6629 6628 7638 7639 7740 7739
1 5 5416 5417 5518 5517 6527 6528 6629 6628
1 5 5315 5316 5417 5416 6426 6427 6528 6527
1 5 5214 5215 5316 5315 6325 6326 6427 6426
1 5 6325 6326 6427 6426 7436 7437 7538 7537
1 5 6324 6325 6426 6425 7435 7436 7537 7536
1 5 5213 5214 5315 5314 6324 6325 6426 6425
1 5 5112 5113 5214 5213 6223 6224 6325 6324
1 5 6223 6224 6325 6324 7334 7335 7436 7435
1 5 6224 6225 6326 6325 7335 7336 7437 7436
1 5 5113 5114 5215 5214 6224 6225 6326 6325
1 5 4002 4003 4104 4103 5113 5114 5215 5214
1 5 2891 2892 2993 2992 4002 4003 4104 4103
1 5 2890 2891 2992 2991 4001 4002 4103 4102
1 5 4001 4002 4103 4102 5112 5113 5214 5213
1 5 4102 4103 4204 4203 5213 5214 5315 5314
1 5 2991 2992 3093 3092 4102 4103 4204 4203
1 5 2992 2993 3094 3093 4103 4104 4205 4204
1 5 4103 4104 4205 4204 5214 5215 5316 5315
1 5 4204 4205 4306 4305 5315 5316 5417 5416
1 5 4305 4306 4407 4406 5416 5417 5518 5517
1 5 3194 3195 3296 3295 4305 4306 4407 4406
1 5 3093 3094 3195 3194 4204 4205 4306 4305
1 5 3092 3093 3194 3193 4203 4204 4305 4304
1 5 3193 3194 3295 3294 4304 4305 4406 4405
1 5 4304 4305 4406 4405 5415 5416 5517 5516
1 5 4203 4204 4305 4304 5314 5315 5416 5415
1 5 4202 4203 4304 4303 5313 5314 5415 5414
1 5 4303 4304 4405 4404 5414 5415 5516 5515
1 5 3192 3193 3294 3293 4303 4304 4405 4404
1 5 3091 3092 3193 3192 4202 4203 4304 4303
1 5 3090 3091 3192 3191 4201 4202 4303 4302
1 5 3191 3192 3293 3292 4302 4303 4404 4403
1 5 4302 4303 4404 4403 5413 5414 5515 5514
1 5 4201 4202 4303 4302 5312 5313 5414 5413
1 5 4100 4101 4202 4201 5211 5212 5313 5312
1 5 2989 2990 3091 3090 4100 4101 4202 4201
1 5 2990 2991 3092 3091 4101 4102 4203 4202
1 5 4101 4102 4203 4202 5212 5213 5314 5313
1 5 4000 4001 4102 4101 5111 5112 5213 5212
1 5 2889 2890 2991 2990 4000 4001 4102 4101
1 5 2888 2889 2990 2989 3999 4000 4101 4100
1 5 3999 4000 4101 4100 5110 5111 5212 5211
1 5 3998 3999 4100 4099 5109 5110 5211 5210
1 5 2887 2888 2989 2988 3998 3999 4100 4099
1 5 2886 2887 2988 2987 3997 3998 4099 4098
1 5 3997 3998 4099 4098 5108 5109 5210 5209
1 5 4098 4099 4200 4199 5209 5210 5311 5310
1 5 2987 2988 3089 3088 4098 4099 4200 4199
1 5 2988 2989 3090 3089 4099 4100 4201 4200
1 5 4099 4100 4201 4200 5210 5211 5312 5311
1 5 4200 4201 4302 4301 5311 5312 5413 5412
1 5 4199 4200 4301 4300 5310 5311 5412 5411
1 5 4300 4301 4402 4401 5411 5412 5513 5512
1 5 4301 4302 4403 4402 5412 5413 5514 5513
1 5 3190 3191 3292 3291 4301 4302 4403 4402
1 5 3189 3190 3291 3290 4300 4301 4402 4401
1 5 3088 3089 3190 3189 4199 4200 4301 4300
1 5 3089 3090 3191 3190 4200 4201 4302 4301
1 5 1978 1979 2080 2079 3089 3090 3191 3190
1 5 1977 1978 2079 2078 3088 3089 3190 3189
1 5 2078 2079 2180 2179 3189 3190 3291 3290
1 5 2079 2080 2181 2180 3190 3191 3292 3291
1 5 968 969 1070 1069 2079 2080 2181 2180
1 5 967 968 1069 1068 2078 2079 2180 2179
1 5 866 867 968 967 1977 1978 2079 2078
1 5 867 868 969 968 1978 1979 2080 2079
1 5 766 767 868 867 1877 1878 1979 1978
1 5 1877 1878 1979 1978 2988 2989 3090 3089
1 5 1876 1877 1978 1977 2987 2988 3089 3088
1 5 765 766 867 866 1876 1877 1978 1977
1 5 664 665 766 765 1775 1776 1877 1876
1 5 1775 1776 1877 1876 2886 2887 2988 2987
1 5 1776 1777 1878 1877 2887 2888 2989 2988
1 5 665 666 767 766 1776 1777 1878 1877
1 5 666 667 768 767 1777 1778 1879 1878
1 5 1777 1778 1879 1878 2888 2889 2990 2989
1 5 1778 1779 1880 1879 2889 2890 2991 2990
1 5 667 668 769 768 1778 1779 1880 1879
1 5 768 769 870 869 1879 1880 1981 1980
1 5 1879 1880 1981 1980 2990 2991 3092 3091
1 5 1878 1879 1980 1979 2989 2990 3091 3090
1 5 767 768 869 868 1878 1879 1980 1979
1 5 868 869 970 969 1979 1980 2081 2080
1 5 969 970 1071 1070 2080 2081 2182 2181
1 5 2080 2081 2182 2181 3191 3192 3293 3292
1 5 1979 1980 2081 2080 3090 3091 3192 3191
1 5 1980 1981 2082 2081 3091 3092 3193 3192
1 5 2081 2082 2183 2182 3192 3193 3294 3293
1 5 970 971 1072 1071 2081 2082 2183 2182
1 5 869 870 971 970 1980 1981 2082 2081
1 5 870 871 972 971 1981 1982 2083 2082
1 5 971 972 1073 1072 2082 2083 2184 2183
1 5 2082 2083 2184 2183 3193 3194 3295 3294
1 5 1981 1982 2083 2082 3092 3093 3194 3193
1 5 1982 1983 2084 2083 3093 3094 3195 3194
1 5 2083 2084 2185 2184 3194 3195 3296 3295
1 5 972 973 1074 1073 2083 2084 2185 2184
1 5 871 872 973 972 1982 1983 2084 2083
1 5 770 771 872 871 1881 1882 1983 1982
1 5 1881 1882 1983 1982 2992 2993 3094 3093
1 5 1880 1881 1982 1981 2991 2992 3093 3092
1 5 769 770 871 870 1880 1881 1982 1981
1 5 668 669 770 769 1779 1780 1881 1880
1 5 1779 1780 1881 1880 2890 2891 2992 2991
1 5 1780 1781 1882 1881 2891 2892 2993 2992
1 5 669 670 771 770 1780 1781 1882 1881
1 5 568 569 670 669 1679 1680 1781 1780
1 5 467 468 569 568 1578 1579 1680 1679
1 5 1578 1579 1680 1679 2689 2690 2791 2790
1 5 1679 1680 1781 1780 2790 2791 2892 2891
1 5 1678 1679 1780 1779 2789 2790 2891 2890
1 5 1577 1578 1679 1678 2688 2689 2790 2789
1 5 466 467 568 567 1577 1578 1679 1678
1 5 567 568 669 668 1678 1679 1780 1779
1 5 566 567 668 667 1677 1678 1779 1778
1 5 1677 1678 1779 1778 2788 2789 2890 2889
1 5 1676 1677 1778 1777 2787 2788 2889 2888
1 5 565 566 667 666 1676 1677 1778 1777
1 5 464 465 566 565 1575 1576 1677 1676
1 5 1575 1576 1677 1676 2686 2687 2788 2787
1 5 1576 1577 1678 1677 2687 2688 2789 2788
1 5 465 466 567 566 1576 1577 1678 1677
1 5 364 365 466 465 1475 1476 1577 1576
1 5 1475 1476 1577 1576 2586 2587 2688 2687
1 5 1474 1475 1576 1575 2585 2586 2687 2686
1 5 363 364 465 464 1474 1475 1576 1575
1 5 262 263 364 363 1373 1374 1475 1474
1 5 1373 1374 1475 1474 2484 2485 2586 2585
1 5 1374 1375 1476 1475 2485 2486 2587 2586
1 5 263 264 365 364 1374 1375 1476 1475
1 5 264 265 366 365 1375 1376 1477 1476
1 5 265 266 367 366 1376 1377 1478 1477
1 5 366 367 468 467 1477 1478 1579 1578
1 5 365 366 467 466 1476 1477 1578 1577
1 5 1476 1477 1578 1577 2587 2588 2689 2688
1 5 1477 1478 1579 1578 2588 2589 2690 2689
1 5 1376 1377 1478 1477 2487 2488 2589 2588
1 5 1375 1376 1477 1476 2486 2487 2588 2587
1 5 2486 2487 2588 2587 3597 3598 3699 3698
1 5 2487 2488 2589 2588 3598 3599 3700 3699
1 5 2588 2589 2690 2689 3699 3700 3801 3800
1 5 2587 2588 2689 2688 3698 3699 3800 3799
1 5 3698 3699 3800 3799 4809 4810 4911 4910
1 5 3699 3700 3801 3800 4810 4811 4912 4911
1 5 3598 3599 3700 3699 4709 4710 4811 4810
1 5 3597 3598 3699 3698 4708 4709 4810 4809
1 5 3596 3597 3698 3697 4707 4708 4809 4808
1 5 2485 2486 2587 2586 3596 3597 3698 3697
1 5 2484 2485 2586 2585 3595 3596 3697 3696
1 5 3595 3596 3697 3696 4706 4707 4808 4807
1 5 3696 3697 3798 3797 4807 4808 4909 4908
1 5 2585 2586 2687 2686 3696 3697 3798 3797
1 5 2586 2587 2688 2687 3697 3698 3799 3798
1 5 3697 3698 3799 3798 4808 4809 4910 4909
1 5 3798 3799 3900 3899 4909 4910 5011 5010
1 5 2687 2688 2789 2788 3798 3799 3900 3899
1 5 2686 2687 2788 2787 3797 3798 3899 3898
1 5 3797 3798 3899 3898 4908 4909 5010 5009
1 5 3898 3899 4000 3999 5009 5010 5111 5110
1 5 2787 2788 2889 2888 3898 3899 4000 3999
1 5 2788 2789 2890 2889 3899 3900 4001 4000
1 5 3899 3900 4001 4000 5010 5011 5112 5111
1 5 3900 3901 4002 4001 5011 5012 5113 5112
1 5 3799 3800 3901 3900 4910 4911 5012 5011
1 5 2688 2689 2790 2789 3799 3800 3901 3900
1 5 2789 2790 2891 2890 3900 3901 4002 4001
1 5 2790 2791 2892 2891 3901 3902 4003 4002
1 5 2689 2690 2791 2790 3800 3801 3902 3901
1 5 3800 3801 3902 3901 4911 4912 5013 5012
1 5 3901 3902 4003 4002 5012 5013 5114 5113
1 5 5012 5013 5114 5113 6123 6124 6225 6224
1 5 6123 6124 6225 6224 7234 7235 7336 7335
1 5 6122 6123 6224 6223 7233 7234 7335 7334
1 5 5011 5012 5113 5112 6122 6123 6224 6223
1 5 5010 5011 5112 5111 6121 6122 6223 6222
1 5 6121 6122 6223 6222 7232 7233 7334 7333
1 5 6120 6121 6222 6221 7231 7232 7333 7332
1 5 5009 5010 5111 5110 6120 6121 6222 6221
1 5 4908 4909 5010 5009 6019 6020 6121 6120
1 5 6019 6020 6121 6120 7130 7131 7232 7231
1 5 6020 6021 6122 6121 7131 7132 7233 7232
1 5 4909 4910 5011 5010 6020 6021 6122 6121
1 5 4910 4911 5012 5011 6021 6022 6123 6122
1 5 6021 6022 6123 6122 7132 7133 7234 7233
1 5 6022 6023 6124 6123 7133 7134 7235 7234
1 5 4911 4912 5013 5012 6022 6023 6124 6123
1 5 4810 4811 4912 4911 5921 5922 6023 6022
1 5 4709 4710 4811 4810 5820 5821 5922 5921
1 5 5820 5821 5922 5921 6931 6932 7033 7032
1 5 5921 5922 6023 6022 7032 7033 7134 7133
1 5 5920 5921 6022 6021 7031 7032 7133 7132
1 5 5819 5820 5921 5920 6930 6931 7032 7031
1 5 4708 4709 4810 4809 5819 5820 5921 5920
1 5 4809 4810 4911 4910 5920 5921 6022 6021
1 5 4808 4809 4910 4909 5919 5920 6021 6020
1 5 4707 4708 4809 4808 5818 5819 5920 5919
1 5 5818 5819 5920 5919 6929 6930 7031 7030
1 5 5919 5920 6021 6020 7030 7031 7132 7131
1 5 5918 5919 6020 6019 7029 7030 7131 7130
1 5 5817 5818 5919 5918 6928 6929 7030 7029
1 5 4706 4707 4808 4807 5817 5818 5919 5918
1 5 4807 4808 4909 4908 5918 5919 6020 6019
1 5 4806 4807 4908 4907 5917 5918 6019 6018
1 5 4705 4706 4807 4806 5816 5817 5918 5917
1 5 5816 5817 5918 5917 6927 6928 7029 7028
1 5 5917 5918 6019 6018 7028 7029 7130 7129
1 5 5916 5917 6018 6017 7027 7028 7129 7128
1 5 5815 5816 5917 5916 6926 6927 7028 7027
1 5 4704 4705 4806 4805 5815 5816 5917 5916
1 5 4805 4806 4907 4906 5916 5917 6018 6017
1 5 4906 4907 5008 5007 6017 6018 6119 6118
1 5 6017 6018 6119 6118 7128 7129 7230 7229
1 5 6018 6019 6120 6119 7129 7130 7231 7230
1 5 4907 4908 5009 5008 6018 6019 6120 6119
1 5 5008 5009 5110 5109 6119 6120 6221 6220
1 5 6119 6120 6221 6220 7230 7231 7332 7331
1 5 6118 6119 6220 6219 7229 7230 7331 7330
1 5 5007 5008 5109 5108 6118 6119 6220 6219
1 5 3896 3897 3998 3997 5007 5008 5109 5108
1 5 3897 3898 3999 3998 5008 5009 5110 5109
1 5 3796 3797 3898 3897 4907 4908 5009 5008
1 5 3795 3796 3897 3896 4906 4907 5008 5007
1 5 3694 3695 3796 3795 4805 4806 4907 4906
1 5 3695 3696 3797 3796 4806 4807 4908 4907
1 5 3594 3595 3696 3695 4705 4706 4807 4806
1 5 3593 3594 3695 3694 4704 4705 4806 4805
1 5 2482 2483 2584 2583 3593 3594 3695 3694
1 5 2483 2484 2585 2584 3594 3595 3696 3695
1 5 2584 2585 2686 2685 3695 3696 3797 3796
1 5 2583 2584 2685 2684 3694 3695 3796 3795
1 5 2684 2685 2786 2785 3795 3796 3897 3896
1 5 2685 2686 2787 2786 3796 3797 3898 3897
1 5 2786 2787 2888 2887 3897 3898 3999 3998
1 5 2785 2786 2887 2886 3896 3897 3998 3997
1 5 1674 1675 1776 1775 2785 2786 2887 2886
1 5 563 564 665 664 1674 1675 1776 1775
1 5 564 565 666 665 1675 1676 1777 1776
1 5 1675 1676 1777 1776 2786 2787 2888 2887
1 5 1574 1575 1676 1675 2685 2686 2787 2786
1 5 463 464 565 564 1574 1575 1676 1675
1 5 462 463 564 563 1573 1574 1675 1674
1 5 1573 1574 1675 1674 2684 2685 2786 2785
1 5 1472 1473 1574 1573 2583 2584 2685 2684
1 5 361 362 463 462 1472 1473 1574 1573
1 5 362 363 464 463 1473 1474 1575 1574
1 5 1473 1474 1575 1574 2584 2585 2686 2685
1 5 1372 1373 1474 1473 2483 2484 2585 2584
1 5 261 262 363 362 1372 1373 1474 1473
1 5 260 261 362 361 1371 1372 1473 1472
1 5 1371 1372 1473 1472 2482 2483 2584 2583
1 5 1270 1271 1372 1371 2381 2382 2483 2482
1 5 159 160 261 260 1270 1271 1372 1371
1 5 160 161 262 261 1271 1272 1373 1372
1 5 1271 1272 1373 1372 2382 2383 2484 2483
1 5 1170 1171 1272 1271 2281 2282 2383 2382
1 5 59 60 161 160 1170 1171 1272 1271
1 5 58 59 160 159 1169 1170 1271 1270
1 5 1169 1170 1271 1270 2280 2281 2382 2381
1 5 2280 2281 2382 2381 3391 3392 3493 3492
1 5 2281 2282 2383 2382 3392 3393 3494 3493
1 5 2382 2383 2484 2483 3493 3494 3595 3594
1 5 2381 2382 2483 2482 3492 3493 3594 3593
1 5 3492 3493 3594 3593 4603 4604 4705 4704
1 5 3493 3494 3595 3594 4604 4605 4706 4705
1 5 3392 3393 3494 3493 4503 4504 4605 4604
1 5 3391 3392 3493 3492 4502 4503 4604 4603
1 5 4502 4503 4604 4603 5613 5614 5715 5714
1 5 4603 4604 4705 4704 5714 5715 5816 5815
1 5 5714 5715 5816 5815 6825 6826 6927 6926
1 5 5613 5614 5715 5714 6724 6725 6826 6825
1 5 5614 5615 5716 5715 6725 6726 6827 6826
1 5 5715 5716 5817 5816 6826 6827 6928 6927
1 5 4604 4605 4706 4705 5715 5716 5817 5816
1 5 4503 4504 4605 4604 5614 5615 5716 5715
1 5 4504 4505 4606 4605 5615 5616 5717 5716
1 5 4605 4606 4707 4706 5716 5717 5818 5817
1 5 5716 5717 5818 5817 6827 6828 6929 6928
1 5 5615 5616 5717 5716 6726 6727 6828 6827
1 5 5616 5617 5718 5717 6727 6728 6829 6828
1 5 5717 5718 5819 5818 6828 6829 6930 6929
1 5 4606 4607 4708 4707 5717 5718 5819 5818
1 5 4505 4506 4607 4606 5616 5617 5718 5717
1 5 4506 4507 4608 4607 5617 5618 5719 5718
1 5 4607 4608 4709 4708 5718 5719 5820 5819
1 5 5718 5719 5820 5819 6829 6830 6931 6930
1 5 5617 5618 5719 5718 6728 6729 6830 6829
1 5 5618 5619 5720 5719 6729 6730 6831 6830
1 5 5719 5720 5821 5820 6830 6831 6932 6931
1 5 4608 4609 4710 4709 5719 5720 5821 5820
1 5 4507 4508 4609 4608 5618 5619 5720 5719
1 5 3396 3397 3498 3497 4507 4508 4609 4608
1 5 3497 3498 3599 3598 4608 4609 4710 4709
1 5 2386 2387 2488 2487 3497 3498 3599 3598
1 5 2285 2286 2387 2386 3396 3397 3498 3497
1 5 2284 2285 2386 2385 3395 3396 3497 3496
1 5 2385 2386 2487 2486 3496 3497 3598 3597
1 5 3496 3497 3598 3597 4607 4608 4709 4708
1 5 3395 3396 3497 3496 4506 4507 4608 4607
1 5 3394 3395 3496 3495 4505 4506 4607 4606
1 5 3393 3394 3495 3494 4504 4505 4606 4605
1 5 3494 3495 3596 3595 4605 4606 4707 4706
1 5 3495 3496 3597 3596 4606 4607 4708 4707
1 5 2384 2385 2486 2485 3495 3496 3597 3596
1 5 2383 2384 2485 2484 3494 3495 3596 3595
1 5 2282 2283 2384 2383 3393 3394 3495 3494
1 5 2283 2284 2385 2384 3394 3395 3496 3495
1 5 1172 1173 1274 1273 2283 2284 2385 2384
1 5 1171 1172 1273 1272 2282 2283 2384 2383
1 5 1272 1273 1374 1373 2383 2384 2485 2484
1 5 1273 1274 1375 1374 2384 2385 2486 2485
1 5 162 163 264 263 1273 1274 1375 1374
1 5 161 162 263 262 1272 1273 1374 1373
1 5 60 61 162 161 1171 1172 1273 1272
1 5 61 62 163 162 1172 1173 1274 1273
1 5 62 63 164 163 1173 1174 1275 1274
1 5 163 164 265 264 1274 1275 1376 1375
1 5 1274 1275 1376 1375 2385 2386 2487 2486
1 5 1173 1174 1275 1274 2284 2285 2386 2385
1 5 1174 1175 1276 1275 2285 2286 2387 2386
1 5 1275 1276 1377 1376 2386 2387 2488 2487
1 5 164 165 266 265 1275 1276 1377 1376
1 5 63 64 165 164 1174 1175 1276 1275
1 5 64 65 166 165 1175 1176 1277 1276
1 5 165 166 267 266 1276 1277 1378 1377
1 5 1276 1277 1378 1377 2387 2388 2489 2488
1 5 1175 1176 1277 1276 2286 2287 2388 2387
1 5 1176 1177 1278 1277 2287 2288 2389 2388
1 5 1277 1278 1379 1378 2388 2389 2490 2489
1 5 166 167 268 267 1277 1278 1379 1378
1 5 65 66 167 166 1176 1177 1278 1277
1 5 66 67 168 167 1177 1178 1279 1278
1 5 1177 1178 1279 1278 2288 2289 2390 2389
1 5 1178 1179 1280 1279 2289 2290 2391 2390
1 5 67 68 169 168 1178 1179 1280 1279
1 5 168 169 270 269 1279 1280 1381 1380
1 5 1279 1280 1381 1380 2390 2391 2492 2491
1 5 1278 1279 1380 1379 2389 2390 2491 2490
1 5 167 168 269 268 1278 1279 1380 1379
1 5 268 269 370 369 1379 1380 1481 1480
1 5 1379 1380 1481 1480 2490 2491 2592 2591
1 5 1380 1381 1482 1481 2491 2492 2593 2592
1 5 269 270 371 370 1380 1381 1482 1481
1 5 370 371 472 471 1481 1482 1583 1582
1 5 1481 1482 1583 1582 2592 2593 2694 2693
1 5 1480 1481 1582 1581 2591 2592 2693 2692
1 5 369 370 471 470 1480 1481 1582 1581
1 5 368 369 470 469 1479 1480 1581 1580
1 5 367 368 469 468 1478 1479 1580 1579
1 5 266 267 368 367 1377 1378 1479 1478
1 5 267 268 369 368 1378 1379 1480 1479
1 5 1378 1379 1480 1479 2489 2490 2591 2590
1 5 1377 1378 1479 1478 2488 2489 2590 2589
1 5 1478 1479 1580 1579 2589 2590 2691 2690
1 5 1479 1480 1581 1580 2590 2591 2692 2691
1 5 2590 2591 2692 2691 3701 3702 3803 3802
1 5 2589 2590 2691 2690 3700 3701 3802 3801
1 5 2488 2489 2590 2589 3599 3600 3701 3700
1 5 2489 2490 2591 2590 3600 3601 3702 3701
1 5 3600 3601 3702 3701 4711 4712 4813 4812
1 5 3599 3600 3701 3700 4710 4711 4812 4811
1 5 3700 3701 3802 3801 4811 4812 4913 4912
1 5 3701 3702 3803 3802 4812 4813 4914 4913
1 5 3702 3703 3804 3803 4813 4814 4915 4914
1 5 2591 2592 2693 2692 3702 3703 3804 3803
1 5 2592 2593 2694 2693 3703 3704 3805 3804
1 5 3703 3704 3805 3804 4814 4815 4916 4915
1 5 3602 3603 3704 3703 4713 4714 4815 4814
1 5 2491 2492 2593 2592 3602 3603 3704 3703
1 5 2490 2491 2592 2591 3601 3602 3703 3702
1 5 3601 3602 3703 3702 4712 4713 4814 4813
1 5 3500 3501 3602 3601 4611 4612 4713 4712
1 5 2389 2390 2491 2490 3500 3501 3602 3601
1 5 2390 2391 2492 2491 3501 3502 3603 3602
1 5 3501 3502 3603 3602 4612 4613 4714 4713
1 5 3400 3401 3502 3501 4511 4512 4613 4612
1 5 2289 2290 2391 2390 3400 3401 3502 3501
1 5 2288 2289 2390 2389 3399 3400 3501 3500
1 5 3399 3400 3501 3500 4510 4511 4612 4611
1 5 3398 3399 3500 3499 4509 4510 4611 4610
1 5 3499 3500 3601 3600 4610 4611 4712 4711
1 5 2388 2389 2490 2489 3499 3500 3601 3600
1 5 2287 2288 2389 2388 3398 3399 3500 3499
1 5 2286 2287 2388 2387 3397 3398 3499 3498
1 5 2387 2388 2489 2488 3498 3499 3600 3599
1 5 3498 3499 3600 3599 4609 4610 4711 4710
1 5 3397 3398 3499 3498 4508 4509 4610 4609
1 5 4508 4509 4610 4609 5619 5620 5721 5720
1 5 5619 5620 5721 5720 6730 6731 6832 6831
1 5 5620 5621 5722 5721 6731 6732 6833 6832
1 5 4509 4510 4611 4610 5620 5621 5722 5721
1 5 4510 4511 4612 4611 5621 5622 5723 5722
1 5 5621 5622 5723 5722 6732 6733 6834 6833
1 5 5622 5623 5724 5723 6733 6734 6835 6834
1 5 4511 4512 4613 4612 5622 5623 5724 5723
1 5 4612 4613 4714 4713 5723 5724 5825 5824
1 5 5723 5724 5825 5824 6834 6835 6936 6935
1 5 5722 5723 5824 5823 6833 6834 6935 6934
1 5 4611 4612 4713 4712 5722 5723 5824 5823
1 5 4610 4611 4712 4711 5721 5722 5823 5822
1 5 5721 5722 5823 5822 6832 6833 6934 6933
1 5 5720 5721 5822 5821 6831 6832 6933 6932
1 5 4609 4610 4711 4710 5720 5721 5822 5821
1 5 4710 4711 4812 4811 5821 5822 5923 5922
1 5 4811 4812 4913 4912 5922 5923 6024 6023
1 5 5922 5923 6024 6023 7033 7034 7135 7134
1 5 5821 5822 5923 5922 6932 6933 7034 7033
1 5 5822 5823 5924 5923 6933 6934 7035 7034
1 5 5923 5924 6025 6024 7034 7035 7136 7135
1 5 4812 4813 4914 4913 5923 5924 6025 6024
1 5 4711 4712 4813 4812 5822 5823 5924 5923
1 5 4712 4713 4814 4813 5823 5824 5925 5924
1 5 4813 4814 4915 4914 5924 5925 6026 6025
1 5 5924 5925 6026 6025 7035 7036 7137 7136
1 5 5823 5824 5925 5924 6934 6935 7036 7035
1 5 5824 5825 5926 5925 6935 6936 7037 7036
1 5 5925 5926 6027 6026 7036 7037 7138 7137
1 5 4814 4815 4916 4915 5925 5926 6027 6026
1 5 4713 4714 4815 4814 5824 5825 5926 5925
1 5 4714 4715 4816 4815 5825 5826 5927 5926
1 5 4815 4816 4917 4916 5926 5927 6028 6027
1 5 5926 5927 6028 6027 7037 7038 7139 7138
1 5 5825 5826 5927 5926 6936 6937 7038 7037
1 5 5826 5827 5928 5927 6937 6938 7039 7038
1 5 5927 5928 6029 6028 7038 7039 7140 7139
1 5 4816 4817 4918 4917 5927 5928 6029 6028
1 5 4715 4716 4817 4816 5826 5827 5928 5927
1 5 4614 4615 4716 4715 5725 5726 5827 5826
1 5 5725 5726 5827 5826 6836 6837 6938 6937
1 5 5724 5725 5826 5825 6835 6836 6937 6936
1 5 4613 4614 4715 4714 5724 5725 5826 5825
1 5 4512 4513 4614 4613 5623 5624 5725 5724
1 5 5623 5624 5725 5724 6734 6735 6836 6835
1 5 5624 5625 5726 5725 6735 6736 6837 6836
1 5 4513 4514 4615 4614 5624 5625 5726 5725
1 5 3402 3403 3504 3503 4513 4514 4615 4614
1 5 3401 3402 3503 3502 4512 4513 4614 4613
1 5 3502 3503 3604 3603 4613 4614 4715 4714
1 5 3503 3504 3605 3604 4614 4615 4716 4715
1 5 3604 3605 3706 3705 4715 4716 4817 4816
1 5 3603 3604 3705 3704 4714 4715 4816 4815
1 5 3704 3705 3806 3805 4815 4816 4917 4916
1 5 3705 3706 3807 3806 4816 4817 4918 4917
1 5 2594 2595 2696 2695 3705 3706 3807 3806
1 5 2593 2594 2695 2694 3704 3705 3806 3805
1 5 2492 2493 2594 2593 3603 3604 3705 3704
1 5 2493 2494 2595 2594 3604 3605 3706 3705
1 5 2392 2393 2494 2493 3503 3504 3605 3604
1 5 2391 2392 2493 2492 3502 3503 3604 3603
1 5 2290 2291 2392 2391 3401 3402 3503 3502
1 5 2291 2292 2393 2392 3402 3403 3504 3503
1 5 1180 1181 1282 1281 2291 2292 2393 2392
1 5 69 70 171 170 1180 1181 1282 1281
1 5 68 69 170 169 1179 1180 1281 1280
1 5 1179 1180 1281 1280 2290 2291 2392 2391
1 5 1280 1281 1382 1381 2391 2392 2493 2492
1 5 169 170 271 270 1280 1281 1382 1381
1 5 170 171 272 271 1281 1282 1383 1382
1 5 1281 1282 1383 1382 2392 2393 2494 2493
1 5 1382 1383 1484 1483 2493 2494 2595 2594
1 5 271 272 373 372 1382 1383 1484 1483
1 5 270 271 372 371 1381 1382 1483 1482
1 5 1381 1382 1483 1482 2492 2493 2594 2593
1 5 1482 1483 1584 1583 2593 2594 2695 2694
1 5 371 372 473 472 1482 1483 1584 1583
1 5 372 373 474 473 1483 1484 1585 1584
1 5 1483 1484 1585 1584 2594 2595 2696 2695
1 5 1584 1585 1686 1685 2695 2696 2797 2796
1 5 473 474 575 574 1584 1585 1686 1685
1 5 472 473 574 573 1583 1584 1685 1684
1 5 1583 1584 1685 1684 2694 2695 2796 2795
1 5 1684 1685 1786 1785 2795 2796 2897 2896
1 5 573 574 675 674 1684 1685 1786 1785
1 5 574 575 676 675 1685 1686 1787 1786
1 5 1685 1686 1787 1786 2796 2797 2898 2897
1 5 2796 2797 2898 2897 3907 3908 4009 4008
1 5 2795 2796 2897 2896 3906 3907 4008 4007
1 5 2694 2695 2796 2795 3805 3806 3907 3906
1 5 2695 2696 2797 2796 3806 3807 3908 3907
1 5 3806 3807 3908 3907 4917 4918 5019 5018
1 5 3805 3806 3907 3906 4916 4917 5018 5017
1 5 3906 3907 4008 4007 5017 5018 5119 5118
1 5 3907 3908 4009 4008 5018 5019 5120 5119
1 5 5018 5019 5120 5119 6129 6130 6231 6230
1 5 4917 4918 5019 5018 6028 6029 6130 6129
1 5 6028 6029 6130 6129 7139 7140 7241 7240
1 5 6129 6130 6231 6230 7240 7241 7342 7341
1 5 6128 6129 6230 6229 7239 7240 7341 7340
1 5 6027 6028 6129 6128 7138 7139 7240 7239
1 5 4916 4917 5018 5017 6027 6028 6129 6128
1 5 5017 5018 5119 5118 6128 6129 6230 6229
1 5 5016 5017 5118 5117 6127 6128 6229 6228
1 5 4915 4916 5017 5016 6026 6027 6128 6127
1 5 6026 6027 6128 6127 7137 7138 7239 7238
1 5 6127 6128 6229 6228 7238 7239 7340 7339
1 5 6126 6127 6228 6227 7237 7238 7339 7338
1 5 6025 6026 6127 6126 7136 7137 7238 7237
1 5 4914 4915 5016 5015 6025 6026 6127 6126
1 5 5015 5016 5117 5116 6126 6127 6228 6227
1 5 5014 5015 5116 5115 6125 6126 6227 6226
1 5 4913 4914 5015 5014 6024 6025 6126 6125
1 5 6024 6025 6126 6125 7135 7136 7237 7236
1 5 6125 6126 6227 6226 7236 7237 7338 7337
1 5 6124 6125 6226 6225 7235 7236 7337 7336
1 5 6023 6024 6125 6124 7134 7135 7236 7235
1 5 4912 4913 5014 5013 6023 6024 6125 6124
1 5 5013 5014 5115 5114 6124 6125 6226 6225
1 5 3902 3903 4004 4003 5013 5014 5115 5114
1 5 3801 3802 3903 3902 4912 4913 5014 5013
1 5 2690 2691 2792 2791 3801 3802 3903 3902
1 5 2791 2792 2893 2892 3902 3903 4004 4003
1 5 2792 2793 2894 2893 3903 3904 4005 4004
1 5 2691 2692 2793 2792 3802 3803 3904 3903
1 5 3802 3803 3904 3903 4913 4914 5015 5014
1 5 3903 3904 4005 4004 5014 5015 5116 5115
1 5 3904 3905 4006 4005 5015 5016 5117 5116
1 5 3905 3906 4007 4006 5016 5017 5118 5117
1 5 3804 3805 3906 3905 4915 4916 5017 5016
1 5 3803 3804 3905 3904 4914 4915 5016 5015
1 5 2692 2693 2794 2793 3803 3804 3905 3904
1 5 2693 2694 2795 2794 3804 3805 3906 3905
1 5 2794 2795 2896 2895 3905 3906 4007 4006
1 5 2793 2794 2895 2894 3904 3905 4006 4005
1 5 1682 1683 1784 1783 2793 2794 2895 2894
1 5 1683 1684 1785 1784 2794 2795 2896 2895
1 5 1582 1583 1684 1683 2693 2694 2795 2794
1 5 1581 1582 1683 1682 2692 2693 2794 2793
1 5 470 471 572 571 1581 1582 1683 1682
1 5 471 472 573 572 1582 1583 1684 1683
1 5 572 573 674 673 1683 1684 1785 1784
1 5 571 572 673 672 1682 1683 1784 1783
1 5 570 571 672 671 1681 1682 1783 1782
1 5 469 470 571 570 1580 1581 1682 1681
1 5 1580 1581 1682 1681 2691 2692 2793 2792
1 5 1681 1682 1783 1782 2792 2793 2894 2893
1 5 1680 1681 1782 1781 2791 2792 2893 2892
1 5 1579 1580 1681 1680 2690 2691 2792 2791
1 5 468 469 570 569 1579 1580 1681 1680
1 5 569 570 671 670 1680 1681 1782 1781
1 5 670 671 772 771 1781 1782 1883 1882
1 5 1781 1782 1883 1882 2892 2893 2994 2993
1 5 1782 1783 1884 1883 2893 2894 2995 2994
1 5 671 672 773 772 1782 1783 1884 1883
1 5 772 773 874 873 1883 1884 1985 1984
1 5 1883 1884 1985 1984 2994 2995 3096 3095
1 5 1882 1883 1984 1983 2993 2994 3095 3094
1 5 771 772 873 872 1882 1883 1984 1983
1 5 872 873 974 973 1983 1984 2085 2084
1 5 873 874 975 974 1984 1985 2086 2085
1 5 974 975 1076 1075 2085 2086 2187 2186
1 5 973 974 1075 1074 2084 2085 2186 2185
1 5 2084 2085 2186 2185 3195 3196 3297 3296
1 5 2085 2086 2187 2186 3196 3197 3298 3297
1 5 1984 1985 2086 2085 3095 3096 3197 3196
1 5 1983 1984 2085 2084 3094 3095 3196 3195
1 5 3094 3095 3196 3195 4205 4206 4307 4306
1 5 3095 3096 3197 3196 4206 4207 4308 4307
1 5 3196 3197 3298 3297 4307 4308 4409 4408
1 5 3195 3196 3297 3296 4306 4307 4408 4407
1 5 4306 4307 4408 4407 5417 5418 5519 5518
1 5 4307 4308 4409 4408 5418 5419 5520 5519
1 5 4206 4207 4308 4307 5317 5318 5419 5418
1 5 4205 4206 4307 4306 5316 5317 5418 5417
1 5 4104 4105 4206 4205 5215 5216 5317 5316
1 5 4003 4004 4105 4104 5114 5115 5216 5215
1 5 2892 2893 2994 2993 4003 4004 4105 4104
1 5 2993 2994 3095 3094 4104 4105 4206 4205
1 5 2994 2995 3096 3095 4105 4106 4207 4206
1 5 2893 2894 2995 2994 4004 4005 4106 4105
1 5 4004 4005 4106 4105 5115 5116 5217 5216
1 5 4105 4106 4207 4206 5216 5217 5318 5317
1 5 4106 4107 4208 4207 5217 5218 5319 5318
1 5 4005 4006 4107 4106 5116 5117 5218 5217
1 5 2894 2895 2996 2995 4005 4006 4107 4106
1 5 2995 2996 3097 3096 4106 4107 4208 4207
1 5 2996 2997 3098 3097 4107 4108 4209 4208
1 5 2895 2896 2997 2996 4006 4007 4108 4107
1 5 4006 4007 4108 4107 5117 5118 5219 5218
1 5 4107 4108 4209 4208 5218 5219 5320 5319
1 5 4208 4209 4310 4309 5319 5320 5421 5420
1 5 4207 4208 4309 4308 5318 5319 5420 5419
1 5 4308 4309 4410 4409 5419 5420 5521 5520
1 5 4309 4310 4411 4410 5420 5421 5522 5521
1 5 3198 3199 3300 3299 4309 4310 4411 4410
1 5 3197 3198 3299 3298 4308 4309 4410 4409
1 5 3096 3097 3198 3197 4207 4208 4309 4308
1 5 3097 3098 3199 3198 4208 4209 4310 4309
1 5 1986 1987 2088 2087 3097 3098 3199 3198
1 5 1985 1986 2087 2086 3096 3097 3198 3197
1 5 2086 2087 2188 2187 3197 3198 3299 3298
1 5 2087 2088 2189 2188 3198 3199 3300 3299
1 5 976 977 1078 1077 2087 2088 2189 2188
1 5 975 976 1077 1076 2086 2087 2188 2187
1 5 874 875 976 975 1985 1986 2087 2086
1 5 875 876 977 976 1986 1987 2088 2087
1 5 774 775 876 875 1885 1886 1987 1986
1 5 1885 1886 1987 1986 2996 2997 3098 3097
1 5 1884 1885 1986 1985 2995 2996 3097 3096
1 5 773 774 875 874 1884 1885 1986 1985
1 5 672 673 774 773 1783 1784 1885 1884
1 5 1783 1784 1885 1884 2894 2895 2996 2995
1 5 1784 1785 1886 1885 2895 2896 2997 2996
1 5 673 674 775 774 1784 1785 1886 1885
1 5 674 675 776 775 1785 1786 1887 1886
1 5 675 676 777 776 1786 1787 1888 1887
1 5 1786 1787 1888 1887 2897 2898 2999 2998
1 5 1785 1786 1887 1886 2896 2897 2998 2997
1 5 2896 2897 2998 2997 4007 4008 4109 4108
1 5 4007 4008 4109 4108 5118 5119 5220 5219
1 5 4008 4009 4110 4109 5119 5120 5221 5220
1 5 2897 2898 2999 2998 4008 4009 4110 4109
1 5 2998 2999 3100 3099 4109 4110 4211 4210
1 5 4109 4110 4211 4210 5220 5221 5322 5321
1 5 4108 4109 4210 4209 5219 5220 5321 5320
1 5 2997 2998 3099 3098 4108 4109 4210 4209
1 5 1886 1887 1988 1987 2997 2998 3099 3098
1 5 1887 1888 1989 1988 2998 2999 3100 3099
1 5 776 777 878 877 1887 1888 1989 1988
1 5 775 776 877 876 1886 1887 1988 1987
1 5 876 877 978 977 1987 1988 2089 2088
1 5 877 878 979 978 1988 1989 2090 2089
1 5 978 979 1080 1079 2089 2090 2191 2190
1 5 977 978 1079 1078 2088 2089 2190 2189
1 5 2088 2089 2190 2189 3199 3200 3301 3300
1 5 2089 2090 2191 2190 3200 3201 3302 3301
1 5 1988 1989 2090 2089 3099 3100 3201 3200
1 5 1987 1988 2089 2088 3098 3099 3200 3199
1 5 3098 3099 3200 3199 4209 4210 4311 4310
1 5 3099 3100 3201 3200 4210 4211 4312 4311
1 5 3200 3201 3302 3301 4311 4312 4413 4412
1 5 3199 3200 3301 3300 4310 4311 4412 4411
1 5 4310 4311 4412 4411 5421 5422 5523 5522
1 5 4311 4312 4413 4412 5422 5423 5524 5523
1 5 4210 4211 4312 4311 5321 5322 5423 5422
1 5 4209 4210 4311 4310 5320 5321 5422 5421
1 5 5320 5321 5422 5421 6431 6432 6533 6532
1 5 5321 5322 5423 5422 6432 6433 6534 6533
1 5 5422 5423 5524 5523 6533 6534 6635 6634
1 5 5421 5422 5523 5522 6532 6533 6634 6633
1 5 6532 6533 6634 6633 7643 7644 7745 7744
1 5 6533 6534 6635 6634 7644 7645 7746 7745
1 5 6432 6433 6534 6533 7543 7544 7645 7644
1 5 6431 6432 6533 6532 7542 7543 7644 7643
1 5 6330 6331 6432 6431 7441 7442 7543 7542
1 5 5219 5220 5321 5320 6330 6331 6432 6431
1 5 5220 5221 5322 5321 6331 6332 6433 6432
1 5 6331 6332 6433 6432 7442 7443 7544 7543
1 5 6230 6231 6332 6331 7341 7342 7443 7442
1 5 5119 5120 5221 5220 6230 6231 6332 6331
1 5 5118 5119 5220 5219 6229 6230 6331 6330
1 5 6229 6230 6331 6330 7340 7341 7442 7441
1 5 6228 6229 6330 6329 7339 7340 7441 7440
1 5 5117 5118 5219 5218 6228 6229 6330 6329
1 5 5116 5117 5218 5217 6227 6228 6329 6328
1 5 6227 6228 6329 6328 7338 7339 7440 7439
1 5 6328 6329 6430 6429 7439 7440 7541 7540
1 5 5217 5218 5319 5318 6328 6329 6430 6429
1 5 5218 5219 5320 5319 6329 6330 6431 6430
1 5 6329 6330 6431 6430 7440 7441 7542 7541
1 5 6430 6431 6532 6531 7541 7542 7643 7642
1 5 6531 6532 6633 6632 7642 7643 7744 7743
1 5 5420 5421 5522 5521 6531 6532 6633 6632
1 5 5319 5320 5421 5420 6430 6431 6532 6531
1 5 5318 5319 5420 5419 6429 6430 6531 6530
1 5 5419 5420 5521 5520 6530 6531 6632 6631
1 5 6530 6531 6632 6631 7641 7642 7743 7742
1 5 6429 6430 6531 6530 7540 7541 7642 7641
1 5 6428 6429 6530 6529 7539 7540 7641 7640
1 5 6529 6530 6631 6630 7640 7641 7742 7741
1 5 5418 5419 5520 5519 6529 6530 6631 6630
1 5 5317 5318 5419 5418 6428 6429 6530 6529
1 5 5316 5317 5418 5417 6427 6428 6529 6528
1 5 5417 5418 5519 5518 6528 6529 6630 6629
1 5 6528 6529 6630 6629 7639 7640 7741 7740
1 5 6427 6428 6529 6528 7538 7539 7640 7639
1 5 6326 6327 6428 6427 7437 7438 7539 7538
1 5 5215 5216 5317 5316 6326 6327 6428 6427
1 5 5216 5217 5318 5317 6327 6328 6429 6428
1 5 6327 6328 6429 6428 7438 7439 7540 7539
1 5 6226 6227 6328 6327 7337 7338 7439 7438
1 5 5115 5116 5217 5216 6226 6227 6328 6327
1 5 5114 5115 5216 5215 6225 6226 6327 6326
1 5 6225 6226 6327 6326 7336 7337 7438 7437
1 5 7336 7337 7438 7437 8447 8448 8549 8548
1 5 8447 8448 8549 8548 9558 9559 9660 9659
1 5 8448 8449 8550 8549 9559 9560 9661 9660
1 5 7337 7338 7439 7438 8448 8449 8550 8549
1 5 7438 7439 7540 7539 8549 8550 8651 8650
1 5 8549 8550 8651 8650 9660 9661 9762 9761
1 5 8548 8549 8650 8649 9659 9660 9761 9760
1 5 7437 7438 7539 7538 8548 8549 8650 8649
1 5 7538 7539 7640 7639 8649 8650 8751 8750
1 5 7639 7640 7741 7740 8750 8751 8852 8851
1 5 8750 8751 8852 8851 9861 9862 9963 9962
1 5 8649 8650 8751 8750 9760 9761 9862 9861
1 5 8650 8651 8752 8751 9761 9762 9863 9862
1 5 8751 8752 8853 8852 9862 9863 9964 9963
1 5 7640 7641 7742 7741 8751 8752 8853 8852
1 5 7539 7540 7641 7640 8650 8651 8752 8751
1 5 7540 7541 7642 7641 8651 8652 8753 8752
1 5 7641 7642 7743 7742 8752 8753 8854 8853
1 5 8752 8753 8854 8853 9863 9864 9965 9964
1 5 8651 8652 8753 8752 9762 9763 9864 9863
1 5 8652 8653 8754 8753 9763 9764 9865 9864
1 5 8753 8754 8855 8854 9864 9865 9966 9965
1 5 7642 7643 7744 7743 8753 8754 8855 8854
1 5 7541 7542 7643 7642 8652 8653 8754 8753
1 5 7440 7441 7542 7541 8551 8552 8653 8652
1 5 8551 8552 8653 8652 9662 9663 9764 9763
1 5 8550 8551 8652 8651 9661 9662 9763 9762
1 5 7439 7440 7541 7540 8550 8551 8652 8651
1 5 7338 7339 7440 7439 8449 8450 8551 8550
1 5 8449 8450 8551 8550 9560 9561 9662 9661
1 5 8450 8451 8552 8551 9561 9562 9663 9662
1 5 7339 7340 7441 7440 8450 8451 8552 8551
1 5 7340 7341 7442 7441 8451 8452 8553 8552
1 5 8451 8452 8553 8552 9562 9563 9664 9663
1 5 8452 8453 8554 8553 9563 9564 9665 9664
1 5 7341 7342 7443 7442 8452 8453 8554 8553
1 5 7442 7443 7544 7543 8553 8554 8655 8654
1 5 8553 8554 8655 8654 9664 9665 9766 9765
1 5 8552 8553 8654 8653 9663 9664 9765 9764
1 5 7441 7442 7543 7542 8552 8553 8654 8653
1 5 7542 7543 7644 7643 8653 8654 8755 8754
1 5 7543 7544 7645 7644 8654 8655 8756 8755
1 5 7644 7645 7746 7745 8755 8756 8857 8856
1 5 7643 7644 7745 7744 8754 8755 8856 8855
1 5 8754 8755 8856 8855 9865 9866 9967 9966
1 5 8755 8756 8857 8856 9866 9867 9968 9967
1 5 8654 8655 8756 8755 9765 9766 9867 9866
1 5 8653 8654 8755 8754 9764 9765 9866 9865
1 5 9764 9765 9866 9865 10875 10876 10977 10976
1 5 9765 9766 9867 9866 10876 10877 10978 10977
1 5 9866 9867 9968 9967 10977 10978 11079 11078
1 5 9865 9866 9967 9966 10976 10977 11078 11077
1 5 10976 10977 11078 11077 12087 12088 12189 12188
1 5 10977 10978 11079 11078 12088 12089 12190 12189
1 5 10876 10877 10978 10977 11987 11988 12089 12088
1 5 10875 10876 10977 10976 11986 11987 12088 12087
1 5 10774 10775 10876 10875 11885 11886 11987 11986
1 5 9663 9664 9765 9764 10774 10775 10876 10875
1 5 9664 9665 9766 9765 10775 10776 10877 10876
1 5 10775 10776 10877 10876 11886 11887 11988 11987
1 5 10674 10675 10776 10775 11785 11786 11887 11886
1 5 9563 9564 9665 9664 10674 10675 10776 10775
1 5 9562 9563 9664 9663 10673 10674 10775 10774
1 5 10673 10674 10775 10774 11784 11785 11886 11885
1 5 10672 10673 10774 10773 11783 11784 11885 11884
1 5 9561 9562 9663 9662 10672 10673 10774 10773
1 5 9560 9561 9662 9661 10671 10672 10773 10772
1 5 10671 10672 10773 10772 11782 11783 11884 11883
1 5 10772 10773 10874 10873 11883 11884 11985 11984
1 5 9661 9662 9763 9762 10772 10773 10874 10873
1 5 9662 9663 9764 9763 10773 10774 10875 10874
1 5 10773 10774 10875 10874 11884 11885 11986 11985
1 5 10874 10875 10976 10975 11985 11986 12087 12086
1 5 10975 10976 11077 11076 12086 12087 12188 12187
1 5 9864 9865 9966 9965 10975 10976 11077 11076
1 5 9763 9764 9865 9864 10874 10875 10976 10975
1 5 9762 9763 9864 9863 10873 10874 10975 10974
1 5 9863 9864 9965 9964 10974 10975 11076 11075
1 5 10974 10975 11076 11075 12085 12086 12187 12186
1 5 10873 10874 10975 10974 11984 11985 12086 12085
1 5 10872 10873 10974 10973 11983 11984 12085 12084
1 5 10973 10974 11075 11074 12084 12085 12186 12185
1 5 9862 9863 9964 9963 10973 10974 11075 11074
1 5 9761 9762 9863 9862 10872 10873 10974 10973
1 5 9760 9761 9862 9861 10871 10872 10973 10972
1 5 9861 9862 9963 9962 10972 10973 11074 11073
1 5 10972 10973 11074 11073 12083 12084 12185 12184
1 5 10871 10872 10973 10972 11982 11983 12084 12083
1 5 10770 10771 10872 10871 11881 11882 11983 11982
1 5 9659 9660 9761 9760 10770 10771 10872 10871
1 5 9660 9661 9762 9761 10771 10772 10873 10872
1 5 10771 10772 10873 10872 11882 11883 11984 11983
1 5 10670 10671 10772 10771 11781 11782 11883 11882
1 5 9559 9560 9661 9660 10670 10671 10772 10771
1 5 9558 9559 9660 9659 10669 10670 10771 10770
1 5 10669 10670 10771 10770 11780 11781 11882 11881
1 5 10568 10569 10670 10669 11679 11680 11781 11780
1 5 10569 10570 10671 10670 11680 11681 11782 11781
1 5 10468 10469 10570 10569 11579 11580 11681 11680
1 5 10467 10468 10569 10568 11578 11579 11680 11679
1 5 9356 9357 9458 9457 10467 10468 10569 10568
1 5 9357 9358 9459 9458 10468 10469 10570 10569
1 5 9458 9459 9560 9559 10569 10570 10671 10670
1 5 9457 9458 9559 9558 10568 10569 10670 10669
1 5 8346 8347 8448 8447 9457 9458 9559 9558
1 5 8245 8246 8347 8346 9356 9357 9458 9457
1 5 7134 7135 7236 7235 8245 8246 8347 8346
1 5 7235 7236 7337 7336 8346 8347 8448 8447
1 5 7236 7237 7338 7337 8347 8348 8449 8448
1 5 7135 7136 7237 7236 8246 8247 8348 8347
1 5 8246 8247 8348 8347 9357 9358 9459 9458
1 5 8347 8348 8449 8448 9458 9459 9560 9559
1 5 8348 8349 8450 8449 9459 9460 9561 9560
1 5 8247 8248 8349 8348 9358 9359 9460 9459
1 5 7136 7137 7238 7237 8247 8248 8349 8348
1 5 7237 7238 7339 7338 8348 8349 8450 8449
1 5 7238 7239 7340 7339 8349 8350 8451 8450
1 5 7137 7138 7239 7238 8248 8249 8350 8349
1 5 8248 8249 8350 8349 9359 9360 9461 9460
1 5 8349 8350 8451 8450 9460 9461 9562 9561
1 5 9460 9461 9562 9561 10571 10572 10673 10672
1 5 10571 10572 10673 10672 11682 11683 11784 11783
1 5 10570 10571 10672 10671 11681 11682 11783 11782
1 5 9459 9460 9561 9560 10570 10571 10672 10671
1 5 9358 9359 9460 9459 10469 10470 10571 10570
1 5 10469 10470 10571 10570 11580 11581 11682 11681
1 5 10470 10471 10572 10571 11581 11582 11683 11682
1 5 9359 9360 9461 9460 10470 10471 10572 10571
1 5 9258 9259 9360 9359 10369 10370 10471 10470
1 5 10369 10370 10471 10470 11480 11481 11582 11581
1 5 10368 10369 10470 10469 11479 11480 11581 11580
1 5 9257 9258 9359 9358 10368 10369 10470 10469
1 5 9156 9157 9258 9257 10267 10268 10369 10368
1 5 10267 10268 10369 10368 11378 11379 11480 11479
1 5 10268 10269 10370 10369 11379 11380 11481 11480
1 5 9157 9158 9259 9258 10268 10269 10370 10369
1 5 8046 8047 8148 8147 9157 9158 9259 9258
1 5 8147 8148 8249 8248 9258 9259 9360 9359
1 5 7036 7037 7138 7137 8147 8148 8249 8248
1 5 6935 6936 7037 7036 8046 8047 8148 8147
1 5 6934 6935 7036 7035 8045 8046 8147 8146
1 5 7035 7036 7137 7136 8146 8147 8248 8247
1 5 8146 8147 8248 8247 9257 9258 9359 9358
1 5 8045 8046 8147 8146 9156 9157 9258 9257
1 5 8044 8045 8146 8145 9155 9156 9257 9256
1 5 8145 8146 8247 8246 9256 9257 9358 9357
1 5 7034 7035 7136 7135 8145 8146 8247 8246
1 5 6933 6934 7035 7034 8044 8045 8146 8145
1 5 6932 6933 7034 7033 8043 8044 8145 8144
1 5 7033 7034 7135 7134 8144 8145 8246 8245
1 5 8144 8145 8246 8245 9255 9256 9357 9356
1 5 8043 8044 8145 8144 9154 9155 9256 9255
1 5 9154 9155 9256 9255 10265 10266 10367 10366
1 5 9155 9156 9257 9256 10266 10267 10368 10367
1 5 9256 9257 9358 9357 10367 10368 10469 10468
1 5 9255 9256 9357 9356 10366 10367 10468 10467
1 5 10366 10367 10468 10467 11477 11478 11579 11578
1 5 10367 10368 10469 10468 11478 11479 11580 11579
1 5 10266 10267 10368 10367 11377 11378 11479 11478
1 5 10265 10266 10367 10366 11376 11377 11478 11477
1 5 10164 10165 10266 10265 11275 11276 11377 11376
1 5 10063 10064 10165 10164 11174 11175 11276 11275
1 5 10064 10065 10166 10165 11175 11176 11277 11276
1 5 10165 10166 10267 10266 11276 11277 11378 11377
1 5 10166 10167 10268 10267 11277 11278 11379 11378
1 5 10167 10168 10269 10268 11278 11279 11380 11379
1 5 10066 10067 10168 10167 11177 11178 11279 11278
1 5 10065 10066 10167 10166 11176 11177 11278 11277
1 5 8954 8955 9056 9055 10065 10066 10167 10166
1 5 8955 8956 9057 9056 10066 10067 10168 10167
1 5 9056 9057 9158 9157 10167 10168 10269 10268
1 5 9055 9056 9157 9156 10166 10167 10268 10267
1 5 9054 9055 9156 9155 10165 10166 10267 10266
1 5 8953 8954 9055 9054 10064 10065 10166 10165
1 5 8952 8953 9054 9053 10063 10064 10165 10164
1 5 9053 9054 9155 9154 10164 10165 10266 10265
1 5 7942 7943 8044 8043 9053 9054 9155 9154
1 5 7841 7842 7943 7942 8952 8953 9054 9053
1 5 6730 6731 6832 6831 7841 7842 7943 7942
1 5 6831 6832 6933 6932 7942 7943 8044 8043
1 5 6832 6833 6934 6933 7943 7944 8045 8044
1 5 6731 6732 6833 6832 7842 7843 7944 7943
1 5 7842 7843 7944 7943 8953 8954 9055 9054
1 5 7943 7944 8045 8044 9054 9055 9156 9155
1 5 7944 7945 8046 8045 9055 9056 9157 9156
1 5 7843 7844 7945 7944 8954 8955 9056 9055
1 5 6732 6733 6834 6833 7843 7844 7945 7944
1 5 6833 6834 6935 6934 7944 7945 8046 8045
1 5 6834 6835 6936 6935 7945 7946 8047 8046
1 5 6733 6734 6835 6834 7844 7845 7946 7945
1 5 7844 7845 7946 7945 8955 8956 9057 9056
1 5 7945 7946 8047 8046 9056 9057 9158 9157
1 5 7946 7947 8048 8047 9057 9058 9159 9158
1 5 7845 7846 7947 7946 8956 8957 9058 9057
1 5 6734 6735 6836 6835 7845 7846 7947 7946
1 5 6835 6836 6937 6936 7946 7947 8048 8047
1 5 6836 6837 6938 6937 7947 7948 8049 8048
1 5 6735 6736 6837 6836 7846 7847 7948 7947
1 5 7846 7847 7948 7947 8957 8958 9059 9058
1 5 7947 7948 8049 8048 9058 9059 9160 9159
1 5 9058 9059 9160 9159 10169 10170 10271 10270
1 5 9057 9058 9159 9158 10168 10169 10270 10269
1 5 8956 8957 9058 9057 10067 10068 10169 10168
1 5 8957 8958 9059 9058 10068 10069 10170 10169
1 5 10068 10069 10170 10169 11179 11180 11281 11280
1 5 10067 10068 10169 10168 11178 11179 11280 11279
1 5 10168 10169 10270 10269 11279 11280 11381 11380
1 5 10169 10170 10271 10270 11280 11281 11382 11381
1 5 10270 10271 10372 10371 11381 11382 11483 11482
1 5 10269 10270 10371 10370 11380 11381 11482 11481
1 5 10370 10371 10472 10471 11481 11482 11583 11582
1 5 10371 10372 10473 10472 11482 11483 11584 11583
1 5 9260 9261 9362 9361 10371 10372 10473 10472
1 5 9259 9260 9361 9360 10370 10371 10472 10471
1 5 9158 9159 9260 9259 10269 10270 10371 10370
1 5 9159 9160 9261 9260 10270 10271 10372 10371
1 5 8048 8049 8150 8149 9159 9160 9261 9260
1 5 6937 6938 7039 7038 8048 8049 8150 8149
1 5 6936 6937 7038 7037 8047 8048 8149 8148
1 5 8047 8048 8149 8148 9158 9159 9260 9259
1 5 8148 8149 8250 8249 9259 9260 9361 9360
1 5 7037 7038 7139 7138 8148 8149 8250 8249
1 5 7038 7039 7140 7139 8149 8150 8251 8250
1 5 8149 8150 8251 8250 9260 9261 9362 9361
1 5 8250 8251 8352 8351 9361 9362 9463 9462
1 5 7139 7140 7241 7240 8250 8251 8352 8351
1 5 7138 7139 7240 7239 8249 8250 8351 8350
1 5 8249 8250 8351 8350 9360 9361 9462 9461
1 5 8350 8351 8452 8451 9461 9462 9563 9562
1 5 7239 7240 7341 7340 8350 8351 8452 8451
1 5 7240 7241 7342 7341 8351 8352 8453 8452
1 5 8351 8352 8453 8452 9462 9463 9564 9563
1 5 9462 9463 9564 9563 10573 10574 10675 10674
1 5 9461 9462 9563 9562 10572 10573 10674 10673
1 5 9360 9361 9462 9461 10471 10472 10573 10572
1 5 9361 9362 9463 9462 10472 10473 10574 10573
1 5 10472 10473 10574 10573 11583 11584 11685 11684
1 5 10471 10472 10573 10572 11582 11583 11684 11683
1 5 10572 10573 10674 10673 11683 11684 11785 11784
1 5 10573 10574 10675 10674 11684 11685 11786 11785
1 5 10574 10575 10676 10675 11685 11686 11787 11786
1 5 10575 10576 10677 10676 11686 11687 11788 11787
1 5 10474 10475 10576 10575 11585 11586 11687 11686
1 5 10473 10474 10575 10574 11584 11585 11686 11685
1 5 9362 9363 9464 9463 10473 10474 10575 10574
1 5 9363 9364 9465 9464 10474 10475 10576 10575
1 5 9464 9465 9566 9565 10575 10576 10677 10676
1 5 9463 9464 9565 9564 10574 10575 10676 10675
1 5 8352 8353 8454 8453 9463 9464 9565 9564
1 5 8251 8252 8353 8352 9362 9363 9464 9463
1 5 7140 7141 7242 7241 8251 8252 8353 8352
1 5 7241 7242 7343 7342 8352 8353 8454 8453
1 5 7242 7243 7344 7343 8353 8354 8455 8454
1 5 7141 7142 7243 7242 8252 8253 8354 8353
1 5 8252 8253 8354 8353 9363 9364 9465 9464
1 5 8353 8354 8455 8454 9464 9465 9566 9565
1 5 8354 8355 8456 8455 9465 9466 9567 9566
1 5 8253 8254 8355 8354 9364 9365 9466 9465
1 5 7142 7143 7244 7243 8253 8254 8355 8354
1 5 7243 7244 7345 7344 8354 8355 8456 8455
1 5 7244 7245 7346 7345 8355 8356 8457 8456
1 5 7143 7144 7245 7244 8254 8255 8356 8355
1 5 8254 8255 8356 8355 9365 9366 9467 9466
1 5 8355 8356 8457 8456 9466 9467 9568 9567
1 5 9466 9467 9568 9567 10577 10578 10679 10678
1 5 10577 10578 10679 10678 11688 11689 11790 11789
1 5 10576 10577 10678 10677 11687 11688 11789 11788
1 5 9465 9466 9567 9566 10576 10577 10678 10677
1 5 9364 9365 9466 9465 10475 10476 10577 10576
1 5 10475 10476 10577 10576 11586 11587 11688 11687
1 5 10476 10477 10578 10577 11587 11588 11689 11688
1 5 9365 9366 9467 9466 10476 10477 10578 10577
1 5 9264 9265 9366 9365 10375 10376 10477 10476
1 5 10375 10376 10477 10476 11486 11487 11588 11587
1 5 10374 10375 10476 10475 11485 11486 11587 11586
1 5 9263 9264 9365 9364 10374 10375 10476 10475
1 5 9162 9163 9264 9263 10273 10274 10375 10374
1 5 10273 10274 10375 10374 11384 11385 11486 11485
1 5 10274 10275 10376 10375 11385 11386 11487 11486
1 5 9163 9164 9265 9264 10274 10275 10376 10375
1 5 8052 8053 8154 8153 9163 9164 9265 9264
1 5 8153 8154 8255 8254 9264 9265 9366 9365
1 5 7042 7043 7144 7143 8153 8154 8255 8254
1 5 6941 6942 7043 7042 8052 8053 8154 8153
1 5 6940 6941 7042 7041 8051 8052 8153 8152
1 5 7041 7042 7143 7142 8152 8153 8254 8253
1 5 8152 8153 8254 8253 9263 9264 9365 9364
1 5 8051 8052 8153 8152 9162 9163 9264 9263
1 5 8050 8051 8152 8151 9161 9162 9263 9262
1 5 8151 8152 8253 8252 9262 9263 9364 9363
1 5 7040 7041 7142 7141 8151 8152 8253 8252
1 5 6939 6940 7041 7040 8050 8051 8152 8151
1 5 6938 6939 7040 7039 8049 8050 8151 8150
1 5 7039 7040 7141 7140 8150 8151 8252 8251
1 5 8150 8151 8252 8251 9261 9262 9363 9362
1 5 8049 8050 8151 8150 9160 9161 9262 9261
1 5 9160 9161 9262 9261 10271 10272 10373 10372
1 5 9161 9162 9263 9262 10272 10273 10374 10373
1 5 9262 9263 9364 9363 10373 10374 10475 10474
1 5 9261 9262 9363 9362 10372 10373 10474 10473
1 5 10372 10373 10474 10473 11483 11484 11585 11584
1 5 10373 10374 10475 10474 11484 11485 11586 11585
1 5 10272 10273 10374 10373 11383 11384 11485 11484
1 5 10271 10272 10373 10372 11382 11383 11484 11483
1 5 10170 10171 10272 10271 11281 11282 11383 11382
1 5 10069 10070 10171 10170 11180 11181 11282 11281
1 5 10070 10071 10172 10171 11181 11182 11283 11282
1 5 10171 10172 10273 10272 11282 11283 11384 11383
1 5 10172 10173 10274 10273 11283 11284 11385 11384
1 5 10173 10174 10275 10274 11284 11285 11386 11385
1 5 10072 10073 10174 10173 11183 11184 11285 11284
1 5 10071 10072 10173 10172 11182 11183 11284 11283
1 5 8960 8961 9062 9061 10071 10072 10173 10172
1 5 8961 8962 9063 9062 10072 10073 10174 10173
1 5 9062 9063 9164 9163 10173 10174 10275 10274
1 5 9061 9062 9163 9162 10172 10173 10274 10273
1 5 9060 9061 9162 9161 10171 10172 10273 10272
1 5 8959 8960 9061 9060 10070 10071 10172 10171
1 5 8958 8959 9060 9059 10069 10070 10171 10170
1 5 9059 9060 9161 9160 10170 10171 10272 10271
1 5 7948 7949 8050 8049 9059 9060 9161 9160
1 5 7847 7848 7949 7948 8958 8959 9060 9059
1 5 6736 6737 6838 6837 7847 7848 7949 7948
1 5 6837 6838 6939 6938 7948 7949 8050 8049
1 5 6838 6839 6940 6939 7949 7950 8051 8050
1 5 6737 6738 6839 6838 7848 7849 7950 7949
1 5 7848 7849 7950 7949 8959 8960 9061 9060
1 5 7949 7950 8051 8050 9060 9061 9162 9161
1 5 7950 7951 8052 8051 9061 9062 9163 9162
1 5 7849 7850 7951 7950 8960 8961 9062 9061
1 5 6738 6739 6840 6839 7849 7850 7951 7950
1 5 6839 6840 6941 6940 7950 7951 8052 8051
1 5 6840 6841 6942 6941 7951 7952 8053 8052
1 5 6739 6740 6841 6840 7850 7851 7952 7951
1 5 7850 7851 7952 7951 8961 8962 9063 9062
1 5 7951 7952 8053 8052 9062 9063 9164 9163
1 5 7952 7953 8054 8053 9063 9064 9165 9164
1 5 7851 7852 7953 7952 8962 8963 9064 9063
1 5 6740 6741 6842 6841 7851 7852 7953 7952
1 5 6841 6842 6943 6942 7952 7953 8054 8053
1 5 6842 6843 6944 6943 7953 7954 8055 8054
1 5 6741 6742 6843 6842 7852 7853 7954 7953
1 5 7852 7853 7954 7953 8963 8964 9065 9064
1 5 7953 7954 8055 8054 9064 9065 9166 9165
1 5 9064 9065 9166 9165 10175 10176 10277 10276
1 5 9063 9064 9165 9164 10174 10175 10276 10275
1 5 8962 8963 9064 9063 10073 10074 10175 10174
1 5 8963 8964 9065 9064 10074 10075 10176 10175
1 5 10074 10075 10176 10175 11185 11186 11287 11286
1 5 10073 10074 10175 10174 11184 11185 11286 11285
1 5 10174 10175 10276 10275 11285 11286 11387 11386
1 5 10175 10176 10277 10276 11286 11287 11388 11387
1 5 10276 10277 10378 10377 11387 11388 11489 11488
1 5 10275 10276 10377 10376 11386 11387 11488 11487
1 5 10376 10377 10478 10477 11487 11488 11589 11588
1 5 10377 10378 10479 10478 11488 11489 11590 11589
1 5 9266 9267 9368 9367 10377 10378 10479 10478
1 5 9265 9266 9367 9366 10376 10377 10478 10477
1 5 9164 9165 9266 9265 10275 10276 10377 10376
1 5 9165 9166 9267 9266 10276 10277 10378 10377
1 5 8054 8055 8156 8155 9165 9166 9267 9266
1 5 6943 6944 7045 7044 8054 8055 8156 8155
1 5 6942 6943 7044 7043 8053 8054 8155 8154
1 5 8053 8054 8155 8154 9164 9165 9266 9265
1 5 8154 8155 8256 8255 9265 9266 9367 9366
1 5 7043 7044 7145 7144 8154 8155 8256 8255
1 5 7044 7045 7146 7145 8155 8156 8257 8256
1 5 8155 8156 8257 8256 9266 9267 9368 9367
1 5 8256 8257 8358 8357 9367 9368 9469 9468
1 5 7145 7146 7247 7246 8256 8257 8358 8357
1 5 7144 7145 7246 7245 8255 8256 8357 8356
1 5 8255 8256 8357 8356 9366 9367 9468 9467
1 5 8356 8357 8458 8457 9467 9468 9569 9568
1 5 7245 7246 7347 7346 8356 8357 8458 8457
1 5 7246 7247 7348 7347 8357 8358 8459 8458
1 5 8357 8358 8459 8458 9468 9469 9570 9569
1 5 9468 9469 9570 9569 10579 10580 10681 10680
1 5 9467 9468 9569 9568 10578 10579 10680 10679
1 5 9366 9367 9468 9467 10477 10478 10579 10578
1 5 9367 9368 9469 9468 10478 10479 10580 10579
1 5 10478 10479 10580 10579 11589 11590 11691 11690
1 5 10477 10478 10579 10578 11588 11589 11690 11689
1 5 10578 10579 10680 10679 11689 11690 11791 11790
1 5 10579 10580 10681 10680 11690 11691 11792 11791
1 5 10680 10681 10782 10781 11791 11792 11893 11892
1 5 9569 9570 9671 9670 10680 10681 10782 10781
1 5 9568 9569 9670 9669 10679 10680 10781 10780
1 5 10679 10680 10781 10780 11790 11791 11892 11891
1 5 10780 10781 10882 10881 11891 11892 11993 11992
1 5 9669 9670 9771 9770 10780 10781 10882 10881
1 5 9670 9671 9772 9771 10781 10782 10883 10882
1 5 10781 10782 10883 10882 11892 11893 11994 11993
1 5 10882 10883 10984 10983 11993 11994 12095 12094
1 5 10881 10882 10983 10982 11992 11993 12094 12093
1 5 10982 10983 11084 11083 12093 12094 12195 12194
1 5 10983 10984 11085 11084 12094 12095 12196 12195
1 5 9872 9873 9974 9973 10983 10984 11085 11084
1 5 9871 9872 9973 9972 10982 10983 11084 11083
1 5 9770 9771 9872 9871 10881 10882 10983 10982
1 5 9771 9772 9873 9872 10882 10883 10984 10983
1 5 8660 8661 8762 8761 9771 9772 9873 9872
1 5 8659 8660 8761 8760 9770 9771 9872 9871
1 5 8760 8761 8862 8861 9871 9872 9973 9972
1 5 8761 8762 8863 8862 9872 9873 9974 9973
1 5 7650 7651 7752 7751 8761 8762 8863 8862
1 5 7649 7650 7751 7750 8760 8761 8862 8861
1 5 7548 7549 7650 7649 8659 8660 8761 8760
1 5 7549 7550 7651 7650 8660 8661 8762 8761
1 5 7448 7449 7550 7549 8559 8560 8661 8660
1 5 7347 7348 7449 7448 8458 8459 8560 8559
1 5 8458 8459 8560 8559 9569 9570 9671 9670
1 5 8559 8560 8661 8660 9670 9671 9772 9771
1 5 8558 8559 8660 8659 9669 9670 9771 9770
1 5 8457 8458 8559 8558 9568 9569 9670 9669
1 5 7346 7347 7448 7447 8457 8458 8559 8558
1 5 7447 7448 7549 7548 8558 8559 8660 8659
1 5 7446 7447 7548 7547 8557 8558 8659 8658
1 5 7345 7346 7447 7446 8456 8457 8558 8557
1 5 8456 8457 8558 8557 9567 9568 9669 9668
1 5 8557 8558 8659 8658 9668 9669 9770 9769
1 5 8556 8557 8658 8657 9667 9668 9769 9768
1 5 8455 8456 8557 8556 9566 9567 9668 9667
1 5 7344 7345 7446 7445 8455 8456 8557 8556
1 5 7445 7446 7547 7546 8556 8557 8658 8657
1 5 7546 7547 7648 7647 8657 8658 8759 8758
1 5 7547 7548 7649 7648 8658 8659 8760 8759
1 5 7648 7649 7750 7749 8759 8760 8861 8860
1 5 7647 7648 7749 7748 8758 8759 8860 8859
1 5 8758 8759 8860 8859 9869 9870 9971 9970
1 5 8759 8760 8861 8860 9870 9871 9972 9971
1 5 8658 8659 8760 8759 9769 9770 9871 9870
1 5 8657 8658 8759 8758 9768 9769 9870 9869
1 5 9768 9769 9870 9869 10879 10880 10981 10980
1 5 9769 9770 9871 9870 10880 10881 10982 10981
1 5 9870 9871 9972 9971 10981 10982 11083 11082
1 5 9869 9870 9971 9970 10980 10981 11082 11081
1 5 10980 10981 11082 11081 12091 12092 12193 12192
1 5 10981 10982 11083 11082 12092 12093 12194 12193
1 5 10880 10881 10982 10981 11991 11992 12093 12092
1 5 10879 10880 10981 10980 11990 11991 12092 12091
1 5 10778 10779 10880 10879 11889 11890 11991 11990
1 5 9667 9668 9769 9768 10778 10779 10880 10879
1 5 9668 9669 9770 9769 10779 10780 10881 10880
1 5 10779 10780 10881 10880 11890 11891 11992 11991
1 5 10678 10679 10780 10779 11789 11790 11891 11890
1 5 9567 9568 9669 9668 10678 10679 10780 10779
1 5 9566 9567 9668 9667 10677 10678 10779 10778
1 5 10677 10678 10779 10778 11788 11789 11890 11889
1 5 10676 10677 10778 10777 11787 11788 11889 11888
1 5 10675 10676 10777 10776 11786 11787 11888 11887
1 5 9564 9565 9666 9665 10675 10676 10777 10776
1 5 9565 9566 9667 9666 10676 10677 10778 10777
1 5 8454 8455 8556 8555 9565 9566 9667 9666
1 5 7343 7344 7445 7444 8454 8455 8556 8555
1 5 7342 7343 7444 7443 8453 8454 8555 8554
1 5 8453 8454 8555 8554 9564 9565 9666 9665
1 5 8554 8555 8656 8655 9665 9666 9767 9766
1 5 7443 7444 7545 7544 8554 8555 8656 8655
1 5 7444 7445 7546 7545 8555 8556 8657 8656
1 5 8555 8556 8657 8656 9666 9667 9768 9767
1 5 9666 9667 9768 9767 10777 10778 10879 10878
1 5 9665 9666 9767 9766 10776 10777 10878 10877
1 5 10776 10777 10878 10877 11887 11888 11989 11988
1 5 10777 10778 10879 10878 11888 11889 11990 11989
1 5 10878 10879 10980 10979 11989 11990 12091 12090
1 5 10877 10878 10979 10978 11988 11989 12090 12089
1 5 10978 10979 11080 11079 12089 12090 12191 12190
1 5 10979 10980 11081 11080 12090 12091 12192 12191
1 5 9868 9869 9970 9969 10979 10980 11081 11080
1 5 9867 9868 9969 9968 10978 10979 11080 11079
1 5 9766 9767 9868 9867 10877 10878 10979 10978
1 5 9767 9768 9869 9868 10878 10879 10980 10979
1 5 8656 8657 8758 8757 9767 9768 9869 9868
1 5 8655 8656 8757 8756 9766 9767 9868 9867
1 5 8756 8757 8858 8857 9867 9868 9969 9968
1 5 8757 8758 8859 8858 9868 9869 9970 9969
1 5 7646 7647 7748 7747 8757 8758 8859 8858
1 5 7645 7646 7747 7746 8756 8757 8858 8857
1 5 7544 7545 7646 7645 8655 8656 8757 8756
1 5 7545 7546 7647 7646 8656 8657 8758 8757
1 5 6434 6435 6536 6535 7545 7546 7647 7646
1 5 6433 6434 6535 6534 7544 7545 7646 7645
1 5 6534 6535 6636 6635 7645 7646 7747 7746
1 5 6535 6536 6637 6636 7646 7647 7748 7747
1 5 5424 5425 5526 5525 6535 6536 6637 6636
1 5 5423 5424 5525 5524 6534 6535 6636 6635
1 5 5322 5323 5424 5423 6433 6434 6535 6534
1 5 5323 5324 5425 5424 6434 6435 6536 6535
1 5 5222 5223 5324 5323 6333 6334 6435 6434
1 5 6333 6334 6435 6434 7444 7445 7546 7545
1 5 6332 6333 6434 6433 7443 7444 7545 7544
1 5 5221 5222 5323 5322 6332 6333 6434 6433
1 5 5120 5121 5222 5221 6231 6232 6333 6332
1 5 6231 6232 6333 6332 7342 7343 7444 7443
1 5 6232 6233 6334 6333 7343 7344 7445 7444
1 5 5121 5122 5223 5222 6232 6233 6334 6333
1 5 5122 5123 5224 5223 6233 6234 6335 6334
1 5 6233 6234 6335 6334 7344 7345 7446 7445
1 5 6234 6235 6336 6335 7345 7346 7447 7446
1 5 5123 5124 5225 5224 6234 6235 6336 6335
1 5 5224 5225 5326 5325 6335 6336 6437 6436
1 5 6335 6336 6437 6436 7446 7447 7548 7547
1 5 6334 6335 6436 6435 7445 7446 7547 7546
1 5 5223 5224 5325 5324 6334 6335 6436 6435
1 5 5324 5325 5426 5425 6435 6436 6537 6536
1 5 5425 5426 5527 5526 6536 6537 6638 6637
1 5 6536 6537 6638 6637 7647 7648 7749 7748
1 5 6435 6436 6537 6536 7546 7547 7648 7647
1 5 6436 6437 6538 6537 7547 7548 7649 7648
1 5 6537 6538 6639 6638 7648 7649 7750 7749
1 5 5426 5427 5528 5527 6537 6538 6639 6638
1 5 5325 5326 5427 5426 6436 6437 6538 6537
1 5 5326 5327 5428 5427 6437 6438 6539 6538
1 5 5427 5428 5529 5528 6538 6539 6640 6639
1 5 6538 6539 6640 6639 7649 7650 7751 7750
1 5 6437 6438 6539 6538 7548 7549 7650 7649
1 5 6438 6439 6540 6539 7549 7550 7651 7650
1 5 6539 6540 6641 6640 7650 7651 7752 7751
1 5 5428 5429 5530 5529 6539 6540 6641 6640
1 5 5327 5328 5429 5428 6438 6439 6540 6539
1 5 5226 5227 5328 5327 6337 6338 6439 6438
1 5 6337 6338 6439 6438 7448 7449 7550 7549
1 5 6336 6337 6438 6437 7447 7448 7549 7548
1 5 5225 5226 5327 5326 6336 6337 6438 6437
1 5 5124 5125 5226 5225 6235 6236 6337 6336
1 5 6235 6236 6337 6336 7346 7347 7448 7447
1 5 6236 6237 6338 6337 7347 7348 7449 7448
1 5 5125 5126 5227 5226 6236 6237 6338 6337
1 5 4014 4015 4116 4115 5125 5126 5227 5226
1 5 2903 2904 3005 3004 4014 4015 4116 4115
1 5 2902 2903 3004 3003 4013 4014 4115 4114
1 5 4013 4014 4115 4114 5124 5125 5226 5225
1 5 4114 4115 4216 4215 5225 5226 5327 5326
1 5 3003 3004 3105 3104 4114 4115 4216 4215
1 5 3004 3005 3106 3105 4115 4116 4217 4216
1 5 4115 4116 4217 4216 5226 5227 5328 5327
1 5 4216 4217 4318 4317 5327 5328 5429 5428
1 5 4317 4318 4419 4418 5428 5429 5530 5529
1 5 3206 3207 3308 3307 4317 4318 4419 4418
1 5 3105 3106 3207 3206 4216 4217 4318 4317
1 5 3104 3105 3206 3205 4215 4216 4317 4316
1 5 3205 3206 3307 3306 4316 4317 4418 4417
1 5 4316 4317 4418 4417 5427 5428 5529 5528
1 5 4215 4216 4317 4316 5326 5327 5428 5427
1 5 4214 4215 4316 4315 5325 5326 5427 5426
1 5 4315 4316 4417 4416 5426 5427 5528 5527
1 5 3204 3205 3306 3305 4315 4316 4417 4416
1 5 3103 3104 3205 3204 4214 4215 4316 4315
1 5 3102 3103 3204 3203 4213 4214 4315 4314
1 5 3203 3204 3305 3304 4314 4315 4416 4415
1 5 4314 4315 4416 4415 5425 5426 5527 5526
1 5 4213 4214 4315 4314 5324 5325 5426 5425
1 5 4112 4113 4214 4213 5223 5224 5325 5324
1 5 3001 3002 3103 3102 4112 4113 4214 4213
1 5 3002 3003 3104 3103 4113 4114 4215 4214
1 5 4113 4114 4215 4214 5224 5225 5326 5325
1 5 4012 4013 4114 4113 5123 5124 5225 5224
1 5 2901 2902 3003 3002 4012 4013 4114 4113
1 5 2900 2901 3002 3001 4011 4012 4113 4112
1 5 4011 4012 4113 4112 5122 5123 5224 5223
1 5 4010 4011 4112 4111 5121 5122 5223 5222
1 5 2899 2900 3001 3000 4010 4011 4112 4111
1 5 2898 2899 3000 2999 4009 4010 4111 4110
1 5 4009 4010 4111 4110 5120 5121 5222 5221
1 5 4110 4111 4212 4211 5221 5222 5323 5322
1 5 2999 3000 3101 3100 4110 4111 4212 4211
1 5 3000 3001 3102 3101 4111 4112 4213 4212
1 5 4111 4112 4213 4212 5222 5223 5324 5323
1 5 4212 4213 4314 4313 5323 5324 5425 5424
1 5 4211 4212 4313 4312 5322 5323 5424 5423
1 5 4312 4313 4414 4413 5423 5424 5525 5524
1 5 4313 4314 4415 4414 5424 5425 5526 5525
1 5 3202 3203 3304 3303 4313 4314 4415 4414
1 5 3201 3202 3303 3302 4312 4313 4414 4413
1 5 3100 3101 3202 3201 4211 4212 4313 4312
1 5 3101 3102 3203 3202 4212 4213 4314 4313
1 5 1990 1991 2092 2091 3101 3102 3203 3202
1 5 1989 1990 2091 2090 3100 3101 3202 3201
1 5 2090 2091 2192 2191 3201 3202 3303 3302
1 5 2091 2092 2193 2192 3202 3203 3304 3303
1 5 980 981 1082 1081 2091 2092 2193 2192
1 5 979 980 1081 1080 2090 2091 2192 2191
1 5 878 879 980 979 1989 1990 2091 2090
1 5 879 880 981 980 1990 1991 2092 2091
1 5 778 779 880 879 1889 1890 1991 1990
1 5 1889 1890 1991 1990 3000 3001 3102 3101
1 5 1888 1889 1990 1989 2999 3000 3101 3100
1 5 777 778 879 878 1888 1889 1990 1989
1 5 676 677 778 777 1787 1788 1889 1888
1 5 1787 1788 1889 1888 2898 2899 3000 2999
1 5 1788 1789 1890 1889 2899 2900 3001 3000
1 5 677 678 779 778 1788 1789 1890 1889
1 5 678 679 780 779 1789 1790 1891 1890
1 5 1789 1790 1891 1890 2900 2901 3002 3001
1 5 1790 1791 1892 1891 2901 2902 3003 3002
1 5 679 680 781 780 1790 1791 1892 1891
1 5 780 781 882 881 1891 1892 1993 1992
1 5 1891 1892 1993 1992 3002 3003 3104 3103
1 5 1890 1891 1992 1991 3001 3002 3103 3102
1 5 779 780 881 880 1890 1891 1992 1991
1 5 880 881 982 981 1991 1992 2093 2092
1 5 981 982 1083 1082 2092 2093 2194 2193
1 5 2092 2093 2194 2193 3203 3204 3305 3304
1 5 1991 1992 2093 2092 3102 3103 3204 3203
1 5 1992 1993 2094 2093 3103 3104 3205 3204
1 5 2093 2094 2195 2194 3204 3205 3306 3305
1 5 982 983 1084 1083 2093 2094 2195 2194
1 5 881 882 983 982 1992 1993 2094 2093
1 5 882 883 984 983 1993 1994 2095 2094
1 5 983 984 1085 1084 2094 2095 2196 2195
1 5 2094 2095 2196 2195 3205 3206 3307 3306
1 5 1993 1994 2095 2094 3104 3105 3206 3205
1 5 1994 1995 2096 2095 3105 3106 3207 3206
1 5 2095 2096 2197 2196 3206 3207 3308 3307
1 5 984 985 1086 1085 2095 2096 2197 2196
1 5 883 884 985 984 1994 1995 2096 2095
1 5 782 783 884 883 1893 1894 1995 1994
1 5 1893 1894 1995 1994 3004 3005 3106 3105
1 5 1892 1893 1994 1993 3003 3004 3105 3104
1 5 781 782 883 882 1892 1893 1994 1993
1 5 680 681 782 781 1791 1792 1893 1892
1 5 1791 1792 1893 1892 2902 2903 3004 3003
1 5 1792 1793 1894 1893 2903 2904 3005 3004
1 5 681 682 783 782 1792 1793 1894 1893
1 5 580 581 682 681 1691 1692 1793 1792
1 5 479 480 581 580 1590 1591 1692 1691
1 5 1590 1591 1692 1691 2701 2702 2803 2802
1 5 1691 1692 1793 1792 2802 2803 2904 2903
1 5 1690 1691 1792 1791 2801 2802 2903 2902
1 5 1589 1590 1691 1690 2700 2701 2802 2801
1 5 478 479 580 579 1589 1590 1691 1690
1 5 579 580 681 680 1690 1691 1792 1791
1 5 578 579 680 679 1689 1690 1791 1790
1 5 1689 1690 1791 1790 2800 2801 2902 2901
1 5 1688 1689 1790 1789 2799 2800 2901 2900
1 5 577 578 679 678 1688 1689 1790 1789
1 5 476 477 578 577 1587 1588 1689 1688
1 5 1587 1588 1689 1688 2698 2699 2800 2799
1 5 1588 1589 1690 1689 2699 2700 2801 2800
1 5 477 478 579 578 1588 1589 1690 1689
1 5 376 377 478 477 1487 1488 1589 1588
1 5 1487 1488 1589 1588 2598 2599 2700 2699
1 5 1486 1487 1588 1587 2597 2598 2699 2698
1 5 375 376 477 476 1486 1487 1588 1587
1 5 274 275 376 375 1385 1386 1487 1486
1 5 1385 1386 1487 1486 2496 2497 2598 2597
1 5 1386 1387 1488 1487 2497 2498 2599 2598
1 5 275 276 377 376 1386 1387 1488 1487
1 5 276 277 378 377 1387 1388 1489 1488
1 5 277 278 379 378 1388 1389 1490 1489
1 5 378 379 480 479 1489 1490 1591 1590
1 5 377 378 479 478 1488 1489 1590 1589
1 5 1488 1489 1590 1589 2599 2600 2701 2700
1 5 1489 1490 1591 1590 2600 2601 2702 2701
1 5 1388 1389 1490 1489 2499 2500 2601 2600
1 5 1387 1388 1489 1488 2498 2499 2600 2599
1 5 2498 2499 2600 2599 3609 3610 3711 3710
1 5 2499 2500 2601 2600 3610 3611 3712 3711
1 5 2600 2601 2702 2701 3711 3712 3813 3812
1 5 2599 2600 2701 2700 3710 3711 3812 3811
1 5 3710 3711 3812 3811 4821 4822 4923 4922
1 5 3711 3712 3813 3812 4822 4823 4924 4923
1 5 3610 3611 3712 3711 4721 4722 4823 4822
1 5 3609 3610 3711 3710 4720 4721 4822 4821
1 5 3608 3609 3710 3709 4719 4720 4821 4820
1 5 2497 2498 2599 2598 3608 3609 3710 3709
1 5 2496 2497 2598 2597 3607 3608 3709 3708
1 5 3607 3608 3709 3708 4718 4719 4820 4819
1 5 3708 3709 3810 3809 4819 4820 4921 4920
1 5 2597 2598 2699 2698 3708 3709 3810 3809
1 5 2598 2599 2700 2699 3709 3710 3811 3810
1 5 3709 3710 3811 3810 4820 4821 4922 4921
1 5 3810 3811 3912 3911 4921 4922 5023 5022
1 5 2699 2700 2801 2800 3810 3811 3912 3911
1 5 2698 2699 2800 2799 3809 3810 3911 3910
1 5 3809 3810 3911 3910 4920 4921 5022 5021
1 5 3910 3911 4012 4011 5021 5022 5123 5122
1 5 2799 2800 2901 2900 3910 3911 4012 4011
1 5 2800 2801 2902 2901 3911 3912 4013 4012
1 5 3911 3912 4013 4012 5022 5023 5124 5123
1 5 3912 3913 4014 4013 5023 5024 5125 5124
1 5 3811 3812 3913 3912 4922 4923 5024 5023
1 5 2700 2701 2802 2801 3811 3812 3913 3912
1 5 2801 2802 2903 2902 3912 3913 4014 4013
1 5 2802 2803 2904 2903 3913 3914 4015 4014
1 5 2701 2702 2803 2802 3812 3813 3914 3913
1 5 3812 3813 3914 3913 4923 4924 5025 5024
1 5 3913 3914 4015 4014 5024 5025 5126 5125
1 5 5024 5025 5126 5125 6135 6136 6237 6236
1 5 6135 6136 6237 6236 7246 7247 7348 7347
1 5 6134 6135 6236 6235 7245 7246 7347 7346
1 5 5023 5024 5125 5124 6134 6135 6236 6235
1 5 5022 5023 5124 5123 6133 6134 6235 6234
1 5 6133 6134 6235 6234 7244 7245 7346 7345
1 5 6132 6133 6234 6233 7243 7244 7345 7344
1 5 5021 5022 5123 5122 6132 6133 6234 6233
1 5 4920 4921 5022 5021 6031 6032 6133 6132
1 5 6031 6032 6133 6132 7142 7143 7244 7243
1 5 6032 6033 6134 6133 7143 7144 7245 7244
1 5 4921 4922 5023 5022 6032 6033 6134 6133
1 5 4922 4923 5024 5023 6033 6034 6135 6134
1 5 6033 6034 6135 6134 7144 7145 7246 7245
1 5 6034 6035 6136 6135 7145 7146 7247 7246
1 5 4923 4924 5025 5024 6034 6035 6136 6135
1 5 4822 4823 4924 4923 5933 5934 6035 6034
1 5 4721 4722 4823 4822 5832 5833 5934 5933
1 5 5832 5833 5934 5933 6943 6944 7045 7044
1 5 5933 5934 6035 6034 7044 7045 7146 7145
1 5 5932 5933 6034 6033 7043 7044 7145 7144
1 5 5831 5832 5933 5932 6942 6943 7044 7043
1 5 4720 4721 4822 4821 5831 5832 5933 5932
1 5 4821 4822 4923 4922 5932 5933 6034 6033
1 5 4820 4821 4922 4921 5931 5932 6033 6032
1 5 4719 4720 4821 4820 5830 5831 5932 5931
1 5 5830 5831 5932 5931 6941 6942 7043 7042
1 5 5931 5932 6033 6032 7042 7043 7144 7143
1 5 5930 5931 6032 6031 7041 7042 7143 7142
1 5 5829 5830 5931 5930 6940 6941 7042 7041
1 5 4718 4719 4820 4819 5829 5830 5931 5930
1 5 4819 4820 4921 4920 5930 5931 6032 6031
1 5 4818 4819 4920 4919 5929 5930 6031 6030
1 5 4717 4718 4819 4818 5828 5829 5930 5929
1 5 5828 5829 5930 5929 6939 6940 7041 7040
1 5 5929 5930 6031 6030 7040 7041 7142 7141
1 5 5928 5929 6030 6029 7039 7040 7141 7140
1 5 5827 5828 5929 5928 6938 6939 7040 7039
1 5 4716 4717 4818 4817 5827 5828 5929 5928
1 5 4817 4818 4919 4918 5928 5929 6030 6029
1 5 4918 4919 5020 5019 6029 6030 6131 6130
1 5 6029 6030 6131 6130 7140 7141 7242 7241
1 5 6030 6031 6132 6131 7141 7142 7243 7242
1 5 4919 4920 5021 5020 6030 6031 6132 6131
1 5 5020 5021 5122 5121 6131 6132 6233 6232
1 5 6131 6132 6233 6232 7242 7243 7344 7343
1 5 6130 6131 6232 6231 7241 7242 7343 7342
1 5 5019 5020 5121 5120 6130 6131 6232 6231
1 5 3908 3909 4010 4009 5019 5020 5121 5120
1 5 3909 3910 4011 4010 5020 5021 5122 5121
1 5 3808 3809 3910 3909 4919 4920 5021 5020
1 5 3807 3808 3909 3908 4918 4919 5020 5019
1 5 3706 3707 3808 3807 4817 4818 4919 4918
1 5 3707 3708 3809 3808 4818 4819 4920 4919
1 5 3606 3607 3708 3707 4717 4718 4819 4818
1 5 3605 3606 3707 3706 4716 4717 4818 4817
1 5 2494 2495 2596 2595 3605 3606 3707 3706
1 5 2495 2496 2597 2596 3606 3607 3708 3707
1 5 2596 2597 2698 2697 3707 3708 3809 3808
1 5 2595 2596 2697 2696 3706 3707 3808 3807
1 5 2696 2697 2798 2797 3807 3808 3909 3908
1 5 2697 2698 2799 2798 3808 3809 3910 3909
1 5 2798 2799 2900 2899 3909 3910 4011 4010
1 5 2797 2798 2899 2898 3908 3909 4010 4009
1 5 1686 1687 1788 1787 2797 2798 2899 2898
1 5 575 576 677 676 1686 1687 1788 1787
1 5 576 577 678 677 1687 1688 1789 1788
1 5 1687 1688 1789 1788 2798 2799 2900 2899
1 5 1586 1587 1688 1687 2697 2698 2799 2798
1 5 475 476 577 576 1586 1587 1688 1687
1 5 474 475 576 575 1585 1586 1687 1686
1 5 1585 1586 1687 1686 2696 2697 2798 2797
1 5 1484 1485 1586 1585 2595 2596 2697 2696
1 5 373 374 475 474 1484 1485 1586 1585
1 5 374 375 476 475 1485 1486 1587 1586
1 5 1485 1486 1587 1586 2596 2597 2698 2697
1 5 1384 1385 1486 1485 2495 2496 2597 2596
1 5 273 274 375 374 1384 1385 1486 1485
1 5 272 273 374 373 1383 1384 1485 1484
1 5 1383 1384 1485 1484 2494 2495 2596 2595
1 5 1282 1283 1384 1383 2393 2394 2495 2494
1 5 171 172 273 272 1282 1283 1384 1383
1 5 172 173 274 273 1283 1284 1385 1384
1 5 1283 1284 1385 1384 2394 2395 2496 2495
1 5 1182 1183 1284 1283 2293 2294 2395 2394
1 5 71 72 173 172 1182 1183 1284 1283
1 5 70 71 172 171 1181 1182 1283 1282
1 5 1181 1182 1283 1282 2292 2293 2394 2393
1 5 2292 2293 2394 2393 3403 3404 3505 3504
1 5 2293 2294 2395 2394 3404 3405 3506 3505
1 5 2394 2395 2496 2495 3505 3506 3607 3606
1 5 2393 2394 2495 2494 3504 3505 3606 3605
1 5 3504 3505 3606 3605 4615 4616 4717 4716
1 5 3505 3506 3607 3606 4616 4617 4718 4717
1 5 3404 3405 3506 3505 4515 4516 4617 4616
1 5 3403 3404 3505 3504 4514 4515 4616 4615
1 5 4514 4515 4616 4615 5625 5626 5727 5726
1 5 4615 4616 4717 4716 5726 5727 5828 5827
1 5 5726 5727 5828 5827 6837 6838 6939 6938
1 5 5625 5626 5727 5726 6736 6737 6838 6837
1 5 5626 5627 5728 5727 6737 6738 6839 6838
1 5 5727 5728 5829 5828 6838 6839 6940 6939
1 5 4616 4617 4718 4717 5727 5728 5829 5828
1 5 4515 4516 4617 4616 5626 5627 5728 5727
1 5 4516 4517 4618 4617 5627 5628 5729 5728
1 5 4617 4618 4719 4718 5728 5729 5830 5829
1 5 5728 5729 5830 5829 6839 6840 6941 6940
1 5 5627 5628 5729 5728 6738 6739 6840 6839
1 5 5628 5629 5730 5729 6739 6740 6841 6840
1 5 5729 5730 5831 5830 6840 6841 6942 6941
1 5 4618 4619 4720 4719 5729 5730 5831 5830
1 5 4517 4518 4619 4618 5628 5629 5730 5729
1 5 4518 4519 4620 4619 5629 5630 5731 5730
1 5 4619 4620 4721 4720 5730 5731 5832 5831
1 5 5730 5731 5832 5831 6841 6842 6943 6942
1 5 5629 5630 5731 5730 6740 6741 6842 6841
1 5 5630 5631 5732 5731 6741 6742 6843 6842
1 5 5731 5732 5833 5832 6842 6843 6944 6943
1 5 4620 4621 4722 4721 5731 5732 5833 5832
1 5 4519 4520 4621 4620 5630 5631 5732 5731
1 5 3408 3409 3510 3509 4519 4520 4621 4620
1 5 3509 3510 3611 3610 4620 4621 4722 4721
1 5 2398 2399 2500 2499 3509 3510 3611 3610
1 5 2297 2298 2399 2398 3408 3409 3510 3509
1 5 2296 2297 2398 2397 3407 3408 3509 3508
1 5 2397 2398 2499 2498 3508 3509 3610 3609
1 5 3508 3509 3610 3609 4619 4620 4721 4720
1 5 3407 3408 3509 3508 4518 4519 4620 4619
1 5 3406 3407 3508 3507 4517 4518 4619 4618
1 5 3405 3406 3507 3506 4516 4517 4618 4617
1 5 3506 3507 3608 3607 4617 4618 4719 4718
1 5 3507 3508 3609 3608 4618 4619 4720 4719
1 5 2396 2397 2498 2497 3507 3508 3609 3608
1 5 2395 2396 2497 2496 3506 3507 3608 3607
1 5 2294 2295 2396 2395 3405 3406 3507 3506
1 5 2295 2296 2397 2396 3406 3407 3508 3507
1 5 1184 1185 1286 1285 2295 2296 2397 2396
1 5 1183 1184 1285 1284 2294 2295 2396 2395
1 5 1284 1285 1386 1385 2395 2396 2497 2496
1 5 1285 1286 1387 1386 2396 2397 2498 2497
1 5 174 175 276 275 1285 1286 1387 1386
1 5 173 174 275 274 1284 1285 1386 1385
1 5 72 73 174 173 1183 1184 1285 1284
1 5 73 74 175 174 1184 1185 1286 1285
1 5 74 75 176 175 1185 1186 1287 1286
1 5 175 176 277 276 1286 1287 1388 1387
1 5 1286 1287 1388 1387 2397 2398 2499 2498
1 5 1185 1186 1287 1286 2296 2297 2398 2397
1 5 1186 1187 1288 1287 2297 2298 2399 2398
1 5 1287 1288 1389 1388 2398 2399 2500 2499
1 5 176 177 278 277 1287 1288 1389 1388
1 5 75 76 177 176 1186 1187 1288 1287
1 5 76 77 178 177 1187 1188 1289 1288
1 5 177 178 279 278 1288 1289 1390 1389
1 5 1288 1289 1390 1389 2399 2400 2501 2500
1 5 1187 1188 1289 1288 2298 2299 2400 2399
1 5 1188 1189 1290 1289 2299 2300 2401 2400
1 5 1289 1290 1391 1390 2400 2401 2502 2501
1 5 178 179 280 279 1289 1290 1391 1390
1 5 77 78 179 178 1188 1189 1290 1289
1 5 78 79 180 179 1189 1190 1291 1290
1 5 1189 1190 1291 1290 2300 2301 2402 2401
1 5 1190 1191 1292 1291 2301 2302 2403 2402
1 5 79 80 181 180 1190 1191 1292 1291
1 5 180 181 282 281 1291 1292 1393 1392
1 5 1291 1292 1393 1392 2402 2403 2504 2503
1 5 1290 1291 1392 1391 2401 2402 2503 2502
1 5 179 180 281 280 1290 1291 1392 1391
1 5 280 281 382 381 1391 1392 1493 1492
1 5 1391 1392 1493 1492 2502 2503 2604 2603
1 5 1392 1393 1494 1493 2503 2504 2605 2604
1 5 281 282 383 382 1392 1393 1494 1493
1 5 382 383 484 483 1493 1494 1595 1594
1 5 1493 1494 1595 1594 2604 2605 2706 2705
1 5 1492 1493 1594 1593 2603 2604 2705 2704
1 5 381 382 483 482 1492 1493 1594 1593
1 5 380 381 482 481 1491 1492 1593 1592
1 5 379 380 481 480 1490 1491 1592 1591
1 5 278 279 380 379 1389 1390 1491 1490
1 5 279 280 381 380 1390 1391 1492 1491
1 5 1390 1391 1492 1491 2501 2502 2603 2602
1 5 1389 1390 1491 1490 2500 2501 2602 2601
1 5 1490 1491 1592 1591 2601 2602 2703 2702
1 5 1491 1492 1593 1592 2602 2603 2704 2703
1 5 2602 2603 2704 2703 3713 3714 3815 3814
1 5 2601 2602 2703 2702 3712 3713 3814 3813
1 5 2500 2501 2602 2601 3611 3612 3713 3712
1 5 2501 2502 2603 2602 3612 3613 3714 3713
1 5 3612 3613 3714 3713 4723 4724 4825 4824
1 5 3611 3612 3713 3712 4722 4723 4824 4823
1 5 3712 3713 3814 3813 4823 4824 4925 4924
1 5 3713 3714 3815 3814 4824 4825 4926 4925
1 5 3714 3715 3816 3815 4825 4826 4927 4926
1 5 2603 2604 2705 2704 3714 3715 3816 3815
1 5 2604 2605 2706 2705 3715 3716 3817 3816
1 5 3715 3716 3817 3816 4826 4827 4928 4927
1 5 3614 3615 3716 3715 4725 4726 4827 4826
1 5 2503 2504 2605 2604 3614 3615 3716 3715
1 5 2502 2503 2604 2603 3613 3614 3715 3714
1 5 3613 3614 3715 3714 4724 4725 4826 4825
1 5 3512 3513 3614 3613 4623 4624 4725 4724
1 5 2401 2402 2503 2502 3512 3513 3614 3613
1 5 2402 2403 2504 2503 3513 3514 3615 3614
1 5 3513 3514 3615 3614 4624 4625 4726 4725
1 5 3412 3413 3514 3513 4523 4524 4625 4624
1 5 2301 2302 2403 2402 3412 3413 3514 3513
1 5 2300 2301 2402 2401 3411 3412 3513 3512
1 5 3411 3412 3513 3512 4522 4523 4624 4623
1 5 3410 3411 3512 3511 4521 4522 4623 4622
1 5 3511 3512 3613 3612 4622 4623 4724 4723
1 5 2400 2401 2502 2501 3511 3512 3613 3612
1 5 2299 2300 2401 2400 3410 3411 3512 3511
1 5 2298 2299 2400 2399 3409 3410 3511 3510
1 5 2399 2400 2501 2500 3510 3511 3612 3611
1 5 3510 3511 3612 3611 4621 4622 4723 4722
1 5 3409 3410 3511 3510 4520 4521 4622 4621
1 5 4520 4521 4622 4621 5631 5632 5733 5732
1 5 5631 5632 5733 5732 6742 6743 6844 6843
1 5 5632 5633 5734 5733 6743 6744 6845 6844
1 5 4521 4522 4623 4622 5632 5633 5734 5733
1 5 4522 4523 4624 4623 5633 5634 5735 5734
1 5 5633 5634 5735 5734 6744 6745 6846 6845
1 5 5634 5635 5736 5735 6745 6746 6847 6846
1 5 4523 4524 4625 4624 5634 5635 5736 5735
1 5 4624 4625 4726 4725 5735 5736 5837 5836
1 5 5735 5736 5837 5836 6846 6847 6948 6947
1 5 5734 5735 5836 5835 6845 6846 6947 6946
1 5 4623 4624 4725 4724 5734 5735 5836 5835
1 5 4622 4623 4724 4723 5733 5734 5835 5834
1 5 5733 5734 5835 5834 6844 6845 6946 6945
1 5 5732 5733 5834 5833 6843 6844 6945 6944
1 5 4621 4622 4723 4722 5732 5733 5834 5833
1 5 4722 4723 4824 4823 5833 5834 5935 5934
1 5 4823 4824 4925 4924 5934 5935 6036 6035
1 5 5934 5935 6036 6035 7045 7046 7147 7146
1 5 5833 5834 5935 5934 6944 6945 7046 7045
1 5 5834 5835 5936 5935 6945 6946 7047 7046
1 5 5935 5936 6037 6036 7046 7047 7148 7147
1 5 4824 4825 4926 4925 5935 5936 6037 6036
1 5 4723 4724 4825 4824 5834 5835 5936 5935
1 5 4724 4725 4826 4825 5835 5836 5937 5936
1 5 4825 4826 4927 4926 5936 5937 6038 6037
1 5 5936 5937 6038 6037 7047 7048 7149 7148
1 5 5835 5836 5937 5936 6946 6947 7048 7047
1 5 5836 5837 5938 5937 6947 6948 7049 7048
1 5 5937 5938 6039 6038 7048 7049 7150 7149
1 5 4826 4827 4928 4927 5937 5938 6039 6038
1 5 4725 4726 4827 4826 5836 5837 5938 5937
1 5 4726 4727 4828 4827 5837 5838 5939 5938
1 5 4827 4828 4929 4928 5938 5939 6040 6039
1 5 5938 5939 6040 6039 7049 7050 7151 7150
1 5 5837 5838 5939 5938 6948 6949 7050 7049
1 5 5838 5839 5940 5939 6949 6950 7051 7050
1 5 5939 5940 6041 6040 7050 7051 7152 7151
1 5 4828 4829 4930 4929 5939 5940 6041 6040
1 5 4727 4728 4829 4828 5838 5839 5940 5939
1 5 4626 4627 4728 4727 5737 5738 5839 5838
1 5 5737 5738 5839 5838 6848 6849 6950 6949
1 5 5736 5737 5838 5837 6847 6848 6949 6948
1 5 4625 4626 4727 4726 5736 5737 5838 5837
1 5 4524 4525 4626 4625 5635 5636 5737 5736
1 5 5635 5636 5737 5736 6746 6747 6848 6847
1 5 5636 5637 5738 5737 6747 6748 6849 6848
1 5 4525 4526 4627 4626 5636 5637 5738 5737
1 5 3414 3415 3516 3515 4525 4526 4627 4626
1 5 3413 3414 3515 3514 4524 4525 4626 4625
1 5 3514 3515 3616 3615 4625 4626 4727 4726
1 5 3515 3516 3617 3616 4626 4627 4728 4727
1 5 3616 3617 3718 3717 4727 4728 4829 4828
1 5 3615 3616 3717 3716 4726 4727 4828 4827
1 5 3716 3717 3818 3817 4827 4828 4929 4928
1 5 3717 3718 3819 3818 4828 4829 4930 4929
1 5 2606 2607 2708 2707 3717 3718 3819 3818
1 5 2605 2606 2707 2706 3716 3717 3818 3817
1 5 2504 2505 2606 2605 3615 3616 3717 3716
1 5 2505 2506 2607 2606 3616 3617 3718 3717
1 5 2404 2405 2506 2505 3515 3516 3617 3616
1 5 2403 2404 2505 2504 3514 3515 3616 3615
1 5 2302 2303 2404 2403 3413 3414 3515 3514
1 5 2303 2304 2405 2404 3414 3415 3516 3515
1 5 1192 1193 1294 1293 2303 2304 2405 2404
1 5 81 82 183 182 1192 1193 1294 1293
1 5 80 81 182 181 1191 1192 1293 1292
1 5 1191 1192 1293 1292 2302 2303 2404 2403
1 5 1292 1293 1394 1393 2403 2404 2505 2504
1 5 181 182 283 282 1292 1293 1394 1393
1 5 182 183 284 283 1293 1294 1395 1394
1 5 1293 1294 1395 1394 2404 2405 2506 2505
1 5 1394 1395 1496 1495 2505 2506 2607 2606
1 5 283 284 385 384 1394 1395 1496 1495
1 5 282 283 384 383 1393 1394 1495 1494
1 5 1393 1394 1495 1494 2504 2505 2606 2605
1 5 1494 1495 1596 1595 2605 2606 2707 2706
1 5 383 384 485 484 1494 1495 1596 1595
1 5 384 385 486 485 1495 1496 1597 1596
1 5 1495 1496 1597 1596 2606 2607 2708 2707
1 5 1596 1597 1698 1697 2707 2708 2809 2808
1 5 485 486 587 586 1596 1597 1698 1697
1 5 484 485 586 585 1595 1596 1697 1696
1 5 1595 1596 1697 1696 2706 2707 2808 2807
1 5 1696 1697 1798 1797 2807 2808 2909 2908
1 5 585 586 687 686 1696 1697 1798 1797
1 5 586 587 688 687 1697 1698 1799 1798
1 5 1697 1698 1799 1798 2808 2809 2910 2909
1 5 2808 2809 2910 2909 3919 3920 4021 4020
1 5 2807 2808 2909 2908 3918 3919 4020 4019
1 5 2706 2707 2808 2807 3817 3818 3919 3918
1 5 2707 2708 2809 2808 3818 3819 3920 3919
1 5 3818 3819 3920 3919 4929 4930 5031 5030
1 5 3817 3818 3919 3918 4928 4929 5030 5029
1 5 3918 3919 4020 4019 5029 5030 5131 5130
1 5 3919 3920 4021 4020 5030 5031 5132 5131
1 5 5030 5031 5132 5131 6141 6142 6243 6242
1 5 4929 4930 5031 5030 6040 6041 6142 6141
1 5 6040 6041 6142 6141 7151 7152 7253 7252
1 5 6141 6142 6243 6242 7252 7253 7354 7353
1 5 6140 6141 6242 6241 7251 7252 7353 7352
1 5 6039 6040 6141 6140 7150 7151 7252 7251
1 5 4928 4929 5030 5029 6039 6040 6141 6140
1 5 5029 5030 5131 5130 6140 6141 6242 6241
1 5 5028 5029 5130 5129 6139 6140 6241 6240
1 5 4927 4928 5029 5028 6038 6039 6140 6139
1 5 6038 6039 6140 6139 7149 7150 7251 7250
1 5 6139 6140 6241 6240 7250 7251 7352 7351
1 5 6138 6139 6240 6239 7249 7250 7351 7350
1 5 6037 6038 6139 6138 7148 7149 7250 7249
1 5 4926 4927 5028 5027 6037 6038 6139 6138
1 5 5027 5028 5129 5128 6138 6139 6240 6239
1 5 5026 5027 5128 5127 6137 6138 6239 6238
1 5 4925 4926 5027 5026 6036 6037 6138 6137
1 5 6036 6037 6138 6137 7147 7148 7249 7248
1 5 6137 6138 6239 6238 7248 7249 7350 7349
1 5 6136 6137 6238 6237 7247 7248 7349 7348
1 5 6035 6036 6137 6136 7146 7147 7248 7247
1 5 4924 4925 5026 5025 6035 6036 6137 6136
1 5 5025 5026 5127 5126 6136 6137 6238 6237
1 5 3914 3915 4016 4015 5025 5026 5127 5126
1 5 3813 3814 3915 3914 4924 4925 5026 5025
1 5 2702 2703 2804 2803 3813 3814 3915 3914
1 5 2803 2804 2905 2904 3914 3915 4016 4015
1 5 2804 2805 2906 2905 3915 3916 4017 4016
1 5 2703 2704 2805 2804 3814 3815 3916 3915
1 5 3814 3815 3916 3915 4925 4926 5027 5026
1 5 3915 3916 4017 4016 5026 5027 5128 5127
1 5 3916 3917 4018 4017 5027 5028 5129 5128
1 5 3917 3918 4019 4018 5028 5029 5130 5129
1 5 3816 3817 3918 3917 4927 4928 5029 5028
1 5 3815 3816 3917 3916 4926 4927 5028 5027
1 5 2704 2705 2806 2805 3815 3816 3917 3916
1 5 2705 2706 2807 2806 3816 3817 3918 3917
1 5 2806 2807 2908 2907 3917 3918 4019 4018
1 5 2805 2806 2907 2906 3916 3917 4018 4017
1 5 1694 1695 1796 1795 2805 2806 2907 2906
1 5 1695 1696 1797 1796 2806 2807 2908 2907
1 5 1594 1595 1696 1695 2705 2706 2807 2806
1 5 1593 1594 1695 1694 2704 2705 2806 2805
1 5 482 483 584 583 1593 1594 1695 1694
1 5 483 484 585 584 1594 1595 1696 1695
1 5 584 585 686 685 1695 1696 1797 1796
1 5 583 584 685 684 1694 1695 1796 1795
1 5 582 583 684 683 1693 1694 1795 1794
1 5 481 482 583 582 1592 1593 1694 1693
1 5 1592 1593 1694 1693 2703 2704 2805 2804
1 5 1693 1694 1795 1794 2804 2805 2906 2905
1 5 1692 1693 1794 1793 2803 2804 2905 2904
1 5 1591 1592 1693 1692 2702 2703 2804 2803
1 5 480 481 582 581 1591 1592 1693 1692
1 5 581 582 683 682 1692 1693 1794 1793
1 5 682 683 784 783 1793 1794 1895 1894
1 5 1793 1794 1895 1894 2904 2905 3006 3005
1 5 1794 1795 1896 1895 2905 2906 3007 3006
1 5 683 684 785 784 1794 1795 1896 1895
1 5 784 785 886 885 1895 1896 1997 1996
1 5 1895 1896 1997 1996 3006 3007 3108 3107
1 5 1894 1895 1996 1995 3005 3006 3107 3106
1 5 783 784 885 884 1894 1895 1996 1995
1 5 884 885 986 985 1995 1996 2097 2096
1 5 885 886 987 986 1996 1997 2098 2097
1 5 986 987 1088 1087 2097 2098 2199 2198
1 5 985 986 1087 1086 2096 2097 2198 2197
1 5 2096 2097 2198 2197 3207 3208 3309 3308
1 5 2097 2098 2199 2198 3208 3209 3310 3309
1 5 1996 1997 2098 2097 3107 3108 3209 3208
1 5 1995 1996 2097 2096 3106 3107 3208 3207
1 5 3106 3107 3208 3207 4217 4218 4319 4318
1 5 3107 3108 3209 3208 4218 4219 4320 4319
1 5 3208 3209 3310 3309 4319 4320 4421 4420
1 5 3207 3208 3309 3308 4318 4319 4420 4419
1 5 4318 4319 4420 4419 5429 5430 5531 5530
1 5 4319 4320 4421 4420 5430 5431 5532 5531
1 5 4218 4219 4320 4319 5329 5330 5431 5430
1 5 4217 4218 4319 4318 5328 5329 5430 5429
1 5 4116 4117 4218 4217 5227 5228 5329 5328
1 5 4015 4016 4117 4116 5126 5127 5228 5227
1 5 2904 2905 3006 3005 4015 4016 4117 4116
1 5 3005 3006 3107 3106 4116 4117 4218 4217
1 5 3006 3007 3108 3107 4117 4118 4219 4218
1 5 2905 2906 3007 3006 4016 4017 4118 4117
1 5 4016 4017 4118 4117 5127 5128 5229 5228
1 5 4117 4118 4219 4218 5228 5229 5330 5329
1 5 4118 4119 4220 4219 5229 5230 5331 5330
1 5 4017 4018 4119 4118 5128 5129 5230 5229
1 5 2906 2907 3008 3007 4017 4018 4119 4118
1 5 3007 3008 3109 3108 4118 4119 4220 4219
1 5 3008 3009 3110 3109 4119 4120 4221 4220
1 5 2907 2908 3009 3008 4018 4019 4120 4119
1 5 4018 4019 4120 4119 5129 5130 5231 5230
1 5 4119 4120 4221 4220 5230 5231 5332 5331
1 5 4220 4221 4322 4321 5331 5332 5433 5432
1 5 4219 4220 4321 4320 5330 5331 5432 5431
1 5 4320 4321 4422 4421 5431 5432 5533 5532
1 5 4321 4322 4423 4422 5432 5433 5534 5533
1 5 3210 3211 3312 3311 4321 4322 4423 4422
1 5 3209 3210 3311 3310 4320 4321 4422 4421
1 5 3108 3109 3210 3209 4219 4220 4321 4320
1 5 3109 3110 3211 3210 4220 4221 4322 4321
1 5 1998 1999 2100 2099 3109 3110 3211 3210
1 5 1997 1998 2099 2098 3108 3109 3210 3209
1 5 2098 2099 2200 2199 3209 3210 3311 3310
1 5 2099 2100 2201 2200 3210 3211 3312 3311
1 5 988 989 1090 1089 2099 2100 2201 2200
1 5 987 988 1089 1088 2098 2099 2200 2199
1 5 886 887 988 987 1997 1998 2099 2098
1 5 887 888 989 988 1998 1999 2100 2099
1 5 786 787 888 887 1897 1898 1999 1998
1 5 1897 1898 1999 1998 3008 3009 3110 3109
1 5 1896 1897 1998 1997 3007 3008 3109 3108
1 5 785 786 887 886 1896 1897 1998 1997
1 5 684 685 786 785 1795 1796 1897 1896
1 5 1795 1796 1897 1896 2906 2907 3008 3007
1 5 1796 1797 1898 1897 2907 2908 3009 3008
1 5 685 686 787 786 1796 1797 1898 1897
1 5 686 687 788 787 1797 1798 1899 1898
1 5 687 688 789 788 1798 1799 1900 1899
1 5 1798 1799 1900 1899 2909 2910 3011 3010
1 5 1797 1798 1899 1898 2908 2909 3010 3009
1 5 2908 2909 3010 3009 4019 4020 4121 4120
1 5 4019 4020 4121 4120 5130 5131 5232 5231
1 5 4020 4021 4122 4121 5131 5132 5233 5232
1 5 2909 2910 3011 3010 4020 4021 4122 4121
1 5 3010 3011 3112 3111 4121 4122 4223 4222
1 5 4121 4122 4223 4222 5232 5233 5334 5333
1 5 4120 4121 4222 4221 5231 5232 5333 5332
1 5 3009 3010 3111 3110 4120 4121 4222 4221
1 5 1898 1899 2000 1999 3009 3010 3111 3110
1 5 1899 1900 2001 2000 3010 3011 3112 3111
1 5 788 789 890 889 1899 1900 2001 2000
1 5 787 788 889 888 1898 1899 2000 1999
1 5 888 889 990 989 1999 2000 2101 2100
1 5 889 890 991 990 2000 2001 2102 2101
1 5 990 991 1092 1091 2101 2102 2203 2202
1 5 989 990 1091 1090 2100 2101 2202 2201
1 5 2100 2101 2202 2201 3211 3212 3313 3312
1 5 2101 2102 2203 2202 3212 3213 3314 3313
1 5 2000 2001 2102 2101 3111 3112 3213 3212
1 5 1999 2000 2101 2100 3110 3111 3212 3211
1 5 3110 3111 3212 3211 4221 4222 4323 4322
1 5 3111 3112 3213 3212 4222 4223 4324 4323
1 5 3212 3213 3314 3313 4323 4324 4425 4424
1 5 3211 3212 3313 3312 4322 4323 4424 4423
1 5 4322 4323 4424 4423 5433 5434 5535 5534
1 5 4323 4324 4425 4424 5434 5435 5536 5535
1 5 4222 4223 4324 4323 5333 5334 5435 5434
1 5 4221 4222 4323 4322 5332 5333 5434 5433
1 5 5332 5333 5434 5433 6443 6444 6545 6544
1 5 5333 5334 5435 5434 6444 6445 6546 6545
1 5 5434 5435 5536 5535 6545 6546 6647 6646
1 5 5433 5434 5535 5534 6544 6545 6646 6645
1 5 6544 6545 6646 6645 7655 7656 7757 7756
1 5 6545 6546 6647 6646 7656 7657 7758 7757
1 5 6444 6445 6546 6545 7555 7556 7657 7656
1 5 6443 6444 6545 6544 7554 7555 7656 7655
1 5 6342 6343 6444 6443 7453 7454 7555 7554
1 5 5231 5232 5333 5332 6342 6343 6444 6443
1 5 5232 5233 5334 5333 6343 6344 6445 6444
1 5 6343 6344 6445 6444 7454 7455 7556 7555
1 5 6242 6243 6344 6343 7353 7354 7455 7454
1 5 5131 5132 5233 5232 6242 6243 6344 6343
1 5 5130 5131 5232 5231 6241 6242 6343 6342
1 5 6241 6242 6343 6342 7352 7353 7454 7453
1 5 6240 6241 6342 6341 7351 7352 7453 7452
1 5 5129 5130 5231 5230 6240 6241 6342 6341
1 5 5128 5129 5230 5229 6239 6240 6341 6340
1 5 6239 6240 6341 6340 7350 7351 7452 7451
1 5 6340 6341 6442 6441 7451 7452 7553 7552
1 5 5229 5230 5331 5330 6340 6341 6442 6441
1 5 5230 5231 5332 5331 6341 6342 6443 6442
1 5 6341 6342 6443 6442 7452 7453 7554 7553
1 5 6442 6443 6544 6543 7553 7554 7655 7654
1 5 6543 6544 6645 6644 7654 7655 7756 7755
1 5 5432 5433 5534 5533 6543 6544 6645 6644
1 5 5331 5332 5433 5432 6442 6443 6544 6543
1 5 5330 5331 5432 5431 6441 6442 6543 6542
1 5 5431 5432 5533 5532 6542 6543 6644 6643
1 5 6542 6543 6644 6643 7653 7654 7755 7754
1 5 6441 6442 6543 6542 7552 7553 7654 7653
1 5 6440 6441 6542 6541 7551 7552 7653 7652
1 5 6541 6542 6643 6642 7652 7653 7754 7753
1 5 5430 5431 5532 5531 6541 6542 6643 6642
1 5 5329 5330 5431 5430 6440 6441 6542 6541
1 5 5328 5329 5430 5429 6439 6440 6541 6540
1 5 5429 5430 5531 5530 6540 6541 6642 6641
1 5 6540 6541 6642 6641 7651 7652 7753 7752
1 5 6439 6440 6541 6540 7550 7551 7652 7651
1 5 6338 6339 6440 6439 7449 7450 7551 7550
1 5 5227 5228 5329 5328 6338 6339 6440 6439
1 5 5228 5229 5330 5329 6339 6340 6441 6440
1 5 6339 6340 6441 6440 7450 7451 7552 7551
1 5 6238 6239 6340 6339 7349 7350 7451 7450
1 5 5127 5128 5229 5228 6238 6239 6340 6339
1 5 5126 5127 5228 5227 6237 6238 6339 6338
1 5 6237 6238 6339 6338 7348 7349 7450 7449
1 5 7348 7349 7450 7449 8459 8460 8561 8560
1 5 8459 8460 8561 8560 9570 9571 9672 9671
1 5 8460 8461 8562 8561 9571 9572 9673 9672
1 5 7349 7350 7451 7450 8460 8461 8562 8561
1 5 7450 7451 7552 7551 8561 8562 8663 8662
1 5 8561 8562 8663 8662 9672 9673 9774 9773
1 5 8560 8561 8662 8661 9671 9672 9773 9772
1 5 7449 7450 7551 7550 8560 8561 8662 8661
1 5 7550 7551 7652 7651 8661 8662 8763 8762
1 5 7651 7652 7753 7752 8762 8763 8864 8863
1 5 8762 8763 8864 8863 9873 9874 9975 9974
1 5 8661 8662 8763 8762 9772 9773 9874 9873
1 5 8662 8663 8764 8763 9773 9774 9875 9874
1 5 8763 8764 8865 8864 9874 9875 9976 9975
1 5 7652 7653 7754 7753 8763 8764 8865 8864
1 5 7551 7552 7653 7652 8662 8663 8764 8763
1 5 7552 7553 7654 7653 8663 8664 8765 8764
1 5 7653 7654 7755 7754 8764 8765 8866 8865
1 5 8764 8765 8866 8865 9875 9876 9977 9976
1 5 8663 8664 8765 8764 9774 9775 9876 9875
1 5 8664 8665 8766 8765 9775 9776 9877 9876
1 5 8765 8766 8867 8866 9876 9877 9978 9977
1 5 7654 7655 7756 7755 8765 8766 8867 8866
1 5 7553 7554 7655 7654 8664 8665 8766 8765
1 5 7452 7453 7554 7553 8563 8564 8665 8664
1 5 8563 8564 8665 8664 9674 9675 9776 9775
1 5 8562 8563 8664 8663 9673 9674 9775 9774
1 5 7451 7452 7553 7552 8562 8563 8664 8663
1 5 7350 7351 7452 7451 8461 8462 8563 8562
1 5 8461 8462 8563 8562 9572 9573 9674 9673
1 5 8462 8463 8564 8563 9573 9574 9675 9674
1 5 7351 7352 7453 7452 8462 8463 8564 8563
1 5 7352 7353 7454 7453 8463 8464 8565 8564
1 5 8463 8464 8565 8564 9574 9575 9676 9675
1 5 8464 8465 8566 8565 9575 9576 9677 9676
1 5 7353 7354 7455 7454 8464 8465 8566 8565
1 5 7454 7455 7556 7555 8565 8566 8667 8666
1 5 8565 8566 8667 8666 9676 9677 9778 9777
1 5 8564 8565 8666 8665 9675 9676 9777 9776
1 5 7453 7454 7555 7554 8564 8565 8666 8665
1 5 7554 7555 7656 7655 8665 8666 8767 8766
1 5 7555 7556 7657 7656 8666 8667 8768 8767
1 5 7656 7657 7758 7757 8767 8768 8869 8868
1 5 7655 7656 7757 7756 8766 8767 8868 8867
1 5 8766 8767 8868 8867 9877 9878 9979 9978
1 5 8767 8768 8869 8868 9878 9879 9980 9979
1 5 8666 8667 8768 8767 9777 9778 9879 9878
1 5 8665 8666 8767 8766 9776 9777 9878 9877
1 5 9776 9777 9878 9877 10887 10888 10989 10988
1 5 9777 9778 9879 9878 10888 10889 10990 10989
1 5 9878 9879 9980 9979 10989 10990 11091 11090
1 5 9877 9878 9979 9978 10988 10989 11090 11089
1 5 10988 10989 11090 11089 12099 12100 12201 12200
1 5 10989 10990 11091 11090 12100 12101 12202 12201
1 5 10888 10889 10990 10989 11999 12000 12101 12100
1 5 10887 10888 10989 10988 11998 11999 12100 12099
1 5 10786 10787 10888 10887 11897 11898 11999 11998
1 5 9675 9676 9777 9776 10786 10787 10888 10887
1 5 9676 9677 9778 9777 10787 10788 10889 10888
1 5 10787 10788 10889 10888 11898 11899 12000 11999
1 5 10686 10687 10788 10787 11797 11798 11899 11898
1 5 9575 9576 9677 9676 10686 10687 10788 10787
1 5 9574 9575 9676 9675 10685 10686 10787 10786
1 5 10685 10686 10787 10786 11796 11797 11898 11897
1 5 10684 10685 10786 10785 11795 11796 11897 11896
1 5 9573 9574 9675 9674 10684 10685 10786 10785
1 5 9572 9573 9674 9673 10683 10684 10785 10784
1 5 10683 10684 10785 10784 11794 11795 11896 11895
1 5 10784 10785 10886 10885 11895 11896 11997 11996
1 5 9673 9674 9775 9774 10784 10785 10886 10885
1 5 9674 9675 9776 9775 10785 10786 10887 10886
1 5 10785 10786 10887 10886 11896 11897 11998 11997
1 5 10886 10887 10988 10987 11997 11998 12099 12098
1 5 10987 10988 11089 11088 12098 12099 12200 12199
1 5 9876 9877 9978 9977 10987 10988 11089 11088
1 5 9775 9776 9877 9876 10886 10887 10988 10987
1 5 9774 9775 9876 9875 10885 10886 10987 10986
1 5 9875 9876 9977 9976 10986 10987 11088 11087
1 5 10986 10987 11088 11087 12097 12098 12199 12198
1 5 10885 10886 10987 10986 11996 11997 12098 12097
1 5 10884 10885 10986 10985 11995 11996 12097 12096
1 5 10985 10986 11087 11086 12096 12097 12198 12197
1 5 9874 9875 9976 9975 10985 10986 11087 11086
1 5 9773 9774 9875 9874 10884 10885 10986 10985
1 5 9772 9773 9874 9873 10883 10884 10985 10984
1 5 9873 9874 9975 9974 10984 10985 11086 11085
1 5 10984 10985 11086 11085 12095 12096 12197 12196
1 5 10883 10884 10985 10984 11994 11995 12096 12095
1 5 10782 10783 10884 10883 11893 11894 11995 11994
1 5 9671 9672 9773 9772 10782 10783 10884 10883
1 5 9672 9673 9774 9773 10783 10784 10885 10884
1 5 10783 10784 10885 10884 11894 11895 11996 11995
1 5 10682 10683 10784 10783 11793 11794 11895 11894
1 5 9571 9572 9673 9672 10682 10683 10784 10783
1 5 9570 9571 9672 9671 10681 10682 10783 10782
1 5 10681 10682 10783 10782 11792 11793 11894 11893
1 5 10580 10581 10682 10681 11691 11692 11793 11792
1 5 10581 10582 10683 10682 11692 11693 11794 11793
1 5 10480 10481 10582 10581 11591 11592 11693 11692
1 5 10479 10480 10581 10580 11590 11591 11692 11691
1 5 9368 9369 9470 9469 10479 10480 10581 10580
1 5 9369 9370 9471 9470 10480 10481 10582 10581
1 5 9470 9471 9572 9571 10581 10582 10683 10682
1 5 9469 9470 9571 9570 10580 10581 10682 10681
1 5 8358 8359 8460 8459 9469 9470 9571 9570
1 5 8257 8258 8359 8358 9368 9369 9470 9469
1 5 7146 7147 7248 7247 8257 8258 8359 8358
1 5 7247 7248 7349 7348 8358 8359 8460 8459
1 5 7248 7249 7350 7349 8359 8360 8461 8460
1 5 7147 7148 7249 7248 8258 8259 8360 8359
1 5 8258 8259 8360 8359 9369 9370 9471 9470
1 5 8359 8360 8461 8460 9470 9471 9572 9571
1 5 8360 8361 8462 8461 9471 9472 9573 9572
1 5 8259 8260 8361 8360 9370 9371 9472 9471
1 5 7148 7149 7250 7249 8259 8260 8361 8360
1 5 7249 7250 7351 7350 8360 8361 8462 8461
1 5 7250 7251 7352 7351 8361 8362 8463 8462
1 5 7149 7150 7251 7250 8260 8261 8362 8361
1 5 8260 8261 8362 8361 9371 9372 9473 9472
1 5 8361 8362 8463 8462 9472 9473 9574 9573
1 5 9472 9473 9574 9573 10583 10584 10685 10684
1 5 10583 10584 10685 10684 11694 11695 11796 11795
1 5 10582 10583 10684 10683 11693 11694 11795 11794
1 5 9471 9472 9573 9572 10582 10583 10684 10683
1 5 9370 9371 9472 9471 10481 10482 10583 10582
1 5 10481 10482 10583 10582 11592 11593 11694 11693
1 5 10482 10483 10584 10583 11593 11594 11695 11694
1 5 9371 9372 9473 9472 10482 10483 10584 10583
1 5 9270 9271 9372 9371 10381 10382 10483 10482
1 5 10381 10382 10483 10482 11492 11493 11594 11593
1 5 10380 10381 10482 10481 11491 11492 11593 11592
1 5 9269 9270 9371 9370 10380 10381 10482 10481
1 5 9168 9169 9270 9269 10279 10280 10381 10380
1 5 10279 10280 10381 10380 11390 11391 11492 11491
1 5 10280 10281 10382 10381 11391 11392 11493 11492
1 5 9169 9170 9271 9270 10280 10281 10382 10381
1 5 8058 8059 8160 8159 9169 9170 9271 9270
1 5 8159 8160 8261 8260 9270 9271 9372 9371
1 5 7048 7049 7150 7149 8159 8160 8261 8260
1 5 6947 6948 7049 7048 8058 8059 8160 8159
1 5 6946 6947 7048 7047 8057 8058 8159 8158
1 5 7047 7048 7149 7148 8158 8159 8260 8259
1 5 8158 8159 8260 8259 9269 9270 9371 9370
1 5 8057 8058 8159 8158 9168 9169 9270 9269
1 5 8056 8057 8158 8157 9167 9168 9269 9268
1 5 8157 8158 8259 8258 9268 9269 9370 9369
1 5 7046 7047 7148 7147 8157 8158 8259 8258
1 5 6945 6946 7047 7046 8056 8057 8158 8157
1 5 6944 6945 7046 7045 8055 8056 8157 8156
1 5 7045 7046 7147 7146 8156 8157 8258 8257
1 5 8156 8157 8258 8257 9267 9268 9369 9368
1 5 8055 8056 8157 8156 9166 9167 9268 9267
1 5 9166 9167 9268 9267 10277 10278 10379 10378
1 5 9167 9168 9269 9268 10278 10279 10380 10379
1 5 9268 9269 9370 9369 10379 10380 10481 10480
1 5 9267 9268 9369 9368 10378 10379 10480 10479
1 5 10378 10379 10480 10479 11489 11490 11591 11590
1 5 10379 10380 10481 10480 11490 11491 11592 11591
1 5 10278 10279 10380 10379 11389 11390 11491 11490
1 5 10277 10278 10379 10378 11388 11389 11490 11489
1 5 10176 10177 10278 10277 11287 11288 11389 11388
1 5 10075 10076 10177 10176 11186 11187 11288 11287
1 5 10076 10077 10178 10177 11187 11188 11289 11288
1 5 10177 10178 10279 10278 11288 11289 11390 11389
1 5 10178 10179 10280 10279 11289 11290 11391 11390
1 5 10179 10180 10281 10280 11290 11291 11392 11391
1 5 10078 10079 10180 10179 11189 11190 11291 11290
1 5 10077 10078 10179 10178 11188 11189 11290 11289
1 5 8966 8967 9068 9067 10077 10078 10179 10178
1 5 8967 8968 9069 9068 10078 10079 10180 10179
1 5 9068 9069 9170 9169 10179 10180 10281 10280
1 5 9067 9068 9169 9168 10178 10179 10280 10279
1 5 9066 9067 9168 9167 10177 10178 10279 10278
1 5 8965 8966 9067 9066 10076 10077 10178 10177
1 5 8964 8965 9066 9065 10075 10076 10177 10176
1 5 9065 9066 9167 9166 10176 10177 10278 10277
1 5 7954 7955 8056 8055 9065 9066 9167 9166
1 5 7853 7854 7955 7954 8964 8965 9066 9065
1 5 6742 6743 6844 6843 7853 7854 7955 7954
1 5 6843 6844 6945 6944 7954 7955 8056 8055
1 5 6844 6845 6946 6945 7955 7956 8057 8056
1 5 6743 6744 6845 6844 7854 7855 7956 7955
1 5 7854 7855 7956 7955 8965 8966 9067 9066
1 5 7955 7956 8057 8056 9066 9067 9168 9167
1 5 7956 7957 8058 8057 9067 9068 9169 9168
1 5 7855 7856 7957 7956 8966 8967 9068 9067
1 5 6744 6745 6846 6845 7855 7856 7957 7956
1 5 6845 6846 6947 6946 7956 7957 8058 8057
1 5 6846 6847 6948 6947 7957 7958 8059 8058
1 5 6745 6746 6847 6846 7856 7857 7958 7957
1 5 7856 7857 7958 7957 8967 8968 9069 9068
1 5 7957 7958 8059 8058 9068 9069 9170 9169
1 5 7958 7959 8060 8059 9069 9070 9171 9170
1 5 7857 7858 7959 7958 8968 8969 9070 9069
1 5 6746 6747 6848 6847 7857 7858 7959 7958
1 5 6847 6848 6949 6948 7958 7959 8060 8059
1 5 6848 6849 6950 6949 7959 7960 8061 8060
1 5 6747 6748 6849 6848 7858 7859 7960 7959
1 5 7858 7859 7960 7959 8969 8970 9071 9070
1 5 7959 7960 8061 8060 9070 9071 9172 9171
1 5 9070 9071 9172 9171 10181 10182 10283 10282
1 5 9069 9070 9171 9170 10180 10181 10282 10281
1 5 8968 8969 9070 9069 10079 10080 10181 10180
1 5 8969 8970 9071 9070 10080 10081 10182 10181
1 5 10080 10081 10182 10181 11191 11192 11293 11292
1 5 10079 10080 10181 10180 11190 11191 11292 11291
1 5 10180 10181 10282 10281 11291 11292 11393 11392
1 5 10181 10182 10283 10282 11292 11293 11394 11393
1 5 10282 10283 10384 10383 11393 11394 11495 11494
1 5 10281 10282 10383 10382 11392 11393 11494 11493
1 5 10382 10383 10484 10483 11493 11494 11595 11594
1 5 10383 10384 10485 10484 11494 11495 11596 11595
1 5 9272 9273 9374 9373 10383 10384 10485 10484
1 5 9271 9272 9373 9372 10382 10383 10484 10483
1 5 9170 9171 9272 9271 10281 10282 10383 10382
1 5 9171 9172 9273 9272 10282 10283 10384 10383
1 5 8060 8061 8162 8161 9171 9172 9273 9272
1 5 6949 6950 7051 7050 8060 8061 8162 8161
1 5 6948 6949 7050 7049 8059 8060 8161 8160
1 5 8059 8060 8161 8160 9170 9171 9272 9271
1 5 8160 8161 8262 8261 9271 9272 9373 9372
1 5 7049 7050 7151 7150 8160 8161 8262 8261
1 5 7050 7051 7152 7151 8161 8162 8263 8262
1 5 8161 8162 8263 8262 9272 9273 9374 9373
1 5 8262 8263 8364 8363 9373 9374 9475 9474
1 5 7151 7152 7253 7252 8262 8263 8364 8363
1 5 7150 7151 7252 7251 8261 8262 8363 8362
1 5 8261 8262 8363 8362 9372 9373 9474 9473
1 5 8362 8363 8464 8463 9473 9474 9575 9574
1 5 7251 7252 7353 7352 8362 8363 8464 8463
1 5 7252 7253 7354 7353 8363 8364 8465 8464
1 5 8363 8364 8465 8464 9474 9475 9576 9575
1 5 9474 9475 9576 9575 10585 10586 10687 10686
1 5 9473 9474 9575 9574 10584 10585 10686 10685
1 5 9372 9373 9474 9473 10483 10484 10585 10584
1 5 9373 9374 9475 9474 10484 10485 10586 10585
1 5 10484 10485 10586 10585 11595 11596 11697 11696
1 5 10483 10484 10585 10584 11594 11595 11696 11695
1 5 10584 10585 10686 10685 11695 11696 11797 11796
1 5 10585 10586 10687 10686 11696 11697 11798 11797
1 5 10586 10587 10688 10687 11697 11698 11799 11798
1 5 10587 10588 10689 10688 11698 11699 11800 11799
1 5 10486 10487 10588 10587 11597 11598 11699 11698
1 5 10485 10486 10587 10586 11596 11597 11698 11697
1 5 9374 9375 9476 9475 10485 10486 10587 10586
1 5 9375 9376 9477 9476 10486 10487 10588 10587
1 5 9476 9477 9578 9577 10587 10588 10689 10688
1 5 9475 9476 9577 9576 10586 10587 10688 10687
1 5 8364 8365 8466 8465 9475 9476 9577 9576
1 5 8263 8264 8365 8364 9374 9375 9476 9475
1 5 7152 7153 7254 7253 8263 8264 8365 8364
1 5 7253 7254 7355 7354 8364 8365 8466 8465
1 5 7254 7255 7356 7355 8365 8366 8467 8466
1 5 7153 7154 7255 7254 8264 8265 8366 8365
1 5 8264 8265 8366 8365 9375 9376 9477 9476
1 5 8365 8366 8467 8466 9476 9477 9578 9577
1 5 8366 8367 8468 8467 9477 9478 9579 9578
1 5 8265 8266 8367 8366 9376 9377 9478 9477
1 5 7154 7155 7256 7255 8265 8266 8367 8366
1 5 7255 7256 7357 7356 8366 8367 8468 8467
1 5 7256 7257 7358 7357 8367 8368 8469 8468
1 5 7155 7156 7257 7256 8266 8267 8368 8367
1 5 8266 8267 8368 8367 9377 9378 9479 9478
1 5 8367 8368 8469 8468 9478 9479 9580 9579
1 5 9478 9479 9580 9579 10589 10590 10691 10690
1 5 10589 10590 10691 10690 11700 11701 11802 11801
1 5 10588 10589 10690 10689 11699 11700 11801 11800
1 5 9477 9478 9579 9578 10588 10589 10690 10689
1 5 9376 9377 9478 9477 10487 10488 10589 10588
1 5 10487 10488 10589 10588 11598 11599 11700 11699
1 5 10488 10489 10590 10589 11599 11600 11701 11700
1 5 9377 9378 9479 9478 10488 10489 10590 10589
1 5 9276 9277 9378 9377 10387 10388 10489 10488
1 5 10387 10388 10489 10488 11498 11499 11600 11599
1 5 10386 10387 10488 10487 11497 11498 11599 11598
1 5 9275 9276 9377 9376 10386 10387 10488 10487
1 5 9174 9175 9276 9275 10285 10286 10387 10386
1 5 10285 10286 10387 10386 11396 11397 11498 11497
1 5 10286 10287 10388 10387 11397 11398 11499 11498
1 5 9175 9176 9277 9276 10286 10287 10388 10387
1 5 8064 8065 8166 8165 9175 9176 9277 9276
1 5 8165 8166 8267 8266 9276 9277 9378 9377
1 5 7054 7055 7156 7155 8165 8166 8267 8266
1 5 6953 6954 7055 7054 8064 8065 8166 8165
1 5 6952 6953 7054 7053 8063 8064 8165 8164
1 5 7053 7054 7155 7154 8164 8165 8266 8265
1 5 8164 8165 8266 8265 9275 9276 9377 9376
1 5 8063 8064 8165 8164 9174 9175 9276 9275
1 5 8062 8063 8164 8163 9173 9174 9275 9274
1 5 8163 8164 8265 8264 9274 9275 9376 9375
1 5 7052 7053 7154 7153 8163 8164 8265 8264
1 5 6951 6952 7053 7052 8062 8063 8164 8163
1 5 6950 6951 7052 7051 8061 8062 8163 8162
1 5 7051 7052 7153 7152 8162 8163 8264 8263
1 5 8162 8163 8264 8263 9273 9274 9375 9374
1 5 8061 8062 8163 8162 9172 9173 9274 9273
1 5 9172 9173 9274 9273 10283 10284 10385 10384
1 5 9173 9174 9275 9274 10284 10285 10386 10385
1 5 9274 9275 9376 9375 10385 10386 10487 10486
1 5 9273 9274 9375 9374 10384 10385 10486 10485
1 5 10384 10385 10486 10485 11495 11496 11597 11596
1 5 10385 10386 10487 10486 11496 11497 11598 11597
1 5 10284 10285 10386 10385 11395 11396 11497 11496
1 5 10283 10284 10385 10384 11394 11395 11496 11495
1 5 10182 10183 10284 10283 11293 11294 11395 11394
1 5 10081 10082 10183 10182 11192 11193 11294 11293
1 5 10082 10083 10184 10183 11193 11194 11295 11294
1 5 10183 10184 10285 10284 11294 11295 11396 11395
1 5 10184 10185 10286 10285 11295 11296 11397 11396
1 5 10185 10186 10287 10286 11296 11297 11398 11397
1 5 10084 10085 10186 10185 11195 11196 11297 11296
1 5 10083 10084 10185 10184 11194 11195 11296 11295
1 5 8972 8973 9074 9073 10083 10084 10185 10184
1 5 8973 8974 9075 9074 10084 10085 10186 10185
1 5 9074 9075 9176 9175 10185 10186 10287 10286
1 5 9073 9074 9175 9174 10184 10185 10286 10285
1 5 9072 9073 9174 9173 10183 10184 10285 10284
1 5 8971 8972 9073 9072 10082 10083 10184 10183
1 5 8970 8971 9072 9071 10081 10082 10183 10182
1 5 9071 9072 9173 9172 10182 10183 10284 10283
1 5 7960 7961 8062 8061 9071 9072 9173 9172
1 5 7859 7860 7961 7960 8970 8971 9072 9071
1 5 6748 6749 6850 6849 7859 7860 7961 7960
1 5 6849 6850 6951 6950 7960 7961 8062 8061
1 5 6850 6851 6952 6951 7961 7962 8063 8062
1 5 6749 6750 6851 6850 7860 7861 7962 7961
1 5 7860 7861 7962 7961 8971 8972 9073 9072
1 5 7961 7962 8063 8062 9072 9073 9174 9173
1 5 7962 7963 8064 8063 9073 9074 9175 9174
1 5 7861 7862 7963 7962 8972 8973 9074 9073
1 5 6750 6751 6852 6851 7861 7862 7963 7962
1 5 6851 6852 6953 6952 7962 7963 8064 8063
1 5 6852 6853 6954 6953 7963 7964 8065 8064
1 5 6751 6752 6853 6852 7862 7863 7964 7963
1 5 7862 7863 7964 7963 8973 8974 9075 9074
1 5 7963 7964 8065 8064 9074 9075 9176 9175
1 5 7964 7965 8066 8065 9075 9076 9177 9176
1 5 7863 7864 7965 7964 8974 8975 9076 9075
1 5 6752 6753 6854 6853 7863 7864 7965 7964
1 5 6853 6854 6955 6954 7964 7965 8066 8065
1 5 6854 6855 6956 6955 7965 7966 8067 8066
1 5 6753 6754 6855 6854 7864 7865 7966 7965
1 5 7864 7865 7966 7965 8975 8976 9077 9076
1 5 7965 7966 8067 8066 9076 9077 9178 9177
1 5 9076 9077 9178 9177 10187 10188 10289 10288
1 5 9075 9076 9177 9176 10186 10187 10288 10287
1 5 8974 8975 9076 9075 10085 10086 10187 10186
1 5 8975 8976 9077 9076 10086 10087 10188 10187
1 5 10086 10087 10188 10187 11197 11198 11299 11298
1 5 10085 10086 10187 10186 11196 11197 11298 11297
1 5 10186 10187 10288 10287 11297 11298 11399 11398
1 5 10187 10188 10289 10288 11298 11299 11400 11399
1 5 10288 10289 10390 10389 11399 11400 11501 11500
1 5 10287 10288 10389 10388 11398 11399 11500 11499
1 5 10388 10389 10490 10489 11499 11500 11601 11600
1 5 10389 10390 10491 10490 11500 11501 11602 11601
1 5 9278 9279 9380 9379 10389 10390 10491 10490
1 5 9277 9278 9379 9378 10388 10389 10490 10489
1 5 9176 9177 9278 9277 10287 10288 10389 10388
1 5 9177 9178 9279 9278 10288 10289 10390 10389
1 5 8066 8067 8168 8167 9177 9178 9279 9278
1 5 6955 6956 7057 7056 8066 8067 8168 8167
1 5 6954 6955 7056 7055 8065 8066 8167 8166
1 5 8065 8066 8167 8166 9176 9177 9278 9277
1 5 8166 8167 8268 8267 9277 9278 9379 9378
1 5 7055 7056 7157 7156 8166 8167 8268 8267
1 5 7056 7057 7158 7157 8167 8168 8269 8268
1 5 8167 8168 8269 8268 9278 9279 9380 9379
1 5 8268 8269 8370 8369 9379 9380 9481 9480
1 5 7157 7158 7259 7258 8268 8269 8370 8369
1 5 7156 7157 7258 7257 8267 8268 8369 8368
1 5 8267 8268 8369 8368 9378 9379 9480 9479
1 5 8368 8369 8470 8469 9479 9480 9581 9580
1 5 7257 7258 7359 7358 8368 8369 8470 8469
1 5 7258 7259 7360 7359 8369 8370 8471 8470
1 5 8369 8370 8471 8470 9480 9481 9582 9581
1 5 9480 9481 9582 9581 10591 10592 10693 10692
1 5 9479 9480 9581 9580 10590 10591 10692 10691
1 5 9378 9379 9480 9479 10489 10490 10591 10590
1 5 9379 9380 9481 9480 10490 10491 10592 10591
1 5 10490 10491 10592 10591 11601 11602 11703 11702
1 5 10489 10490 10591 10590 11600 11601 11702 11701
1 5 10590 10591 10692 10691 11701 11702 11803 11802
1 5 10591 10592 10693 10692 11702 11703 11804 11803
1 5 10692 10693 10794 10793 11803 11804 11905 11904
1 5 9581 9582 9683 9682 10692 10693 10794 10793
1 5 9580 9581 9682 9681 10691 10692 10793 10792
1 5 10691 10692 10793 10792 11802 11803 11904 11903
1 5 10792 10793 10894 10893 11903 11904 12005 12004
1 5 9681 9682 9783 9782 10792 10793 10894 10893
1 5 9682 9683 9784 9783 10793 10794 10895 10894
1 5 10793 10794 10895 10894 11904 11905 12006 12005
1 5 10894 10895 10996 10995 12005 12006 12107 12106
1 5 10893 10894 10995 10994 12004 12005 12106 12105
1 5 10994 10995 11096 11095 12105 12106 12207 12206
1 5 10995 10996 11097 11096 12106 12107 12208 12207
1 5 9884 9885 9986 9985 10995 10996 11097 11096
1 5 9883 9884 9985 9984 10994 10995 11096 11095
1 5 9782 9783 9884 9883 10893 10894 10995 10994
1 5 9783 9784 9885 9884 10894 10895 10996 10995
1 5 8672 8673 8774 8773 9783 9784 9885 9884
1 5 8671 8672 8773 8772 9782 9783 9884 9883
1 5 8772 8773 8874 8873 9883 9884 9985 9984
1 5 8773 8774 8875 8874 9884 9885 9986 9985
1 5 7662 7663 7764 7763 8773 8774 8875 8874
1 5 7661 7662 7763 7762 8772 8773 8874 8873
1 5 7560 7561 7662 7661 8671 8672 8773 8772
1 5 7561 7562 7663 7662 8672 8673 8774 8773
1 5 7460 7461 7562 7561 8571 8572 8673 8672
1 5 7359 7360 7461 7460 8470 8471 8572 8571
1 5 8470 8471 8572 8571 9581 9582 9683 9682
1 5 8571 8572 8673 8672 9682 9683 9784 9783
1 5 8570 8571 8672 8671 9681 9682 9783 9782
1 5 8469 8470 8571 8570 9580 9581 9682 9681
1 5 7358 7359 7460 7459 8469 8470 8571 8570
1 5 7459 7460 7561 7560 8570 8571 8672 8671
1 5 7458 7459 7560 7559 8569 8570 8671 8670
1 5 7357 7358 7459 7458 8468 8469 8570 8569
1 5 8468 8469 8570 8569 9579 9580 9681 9680
1 5 8569 8570 8671 8670 9680 9681 9782 9781
1 5 8568 8569 8670 8669 9679 9680 9781 9780
1 5 8467 8468 8569 8568 9578 9579 9680 9679
1 5 7356 7357 7458 7457 8467 8468 8569 8568
1 5 7457 7458 7559 7558 8568 8569 8670 8669
1 5 7558 7559 7660 7659 8669 8670 8771 8770
1 5 7559 7560 7661 7660 8670 8671 8772 8771
1 5 7660 7661 7762 7761 8771 8772 8873 8872
1 5 7659 7660 7761 7760 8770 8771 8872 8871
1 5 8770 8771 8872 8871 9881 9882 9983 9982
1 5 8771 8772 8873 8872 9882 9883 9984 9983
1 5 8670 8671 8772 8771 9781 9782 9883 9882
1 5 8669 8670 8771 8770 9780 9781 9882 9881
1 5 9780 9781 9882 9881 10891 10892 10993 10992
1 5 9781 9782 9883 9882 10892 10893 10994 10993
1 5 9882 9883 9984 9983 10993 10994 11095 11094
1 5 9881 9882 9983 9982 10992 10993 11094 11093
1 5 10992 10993 11094 11093 12103 12104 12205 12204
1 5 10993 10994 11095 11094 12104 12105 12206 12205
1 5 10892 10893 10994 10993 12003 12004 12105 12104
1 5 10891 10892 10993 10992 12002 12003 12104 12103
1 5 10790 10791 10892 10891 11901 11902 12003 12002
1 5 9679 9680 9781 9780 10790 10791 10892 10891
1 5 9680 9681 9782 9781 10791 10792 10893 10892
1 5 10791 10792 10893 10892 11902 11903 12004 12003
1 5 10690 10691 10792 10791 11801 11802 11903 11902
1 5 9579 9580 9681 9680 10690 10691 10792 10791
1 5 9578 9579 9680 9679 10689 10690 10791 10790
1 5 10689 10690 10791 10790 11800 11801 11902 11901
1 5 10688 10689 10790 10789 11799 11800 11901 11900
1 5 10687 10688 10789 10788 11798 11799 11900 11899
1 5 9576 9577 9678 9677 10687 10688 10789 10788
1 5 9577 9578 9679 9678 10688 10689 10790 10789
1 5 8466 8467 8568 8567 9577 9578 9679 9678
1 5 7355 7356 7457 7456 8466 8467 8568 8567
1 5 7354 7355 7456 7455 8465 8466 8567 8566
1 5 8465 8466 8567 8566 9576 9577 9678 9677
1 5 8566 8567 8668 8667 9677 9678 9779 9778
1 5 7455 7456 7557 7556 8566 8567 8668 8667
1 5 7456 7457 7558 7557 8567 8568 8669 8668
1 5 8567 8568 8669 8668 9678 9679 9780 9779
1 5 9678 9679 9780 9779 10789 10790 10891 10890
1 5 9677 9678 9779 9778 10788 10789 10890 10889
1 5 10788 10789 10890 10889 11899 11900 12001 12000
1 5 10789 10790 10891 10890 11900 11901 12002 12001
1 5 10890 10891 10992 10991 12001 12002 12103 12102
1 5 10889 10890 10991 10990 12000 12001 12102 12101
1 5 10990 10991 11092 11091 12101 12102 12203 12202
1 5 10991 10992 11093 11092 12102 12103 12204 12203
1 5 9880 9881 9982 9981 10991 10992 11093 11092
1 5 9879 9880 9981 9980 10990 10991 11092 11091
1 5 9778 9779 9880 9879 10889 10890 10991 10990
1 5 9779 9780 9881 9880 10890 10891 10992 10991
1 5 8668 8669 8770 8769 9779 9780 9881 9880
1 5 8667 8668 8769 8768 9778 9779 9880 9879
1 5 8768 8769 8870 8869 9879 9880 9981 9980
1 5 8769 8770 8871 8870 9880 9881 9982 9981
1 5 7658 7659 7760 7759 8769 8770 8871 8870
1 5 7657 7658 7759 7758 8768 8769 8870 8869
1 5 7556 7557 7658 7657 8667 8668 8769 8768
1 5 7557 7558 7659 7658 8668 8669 8770 8769
1 5 6446 6447 6548 6547 7557 7558 7659 7658
1 5 6445 6446 6547 6546 7556 7557 7658 7657
1 5 6546 6547 6648 6647 7657 7658 7759 7758
1 5 6547 6548 6649 6648 7658 7659 7760 7759
1 5 5436 5437 5538 5537 6547 6548 6649 6648
1 5 5435 5436 5537 5536 6546 6547 6648 6647
1 5 5334 5335 5436 5435 6445 6446 6547 6546
1 5 5335 5336 5437 5436 6446 6447 6548 6547
1 5 5234 5235 5336 5335 6345 6346 6447 6446
1 5 6345 6346 6447 6446 7456 7457 7558 7557
1 5 6344 6345 6446 6445 7455 7456 7557 7556
1 5 5233 5234 5335 5334 6344 6345 6446 6445
1 5 5132 5133 5234 5233 6243 6244 6345 6344
1 5 6243 6244 6345 6344 7354 7355 7456 7455
1 5 6244 6245 6346 6345 7355 7356 7457 7456
1 5 5133 5134 5235 5234 6244 6245 6346 6345
1 5 5134 5135 5236 5235 6245 6246 6347 6346
1 5 6245 6246 6347 6346 7356 7357 7458 7457
1 5 6246 6247 6348 6347 7357 7358 7459 7458
1 5 5135 5136 5237 5236 6246 6247 6348 6347
1 5 5236 5237 5338 5337 6347 6348 6449 6448
1 5 6347 6348 6449 6448 7458 7459 7560 7559
1 5 6346 6347 6448 6447 7457 7458 7559 7558
1 5 5235 5236 5337 5336 6346 6347 6448 6447
1 5 5336 5337 5438 5437 6447 6448 6549 6548
1 5 5437 5438 5539 5538 6548 6549 6650 6649
1 5 6548 6549 6650 6649 7659 7660 7761 7760
1 5 6447 6448 6549 6548 7558 7559 7660 7659
1 5 6448 6449 6550 6549 7559 7560 7661 7660
1 5 6549 6550 6651 6650 7660 7661 7762 7761
1 5 5438 5439 5540 5539 6549 6550 6651 6650
1 5 5337 5338 5439 5438 6448 6449 6550 6549
1 5 5338 5339 5440 5439 6449 6450 6551 6550
1 5 5439 5440 5541 5540 6550 6551 6652 6651
1 5 6550 6551 6652 6651 7661 7662 7763 7762
1 5 6449 6450 6551 6550 7560 7561 7662 7661
1 5 6450 6451 6552 6551 7561 7562 7663 7662
1 5 6551 6552 6653 6652 7662 7663 7764 7763
1 5 5440 5441 5542 5541 6551 6552 6653 6652
1 5 5339 5340 5441 5440 6450 6451 6552 6551
1 5 5238 5239 5340 5339 6349 6350 6451 6450
1 5 6349 6350 6451 6450 7460 7461 7562 7561
1 5 6348 6349 6450 6449 7459 7460 7561 7560
1 5 5237 5238 5339 5338 6348 6349 6450 6449
1 5 5136 5137 5238 5237 6247 6248 6349 6348
1 5 6247 6248 6349 6348 7358 7359 7460 7459
1 5 6248 6249 6350 6349 7359 7360 7461 7460
1 5 5137 5138 5239 5238 6248 6249 6350 6349
1 5 4026 4027 4128 4127 5137 5138 5239 5238
1 5 2915 2916 3017 3016 4026 4027 4128 4127
1 5 2914 2915 3016 3015 4025 4026 4127 4126
1 5 4025 4026 4127 4126 5136 5137 5238 5237
1 5 4126 4127 4228 4227 5237 5238 5339 5338
1 5 3015 3016 3117 3116 4126 4127 4228 4227
1 5 3016 3017 3118 3117 4127 4128 4229 4228
1 5 4127 4128 4229 4228 5238 5239 5340 5339
1 5 4228 4229 4330 4329 5339 5340 5441 5440
1 5 4329 4330 4431 4430 5440 5441 5542 5541
1 5 3218 3219 3320 3319 4329 4330 4431 4430
1 5 3117 3118 3219 3218 4228 4229 4330 4329
1 5 3116 3117 3218 3217 4227 4228 4329 4328
1 5 3217 3218 3319 3318 4328 4329 4430 4429
1 5 4328 4329 4430 4429 5439 5440 5541 5540
1 5 4227 4228 4329 4328 5338 5339 5440 5439
1 5 4226 4227 4328 4327 5337 5338 5439 5438
1 5 4327 4328 4429 4428 5438 5439 5540 5539
1 5 3216 3217 3318 3317 4327 4328 4429 4428
1 5 3115 3116 3217 3216 4226 4227 4328 4327
1 5 3114 3115 3216 3215 4225 4226 4327 4326
1 5 3215 3216 3317 3316 4326 4327 4428 4427
1 5 4326 4327 4428 4427 5437 5438 5539 5538
1 5 4225 4226 4327 4326 5336 5337 5438 5437
1 5 4124 4125 4226 4225 5235 5236 5337 5336
1 5 3013 3014 3115 3114 4124 4125 4226 4225
1 5 3014 3015 3116 3115 4125 4126 4227 4226
1 5 4125 4126 4227 4226 5236 5237 5338 5337
1 5 4024 4025 4126 4125 5135 5136 5237 5236
1 5 2913 2914 3015 3014 4024 4025 4126 4125
1 5 2912 2913 3014 3013 4023 4024 4125 4124
1 5 4023 4024 4125 4124 5134 5135 5236 5235
1 5 4022 4023 4124 4123 5133 5134 5235 5234
1 5 2911 2912 3013 3012 4022 4023 4124 4123
1 5 2910 2911 3012 3011 4021 4022 4123 4122
1 5 4021 4022 4123 4122 5132 5133 5234 5233
1 5 4122 4123 4224 4223 5233 5234 5335 5334
1 5 3011 3012 3113 3112 4122 4123 4224 4223
1 5 3012 3013 3114 3113 4123 4124 4225 4224
1 5 4123 4124 4225 4224 5234 5235 5336 5335
1 5 4224 4225 4326 4325 5335 5336 5437 5436
1 5 4223 4224 4325 4324 5334 5335 5436 5435
1 5 4324 4325 4426 4425 5435 5436 5537 5536
1 5 4325 4326 4427 4426 5436 5437 5538 5537
1 5 3214 3215 3316 3315 4325 4326 4427 4426
1 5 3213 3214 3315 3314 4324 4325 4426 4425
1 5 3112 3113 3214 3213 4223 4224 4325 4324
1 5 3113 3114 3215 3214 4224 4225 4326 4325
1 5 2002 2003 2104 2103 3113 3114 3215 3214
1 5 2001 2002 2103 2102 3112 3113 3214 3213
1 5 2102 2103 2204 2203 3213 3214 3315 3314
1 5 2103 2104 2205 2204 3214 3215 3316 3315
1 5 992 993 1094 1093 2103 2104 2205 2204
1 5 991 992 1093 1092 2102 2103 2204 2203
1 5 890 891 992 991 2001 2002 2103 2102
1 5 891 892 993 992 2002 2003 2104 2103
1 5 790 791 892 891 1901 1902 2003 2002
1 5 1901 1902 2003 2002 3012 3013 3114 3113
1 5 1900 1901 2002 2001 3011 3012 3113 3112
1 5 789 790 891 890 1900 1901 2002 2001
1 5 688 689 790 789 1799 1800 1901 1900
1 5 1799 1800 1901 1900 2910 2911 3012 3011
1 5 1800 1801 1902 1901 2911 2912 3013 3012
1 5 689 690 791 790 1800 1801 1902 1901
1 5 690 691 792 791 1801 1802 1903 1902
1 5 1801 1802 1903 1902 2912 2913 3014 3013
1 5 1802 1803 1904 1903 2913 2914 3015 3014
1 5 691 692 793 792 1802 1803 1904 1903
1 5 792 793 894 893 1903 1904 2005 2004
1 5 1903 1904 2005 2004 3014 3015 3116 3115
1 5 1902 1903 2004 2003 3013 3014 3115 3114
1 5 791 792 893 892 1902 1903 2004 2003
1 5 892 893 994 993 2003 2004 2105 2104
1 5 993 994 1095 1094 2104 2105 2206 2205
1 5 2104 2105 2206 2205 3215 3216 3317 3316
1 5 2003 2004 2105 2104 3114 3115 3216 3215
1 5 2004 2005 2106 2105 3115 3116 3217 3216
1 5 2105 2106 2207 2206 3216 3217 3318 3317
1 5 994 995 1096 1095 2105 2106 2207 2206
1 5 893 894 995 994 2004 2005 2106 2105
1 5 894 895 996 995 2005 2006 2107 2106
1 5 995 996 1097 1096 2106 2107 2208 2207
1 5 2106 2107 2208 2207 3217 3218 3319 3318
1 5 2005 2006 2107 2106 3116 3117 3218 3217
1 5 2006 2007 2108 2107 3117 3118 3219 3218
1 5 2107 2108 2209 2208 3218 3219 3320 3319
1 5 996 997 1098 1097 2107 2108 2209 2208
1 5 895 896 997 996 2006 2007 2108 2107
1 5 794 795 896 895 1905 1906 2007 2006
1 5 1905 1906 2007 2006 3016 3017 3118 3117
1 5 1904 1905 2006 2005 3015 3016 3117 3116
1 5 793 794 895 894 1904 1905 2006 2005
1 5 692 693 794 793 1803 1804 1905 1904
1 5 1803 1804 1905 1904 2914 2915 3016 3015
1 5 1804 1805 1906 1905 2915 2916 3017 3016
1 5 693 694 795 794 1804 1805 1906 1905
1 5 592 593 694 693 1703 1704 1805 1804
1 5 491 492 593 592 1602 1603 1704 1703
1 5 1602 1603 1704 1703 2713 2714 2815 2814
1 5 1703 1704 1805 1804 2814 2815 2916 2915
1 5 1702 1703 1804 1803 2813 2814 2915 2914
1 5 1601 1602 1703 1702 2712 2713 2814 2813
1 5 490 491 592 591 1601 1602 1703 1702
1 5 591 592 693 692 1702 1703 1804 1803
1 5 590 591 692 691 1701 1702 1803 1802
1 5 1701 1702 1803 1802 2812 2813 2914 2913
1 5 1700 1701 1802 1801 2811 2812 2913 2912
1 5 589 590 691 690 1700 1701 1802 1801
1 5 488 489 590 589 1599 1600 1701 1700
1 5 1599 1600 1701 1700 2710 2711 2812 2811
1 5 1600 1601 1702 1701 2711 2712 2813 2812
1 5 489 490 591 590 1600 1601 1702 1701
1 5 388 389 490 489 1499 1500 1601 1600
1 5 1499 1500 1601 1600 2610 2611 2712 2711
1 5 1498 1499 1600 1599 2609 2610 2711 2710
1 5 387 388 489 488 1498 1499 1600 1599
1 5 286 287 388 387 1397 1398 1499 1498
1 5 1397 1398 1499 1498 2508 2509 2610 2609
1 5 1398 1399 1500 1499 2509 2510 2611 2610
1 5 287 288 389 388 1398 1399 1500 1499
1 5 288 289 390 389 1399 1400 1501 1500
1 5 289 290 391 390 1400 1401 1502 1501
1 5 390 391 492 491 1501 1502 1603 1602
1 5 389 390 491 490 1500 1501 1602 1601
1 5 1500 1501 1602 1601 2611 2612 2713 2712
1 5 1501 1502 1603 1602 2612 2613 2714 2713
1 5 1400 1401 1502 1501 2511 2512 2613 2612
1 5 1399 1400 1501 1500 2510 2511 2612 2611
1 5 2510 2511 2612 2611 3621 3622 3723 3722
1 5 2511 2512 2613 2612 3622 3623 3724 3723
1 5 2612 2613 2714 2713 3723 3724 3825 3824
1 5 2611 2612 2713 2712 3722 3723 3824 3823
1 5 3722 3723 3824 3823 4833 4834 4935 4934
1 5 3723 3724 3825 3824 4834 4835 4936 4935
1 5 3622 3623 3724 3723 4733 4734 4835 4834
1 5 3621 3622 3723 3722 4732 4733 4834 4833
1 5 3620 3621 3722 3721 4731 4732 4833 4832
1 5 2509 2510 2611 2610 3620 3621 3722 3721
1 5 2508 2509 2610 2609 3619 3620 3721 3720
1 5 3619 3620 3721 3720 4730 4731 4832 4831
1 5 3720 3721 3822 3821 4831 4832 4933 4932
1 5 2609 2610 2711 2710 3720 3721 3822 3821
1 5 2610 2611 2712 2711 3721 3722 3823 3822
1 5 3721 3722 3823 3822 4832 4833 4934 4933
1 5 3822 3823 3924 3923 4933 4934 5035 5034
1 5 2711 2712 2813 2812 3822 3823 3924 3923
1 5 2710 2711 2812 2811 3821 3822 3923 3922
1 5 3821 3822 3923 3922 4932 4933 5034 5033
1 5 3922 3923 4024 4023 5033 5034 5135 5134
1 5 2811 2812 2913 2912 3922 3923 4024 4023
1 5 2812 2813 2914 2913 3923 3924 4025 4024
1 5 3923 3924 4025 4024 5034 5035 5136 5135
1 5 3924 3925 4026 4025 5035 5036 5137 5136
1 5 3823 3824 3925 3924 4934 4935 5036 5035
1 5 2712 2713 2814 2813 3823 3824 3925 3924
1 5 2813 2814 2915 2914 3924 3925 4026 4025
1 5 2814 2815 2916 2915 3925 3926 4027 4026
1 5 2713 2714 2815 2814 3824 3825 3926 3925
1 5 3824 3825 3926 3925 4935 4936 5037 5036
1 5 3925 3926 4027 4026 5036 5037 5138 5137
1 5 5036 5037 5138 5137 6147 6148 6249 6248
1 5 6147 6148 6249 6248 7258 7259 7360 7359
1 5 6146 6147 6248 6247 7257 7258 7359 7358
1 5 5035 5036 5137 5136 6146 6147 6248 6247
1 5 5034 5035 5136 5135 6145 6146 6247 6246
1 5 6145 6146 6247 6246 7256 7257 7358 7357
1 5 6144 6145 6246 6245 7255 7256 7357 7356
1 5 5033 5034 5135 5134 6144 6145 6246 6245
1 5 4932 4933 5034 5033 6043 6044 6145 6144
1 5 6043 6044 6145 6144 7154 7155 7256 7255
1 5 6044 6045 6146 6145 7155 7156 7257 7256
1 5 4933 4934 5035 5034 6044 6045 6146 6145
1 5 4934 4935 5036 5035 6045 6046 6147 6146
1 5 6045 6046 6147 6146 7156 7157 7258 7257
1 5 6046 6047 6148 6147 7157 7158 7259 7258
1 5 4935 4936 5037 5036 6046 6047 6148 6147
1 5 4834 4835 4936 4935 5945 5946 6047 6046
1 5 4733 4734 4835 4834 5844 5845 5946 5945
1 5 5844 5845 5946 5945 6955 6956 7057 7056
1 5 5945 5946 6047 6046 7056 7057 7158 7157
1 5 5944 5945 6046 6045 7055 7056 7157 7156
1 5 5843 5844 5945 5944 6954 6955 7056 7055
1 5 4732 4733 4834 4833 5843 5844 5945 5944
1 5 4833 4834 4935 4934 5944 5945 6046 6045
1 5 4832 4833 4934 4933 5943 5944 6045 6044
1 5 4731 4732 4833 4832 5842 5843 5944 5943
1 5 5842 5843 5944 5943 6953 6954 7055 7054
1 5 5943 5944 6045 6044 7054 7055 7156 7155
1 5 5942 5943 6044 6043 7053 7054 7155 7154
1 5 5841 5842 5943 5942 6952 6953 7054 7053
1 5 4730 4731 4832 4831 5841 5842 5943 5942
1 5 4831 4832 4933 4932 5942 5943 6044 6043
1 5 4830 4831 4932 4931 5941 5942 6043 6042
1 5 4729 4730 4831 4830 5840 5841 5942 5941
1 5 5840 5841 5942 5941 6951 6952 7053 7052
1 5 5941 5942 6043 6042 7052 7053 7154 7153
1 5 5940 5941 6042 6041 7051 7052 7153 7152
1 5 5839 5840 5941 5940 6950 6951 7052 7051
1 5 4728 4729 4830 4829 5839 5840 5941 5940
1 5 4829 4830 4931 4930 5940 5941 6042 6041
1 5 4930 4931 5032 5031 6041 6042 6143 6142
1 5 6041 6042 6143 6142 7152 7153 7254 7253
1 5 6042 6043 6144 6143 7153 7154 7255 7254
1 5 4931 4932 5033 5032 6042 6043 6144 6143
1 5 5032 5033 5134 5133 6143 6144 6245 6244
1 5 6143 6144 6245 6244 7254 7255 7356 7355
1 5 6142 6143 6244 6243 7253 7254 7355 7354
1 5 5031 5032 5133 5132 6142 6143 6244 6243
1 5 3920 3921 4022 4021 5031 5032 5133 5132
1 5 3921 3922 4023 4022 5032 5033 5134 5133
1 5 3820 3821 3922 3921 4931 4932 5033 5032
1 5 3819 3820 3921 3920 4930 4931 5032 5031
1 5 3718 3719 3820 3819 4829 4830 4931 4930
1 5 3719 3720 3821 3820 4830 4831 4932 4931
1 5 3618 3619 3720 3719 4729 4730 4831 4830
1 5 3617 3618 3719 3718 4728 4729 4830 4829
1 5 2506 2507 2608 2607 3617 3618 3719 3718
1 5 2507 2508 2609 2608 3618 3619 3720 3719
1 5 2608 2609 2710 2709 3719 3720 3821 3820
1 5 2607 2608 2709 2708 3718 3719 3820 3819
1 5 2708 2709 2810 2809 3819 3820 3921 3920
1 5 2709 2710 2811 2810 3820 3821 3922 3921
1 5 2810 2811 2912 2911 3921 3922 4023 4022
1 5 2809 2810 2911 2910 3920 3921 4022 4021
1 5 1698 1699 1800 1799 2809 2810 2911 2910
1 5 587 588 689 688 1698 1699 1800 1799
1 5 588 589 690 689 1699 1700 1801 1800
1 5 1699 1700 1801 1800 2810 2811 2912 2911
1 5 1598 1599 1700 1699 2709 2710 2811 2810
1 5 487 488 589 588 1598 1599 1700 1699
1 5 486 487 588 587 1597 1598 1699 1698
1 5 1597 1598 1699 1698 2708 2709 2810 2809
1 5 1496 1497 1598 1597 2607 2608 2709 2708
1 5 385 386 487 486 1496 1497 1598 1597
1 5 386 387 488 487 1497 1498 1599 1598
1 5 1497 1498 1599 1598 2608 2609 2710 2709
1 5 1396 1397 1498 1497 2507 2508 2609 2608
1 5 285 286 387 386 1396 1397 1498 1497
1 5 284 285 386 385 1395 1396 1497 1496
1 5 1395 1396 1497 1496 2506 2507 2608 2607
1 5 1294 1295 1396 1395 2405 2406 2507 2506
1 5 183 184 285 284 1294 1295 1396 1395
1 5 184 185 286 285 1295 1296 1397 1396
1 5 1295 1296 1397 1396 2406 2407 2508 2507
1 5 1194 1195 1296 1295 2305 2306 2407 2406
1 5 83 84 185 184 1194 1195 1296 1295
1 5 82 83 184 183 1193 1194 1295 1294
1 5 1193 1194 1295 1294 2304 2305 2406 2405
1 5 2304 2305 2406 2405 3415 3416 3517 3516
1 5 2305 2306 2407 2406 3416 3417 3518 3517
1 5 2406 2407 2508 2507 3517 3518 3619 3618
1 5 2405 2406 2507 2506 3516 3517 3618 3617
1 5 3516 3517 3618 3617 4627 4628 4729 4728
1 5 3517 3518 3619 3618 4628 4629 4730 4729
1 5 3416 3417 3518 3517 4527 4528 4629 4628
1 5 3415 3416 3517 3516 4526 4527 4628 4627
1 5 4526 4527 4628 4627 5637 5638 5739 5738
1 5 4627 4628 4729 4728 5738 5739 5840 5839
1 5 5738 5739 5840 5839 6849 6850 6951 6950
1 5 5637 5638 5739 5738 6748 6749 6850 6849
1 5 5638 5639 5740 5739 6749 6750 6851 6850
1 5 5739 5740 5841 5840 6850 6851 6952 6951
1 5 4628 4629 4730 4729 5739 5740 5841 5840
1 5 4527 4528 4629 4628 5638 5639 5740 5739
1 5 4528 4529 4630 4629 5639 5640 5741 5740
1 5 4629 4630 4731 4730 5740 5741 5842 5841
1 5 5740 5741 5842 5841 6851 6852 6953 6952
1 5 5639 5640 5741 5740 6750 6751 6852 6851
1 5 5640 5641 5742 5741 6751 6752 6853 6852
1 5 5741 5742 5843 5842 6852 6853 6954 6953
1 5 4630 4631 4732 4731 5741 5742 5843 5842
1 5 4529 4530 4631 4630 5640 5641 5742 5741
1 5 4530 4531 4632 4631 5641 5642 5743 5742
1 5 4631 4632 4733 4732 5742 5743 5844 5843
1 5 5742 5743 5844 5843 6853 6854 6955 6954
1 5 5641 5642 5743 5742 6752 6753 6854 6853
1 5 5642 5643 5744 5743 6753 6754 6855 6854
1 5 5743 5744 5845 5844 6854 6855 6956 6955
1 5 4632 4633 4734 4733 5743 5744 5845 5844
1 5 4531 4532 4633 4632 5642 5643 5744 5743
1 5 3420 3421 3522 3521 4531 4532 4633 4632
1 5 3521 3522 3623 3622 4632 4633 4734 4733
1 5 2410 2411 2512 2511 3521 3522 3623 3622
1 5 2309 2310 2411 2410 3420 3421 3522 3521
1 5 2308 2309 2410 2409 3419 3420 3521 3520
1 5 2409 2410 2511 2510 3520 3521 3622 3621
1 5 3520 3521 3622 3621 4631 4632 4733 4732
1 5 3419 3420 3521 3520 4530 4531 4632 4631
1 5 3418 3419 3520 3519 4529 4530 4631 4630
1 5 3417 3418 3519 3518 4528 4529 4630 4629
1 5 3518 3519 3620 3619 4629 4630 4731 4730
1 5 3519 3520 3621 3620 4630 4631 4732 4731
1 5 2408 2409 2510 2509 3519 3520 3621 3620
1 5 2407 2408 2509 2508 3518 3519 3620 3619
1 5 2306 2307 2408 2407 3417 3418 3519 3518
1 5 2307 2308 2409 2408 3418 3419 3520 3519
1 5 1196 1197 1298 1297 2307 2308 2409 2408
1 5 1195 1196 1297 1296 2306 2307 2408 2407
1 5 1296 1297 1398 1397 2407 2408 2509 2508
1 5 1297 1298 1399 1398 2408 2409 2510 2509
1 5 186 187 288 287 1297 1298 1399 1398
1 5 185 186 287 286 1296 1297 1398 1397
1 5 84 85 186 185 1195 1196 1297 1296
1 5 85 86 187 186 1196 1197 1298 1297
1 5 86 87 188 187 1197 1198 1299 1298
1 5 187 188 289 288 1298 1299 1400 1399
1 5 1298 1299 1400 1399 2409 2410 2511 2510
1 5 1197 1198 1299 1298 2308 2309 2410 2409
1 5 1198 1199 1300 1299 2309 2310 2411 2410
1 5 1299 1300 1401 1400 2410 2411 2512 2511
1 5 188 189 290 289 1299 1300 1401 1400
1 5 87 88 189 188 1198 1199 1300 1299
1 5 88 89 190 189 1199 1200 1301 1300
1 5 189 190 291 290 1300 1301 1402 1401
1 5 1300 1301 1402 1401 2411 2412 2513 2512
1 5 1199 1200 1301 1300 2310 2311 2412 2411
1 5 1200 1201 1302 1301 2311 2312 2413 2412
1 5 1301 1302 1403 1402 2412 2413 2514 2513
1 5 190 191 292 291 1301 1302 1403 1402
1 5 89 90 191 190 1200 1201 1302 1301
1 5 90 91 192 191 1201 1202 1303 1302
1 5 1201 1202 1303 1302 2312 2313 2414 2413
1 5 1202 1203 1304 1303 2313 2314 2415 2414
1 5 91 92 193 192 1202 1203 1304 1303
1 5 192 193 294 293 1303 1304 1405 1404
1 5 1303 1304 1405 1404 2414 2415 2516 2515
1 5 1302 1303 1404 1403 2413 2414 2515 2514
1 5 191 192 293 292 1302 1303 1404 1403
1 5 292 293 394 393 1403 1404 1505 1504
1 5 1403 1404 1505 1504 2514 2515 2616 2615
1 5 1404 1405 1506 1505 2515 2516 2617 2616
1 5 293 294 395 394 1404 1405 1506 1505
1 5 394 395 496 495 1505 1506 1607 1606
1 5 1505 1506 1607 1606 2616 2617 2718 2717
1 5 1504 1505 1606 1605 2615 2616 2717 2716
1 5 393 394 495 494 1504 1505 1606 1605
1 5 392 393 494 493 1503 1504 1605 1604
1 5 391 392 493 492 1502 1503 1604 1603
1 5 290 291 392 391 1401 1402 1503 1502
1 5 291 292 393 392 1402 1403 1504 1503
1 5 1402 1403 1504 1503 2513 2514 2615 2614
1 5 1401 1402 1503 1502 2512 2513 2614 2613
1 5 1502 1503 1604 1603 2613 2614 2715 2714
1 5 1503 1504 1605 1604 2614 2615 2716 2715
1 5 2614 2615 2716 2715 3725 3726 3827 3826
1 5 2613 2614 2715 2714 3724 3725 3826 3825
1 5 2512 2513 2614 2613 3623 3624 3725 3724
1 5 2513 2514 2615 2614 3624 3625 3726 3725
1 5 3624 3625 3726 3725 4735 4736 4837 4836
1 5 3623 3624 3725 3724 4734 4735 4836 4835
1 5 3724 3725 3826 3825 4835 4836 4937 4936
1 5 3725 3726 3827 3826 4836 4837 4938 4937
1 5 3726 3727 3828 3827 4837 4838 4939 4938
1 5 2615 2616 2717 2716 3726 3727 3828 3827
1 5 2616 2617 2718 2717 3727 3728 3829 3828
1 5 3727 3728 3829 3828 4838 4839 4940 4939
1 5 3626 3627 3728 3727 4737 4738 4839 4838
1 5 2515 2516 2617 2616 3626 3627 3728 3727
1 5 2514 2515 2616 2615 3625 3626 3727 3726
1 5 3625 3626 3727 3726 4736 4737 4838 4837
1 5 3524 3525 3626 3625 4635 4636 4737 4736
1 5 2413 2414 2515 2514 3524 3525 3626 3625
1 5 2414 2415 2516 2515 3525 3526 3627 3626
1 5 3525 3526 3627 3626 4636 4637 4738 4737
1 5 3424 3425 3526 3525 4535 4536 4637 4636
1 5 2313 2314 2415 2414 3424 3425 3526 3525
1 5 2312 2313 2414 2413 3423 3424 3525 3524
1 5 3423 3424 3525 3524 4534 4535 4636 4635
1 5 3422 3423 3524 3523 4533 4534 4635 4634
1 5 3523 3524 3625 3624 4634 4635 4736 4735
1 5 2412 2413 2514 2513 3523 3524 3625 3624
1 5 2311 2312 2413 2412 3422 3423 3524 3523
1 5 2310 2311 2412 2411 3421 3422 3523 3522
1 5 2411 2412 2513 2512 3522 3523 3624 3623
1 5 3522 3523 3624 3623 4633 4634 4735 4734
1 5 3421 3422 3523 3522 4532 4533 4634 4633
1 5 4532 4533 4634 4633 5643 5644 5745 5744
1 5 5643 5644 5745 5744 6754 6755 6856 6855
1 5 5644 5645 5746 5745 6755 6756 6857 6856
1 5 4533 4534 4635 4634 5644 5645 5746 5745
1 5 4534 4535 4636 4635 5645 5646 5747 5746
1 5 5645 5646 5747 5746 6756 6757 6858 6857
1 5 5646 5647 5748 5747 6757 6758 6859 6858
1 5 4535 4536 4637 4636 5646 5647 5748 5747
1 5 4636 4637 4738 4737 5747 5748 5849 5848
1 5 5747 5748 5849 5848 6858 6859 6960 6959
1 5 5746 5747 5848 5847 6857 6858 6959 6958
1 5 4635 4636 4737 4736 5746 5747 5848 5847
1 5 4634 4635 4736 4735 5745 5746 5847 5846
1 5 5745 5746 5847 5846 6856 6857 6958 6957
1 5 5744 5745 5846 5845 6855 6856 6957 6956
1 5 4633 4634 4735 4734 5744 5745 5846 5845
1 5 4734 4735 4836 4835 5845 5846 5947 5946
1 5 4835 4836 4937 4936 5946 5947 6048 6047
1 5 5946 5947 6048 6047 7057 7058 7159 7158
1 5 5845 5846 5947 5946 6956 6957 7058 7057
1 5 5846 5847 5948 5947 6957 6958 7059 7058
1 5 5947 5948 6049 6048 7058 7059 7160 7159
1 5 4836 4837 4938 4937 5947 5948 6049 6048
1 5 4735 4736 4837 4836 5846 5847 5948 5947
1 5 4736 4737 4838 4837 5847 5848 5949 5948
1 5 4837 4838 4939 4938 5948 5949 6050 6049
1 5 5948 5949 6050 6049 7059 7060 7161 7160
1 5 5847 5848 5949 5948 6958 6959 7060 7059
1 5 5848 5849 5950 5949 6959 6960 7061 7060
1 5 5949 5950 6051 6050 7060 7061 7162 7161
1 5 4838 4839 4940 4939 5949 5950 6051 6050
1 5 4737 4738 4839 4838 5848 5849 5950 5949
1 5 4738 4739 4840 4839 5849 5850 5951 5950
1 5 4839 4840 4941 4940 5950 5951 6052 6051
1 5 5950 5951 6052 6051 7061 7062 7163 7162
1 5 5849 5850 5951 5950 6960 6961 7062 7061
1 5 5850 5851 5952 5951 6961 6962 7063 7062
1 5 5951 5952 6053 6052 7062 7063 7164 7163
1 5 4840 4841 4942 4941 5951 5952 6053 6052
1 5 4739 4740 4841 4840 5850 5851 5952 5951
1 5 4638 4639 4740 4739 5749 5750 5851 5850
1 5 5749 5750 5851 5850 6860 6861 6962 6961
1 5 5748 5749 5850 5849 6859 6860 6961 6960
1 5 4637 4638 4739 4738 5748 5749 5850 5849
1 5 4536 4537 4638 4637 5647 5648 5749 5748
1 5 5647 5648 5749 5748 6758 6759 6860 6859
1 5 5648 5649 5750 5749 6759 6760 6861 6860
1 5 4537 4538 4639 4638 5648 5649 5750 5749
1 5 3426 3427 3528 3527 4537 4538 4639 4638
1 5 3425 3426 3527 3526 4536 4537 4638 4637
1 5 3526 3527 3628 3627 4637 4638 4739 4738
1 5 3527 3528 3629 3628 4638 4639 4740 4739
1 5 3628 3629 3730 3729 4739 4740 4841 4840
1 5 3627 3628 3729 3728 4738 4739 4840 4839
1 5 3728 3729 3830 3829 4839 4840 4941 4940
1 5 3729 3730 3831 3830 4840 4841 4942 4941
1 5 2618 2619 2720 2719 3729 3730 3831 3830
1 5 2617 2618 2719 2718 3728 3729 3830 3829
1 5 2516 2517 2618 2617 3627 3628 3729 3728
1 5 2517 2518 2619 2618 3628 3629 3730 3729
1 5 2416 2417 2518 2517 3527 3528 3629 3628
1 5 2415 2416 2517 2516 3526 3527 3628 3627
1 5 2314 2315 2416 2415 3425 3426 3527 3526
1 5 2315 2316 2417 2416 3426 3427 3528 3527
1 5 1204 1205 1306 1305 2315 2316 2417 2416
1 5 93 94 195 194 1204 1205 1306 1305
1 5 92 93 194 193 1203 1204 1305 1304
1 5 1203 1204 1305 1304 2314 2315 2416 2415
1 5 1304 1305 1406 1405 2415 2416 2517 2516
1 5 193 194 295 294 1304 1305 1406 1405
1 5 194 195 296 295 1305 1306 1407 1406
1 5 1305 1306 1407 1406 2416 2417 2518 2517
1 5 1406 1407 1508 1507 2517 2518 2619 2618
1 5 295 296 397 396 1406 1407 1508 1507
1 5 294 295 396 395 1405 1406 1507 1506
1 5 1405 1406 1507 1506 2516 2517 2618 2617
1 5 1506 1507 1608 1607 2617 2618 2719 2718
1 5 395 396 497 496 1506 1507 1608 1607
1 5 396 397 498 497 1507 1508 1609 1608
1 5 1507 1508 1609 1608 2618 2619 2720 2719
1 5 1608 1609 1710 1709 2719 2720 2821 2820
1 5 497 498 599 598 1608 1609 1710 1709
1 5 496 497 598 597 1607 1608 1709 1708
1 5 1607 1608 1709 1708 2718 2719 2820 2819
1 5 1708 1709 1810 1809 2819 2820 2921 2920
1 5 597 598 699 698 1708 1709 1810 1809
1 5 598 599 700 699 1709 1710 1811 1810
1 5 1709 1710 1811 1810 2820 2821 2922 2921
1 5 2820 2821 2922 2921 3931 3932 4033 4032
1 5 2819 2820 2921 2920 3930 3931 4032 4031
1 5 2718 2719 2820 2819 3829 3830 3931 3930
1 5 2719 2720 2821 2820 3830 3831 3932 3931
1 5 3830 3831 3932 3931 4941 4942 5043 5042
1 5 3829 3830 3931 3930 4940 4941 5042 5041
1 5 3930 3931 4032 4031 5041 5042 5143 5142
1 5 3931 3932 4033 4032 5042 5043 5144 5143
1 5 5042 5043 5144 5143 6153 6154 6255 6254
1 5 4941 4942 5043 5042 6052 6053 6154 6153
1 5 6052 6053 6154 6153 7163 7164 7265 7264
1 5 6153 6154 6255 6254 7264 7265 7366 7365
1 5 6152 6153 6254 6253 7263 7264 7365 7364
1 5 6051 6052 6153 6152 7162 7163 7264 7263
1 5 4940 4941 5042 5041 6051 6052 6153 6152
1 5 5041 5042 5143 5142 6152 6153 6254 6253
1 5 5040 5041 5142 5141 6151 6152 6253 6252
1 5 4939 4940 5041 5040 6050 6051 6152 6151
1 5 6050 6051 6152 6151 7161 7162 7263 7262
1 5 6151 6152 6253 6252 7262 7263 7364 7363
1 5 6150 6151 6252 6251 7261 7262 7363 7362
1 5 6049 6050 6151 6150 7160 7161 7262 7261
1 5 4938 4939 5040 5039 6049 6050 6151 6150
1 5 5039 5040 5141 5140 6150 6151 6252 6251
1 5 5038 5039 5140 5139 6149 6150 6251 6250
1 5 4937 4938 5039 5038 6048 6049 6150 6149
1 5 6048 6049 6150 6149 7159 7160 7261 7260
1 5 6149 6150 6251 6250 7260 7261 7362 7361
1 5 6148 6149 6250 6249 7259 7260 7361 7360
1 5 6047 6048 6149 6148 7158 7159 7260 7259
1 5 4936 4937 5038 5037 6047 6048 6149 6148
1 5 5037 5038 5139 5138 6148 6149 6250 6249
1 5 3926 3927 4028 4027 5037 5038 5139 5138
1 5 3825 3826 3927 3926 4936 4937 5038 5037
1 5 2714 2715 2816 2815 3825 3826 3927 3926
1 5 2815 2816 2917 2916 3926 3927 4028 4027
1 5 2816 2817 2918 2917 3927 3928 4029 4028
1 5 2715 2716 2817 2816 3826 3827 3928 3927
1 5 3826 3827 3928 3927 4937 4938 5039 5038
1 5 3927 3928 4029 4028 5038 5039 5140 5139
1 5 3928 3929 4030 4029 5039 5040 5141 5140
1 5 3929 3930 4031 4030 5040 5041 5142 5141
1 5 3828 3829 3930 3929 4939 4940 5041 5040
1 5 3827 3828 3929 3928 4938 4939 5040 5039
1 5 2716 2717 2818 2817 3827 3828 3929 3928
1 5 2717 2718 2819 2818 3828 3829 3930 3929
1 5 2818 2819 2920 2919 3929 3930 4031 4030
1 5 2817 2818 2919 2918 3928 3929 4030 4029
1 5 1706 1707 1808 1807 2817 2818 2919 2918
1 5 1707 1708 1809 1808 2818 2819 2920 2919
1 5 1606 1607 1708 1707 2717 2718 2819 2818
1 5 1605 1606 1707 1706 2716 2717 2818 2817
1 5 494 495 596 595 1605 1606 1707 1706
1 5 495 496 597 596 1606 1607 1708 1707
1 5 596 597 698 697 1707 1708 1809 1808
1 5 595 596 697 696 1706 1707 1808 1807
1 5 594 595 696 695 1705 1706 1807 1806
1 5 493 494 595 594 1604 1605 1706 1705
1 5 1604 1605 1706 1705 2715 2716 2817 2816
1 5 1705 1706 1807 1806 2816 2817 2918 2917
1 5 1704 1705 1806 1805 2815 2816 2917 2916
1 5 1603 1604 1705 1704 2714 2715 2816 2815
1 5 492 493 594 593 1603 1604 1705 1704
1 5 593 594 695 694 1704 1705 1806 1805
1 5 694 695 796 795 1805 1806 1907 1906
1 5 1805 1806 1907 1906 2916 2917 3018 3017
1 5 1806 1807 1908 1907 2917 2918 3019 3018
1 5 695 696 797 796 1806 1807 1908 1907
1 5 796 797 898 897 1907 1908 2009 2008
1 5 1907 1908 2009 2008 3018 3019 3120 3119
1 5 1906 1907 2008 2007 3017 3018 3119 3118
1 5 795 796 897 896 1906 1907 2008 2007
1 5 896 897 998 997 2007 2008 2109 2108
1 5 897 898 999 998 2008 2009 2110 2109
1 5 998 999 1100 1099 2109 2110 2211 2210
1 5 997 998 1099 1098 2108 2109 2210 2209
1 5 2108 2109 2210 2209 3219 3220 3321 3320
1 5 2109 2110 2211 2210 3220 3221 3322 3321
1 5 2008 2009 2110 2109 3119 3120 3221 3220
1 5 2007 2008 2109 2108 3118 3119 3220 3219
1 5 3118 3119 3220 3219 4229 4230 4331 4330
1 5 3119 3120 3221 3220 4230 4231 4332 4331
1 5 3220 3221 3322 3321 4331 4332 4433 4432
1 5 3219 3220 3321 3320 4330 4331 4432 4431
1 5 4330 4331 4432 4431 5441 5442 5543 5542
1 5 4331 4332 4433 4432 5442 5443 5544 5543
1 5 4230 4231 4332 4331 5341 5342 5443 5442
1 5 4229 4230 4331 4330 5340 5341 5442 5441
1 5 4128 4129 4230 4229 5239 5240 5341 5340
1 5 4027 4028 4129 4128 5138 5139 5240 5239
1 5 2916 2917 3018 3017 4027 4028 4129 4128
1 5 3017 3018 3119 3118 4128 4129 4230 4229
1 5 3018 3019 3120 3119 4129 4130 4231 4230
1 5 2917 2918 3019 3018 4028 4029 4130 4129
1 5 4028 4029 4130 4129 5139 5140 5241 5240
1 5 4129 4130 4231 4230 5240 5241 5342 5341
1 5 4130 4131 4232 4231 5241 5242 5343 5342
1 5 4029 4030 4131 4130 5140 5141 5242 5241
1 5 2918 2919 3020 3019 4029 4030 4131 4130
1 5 3019 3020 3121 3120 4130 4131 4232 4231
1 5 3020 3021 3122 3121 4131 4132 4233 4232
1 5 2919 2920 3021 3020 4030 4031 4132 4131
1 5 4030 4031 4132 4131 5141 5142 5243 5242
1 5 4131 4132 4233 4232 5242 5243 5344 5343
1 5 4232 4233 4334 4333 5343 5344 5445 5444
1 5 4231 4232 4333 4332 5342 5343 5444 5443
1 5 4332 4333 4434 4433 5443 5444 5545 5544
1 5 4333 4334 4435 4434 5444 5445 5546 5545
1 5 3222 3223 3324 3323 4333 4334 4435 4434
1 5 3221 3222 3323 3322 4332 4333 4434 4433
1 5 3120 3121 3222 3221 4231 4232 4333 4332
1 5 3121 3122 3223 3222 4232 4233 4334 4333
1 5 2010 2011 2112 2111 3121 3122 3223 3222
1 5 2009 2010 2111 2110 3120 3121 3222 3221
1 5 2110 2111 2212 2211 3221 3222 3323 3322
1 5 2111 2112 2213 2212 3222 3223 3324 3323
1 5 1000 1001 1102 1101 2111 2112 2213 2212
1 5 999 1000 1101 1100 2110 2111 2212 2211
1 5 898 899 1000 999 2009 2010 2111 2110
1 5 899 900 1001 1000 2010 2011 2112 2111
1 5 798 799 900 899 1909 1910 2011 2010
1 5 1909 1910 2011 2010 3020 3021 3122 3121
1 5 1908 1909 2010 2009 3019 3020 3121 3120
1 5 797 798 899 898 1908 1909 2010 2009
1 5 696 697 798 797 1807 1808 1909 1908
1 5 1807 1808 1909 1908 2918 2919 3020 3019
1 5 1808 1809 1910 1909 2919 2920 3021 3020
1 5 697 698 799 798 1808 1809 1910 1909
1 5 698 699 800 799 1809 1810 1911 1910
1 5 699 700 801 800 1810 1811 1912 1911
1 5 1810 1811 1912 1911 2921 2922 3023 3022
1 5 1809 1810 1911 1910 2920 2921 3022 3021
1 5 2920 2921 3022 3021 4031 4032 4133 4132
1 5 4031 4032 4133 4132 5142 5143 5244 5243
1 5 4032 4033 4134 4133 5143 5144 5245 5244
1 5 2921 2922 3023 3022 4032 4033 4134 4133
1 5 3022 3023 3124 3123 4133 4134 4235 4234
1 5 4133 4134 4235 4234 5244 5245 5346 5345
1 5 4132 4133 4234 4233 5243 5244 5345 5344
1 5 3021 3022 3123 3122 4132 4133 4234 4233
1 5 1910 1911 2012 2011 3021 3022 3123 3122
1 5 1911 1912 2013 2012 3022 3023 3124 3123
1 5 800 801 902 901 1911 1912 2013 2012
1 5 799 800 901 900 1910 1911 2012 2011
1 5 900 901 1002 1001 2011 2012 2113 2112
1 5 901 902 1003 1002 2012 2013 2114 2113
1 5 1002 1003 1104 1103 2113 2114 2215 2214
1 5 1001 1002 1103 1102 2112 2113 2214 2213
1 5 2112 2113 2214 2213 3223 3224 3325 3324
1 5 2113 2114 2215 2214 3224 3225 3326 3325
1 5 2012 2013 2114 2113 3123 3124 3225 3224
1 5 2011 2012 2113 2112 3122 3123 3224 3223
1 5 3122 3123 3224 3223 4233 4234 4335 4334
1 5 3123 3124 3225 3224 4234 4235 4336 4335
1 5 3224 3225 3326 3325 4335 4336 4437 4436
1 5 3223 3224 3325 3324 4334 4335 4436 4435
1 5 4334 4335 4436 4435 5445 5446 5547 5546
1 5 4335 4336 4437 4436 5446 5447 5548 5547
1 5 4234 4235 4336 4335 5345 5346 5447 5446
1 5 4233 4234 4335 4334 5344 5345 5446 5445
1 5 5344 5345 5446 5445 6455 6456 6557 6556
1 5 5345 5346 5447 5446 6456 6457 6558 6557
1 5 5446 5447 5548 5547 6557 6558 6659 6658
1 5 5445 5446 5547 5546 6556 6557 6658 6657
1 5 6556 6557 6658 6657 7667 7668 7769 7768
1 5 6557 6558 6659 6658 7668 7669 7770 7769
1 5 6456 6457 6558 6557 7567 7568 7669 7668
1 5 6455 6456 6557 6556 7566 7567 7668 7667
1 5 6354 6355 6456 6455 7465 7466 7567 7566
1 5 5243 5244 5345 5344 6354 6355 6456 6455
1 5 5244 5245 5346 5345 6355 6356 6457 6456
1 5 6355 6356 6457 6456 7466 7467 7568 7567
1 5 6254 6255 6356 6355 7365 7366 7467 7466
1 5 5143 5144 5245 5244 6254 6255 6356 6355
1 5 5142 5143 5244 5243 6253 6254 6355 6354
1 5 6253 6254 6355 6354 7364 7365 7466 7465
1 5 6252 6253 6354 6353 7363 7364 7465 7464
1 5 5141 5142 5243 5242 6252 6253 6354 6353
1 5 5140 5141 5242 5241 6251 6252 6353 6352
1 5 6251 6252 6353 6352 7362 7363 7464 7463
1 5 6352 6353 6454 6453 7463 7464 7565 7564
1 5 5241 5242 5343 5342 6352 6353 6454 6453
1 5 5242 5243 5344 5343 6353 6354 6455 6454
1 5 6353 6354 6455 6454 7464 7465 7566 7565
1 5 6454 6455 6556 6555 7565 7566 7667 7666
1 5 6555 6556 6657 6656 7666 7667 7768 7767
1 5 5444 5445 5546 5545 6555 6556 6657 6656
1 5 5343 5344 5445 5444 6454 6455 6556 6555
1 5 5342 5343 5444 5443 6453 6454 6555 6554
1 5 5443 5444 5545 5544 6554 6555 6656 6655
1 5 6554 6555 6656 6655 7665 7666 7767 7766
1 5 6453 6454 6555 6554 7564 7565 7666 7665
1 5 6452 6453 6554 6553 7563 7564 7665 7664
1 5 6553 6554 6655 6654 7664 7665 7766 7765
1 5 5442 5443 5544 5543 6553 6554 6655 6654
1 5 5341 5342 5443 5442 6452 6453 6554 6553
1 5 5340 5341 5442 5441 6451 6452 6553 6552
1 5 5441 5442 5543 5542 6552 6553 6654 6653
1 5 6552 6553 6654 6653 7663 7664 7765 7764
1 5 6451 6452 6553 6552 7562 7563 7664 7663
1 5 6350 6351 6452 6451 7461 7462 7563 7562
1 5 5239 5240 5341 5340 6350 6351 6452 6451
1 5 5240 5241 5342 5341 6351 6352 6453 6452
1 5 6351 6352 6453 6452 7462 7463 7564 7563
1 5 6250 6251 6352 6351 7361 7362 7463 7462
1 5 5139 5140 5241 5240 6250 6251 6352 6351
1 5 5138 5139 5240 5239 6249 6250 6351 6350
1 5 6249 6250 6351 6350 7360 7361 7462 7461
1 5 7360 7361 7462 7461 8471 8472 8573 8572
1 5 8471 8472 8573 8572 9582 9583 9684 9683
1 5 8472 8473 8574 8573 9583 9584 9685 9684
1 5 7361 7362 7463 7462 8472 8473 8574 8573
1 5 7462 7463 7564 7563 8573 8574 8675 8674
1 5 8573 8574 8675 8674 9684 9685 9786 9785
1 5 8572 8573 8674 8673 9683 9684 9785 9784
1 5 7461 7462 7563 7562 8572 8573 8674 8673
1 5 7562 7563 7664 7663 8673 8674 8775 8774
1 5 7663 7664 7765 7764 8774 8775 8876 8875
1 5 8774 8775 8876 8875 9885 9886 9987 9986
1 5 8673 8674 8775 8774 9784 9785 9886 9885
1 5 8674 8675 8776 8775 9785 9786 9887 9886
1 5 8775 8776 8877 8876 9886 9887 9988 9987
1 5 7664 7665 7766 7765 8775 8776 8877 8876
1 5 7563 7564 7665 7664 8674 8675 8776 8775
1 5 7564 7565 7666 7665 8675 8676 8777 8776
1 5 7665 7666 7767 7766 8776 8777 8878 8877
1 5 8776 8777 8878 8877 9887 9888 9989 9988
1 5 8675 8676 8777 8776 9786 9787 9888 9887
1 5 8676 8677 8778 8777 9787 9788 9889 9888
1 5 8777 8778 8879 8878 9888 9889 9990 9989
1 5 7666 7667 7768 7767 8777 8778 8879 8878
1 5 7565 7566 7667 7666 8676 8677 8778 8777
1 5 7464 7465 7566 7565 8575 8576 8677 8676
1 5 8575 8576 8677 8676 9686 9687 9788 9787
1 5 8574 8575 8676 8675 9685 9686 9787 9786
1 5 7463 7464 7565 7564 8574 8575 8676 8675
1 5 7362 7363 7464 7463 8473 8474 8575 8574
1 5 8473 8474 8575 8574 9584 9585 9686 9685
1 5 8474 8475 8576 8575 9585 9586 9687 9686
1 5 7363 7364 7465 7464 8474 8475 8576 8575
1 5 7364 7365 7466 7465 8475 8476 8577 8576
1 5 8475 8476 8577 8576 9586 9587 9688 9687
1 5 8476 8477 8578 8577 9587 9588 9689 9688
1 5 7365 7366 7467 7466 8476 8477 8578 8577
1 5 7466 7467 7568 7567 8577 8578 8679 8678
1 5 8577 8578 8679 8678 9688 9689 9790 9789
1 5 8576 8577 8678 8677 9687 9688 9789 9788
1 5 7465 7466 7567 7566 8576 8577 8678 8677
1 5 7566 7567 7668 7667 8677 8678 8779 8778
1 5 7567 7568 7669 7668 8678 8679 8780 8779
1 5 7668 7669 7770 7769 8779 8780 8881 8880
1 5 7667 7668 7769 7768 8778 8779 8880 8879
1 5 8778 8779 8880 8879 9889 9890 9991 9990
1 5 8779 8780 8881 8880 9890 9891 9992 9991
1 5 8678 8679 8780 8779 9789 9790 9891 9890
1 5 8677 8678 8779 8778 9788 9789 9890 9889
1 5 9788 9789 9890 9889 10899 10900 11001 11000
1 5 9789 9790 9891 9890 10900 10901 11002 11001
1 5 9890 9891 9992 9991 11001 11002 11103 11102
1 5 9889 9890 9991 9990 11000 11001 11102 11101
1 5 11000 11001 11102 11101 12111 12112 12213 12212
1 5 11001 11002 11103 11102 12112 12113 12214 12213
1 5 10900 10901 11002 11001 12011 12012 12113 12112
1 5 10899 10900 11001 11000 12010 12011 12112 12111
1 5 10798 10799 10900 10899 11909 11910 12011 12010
1 5 9687 9688 9789 9788 10798 10799 10900 10899
1 5 9688 9689 9790 9789 10799 10800 10901 10900
1 5 10799 10800 10901 10900 11910 11911 12012 12011
1 5 10698 10699 10800 10799 11809 11810 11911 11910
1 5 9587 9588 9689 9688 10698 10699 10800 10799
1 5 9586 9587 9688 9687 10697 10698 10799 10798
1 5 10697 10698 10799 10798 11808 11809 11910 11909
1 5 10696 10697 10798 10797 11807 11808 11909 11908
1 5 9585 9586 9687 9686 10696 10697 10798 10797
1 5 9584 9585 9686 9685 10695 10696 10797 10796
1 5 10695 10696 10797 10796 11806 11807 11908 11907
1 5 10796 10797 10898 10897 11907 11908 12009 12008
1 5 9685 9686 9787 9786 10796 10797 10898 10897
1 5 9686 9687 9788 9787 10797 10798 10899 10898
1 5 10797 10798 10899 10898 11908 11909 12010 12009
1 5 10898 10899 11000 10999 12009 12010 12111 12110
1 5 10999 11000 11101 11100 12110 12111 12212 12211
1 5 9888 9889 9990 9989 10999 11000 11101 11100
1 5 9787 9788 9889 9888 10898 10899 11000 10999
1 5 9786 9787 9888 9887 10897 10898 10999 10998
1 5 9887 9888 9989 9988 10998 10999 11100 11099
1 5 10998 10999 11100 11099 12109 12110 12211 12210
1 5 10897 10898 10999 10998 12008 12009 12110 12109
1 5 10896 10897 10998 10997 12007 12008 12109 12108
1 5 10997 10998 11099 11098 12108 12109 12210 12209
1 5 9886 9887 9988 9987 10997 10998 11099 11098
1 5 9785 9786 9887 9886 10896 10897 10998 10997
1 5 9784 9785 9886 9885 10895 10896 10997 10996
1 5 9885 9886 9987 9986 10996 10997 11098 11097
1 5 10996 10997 11098 11097 12107 12108 12209 12208
1 5 10895 10896 10997 10996 12006 12007 12108 12107
1 5 10794 10795 10896 10895 11905 11906 12007 12006
1 5 9683 9684 9785 9784 10794 10795 10896 10895
1 5 9684 9685 9786 9785 10795 10796 10897 10896
1 5 10795 10796 10897 10896 11906 11907 12008 12007
1 5 10694 10695 10796 10795 11805 11806 11907 11906
1 5 9583 9584 9685 9684 10694 10695 10796 10795
1 5 9582 9583 9684 9683 10693 10694 10795 10794
1 5 10693 10694 10795 10794 11804 11805 11906 11905
1 5 10592 10593 10694 10693 11703 11704 11805 11804
1 5 10593 10594 10695 10694 11704 11705 11806 11805
1 5 10492 10493 10594 10593 11603 11604 11705 11704
1 5 10491 10492 10593 10592 11602 11603 11704 11703
1 5 9380 9381 9482 9481 10491 10492 10593 10592
1 5 9381 9382 9483 9482 10492 10493 10594 10593
1 5 9482 9483 9584 9583 10593 10594 10695 10694
1 5 9481 9482 9583 9582 10592 10593 10694 10693
1 5 8370 8371 8472 8471 9481 9482 9583 9582
1 5 8269 8270 8371 8370 9380 9381 9482 9481
1 5 7158 7159 7260 7259 8269 8270 8371 8370
1 5 7259 7260 7361 7360 8370 8371 8472 8471
1 5 7260 7261 7362 7361 8371 8372 8473 8472
1 5 7159 7160 7261 7260 8270 8271 8372 8371
1 5 8270 8271 8372 8371 9381 9382 9483 9482
1 5 8371 8372 8473 8472 9482 9483 9584 9583
1 5 8372 8373 8474 8473 9483 9484 9585 9584
1 5 8271 8272 8373 8372 9382 9383 9484 9483
1 5 7160 7161 7262 7261 8271 8272 8373 8372
1 5 7261 7262 7363 7362 8372 8373 8474 8473
1 5 7262 7263 7364 7363 8373 8374 8475 8474
1 5 7161 7162 7263 7262 8272 8273 8374 8373
1 5 8272 8273 8374 8373 9383 9384 9485 9484
1 5 8373 8374 8475 8474 9484 9485 9586 9585
1 5 9484 9485 9586 9585 10595 10596 10697 10696
1 5 10595 10596 10697 10696 11706 11707 11808 11807
1 5 10594 10595 10696 10695 11705 11706 11807 11806
1 5 9483 9484 9585 9584 10594 10595 10696 10695
1 5 9382 9383 9484 9483 10493 10494 10595 10594
1 5 10493 10494 10595 10594 11604 11605 11706 11705
1 5 10494 10495 10596 10595 11605 11606 11707 11706
1 5 9383 9384 9485 9484 10494 10495 10596 10595
1 5 9282 9283 9384 9383 10393 10394 10495 10494
1 5 10393 10394 10495 10494 11504 11505 11606 11605
1 5 10392 10393 10494 10493 11503 11504 11605 11604
1 5 9281 9282 9383 9382 10392 10393 10494 10493
1 5 9180 9181 9282 9281 10291 10292 10393 10392
1 5 10291 10292 10393 10392 11402 11403 11504 11503
1 5 10292 10293 10394 10393 11403 11404 11505 11504
1 5 9181 9182 9283 9282 10292 10293 10394 10393
1 5 8070 8071 8172 8171 9181 9182 9283 9282
1 5 8171 8172 8273 8272 9282 9283 9384 9383
1 5 7060 7061 7162 7161 8171 8172 8273 8272
1 5 6959 6960 7061 7060 8070 8071 8172 8171
1 5 6958 6959 7060 7059 8069 8070 8171 8170
1 5 7059 7060 7161 7160 8170 8171 8272 8271
1 5 8170 8171 8272 8271 9281 9282 9383 9382
1 5 8069 8070 8171 8170 9180 9181 9282 9281
1 5 8068 8069 8170 8169 9179 9180 9281 9280
1 5 8169 8170 8271 8270 9280 9281 9382 9381
1 5 7058 7059 7160 7159 8169 8170 8271 8270
1 5 6957 6958 7059 7058 8068 8069 8170 8169
1 5 6956 6957 7058 7057 8067 8068 8169 8168
1 5 7057 7058 7159 7158 8168 8169 8270 8269
1 5 8168 8169 8270 8269 9279 9280 9381 9380
1 5 8067 8068 8169 8168 9178 9179 9280 9279
1 5 9178 9179 9280 9279 10289 10290 10391 10390
1 5 9179 9180 9281 9280 10290 10291 10392 10391
1 5 9280 9281 9382 9381 10391 10392 10493 10492
1 5 9279 9280 9381 9380 10390 10391 10492 10491
1 5 10390 10391 10492 10491 11501 11502 11603 11602
1 5 10391 10392 10493 10492 11502 11503 11604 11603
1 5 10290 10291 10392 10391 11401 11402 11503 11502
1 5 10289 10290 10391 10390 11400 11401 11502 11501
1 5 10188 10189 10290 10289 11299 11300 11401 11400
1 5 10087 10088 10189 10188 11198 11199 11300 11299
1 5 10088 10089 10190 10189 11199 11200 11301 11300
1 5 10189 10190 10291 10290 11300 11301 11402 11401
1 5 10190 10191 10292 10291 11301 11302 11403 11402
1 5 10191 10192 10293 10292 11302 11303 11404 11403
1 5 10090 10091 10192 10191 11201 11202 11303 11302
1 5 10089 10090 10191 10190 11200 11201 11302 11301
1 5 8978 8979 9080 9079 10089 10090 10191 10190
1 5 8979 8980 9081 9080 10090 10091 10192 10191
1 5 9080 9081 9182 9181 10191 10192 10293 10292
1 5 9079 9080 9181 9180 10190 10191 10292 10291
1 5 9078 9079 9180 9179 10189 10190 10291 10290
1 5 8977 8978 9079 9078 10088 10089 10190 10189
1 5 8976 8977 9078 9077 10087 10088 10189 10188
1 5 9077 9078 9179 9178 10188 10189 10290 10289
1 5 7966 7967 8068 8067 9077 9078 9179 9178
1 5 7865 7866 7967 7966 8976 8977 9078 9077
1 5 6754 6755 6856 6855 7865 7866 7967 7966
1 5 6855 6856 6957 6956 7966 7967 8068 8067
1 5 6856 6857 6958 6957 7967 7968 8069 8068
1 5 6755 6756 6857 6856 7866 7867 7968 7967
1 5 7866 7867 7968 7967 8977 8978 9079 9078
1 5 7967 7968 8069 8068 9078 9079 9180 9179
1 5 7968 7969 8070 8069 9079 9080 9181 9180
1 5 7867 7868 7969 7968 8978 8979 9080 9079
1 5 6756 6757 6858 6857 7867 7868 7969 7968
1 5 6857 6858 6959 6958 7968 7969 8070 8069
1 5 6858 6859 6960 6959 7969 7970 8071 8070
1 5 6757 6758 6859 6858 7868 7869 7970 7969
1 5 7868 7869 7970 7969 8979 8980 9081 9080
1 5 7969 7970 8071 8070 9080 9081 9182 9181
1 5 7970 7971 8072 8071 9081 9082 9183 9182
1 5 7869 7870 7971 7970 8980 8981 9082 9081
1 5 6758 6759 6860 6859 7869 7870 7971 7970
1 5 6859 6860 6961 6960 7970 7971 8072 8071
1 5 6860 6861 6962 6961 7971 7972 8073 8072
1 5 6759 6760 6861 6860 7870 7871 7972 7971
1 5 7870 7871 7972 7971 8981 8982 9083 9082
1 5 7971 7972 8073 8072 9082 9083 9184 9183
1 5 9082 9083 9184 9183 10193 10194 10295 10294
1 5 9081 9082 9183 9182 10192 10193 10294 10293
1 5 8980 8981 9082 9081 10091 10092 10193 10192
1 5 8981 8982 9083 9082 10092 10093 10194 10193
1 5 10092 10093 10194 10193 11203 11204 11305 11304
1 5 10091 10092 10193 10192 11202 11203 11304 11303
1 5 10192 10193 10294 10293 11303 11304 11405 11404
1 5 10193 10194 10295 10294 11304 11305 11406 11405
1 5 10294 10295 10396 10395 11405 11406 11507 11506
1 5 10293 10294 10395 10394 11404 11405 11506 11505
1 5 10394 10395 10496 10495 11505 11506 11607 11606
1 5 10395 10396 10497 10496 11506 11507 11608 11607
1 5 9284 9285 9386 9385 10395 10396 10497 10496
1 5 9283 9284 9385 9384 10394 10395 10496 10495
1 5 9182 9183 9284 9283 10293 10294 10395 10394
1 5 9183 9184 9285 9284 10294 10295 10396 10395
1 5 8072 8073 8174 8173 9183 9184 9285 9284
1 5 6961 6962 7063 7062 8072 8073 8174 8173
1 5 6960 6961 7062 7061 8071 8072 8173 8172
1 5 8071 8072 8173 8172 9182 9183 9284 9283
1 5 8172 8173 8274 8273 9283 9284 9385 9384
1 5 7061 7062 7163 7162 8172 8173 8274 8273
1 5 7062 7063 7164 7163 8173 8174 8275 8274
1 5 8173 8174 8275 8274 9284 9285 9386 9385
1 5 8274 8275 8376 8375 9385 9386 9487 9486
1 5 7163 7164 7265 7264 8274 8275 8376 8375
1 5 7162 7163 7264 7263 8273 8274 8375 8374
1 5 8273 8274 8375 8374 9384 9385 9486 9485
1 5 8374 8375 8476 8475 9485 9486 9587 9586
1 5 7263 7264 7365 7364 8374 8375 8476 8475
1 5 7264 7265 7366 7365 8375 8376 8477 8476
1 5 8375 8376 8477 8476 9486 9487 9588 9587
1 5 9486 9487 9588 9587 10597 10598 10699 10698
1 5 9485 9486 9587 9586 10596 10597 10698 10697
1 5 9384 9385 9486 9485 10495 10496 10597 10596
1 5 9385 9386 9487 9486 10496 10497 10598 10597
1 5 10496 10497 10598 10597 11607 11608 11709 11708
1 5 10495 10496 10597 10596 11606 11607 11708 11707
1 5 10596 10597 10698 10697 11707 11708 11809 11808
1 5 10597 10598 10699 10698 11708 11709 11810 11809
1 5 10598 10599 10700 10699 11709 11710 11811 11810
1 5 10599 10600 10701 10700 11710 11711 11812 11811
1 5 10498 10499 10600 10599 11609 11610 11711 11710
1 5 10497 10498 10599 10598 11608 11609 11710 11709
1 5 9386 9387 9488 9487 10497 10498 10599 10598
1 5 9387 9388 9489 9488 10498 10499 10600 10599
1 5 9488 9489 9590 9589 10599 10600 10701 10700
1 5 9487 9488 9589 9588 10598 10599 10700 10699
1 5 8376 8377 8478 8477 9487 9488 9589 9588
1 5 8275 8276 8377 8376 9386 9387 9488 9487
1 5 7164 7165 7266 7265 8275 8276 8377 8376
1 5 7265 7266 7367 7366 8376 8377 8478 8477
1 5 7266 7267 7368 7367 8377 8378 8479 8478
1 5 7165 7166 7267 7266 8276 8277 8378 8377
1 5 8276 8277 8378 8377 9387 9388 9489 9488
1 5 8377 8378 8479 8478 9488 9489 9590 9589
1 5 8378 8379 8480 8479 9489 9490 9591 9590
1 5 8277 8278 8379 8378 9388 9389 9490 9489
1 5 7166 7167 7268 7267 8277 8278 8379 8378
1 5 7267 7268 7369 7368 8378 8379 8480 8479
1 5 7268 7269 7370 7369 8379 8380 8481 8480
1 5 7167 7168 7269 7268 8278 8279 8380 8379
1 5 8278 8279 8380 8379 9389 9390 9491 9490
1 5 8379 8380 8481 8480 9490 9491 9592 9591
1 5 9490 9491 9592 9591 10601 10602 10703 10702
1 5 10601 10602 10703 10702 11712 11713 11814 11813
1 5 10600 10601 10702 10701 11711 11712 11813 11812
1 5 9489 9490 9591 9590 10600 10601 10702 10701
1 5 9388 9389 9490 9489 10499 10500 10601 10600
1 5 10499 10500 10601 10600 11610 11611 11712 11711
1 5 10500 10501 10602 10601 11611 11612 11713 11712
1 5 9389 9390 9491 9490 10500 10501 10602 10601
1 5 9288 9289 9390 9389 10399 10400 10501 10500
1 5 10399 10400 10501 10500 11510 11511 11612 11611
1 5 10398 10399 10500 10499 11509 11510 11611 11610
1 5 9287 9288 9389 9388 10398 10399 10500 10499
1 5 9186 9187 9288 9287 10297 10298 10399 10398
1 5 10297 10298 10399 10398 11408 11409 11510 11509
1 5 10298 10299 10400 10399 11409 11410 11511 11510
1 5 9187 9188 9289 9288 10298 10299 10400 10399
1 5 8076 8077 8178 8177 9187 9188 9289 9288
1 5 8177 8178 8279 8278 9288 9289 9390 9389
1 5 7066 7067 7168 7167 8177 8178 8279 8278
1 5 6965 6966 7067 7066 8076 8077 8178 8177
1 5 6964 6965 7066 7065 8075 8076 8177 8176
1 5 7065 7066 7167 7166 8176 8177 8278 8277
1 5 8176 8177 8278 8277 9287 9288 9389 9388
1 5 8075 8076 8177 8176 9186 9187 9288 9287
1 5 8074 8075 8176 8175 9185 9186 9287 9286
1 5 8175 8176 8277 8276 9286 9287 9388 9387
1 5 7064 7065 7166 7165 8175 8176 8277 8276
1 5 6963 6964 7065 7064 8074 8075 8176 8175
1 5 6962 6963 7064 7063 8073 8074 8175 8174
1 5 7063 7064 7165 7164 8174 8175 8276 8275
1 5 8174 8175 8276 8275 9285 9286 9387 9386
1 5 8073 8074 8175 8174 9184 9185 9286 9285
1 5 9184 9185 9286 9285 10295 10296 10397 10396
1 5 9185 9186 9287 9286 10296 10297 10398 10397
1 5 9286 9287 9388 9387 10397 10398 10499 10498
1 5 9285 9286 9387 9386 10396 10397 10498 10497
1 5 10396 10397 10498 10497 11507 11508 11609 11608
1 5 10397 10398 10499 10498 11508 11509 11610 11609
1 5 10296 10297 10398 10397 11407 11408 11509 11508
1 5 10295 10296 10397 10396 11406 11407 11508 11507
1 5 10194 10195 10296 10295 11305 11306 11407 11406
1 5 10093 10094 10195 10194 11204 11205 11306 11305
1 5 10094 10095 10196 10195 11205 11206 11307 11306
1 5 10195 10196 10297 10296 11306 11307 11408 11407
1 5 10196 10197 10298 10297 11307 11308 11409 11408
1 5 10197 10198 10299 10298 11308 11309 11410 11409
1 5 10096 10097 10198 10197 11207 11208 11309 11308
1 5 10095 10096 10197 10196 11206 11207 11308 11307
1 5 8984 8985 9086 9085 10095 10096 10197 10196
1 5 8985 8986 9087 9086 10096 10097 10198 10197
1 5 9086 9087 9188 9187 10197 10198 10299 10298
1 5 9085 9086 9187 9186 10196 10197 10298 10297
1 5 9084 9085 9186 9185 10195 10196 10297 10296
1 5 8983 8984 9085 9084 10094 10095 10196 10195
1 5 8982 8983 9084 9083 10093 10094 10195 10194
1 5 9083 9084 9185 9184 10194 10195 10296 10295
1 5 7972 7973 8074 8073 9083 9084 9185 9184
1 5 7871 7872 7973 7972 8982 8983 9084 9083
1 5 6760 6761 6862 6861 7871 7872 7973 7972
1 5 6861 6862 6963 6962 7972 7973 8074 8073
1 5 6862 6863 6964 6963 7973 7974 8075 8074
1 5 6761 6762 6863 6862 7872 7873 7974 7973
1 5 7872 7873 7974 7973 8983 8984 9085 9084
1 5 7973 7974 8075 8074 9084 9085 9186 9185
1 5 7974 7975 8076 8075 9085 9086 9187 9186
1 5 7873 7874 7975 7974 8984 8985 9086 9085
1 5 6762 6763 6864 6863 7873 7874 7975 7974
1 5 6863 6864 6965 6964 7974 7975 8076 8075
1 5 6864 6865 6966 6965 7975 7976 8077 8076
1 5 6763 6764 6865 6864 7874 7875 7976 7975
1 5 7874 7875 7976 7975 8985 8986 9087 9086
1 5 7975 7976 8077 8076 9086 9087 9188 9187
1 5 7976 7977 8078 8077 9087 9088 9189 9188
1 5 7875 7876 7977 7976 8986 8987 9088 9087
1 5 6764 6765 6866 6865 7875 7876 7977 7976
1 5 6865 6866 6967 6966 7976 7977 8078 8077
1 5 6866 6867 6968 6967 7977 7978 8079 8078
1 5 6765 6766 6867 6866 7876 7877 7978 7977
1 5 7876 7877 7978 7977 8987 8988 9089 9088
1 5 7977 7978 8079 8078 9088 9089 9190 9189
1 5 9088 9089 9190 9189 10199 10200 10301 10300
1 5 9087 9088 9189 9188 10198 10199 10300 10299
1 5 8986 8987 9088 9087 10097 10098 10199 10198
1 5 8987 8988 9089 9088 10098 10099 10200 10199
1 5 10098 10099 10200 10199 11209 11210 11311 11310
1 5 10097 10098 10199 10198 11208 11209 11310 11309
1 5 10198 10199 10300 10299 11309 11310 11411 11410
1 5 10199 10200 10301 10300 11310 11311 11412 11411
1 5 10300 10301 10402 10401 11411 11412 11513 11512
1 5 10299 10300 10401 10400 11410 11411 11512 11511
1 5 10400 10401 10502 10501 11511 11512 11613 11612
1 5 10401 10402 10503 10502 11512 11513 11614 11613
1 5 9290 9291 9392 9391 10401 10402 10503 10502
1 5 9289 9290 9391 9390 10400 10401 10502 10501
1 5 9188 9189 9290 9289 10299 10300 10401 10400
1 5 9189 9190 9291 9290 10300 10301 10402 10401
1 5 8078 8079 8180 8179 9189 9190 9291 9290
1 5 6967 6968 7069 7068 8078 8079 8180 8179
1 5 6966 6967 7068 7067 8077 8078 8179 8178
1 5 8077 8078 8179 8178 9188 9189 9290 9289
1 5 8178 8179 8280 8279 9289 9290 9391 9390
1 5 7067 7068 7169 7168 8178 8179 8280 8279
1 5 7068 7069 7170 7169 8179 8180 8281 8280
1 5 8179 8180 8281 8280 9290 9291 9392 9391
1 5 8280 8281 8382 8381 9391 9392 9493 9492
1 5 7169 7170 7271 7270 8280 8281 8382 8381
1 5 7168 7169 7270 7269 8279 8280 8381 8380
1 5 8279 8280 8381 8380 9390 9391 9492 9491
1 5 8380 8381 8482 8481 9491 9492 9593 9592
1 5 7269 7270 7371 7370 8380 8381 8482 8481
1 5 7270 7271 7372 7371 8381 8382 8483 8482
1 5 8381 8382 8483 8482 9492 9493 9594 9593
1 5 9492 9493 9594 9593 10603 10604 10705 10704
1 5 9491 9492 9593 9592 10602 10603 10704 10703
1 5 9390 9391 9492 9491 10501 10502 10603 10602
1 5 9391 9392 9493 9492 10502 10503 10604 10603
1 5 10502 10503 10604 10603 11613 11614 11715 11714
1 5 10501 10502 10603 10602 11612 11613 11714 11713
1 5 10602 10603 10704 10703 11713 11714 11815 11814
1 5 10603 10604 10705 10704 11714 11715 11816 11815
1 5 10704 10705 10806 10805 11815 11816 11917 11916
1 5 9593 9594 9695 9694 10704 10705 10806 10805
1 5 9592 9593 9694 9693 10703 10704 10805 10804
1 5 10703 10704 10805 10804 11814 11815 11916 11915
1 5 10804 10805 10906 10905 11915 11916 12017 12016
1 5 9693 9694 9795 9794 10804 10805 10906 10905
1 5 9694 9695 9796 9795 10805 10806 10907 10906
1 5 10805 10806 10907 10906 11916 11917 12018 12017
1 5 10906 10907 11008 11007 12017 12018 12119 12118
1 5 10905 10906 11007 11006 12016 12017 12118 12117
1 5 11006 11007 11108 11107 12117 12118 12219 12218
1 5 11007 11008 11109 11108 12118 12119 12220 12219
1 5 9896 9897 9998 9997 11007 11008 11109 11108
1 5 9895 9896 9997 9996 11006 11007 11108 11107
1 5 9794 9795 9896 9895 10905 10906 11007 11006
1 5 9795 9796 9897 9896 10906 10907 11008 11007
1 5 8684 8685 8786 8785 9795 9796 9897 9896
1 5 8683 8684 8785 8784 9794 9795 9896 9895
1 5 8784 8785 8886 8885 9895 9896 9997 9996
1 5 8785 8786 8887 8886 9896 9897 9998 9997
1 5 7674 7675 7776 7775 8785 8786 8887 8886
1 5 7673 7674 7775 7774 8784 8785 8886 8885
1 5 7572 7573 7674 7673 8683 8684 8785 8784
1 5 7573 7574 7675 7674 8684 8685 8786 8785
1 5 7472 7473 7574 7573 8583 8584 8685 8684
1 5 7371 7372 7473 7472 8482 8483 8584 8583
1 5 8482 8483 8584 8583 9593 9594 9695 9694
1 5 8583 8584 8685 8684 9694 9695 9796 9795
1 5 8582 8583 8684 8683 9693 9694 9795 9794
1 5 8481 8482 8583 8582 9592 9593 9694 9693
1 5 7370 7371 7472 7471 8481 8482 8583 8582
1 5 7471 7472 7573 7572 8582 8583 8684 8683
1 5 7470 7471 7572 7571 8581 8582 8683 8682
1 5 7369 7370 7471 7470 8480 8481 8582 8581
1 5 8480 8481 8582 8581 9591 9592 9693 9692
1 5 8581 8582 8683 8682 9692 9693 9794 9793
1 5 8580 8581 8682 8681 9691 9692 9793 9792
1 5 8479 8480 8581 8580 9590 9591 9692 9691
1 5 7368 7369 7470 7469 8479 8480 8581 8580
1 5 7469 7470 7571 7570 8580 8581 8682 8681
1 5 7570 7571 7672 7671 8681 8682 8783 8782
1 5 7571 7572 7673 7672 8682 8683 8784 8783
1 5 7672 7673 7774 7773 8783 8784 8885 8884
1 5 7671 7672 7773 7772 8782 8783 8884 8883
1 5 8782 8783 8884 8883 9893 9894 9995 9994
1 5 8783 8784 8885 8884 9894 9895 9996 9995
1 5 8682 8683 8784 8783 9793 9794 9895 9894
1 5 8681 8682 8783 8782 9792 9793 9894 9893
1 5 9792 9793 9894 9893 10903 10904 11005 11004
1 5 9793 9794 9895 9894 10904 10905 11006 11005
1 5 9894 9895 9996 9995 11005 11006 11107 11106
1 5 9893 9894 9995 9994 11004 11005 11106 11105
1 5 11004 11005 11106 11105 12115 12116 12217 12216
1 5 11005 11006 11107 11106 12116 12117 12218 12217
1 5 10904 10905 11006 11005 12015 12016 12117 12116
1 5 10903 10904 11005 11004 12014 12015 12116 12115
1 5 10802 10803 10904 10903 11913 11914 12015 12014
1 5 9691 9692 9793 9792 10802 10803 10904 10903
1 5 9692 9693 9794 9793 10803 10804 10905 10904
1 5 10803 10804 10905 10904 11914 11915 12016 12015
1 5 10702 10703 10804 10803 11813 11814 11915 11914
1 5 9591 9592 9693 9692 10702 10703 10804 10803
1 5 9590 9591 9692 9691 10701 10702 10803 10802
1 5 10701 10702 10803 10802 11812 11813 11914 11913
1 5 10700 10701 10802 10801 11811 11812 11913 11912
1 5 10699 10700 10801 10800 11810 11811 11912 11911
1 5 9588 9589 9690 9689 10699 10700 10801 10800
1 5 9589 9590 9691 9690 10700 10701 10802 10801
1 5 8478 8479 8580 8579 9589 9590 9691 9690
1 5 7367 7368 7469 7468 8478 8479 8580 8579
1 5 7366 7367 7468 7467 8477 8478 8579 8578
1 5 8477 8478 8579 8578 9588 9589 9690 9689
1 5 8578 8579 8680 8679 9689 9690 9791 9790
1 5 7467 7468 7569 7568 8578 8579 8680 8679
1 5 7468 7469 7570 7569 8579 8580 8681 8680
1 5 8579 8580 8681 8680 9690 9691 9792 9791
1 5 9690 9691 9792 9791 10801 10802 10903 10902
1 5 9689 9690 9791 9790 10800 10801 10902 10901
1 5 10800 10801 10902 10901 11911 11912 12013 12012
1 5 10801 10802 10903 10902 11912 11913 12014 12013
1 5 10902 10903 11004 11003 12013 12014 12115 12114
1 5 10901 10902 11003 11002 12012 12013 12114 12113
1 5 11002 11003 11104 11103 12113 12114 12215 12214
1 5 11003 11004 11105 11104 12114 12115 12216 12215
1 5 9892 9893 9994 9993 11003 11004 11105 11104
1 5 9891 9892 9993 9992 11002 11003 11104 11103
1 5 9790 9791 9892 9891 10901 10902 11003 11002
1 5 9791 9792 9893 9892 10902 10903 11004 11003
1 5 8680 8681 8782 8781 9791 9792 9893 9892
1 5 8679 8680 8781 8780 9790 9791 9892 9891
1 5 8780 8781 8882 8881 9891 9892 9993 9992
1 5 8781 8782 8883 8882 9892 9893 9994 9993
1 5 7670 7671 7772 7771 8781 8782 8883 8882
1 5 7669 7670 7771 7770 8780 8781 8882 8881
1 5 7568 7569 7670 7669 8679 8680 8781 8780
1 5 7569 7570 7671 7670 8680 8681 8782 8781
1 5 6458 6459 6560 6559 7569 7570 7671 7670
1 5 6457 6458 6559 6558 7568 7569 7670 7669
1 5 6558 6559 6660 6659 7669 7670 7771 7770
1 5 6559 6560 6661 6660 7670 7671 7772 7771
1 5 5448 5449 5550 5549 6559 6560 6661 6660
1 5 5447 5448 5549 5548 6558 6559 6660 6659
1 5 5346 5347 5448 5447 6457 6458 6559 6558
1 5 5347 5348 5449 5448 6458 6459 6560 6559
1 5 5246 5247 5348 5347 6357 6358 6459 6458
1 5 6357 6358 6459 6458 7468 7469 7570 7569
1 5 6356 6357 6458 6457 7467 7468 7569 7568
1 5 5245 5246 5347 5346 6356 6357 6458 6457
1 5 5144 5145 5246 5245 6255 6256 6357 6356
1 5 6255 6256 6357 6356 7366 7367 7468 7467
1 5 6256 6257 6358 6357 7367 7368 7469 7468
1 5 5145 5146 5247 5246 6256 6257 6358 6357
1 5 5146 5147 5248 5247 6257 6258 6359 6358
1 5 6257 6258 6359 6358 7368 7369 7470 7469
1 5 6258 6259 6360 6359 7369 7370 7471 7470
1 5 5147 5148 5249 5248 6258 6259 6360 6359
1 5 5248 5249 5350 5349 6359 6360 6461 6460
1 5 6359 6360 6461 6460 7470 7471 7572 7571
1 5 6358 6359 6460 6459 7469 7470 7571 7570
1 5 5247 5248 5349 5348 6358 6359 6460 6459
1 5 5348 5349 5450 5449 6459 6460 6561 6560
1 5 5449 5450 5551 5550 6560 6561 6662 6661
1 5 6560 6561 6662 6661 7671 7672 7773 7772
1 5 6459 6460 6561 6560 7570 7571 7672 7671
1 5 6460 6461 6562 6561 7571 7572 7673 7672
1 5 6561 6562 6663 6662 7672 7673 7774 7773
1 5 5450 5451 5552 5551 6561 6562 6663 6662
1 5 5349 5350 5451 5450 6460 6461 6562 6561
1 5 5350 5351 5452 5451 6461 6462 6563 6562
1 5 5451 5452 5553 5552 6562 6563 6664 6663
1 5 6562 6563 6664 6663 7673 7674 7775 7774
1 5 6461 6462 6563 6562 7572 7573 7674 7673
1 5 6462 6463 6564 6563 7573 7574 7675 7674
1 5 6563 6564 6665 6664 7674 7675 7776 7775
1 5 5452 5453 5554 5553 6563 6564 6665 6664
1 5 5351 5352 5453 5452 6462 6463 6564 6563
1 5 5250 5251 5352 5351 6361 6362 6463 6462
1 5 6361 6362 6463 6462 7472 7473 7574 7573
1 5 6360 6361 6462 6461 7471 7472 7573 7572
1 5 5249 5250 5351 5350 6360 6361 6462 6461
1 5 5148 5149 5250 5249 6259 6260 6361 6360
1 5 6259 6260 6361 6360 7370 7371 7472 7471
1 5 6260 6261 6362 6361 7371 7372 7473 7472
1 5 5149 5150 5251 5250 6260 6261 6362 6361
1 5 4038 4039 4140 4139 5149 5150 5251 5250
1 5 2927 2928 3029 3028 4038 4039 4140 4139
1 5 2926 2927 3028 3027 4037 4038 4139 4138
1 5 4037 4038 4139 4138 5148 5149 5250 5249
1 5 4138 4139 4240 4239 5249 5250 5351 5350
1 5 3027 3028 3129 3128 4138 4139 4240 4239
1 5 3028 3029 3130 3129 4139 4140 4241 4240
1 5 4139 4140 4241 4240 5250 5251 5352 5351
1 5 4240 4241 4342 4341 5351 5352 5453 5452
1 5 4341 4342 4443 4442 5452 5453 5554 5553
1 5 3230 3231 3332 3331 4341 4342 4443 4442
1 5 3129 3130 3231 3230 4240 4241 4342 4341
1 5 3128 3129 3230 3229 4239 4240 4341 4340
1 5 3229 3230 3331 3330 4340 4341 4442 4441
1 5 4340 4341 4442 4441 5451 5452 5553 5552
1 5 4239 4240 4341 4340 5350 5351 5452 5451
1 5 4238 4239 4340 4339 5349 5350 5451 5450
1 5 4339 4340 4441 4440 5450 5451 5552 5551
1 5 3228 3229 3330 3329 4339 4340 4441 4440
1 5 3127 3128 3229 3228 4238 4239 4340 4339
1 5 3126 3127 3228 3227 4237 4238 4339 4338
1 5 3227 3228 3329 3328 4338 4339 4440 4439
1 5 4338 4339 4440 4439 5449 5450 5551 5550
1 5 4237 4238 4339 4338 5348 5349 5450 5449
1 5 4136 4137 4238 4237 5247 5248 5349 5348
1 5 3025 3026 3127 3126 4136 4137 4238 4237
1 5 3026 3027 3128 3127 4137 4138 4239 4238
1 5 4137 4138 4239 4238 5248 5249 5350 5349
1 5 4036 4037 4138 4137 5147 5148 5249 5248
1 5 2925 2926 3027 3026 4036 4037 4138 4137
1 5 2924 2925 3026 3025 4035 4036 4137 4136
1 5 4035 4036 4137 4136 5146 5147 5248 5247
1 5 4034 4035 4136 4135 5145 5146 5247 5246
1 5 2923 2924 3025 3024 4034 4035 4136 4135
1 5 2922 2923 3024 3023 4033 4034 4135 4134
1 5 4033 4034 4135 4134 5144 5145 5246 5245
1 5 4134 4135 4236 4235 5245 5246 5347 5346
1 5 3023 3024 3125 3124 4134 4135 4236 4235
1 5 3024 3025 3126 3125 4135 4136 4237 4236
1 5 4135 4136 4237 4236 5246 5247 5348 5347
1 5 4236 4237 4338 4337 5347 5348 5449 5448
1 5 4235 4236 4337 4336 5346 5347 5448 5447
1 5 4336 4337 4438 4437 5447 5448 5549 5548
1 5 4337 4338 4439 4438 5448 5449 5550 5549
1 5 3226 3227 3328 3327 4337 4338 4439 4438
1 5 3225 3226 3327 3326 4336 4337 4438 4437
1 5 3124 3125 3226 3225 4235 4236 4337 4336
1 5 3125 3126 3227 3226 4236 4237 4338 4337
1 5 2014 2015 2116 2115 3125 3126 3227 3226
1 5 2013 2014 2115 2114 3124 3125 3226 3225
1 5 2114 2115 2216 2215 3225 3226 3327 3326
1 5 2115 2116 2217 2216 3226 3227 3328 3327
1 5 1004 1005 1106 1105 2115 2116 2217 2216
1 5 1003 1004 1105 1104 2114 2115 2216 2215
1 5 902 903 1004 1003 2013 2014 2115 2114
1 5 903 904 1005 1004 2014 2015 2116 2115
1 5 802 803 904 903 1913 1914 2015 2014
1 5 1913 1914 2015 2014 3024 3025 3126 3125
1 5 1912 1913 2014 2013 3023 3024 3125 3124
1 5 801 802 903 902 1912 1913 2014 2013
1 5 700 701 802 801 1811 1812 1913 1912
1 5 1811 1812 1913 1912 2922 2923 3024 3023
1 5 1812 1813 1914 1913 2923 2924 3025 3024
1 5 701 702 803 802 1812 1813 1914 1913
1 5 702 703 804 803 1813 1814 1915 1914
1 5 1813 1814 1915 1914 2924 2925 3026 3025
1 5 1814 1815 1916 1915 2925 2926 3027 3026
1 5 703 704 805 804 1814 1815 1916 1915
1 5 804 805 906 905 1915 1916 2017 2016
1 5 1915 1916 2017 2016 3026 3027 3128 3127
1 5 1914 1915 2016 2015 3025 3026 3127 3126
1 5 803 804 905 904 1914 1915 2016 2015
1 5 904 905 1006 1005 2015 2016 2117 2116
1 5 1005 1006 1107 1106 2116 2117 2218 2217
1 5 2116 2117 2218 2217 3227 3228 3329 3328
1 5 2015 2016 2117 2116 3126 3127 3228 3227
1 5 2016 2017 2118 2117 3127 3128 3229 3228
1 5 2117 2118 2219 2218 3228 3229 3330 3329
1 5 1006 1007 1108 1107 2117 2118 2219 2218
1 5 905 906 1007 1006 2016 2017 2118 2117
1 5 906 907 1008 1007 2017 2018 2119 2118
1 5 1007 1008 1109 1108 2118 2119 2220 2219
1 5 2118 2119 2220 2219 3229 3230 3331 3330
1 5 2017 2018 2119 2118 3128 3129 3230 3229
1 5 2018 2019 2120 2119 3129 3130 3231 3230
1 5 2119 2120 2221 2220 3230 3231 3332 3331
1 5 1008 1009 1110 1109 2119 2120 2221 2220
1 5 907 908 1009 1008 2018 2019 2120 2119
1 5 806 807 908 907 1917 1918 2019 2018
1 5 1917 1918 2019 2018 3028 3029 3130 3129
1 5 1916 1917 2018 2017 3027 3028 3129 3128
1 5 805 806 907 906 1916 1917 2018 2017
1 5 704 705 806 805 1815 1816 1917 1916
1 5 1815 1816 1917 1916 2926 2927 3028 3027
1 5 1816 1817 1918 1917 2927 2928 3029 3028
1 5 705 706 807 806 1816 1817 1918 1917
1 5 604 605 706 705 1715 1716 1817 1816
1 5 503 504 605 604 1614 1615 1716 1715
1 5 1614 1615 1716 1715 2725 2726 2827 2826
1 5 1715 1716 1817 1816 2826 2827 2928 2927
1 5 1714 1715 1816 1815 2825 2826 2927 2926
1 5 1613 1614 1715 1714 2724 2725 2826 2825
1 5 502 503 604 603 1613 1614 1715 1714
1 5 603 604 705 704 1714 1715 1816 1815
1 5 602 603 704 703 1713 1714 1815 1814
1 5 1713 1714 1815 1814 2824 2825 2926 2925
1 5 1712 1713 1814 1813 2823 2824 2925 2924
1 5 601 602 703 702 1712 1713 1814 1813
1 5 500 501 602 601 1611 1612 1713 1712
1 5 1611 1612 1713 1712 2722 2723 2824 2823
1 5 1612 1613 1714 1713 2723 2724 2825 2824
1 5 501 502 603 602 1612 1613 1714 1713
1 5 400 401 502 501 1511 1512 1613 1612
1 5 1511 1512 1613 1612 2622 2623 2724 2723
1 5 1510 1511 1612 1611 2621 2622 2723 2722
1 5 399 400 501 500 1510 1511 1612 1611
1 5 298 299 400 399 1409 1410 1511 1510
1 5 1409 1410 1511 1510 2520 2521 2622 2621
1 5 1410 1411 1512 1511 2521 2522 2623 2622
1 5 299 300 401 400 1410 1411 1512 1511
1 5 300 301 402 401 1411 1412 1513 1512
1 5 301 302 403 402 1412 1413 1514 1513
1 5 402 403 504 503 1513 1514 1615 1614
1 5 401 402 503 502 1512 1513 1614 1613
1 5 1512 1513 1614 1613 2623 2624 2725 2724
1 5 1513 1514 1615 1614 2624 2625 2726 2725
1 5 1412 1413 1514 1513 2523 2524 2625 2624
1 5 1411 1412 1513 1512 2522 2523 2624 2623
1 5 2522 2523 2624 2623 3633 3634 3735 3734
1 5 2523 2524 2625 2624 3634 3635 3736 3735
1 5 2624 2625 2726 2725 3735 3736 3837 3836
1 5 2623 2624 2725 2724 3734 3735 3836 3835
1 5 3734 3735 3836 3835 4845 4846 4947 4946
1 5 3735 3736 3837 3836 4846 4847 4948 4947
1 5 3634 3635 3736 3735 4745 4746 4847 4846
1 5 3633 3634 3735 3734 4744 4745 4846 4845
1 5 3632 3633 3734 3733 4743 4744 4845 4844
1 5 2521 2522 2623 2622 3632 3633 3734 3733
1 5 2520 2521 2622 2621 3631 3632 3733 3732
1 5 3631 3632 3733 3732 4742 4743 4844 4843
1 5 3732 3733 3834 3833 4843 4844 4945 4944
1 5 2621 2622 2723 2722 3732 3733 3834 3833
1 5 2622 2623 2724 2723 3733 3734 3835 3834
1 5 3733 3734 3835 3834 4844 4845 4946 4945
1 5 3834 3835 3936 3935 4945 4946 5047 5046
1 5 2723 2724 2825 2824 3834 3835 3936 3935
1 5 2722 2723 2824 2823 3833 3834 3935 3934
1 5 3833 3834 3935 3934 4944 4945 5046 5045
1 5 3934 3935 4036 4035 5045 5046 5147 5146
1 5 2823 2824 2925 2924 3934 3935 4036 4035
1 5 2824 2825 2926 2925 3935 3936 4037 4036
1 5 3935 3936 4037 4036 5046 5047 5148 5147
1 5 3936 3937 4038 4037 5047 5048 5149 5148
1 5 3835 3836 3937 3936 4946 4947 5048 5047
1 5 2724 2725 2826 2825 3835 3836 3937 3936
1 5 2825 2826 2927 2926 3936 3937 4038 4037
1 5 2826 2827 2928 2927 3937 3938 4039 4038
1 5 2725 2726 2827 2826 3836 3837 3938 3937
1 5 3836 3837 3938 3937 4947 4948 5049 5048
1 5 3937 3938 4039 4038 5048 5049 5150 5149
1 5 5048 5049 5150 5149 6159 6160 6261 6260
1 5 6159 6160 6261 6260 7270 7271 7372 7371
1 5 6158 6159 6260 6259 7269 7270 7371 7370
1 5 5047 5048 5149 5148 6158 6159 6260 6259
1 5 5046 5047 5148 5147 6157 6158 6259 6258
1 5 6157 6158 6259 6258 7268 7269 7370 7369
1 5 6156 6157 6258 6257 7267 7268 7369 7368
1 5 5045 5046 5147 5146 6156 6157 6258 6257
1 5 4944 4945 5046 5045 6055 6056 6157 6156
1 5 6055 6056 6157 6156 7166 7167 7268 7267
1 5 6056 6057 6158 6157 7167 7168 7269 7268
1 5 4945 4946 5047 5046 6056 6057 6158 6157
1 5 4946 4947 5048 5047 6057 6058 6159 6158
1 5 6057 6058 6159 6158 7168 7169 7270 7269
1 5 6058 6059 6160 6159 7169 7170 7271 7270
1 5 4947 4948 5049 5048 6058 6059 6160 6159
1 5 4846 4847 4948 4947 5957 5958 6059 6058
1 5 4745 4746 4847 4846 5856 5857 5958 5957
1 5 5856 5857 5958 5957 6967 6968 7069 7068
1 5 5957 5958 6059 6058 7068 7069 7170 7169
1 5 5956 5957 6058 6057 7067 7068 7169 7168
1 5 5855 5856 5957 5956 6966 6967 7068 7067
1 5 4744 4745 4846 4845 5855 5856 5957 5956
1 5 4845 4846 4947 4946 5956 5957 6058 6057
1 5 4844 4845 4946 4945 5955 5956 6057 6056
1 5 4743 4744 4845 4844 5854 5855 5956 5955
1 5 5854 5855 5956 5955 6965 6966 7067 7066
1 5 5955 5956 6057 6056 7066 7067 7168 7167
1 5 5954 5955 6056 6055 7065 7066 7167 7166
1 5 5853 5854 5955 5954 6964 6965 7066 7065
1 5 4742 4743 4844 4843 5853 5854 5955 5954
1 5 4843 4844 4945 4944 5954 5955 6056 6055
1 5 4842 4843 4944 4943 5953 5954 6055 6054
1 5 4741 4742 4843 4842 5852 5853 5954 5953
1 5 5852 5853 5954 5953 6963 6964 7065 7064
1 5 5953 5954 6055 6054 7064 7065 7166 7165
1 5 5952 5953 6054 6053 7063 7064 7165 7164
1 5 5851 5852 5953 5952 6962 6963 7064 7063
1 5 4740 4741 4842 4841 5851 5852 5953 5952
1 5 4841 4842 4943 4942 5952 5953 6054 6053
1 5 4942 4943 5044 5043 6053 6054 6155 6154
1 5 6053 6054 6155 6154 7164 7165 7266 7265
1 5 6054 6055 6156 6155 7165 7166 7267 7266
1 5 4943 4944 5045 5044 6054 6055 6156 6155
1 5 5044 5045 5146 5145 6155 6156 6257 6256
1 5 6155 6156 6257 6256 7266 7267 7368 7367
1 5 6154 6155 6256 6255 7265 7266 7367 7366
1 5 5043 5044 5145 5144 6154 6155 6256 6255
1 5 3932 3933 4034 4033 5043 5044 5145 5144
1 5 3933 3934 4035 4034 5044 5045 5146 5145
1 5 3832 3833 3934 3933 4943 4944 5045 5044
1 5 3831 3832 3933 3932 4942 4943 5044 5043
1 5 3730 3731 3832 3831 4841 4842 4943 4942
1 5 3731 3732 3833 3832 4842 4843 4944 4943
1 5 3630 3631 3732 3731 4741 4742 4843 4842
1 5 3629 3630 3731 3730 4740 4741 4842 4841
1 5 2518 2519 2620 2619 3629 3630 3731 3730
1 5 2519 2520 2621 2620 3630 3631 3732 3731
1 5 2620 2621 2722 2721 3731 3732 3833 3832
1 5 2619 2620 2721 2720 3730 3731 3832 3831
1 5 2720 2721 2822 2821 3831 3832 3933 3932
1 5 2721 2722 2823 2822 3832 3833 3934 3933
1 5 2822 2823 2924 2923 3933 3934 4035 4034
1 5 2821 2822 2923 2922 3932 3933 4034 4033
1 5 1710 1711 1812 1811 2821 2822 2923 2922
1 5 599 600 701 700 1710 1711 1812 1811
1 5 600 601 702 701 1711 1712 1813 1812
1 5 1711 1712 1813 1812 2822 2823 2924 2923
1 5 1610 1611 1712 1711 2721 2722 2823 2822
1 5 499 500 601 600 1610 1611 1712 1711
1 5 498 499 600 599 1609 1610 1711 1710
1 5 1609 1610 1711 1710 2720 2721 2822 2821
1 5 1508 1509 1610 1609 2619 2620 2721 2720
1 5 397 398 499 498 1508 1509 1610 1609
1 5 398 399 500 499 1509 1510 1611 1610
1 5 1509 1510 1611 1610 2620 2621 2722 2721
1 5 1408 1409 1510 1509 2519 2520 2621 2620
1 5 297 298 399 398 1408 1409 1510 1509
1 5 296 297 398 397 1407 1408 1509 1508
1 5 1407 1408 1509 1508 2518 2519 2620 2619
1 5 1306 1307 1408 1407 2417 2418 2519 2518
1 5 195 196 297 296 1306 1307 1408 1407
1 5 196 197 298 297 1307 1308 1409 1408
1 5 1307 1308 1409 1408 2418 2419 2520 2519
1 5 1206 1207 1308 1307 2317 2318 2419 2418
1 5 95 96 197 196 1206 1207 1308 1307
1 5 94 95 196 195 1205 1206 1307 1306
1 5 1205 1206 1307 1306 2316 2317 2418 2417
1 5 2316 2317 2418 2417 3427 3428 3529 3528
1 5 2317 2318 2419 2418 3428 3429 3530 3529
1 5 2418 2419 2520 2519 3529 3530 3631 3630
1 5 2417 2418 2519 2518 3528 3529 3630 3629
1 5 3528 3529 3630 3629 4639 4640 4741 4740
1 5 3529 3530 3631 3630 4640 4641 4742 4741
1 5 3428 3429 3530 3529 4539 4540 4641 4640
1 5 3427 3428 3529 3528 4538 4539 4640 4639
1 5 4538 4539 4640 4639 5649 5650 5751 5750
1 5 4639 4640 4741 4740 5750 5751 5852 5851
1 5 5750 5751 5852 5851 6861 6862 6963 6962
1 5 5649 5650 5751 5750 6760 6761 6862 6861
1 5 5650 5651 5752 5751 6761 6762 6863 6862
1 5 5751 5752 5853 5852 6862 6863 6964 6963
1 5 4640 4641 4742 4741 5751 5752 5853 5852
1 5 4539 4540 4641 4640 5650 5651 5752 5751
1 5 4540 4541 4642 4641 5651 5652 5753 5752
1 5 4641 4642 4743 4742 5752 5753 5854 5853
1 5 5752 5753 5854 5853 6863 6864 6965 6964
1 5 5651 5652 5753 5752 6762 6763 6864 6863
1 5 5652 5653 5754 5753 6763 6764 6865 6864
1 5 5753 5754 5855 5854 6864 6865 6966 6965
1 5 4642 4643 4744 4743 5753 5754 5855 5854
1 5 4541 4542 4643 4642 5652 5653 5754 5753
1 5 4542 4543 4644 4643 5653 5654 5755 5754
1 5 4643 4644 4745 4744 5754 5755 5856 5855
1 5 5754 5755 5856 5855 6865 6866 6967 6966
1 5 5653 5654 5755 5754 6764 6765 6866 6865
1 5 5654 5655 5756 5755 6765 6766 6867 6866
1 5 5755 5756 5857 5856 6866 6867 6968 6967
1 5 4644 4645 4746 4745 5755 5756 5857 5856
1 5 4543 4544 4645 4644 5654 5655 5756 5755
1 5 3432 3433 3534 3533 4543 4544 4645 4644
1 5 3533 3534 3635 3634 4644 4645 4746 4745
1 5 2422 2423 2524 2523 3533 3534 3635 3634
1 5 2321 2322 2423 2422 3432 3433 3534 3533
1 5 2320 2321 2422 2421 3431 3432 3533 3532
1 5 2421 2422 2523 2522 3532 3533 3634 3633
1 5 3532 3533 3634 3633 4643 4644 4745 4744
1 5 3431 3432 3533 3532 4542 4543 4644 4643
1 5 3430 3431 3532 3531 4541 4542 4643 4642
1 5 3429 3430 3531 3530 4540 4541 4642 4641
1 5 3530 3531 3632 3631 4641 4642 4743 4742
1 5 3531 3532 3633 3632 4642 4643 4744 4743
1 5 2420 2421 2522 2521 3531 3532 3633 3632
1 5 2419 2420 2521 2520 3530 3531 3632 3631
1 5 2318 2319 2420 2419 3429 3430 3531 3530
1 5 2319 2320 2421 2420 3430 3431 3532 3531
1 5 1208 1209 1310 1309 2319 2320 2421 2420
1 5 1207 1208 1309 1308 2318 2319 2420 2419
1 5 1308 1309 1410 1409 2419 2420 2521 2520
1 5 1309 1310 1411 1410 2420 2421 2522 2521
1 5 198 199 300 299 1309 1310 1411 1410
1 5 197 198 299 298 1308 1309 1410 1409
1 5 96 97 198 197 1207 1208 1309 1308
1 5 97 98 199 198 1208 1209 1310 1309
1 5 98 99 200 199 1209 1210 1311 1310
1 5 199 200 301 300 1310 1311 1412 1411
1 5 1310 1311 1412 1411 2421 2422 2523 2522
1 5 1209 1210 1311 1310 2320 2321 2422 2421
1 5 1210 1211 1312 1311 2321 2322 2423 2422
1 5 1311 1312 1413 1412 2422 2423 2524 2523
1 5 200 201 302 301 1311 1312 1413 1412
1 5 99 100 201 200 1210 1211 1312 1311

boundary
4200
1 3 0 101 102 1
1 3 1 102 103 2
1 3 2 103 104 3
1 3 3 104 105 4
1 3 4 105 106 5
1 3 5 106 107 6
1 3 6 107 108 7
1 3 7 108 109 8
1 3 8 109 110 9
1 3 9 110 111 10
1 3 10 111 112 11
1 3 11 112 113 12
1 3 12 113 114 13
1 3 13 114 115 14
1 3 14 115 116 15
1 3 15 116 117 16
1 3 16 117 118 17
1 3 17 118 119 18
1 3 18 119 120 19
1 3 19 120 121 20
1 3 20 121 122 21
1 3 21 122 123 22
1 3 22 123 124 23
1 3 23 124 125 24
1 3 24 125 126 25
1 3 25 126 127 26
1 3 26 127 128 27
1 3 27 128 129 28
1 3 28 129 130 29
1 3 29 130 131 30
1 3 30 131 132 31
1 3 31 132 133 32
1 3 32 133 134 33
1 3 33 134 135 34
1 3 34 135 136 35
1 3 35 136 137 36
1 3 36 137 138 37
1 3 37 138 139 38
1 3 38 139 140 39
1 3 39 140 141 40
1 3 40 141 142 41
1 3 41 142 143 42
1 3 42 143 144 43
1 3 43 144 145 44
1 3 44 145 146 45
1 3 45 146 147 46
1 3 46 147 148 47
1 3 47 148 149 48
1 3 48 149 150 49
1 3 49 150 151 50
1 3 50 151 152 51
1 3 51 152 153 52
1 3 52 153 154 53
1 3 53 154 155 54
1 3 54 155 156 55
1 3 55 156 157 56
1 3 56 157 158 57
1 3 57 158 159 58
1 3 58 159 160 59
1 3 59 160 161 60
1 3 60 161 162 61
1 3 61 162 163 62
1 3 62 163 164 63
1 3 63 164 165 64
1 3 64 165 166 65
1 3 65 166 167 66
1 3 66 167 168 67
1 3 67 168 169 68
1 3 68 169 170 69
1 3 69 170 171 70
1 3 70 171 172 71
1 3 71 172 173 72
1 3 72 173 174 73
1 3 73 174 175 74
1 3 74 175 176 75
1 3 75 176 177 76
1 3 76 177 178 77
1 3 77 178 179 78
1 3 78 179 180 79
1 3 79 180 181 80
1 3 80 181 182 81
1 3 81 182 183 82
1 3 82 183 184 83
1 3 83 184 185 84
1 3 84 185 186 85
1 3 85 186 187 86
1 3 86 187 188 87
1 3 87 188 189 88
1 3 88 189 190 89
1 3 89 190 191 90
1 3 90 191 192 91
1 3 91 192 193 92
1 3 92 193 194 93
1 3 93 194 195 94
1 3 94 195 196 95
1 3 95 196 197 96
1 3 96 197 198 97
1 3 97 198 199 98
1 3 98 199 200 99
1 3 99 200 201 100
1 3 101 202 203 102
1 3 102 203 204 103
1 3 103 204 205 104
1 3 104 205 206 105
1 3 105 206 207 106
1 3 106 207 208 107
1 3 107 208 209 108
1 3 108 209 210 109
1 3 109 210 211 110
1 3 110 211 212 111
1 3 111 212 213 112
1 3 112 213 214 113
1 3 113 214 215 114
1 3 114 215 216 115
1 3 115 216 217 116
1 3 116 217 218 117
1 3 117 218 219 118
1 3 118 219 220 119
1 3 119 220 221 120
1 3 120 221 222 121
1 3 121 222 223 122
1 3 122 223 224 123
1 3 123 224 225 124
1 3 124 225 226 125
1 3 125 226 227 126
1 3 126 227 228 127
1 3 127 228 229 128
1 3 128 229 230 129
1 3 129 230 231 130
1 3 130 231 232 131
1 3 131 232 233 132
1 3 132 233 234 133
1 3 133 234 235 134
1 3 134 235 236 135
1 3 135 236 237 136
1 3 136 237 238 137
1 3 137 238 239 138
1 3 138 239 240 139
1 3 139 240 241 140
1 3 140 241 242 141
1 3 141 242 243 142
1 3 142 243 244 143
1 3 143 244 245 144
1 3 144 245 246 145
1 3 145 246 247 146
1 3 146 247 248 147
1 3 147 248 249 148
1 3 148 249 250 149
1 3 149 250 251 150
1 3 150 251 252 151
1 3 151 252 253 152
1 3 152 253 254 153
1 3 153 254 255 154
1 3 154 255 256 155
1 3 155 256 257 156
1 3 156 257 258 157
1 3 157 258 259 158
1 3 158 259 260 159
1 3 159 260 261 160
1 3 160 261 262 161
1 3 161 262 263 162
1 3 162 263 264 163
1 3 163 264 265 164
1 3 164 265 266 165
1 3 165 266 267 166
1 3 166 267 268 167
1 3 167 268 269 168
1 3 168 269 270 169
1 3 169 270 271 170
1 3 170 271 272 171
1 3 171 272 273 172
1 3 172 273 274 173
1 3 173 274 275 174
1 3 174 275 276 175
1 3 175 276 277 176
1 3 176 277 278 177
1 3 177 278 279 178
1 3 178 279 280 179
1 3 179 280 281 180
1 3 180 281 282 181
1 3 181 282 283 182
1 3 182 283 284 183
1 3 183 284 285 184
1 3 184 285 286 185
1 3 185 286 287 186
1 3 186 287 288 187
1 3 187 288 289 188
1 3 188 289 290 189
1 3 189 290 291 190
1 3 190 291 292 191
1 3 191 292 293 192
1 3 192 293 294 193
1 3 193 294 295 194
1 3 194 295 296 195
1 3 195 296 297 196
1 3 196 297 298 197
1 3 197 298 299 198
1 3 198 299 300 199
1 3 199 300 301 200
1 3 200 301 302 201
1 3 202 303 304 203
1 3 203 304 305 204
1 3 204 305 306 205
1 3 205 306 307 206
1 3 206 307 308 207
1 3 207 308 309 208
1 3 208 309 310 209
1 3 209 310 311 210
1 3 210 311 312 211
1 3 211 312 313 212
1 3 212 313 314 213
1 3 213 314 315 214
1 3 214 315 316 215
1 3 215 316 317 216
1 3 216 317 318 217
1 3 217 318 319 218
1 3 218 319 320 219
1 3 219 320 321 220
1 3 220 321 322 221
1 3 221 322 323 222
1 3 222 323 324 223
1 3 223 324 325 224
1 3 224 325 326 225
1 3 225 326 327 226
1 3 226 327 328 227
1 3 227 328 329 228
1 3 228 329 330 229
1 3 229 330 331 230
1 3 230 331 332 231
1 3 231 332 333 232
1 3 232 333 334 233
1 3 233 334 335 234
1 3 234 335 336 235
1 3 235 336 337 236
1 3 236 337 338 237
1 3 237 338 339 238
1 3 238 339 340 239
1 3 239 340 341 240
1 3 240 341 342 241
1 3 241 342 343 242
1 3 242 343 344 243
1 3 243 344 345 244
1 3 244 345 346 245
1 3 245 346 347 246
1 3 246 347 348 247
1 3 247 348 349 248
1 3 248 349 350 249
1 3 249 350 351 250
1 3 250 351 352 251
1 3 251 352 353 252
1 3 252 353 354 253
1 3 253 354 355 254
1 3 254 355 356 255
1 3 255 356 357 256
1 3 256 357 358 257
1 3 257 358 359 258
1 3 258 359 360 259
1 3 259 360 361 260
1 3 260 361 362 261
1 3 261 362 363 262
1 3 262 363 364 263
1 3 263 364 365 264
1 3 264 365 366 265
1 3 265 366 367 266
1 3 266 367 368 267
1 3 267 368 369 268
1 3 268 369 370 269
1 3 269 370 371 270
1 3 270 371 372 271
1 3 271 372 373 272
1 3 272 373 374 273
1 3 273 374 375 274
1 3 274 375 376 275
1 3 275 376 377 276
1 3 276 377 378 277
1 3 277 378 379 278
1 3 278 379 380 279
1 3 279 380 381 280
1 3 280 381 382 281
1 3 281 382 383 282
1 3 282 383 384 283
1 3 283 384 385 284
1 3 284 385 386 285
1 3 285 386 387 286
1 3 286 387 388 287
1 3 287 388 389 288
1 3 288 389 390 289
1 3 289 390 391 290
1 3 290 391 392 291
1 3 291 392 393 292
1 3 292 393 394 293
1 3 293 394 395 294
1 3 294 395 396 295
1 3 295 396 397 296
1 3 296 397 398 297
1 3 297 398 399 298
1 3 298 399 400 299
1 3 299 400 401 300
1 3 300 401 402 301
1 3 301 402 403 302
1 3 303 404 405 304
1 3 304 405 406 305
1 3 305 406 407 306
1 3 306 407 408 307
1 3 307 408 409 308
1 3 308 409 410 309
1 3 309 410 411 310
1 3 310 411 412 311
1 3 311 412 413 312
1 3 312 413 414 313
1 3 313 414 415 314
1 3 314 415 416 315
1 3 315 416 417 316
1 3 316 417 418 317
1 3 317 418 419 318
1 3 318 419 420 319
1 3 319 420 421 320
1 3 320 421 422 321
1 3 321 422 423 322
1 3 322 423 424 323
1 3 323 424 425 324
1 3 324 425 426 325
1 3 325 426 427 326
1 3 326 427 428 327
1 3 327 428 429 328
1 3 328 429 430 329
1 3 329 430 431 330
1 3 330 431 432 331
1 3 331 432 433 332
1 3 332 433 434 333
1 3 333 434 435 334
1 3 334 435 436 335
1 3 335 436 437 336
1 3 336 437 438 337
1 3 337 438 439 338
1 3 338 439 440 339
1 3 339 440 441 340
1 3 340 441 442 341
1 3 341 442 443 342
1 3 342 443 444 343
1 3 343 444 445 344
1 3 344 445 446 345
1 3 345 446 447 346
1 3 346 447 448 347
1 3 347 448 449 348
1 3 348 449 450 349
1 3 349 450 451 350
1 3 350 451 452 351
1 3 351 452 453 352
1 3 352 453 454 353
1 3 353 454 455 354
1 3 354 455 456 355
1 3 355 456 457 356
1 3 356 457 458 357
1 3 357 458 459 358
1 3 358 459 460 359
1 3 359 460 461 360
1 3 360 461 462 361
1 3 361 462 463 362
1 3 362 463 464 363
1 3 363 464 465 364
1 3 364 465 466 365
1 3 365 466 467 366
1 3 366 467 468 367
1 3 367 468 469 368
1 3 368 469 470 369
1 3 369 470 471 370
1 3 370 471 472 371
1 3 371 472 473 372
1 3 372 473 474 373
1 3 373 474 475 374
1 3 374 475 476 375
1 3 375 476 477 376
1 3 376 477 478 377
1 3 377 478 479 378
1 3 378 479 480 379
1 3 379 480 481 380
1 3 380 481 482 381
1 3 381 482 483 382
1 3 382 483 484 383
1 3 383 484 485 384
1 3 384 485 486 385
1 3 385 486 487 386
1 3 386 487 488 387
1 3 387 488 489 388
1 3 388 489 490 389
1 3 389 490 491 390
1 3 390 491 492 391
1 3 391 492 493 392
1 3 392 493 494 393
1 3 393 494 495 394
1 3 394 495 496 395
1 3 395 496 497 396
1 3 396 497 498 397
1 3 397 498 499 398
1 3 398 499 500 399
1 3 399 500 501 400
1 3 400 501 502 401
1 3 401 502 503 402
1 3 402 503 504 403
1 3 404 505 506 405
1 3 405 506 507 406
1 3 406 507 508 407
1 3 407 508 509 408
1 3 408 509 510 409
1 3 409 510 511 410
1 3 410 511 512 411
1 3 411 512 513 412
1 3 412 513 514 413
1 3 413 514 515 414
1 3 414 515 516 415
1 3 415 516 517 416
1 3 416 517 518 417
1 3 417 518 519 418
1 3 418 519 520 419
1 3 419 520 521 420
1 3 420 521 522 421
1 3 421 522 523 422
1 3 422 523 524 423
1 3 423 524 525 424
1 3 424 525 526 425
1 3 425 526 527 426
1 3 426 527 528 427
1 3 427 528 529 428
1 3 428 529 530 429
1 3 429 530 531 430
1 3 430 531 532 431
1 3 431 532 533 432
1 3 432 533 534 433
1 3 433 534 535 434
1 3 434 535 536 435
1 3 435 536 537 436
1 3 436 537 538 437
1 3 437 538 539 438
1 3 438 539 540 439
1 3 439 540 541 440
1 3 440 541 542 441
1 3 441 542 543 442
1 3 442 543 544 443
1 3 443 544 545 444
1 3 444 545 546 445
1 3 445 546 547 446
1 3 446 547 548 447
1 3 447 548 549 448
1 3 448 549 550 449
1 3 449 550 551 450
1 3 450 551 552 451
1 3 451 552 553 452
1 3 452 553 554 453
1 3 453 554 555 454
1 3 454 555 556 455
1 3 455 556 557 456
1 3 456 557 558 457
1 3 457 558 559 458
1 3 458 559 560 459
1 3 459 560 561 460
1 3 460 561 562 461
1 3 461 562 563 462
1 3 462 563 564 463
1 3 463 564 565 464
1 3 464 565 566 465
1 3 465 566 567 466
1 3 466 567 568 467
1 3 467 568 569 468
1 3 468 569 570 469
1 3 469 570 571 470
1 3 470 571 572 471
1 3 471 572 573 472
1 3 472 573 574 473
1 3 473 574 575 474
1 3 474 575 576 475
1 3 475 576 577 476
1 3 476 577 578 477
1 3 477 578 579 478
1 3 478 579 580 479
1 3 479 580 581 480
1 3 480 581 582 481
1 3 481 582 583 482
1 3 482 583 584 483
1 3 483 584 585 484
1 3 484 585 586 485
1 3 485 586 587 486
1 3 486 587 588 487
1 3 487 588 589 488
1 3 488 589 590 489
1 3 489 590 591 490
1 3 490 591 592 491
1 3 491 592 593 492
1 3 492 593 594 493
1 3 493 594 595 494
1 3 494 595 596 495
1 3 495 596 597 496
1 3 496 597 598 497
1 3 497 598 599 498
1 3 498 599 600 499
1 3 499 600 601 500
1 3 500 601 602 501
1 3 501 602 603 502
1 3 502 603 604 503
1 3 503 604 605 504
1 3 505 606 607 506
1 3 506 607 608 507
1 3 507 608 609 508
1 3 508 609 610 509
1 3 509 610 611 510
1 3 510 611 612 511
1 3 511 612 613 512
1 3 512 613 614 513
1 3 513 614 615 514
1 3 514 615 616 515
1 3 515 616 617 516
1 3 516 617 618 517
1 3 517 618 619 518
1 3 518 619 620 519
1 3 519 620 621 520
1 3 520 621 622 521
1 3 521 622 623 522
1 3 522 623 624 523
1 3 523 624 625 524
1 3 524 625 626 525
1 3 525 626 627 526
1 3 526 627 628 527
1 3 527 628 629 528
1 3 528 629 630 529
1 3 529 630 631 530
1 3 530 631 632 531
1 3 531 632 633 532
1 3 532 633 634 533
1 3 533 634 635 534
1 3 534 635 636 535
1 3 535 636 637 536
1 3 536 637 638 537
1 3 537 638 639 538
1 3 538 639 640 539
1 3 539 640 641 540
1 3 540 641 642 541
1 3 541 642 643 542
1 3 542 643 644 543
1 3 543 644 645 544
1 3 544 645 646 545
1 3 545 646 647 546
1 3 546 647 648 547
1 3 547 648 649 548
1 3 548 649 650 549
1 3 549 650 651 550
1 3 550 651 652 551
1 3 551 652 653 552
1 3 552 653 654 553
1 3 553 654 655 554
1 3 554 655 656 555
1 3 555 656 657 556
1 3 556 657 658 557
1 3 557 658 659 558
1 3 558 659 660 559
1 3 559 660 661 560
1 3 560 661 662 561
1 3 561 662 663 562
1 3 562 663 664 563
1 3 563 664 665 564
1 3 564 665 666 565
1 3 565 666 667 566
1 3 566 667 668 567
1 3 567 668 669 568
1 3 568 669 670 569
1 3 569 670 671 570
1 3 570 671 672 571
1 3 571 672 673 572
1 3 572 673 674 573
1 3 573 674 675 574
1 3 574 675 676 575
1 3 575 676 677 576
1 3 576 677 678 577
1 3 577 678 679 578
1 3 578 679 680 579
1 3 579 680 681 580
1 3 580 681 682 581
1 3 581 682 683 582
1 3 582 683 684 583
1 3 583 684 685 584
1 3 584 685 686 585
1 3 585 686 687 586
1 3 586 687 688 587
1 3 587 688 689 588
1 3 588 689 690 589
1 3 589 690 691 590
1 3 590 691 692 591
1 3 591 692 693 592
1 3 592 693 694 593
1 3 593 694 695 594
1 3 594 695 696 595
1 3 595 696 697 596
1 3 596 697 698 597
1 3 597 698 699 598
1 3 598 699 700 599
1 3 599 700 701 600
1 3 600 701 702 601
1 3 601 702 703 602
1 3 602 703 704 603
1 3 603 704 705 604
1 3 604 705 706 605
1 3 606 707 708 607
1 3 607 708 709 608
1 3 608 709 710 609
1 3 609 710 711 610
1 3 610 711 712 611
1 3 611 712 713 612
1 3 612 713 714 613
1 3 613 714 715 614
1 3 614 715 716 615
1 3 615 716 717 616
1 3 616 717 718 617
1 3 617 718 719 618
1 3 618 719 720 619
1 3 619 720 721 620
1 3 620 721 722 621
1 3 621 722 723 622
1 3 622 723 724 623
1 3 623 724 725 624
1 3 624 725 726 625
1 3 625 726 727 626
1 3 626 727 728 627
1 3 627 728 729 628
1 3 628 729 730 629
1 3 629 730 731 630
1 3 630 731 732 631
1 3 631 732 733 632
1 3 632 733 734 633
1 3 633 734 735 634
1 3 634 735 736 635
1 3 635 736 737 636
1 3 636 737 738 637
1 3 637 738 739 638
1 3 638 739 740 639
1 3 639 740 741 640
1 3 640 741 742 641
1 3 641 742 743 642
1 3 642 743 744 643
1 3 643 744 745 644
1 3 644 745 746 645
1 3 645 746 747 646
1 3 646 747 748 647
1 3 647 748 749 648
1 3 648 749 750 649
1 3 649 750 751 650
1 3 650 751 752 651
1 3 651 752 753 652
1 3 652 753 754 653
1 3 653 754 755 654
1 3 654 755 756 655
1 3 655 756 757 656
1 3 656 757 758 657
1 3 657 758 759 658
1 3 658 759 760 659
1 3 659 760 761 660
1 3 660 761 762 661
1 3 661 762 763 662
1 3 662 763 764 663
1 3 663 764 765 664
1 3 664 765 766 665
1 3 665 766 767 666
1 3 666 767 768 667
1 3 667 768 769 668
1 3 668 769 770 669
1 3 669 770 771 670
1 3 670 771 772 671
1 3 671 772 773 672
1 3 672 773 774 673
1 3 673 774 775 674
1 3 674 775 776 675
1 3 675 776 777 676
1 3 676 777 778 677
1 3 677 778 779 678
1 3 678 779 780 679
1 3 679 780 781 680
1 3 680 781 782 681
1 3 681 782 783 682
1 3 682 783 784 683
1 3 683 784 785 684
1 3 684 785 786 685
1 3 685 786 787 686
1 3 686 787 788 687
1 3 687 788 789 688
1 3 688 789 790 689
1 3 689 790 791 690
1 3 690 791 792 691
1 3 691 792 793 692
1 3 692 793 794 693
1 3 693 794 795 694
1 3 694 795 796 695
1 3 695 796 797 696
1 3 696 797 798 697
1 3 697 798 799 698
1 3 698 799 800 699
1 3 699 800 801 700
1 3 700 801 802 701
1 3 701 802 803 702
1 3 702 803 804 703
1 3 703 804 805 704
1 3 704 805 806 705
1 3 705 806 807 706
1 3 707 808 809 708
1 3 708 809 810 709
1 3 709 810 811 710
1 3 710 811 812 711
1 3 711 812 813 712
1 3 712 813 814 713
1 3 713 814 815 714
1 3 714 815 816 715
1 3 715 816 817 716
1 3 716 817 818 717
1 3 717 818 819 718
1 3 718 819 820 719
1 3 719 820 821 720
1 3 720 821 822 721
1 3 721 822 823 722
1 3 722 823 824 723
1 3 723 824 825 724
1 3 724 825 826 725
1 3 725 826 827 726
1 3 726 827 828 727
1 3 727 828 829 728
1 3 728 829 830 729
1 3 729 830 831 730
1 3 730 831 832 731
1 3 731 832 833 732
1 3 732 833 834 733
1 3 733 834 835 734
1 3 734 835 836 735
1 3 735 836 837 736
1 3 736 837 838 737
1 3 737 838 839 738
1 3 738 839 840 739
1 3 739 840 841 740
1 3 740 841 842 741
1 3 741 842 843 742
1 3 742 843 844 743
1 3 743 844 845 744
1 3 744 845 846 745
1 3 745 846 847 746
1 3 746 847 848 747
1 3 747 848 849 748
1 3 748 849 850 749
1 3 749 850 851 750
1 3 750 851 852 751
1 3 751 852 853 752
1 3 752 853 854 753
1 3 753 854 855 754
1 3 754 855 856 755
1 3 755 856 857 756
1 3 756 857 858 757
1 3 757 858 859 758
1 3 758 859 860 759
1 3 759 860 861 760
1 3 760 861 862 761
1 3 761 862 863 762
1 3 762 863 864 763
1 3 763 864 865 764
1 3 764 865 866 765
1 3 765 866 867 766
1 3 766 867 868 767
1 3 767 868 869 768
1 3 768 869 870 769
1 3 769 870 871 770
1 3 770 871 872 771
1 3 771 872 873 772
1 3 772 873 874 773
1 3 773 874 875 774
1 3 774 875 876 775
1 3 775 876 877 776
1 3 776 877 878 777
1 3 777 878 879 778
1 3 778 879 880 779
1 3 779 880 881 780
1 3 780 881 882 781
1 3 781 882 883 782
1 3 782 883 884 783
1 3 783 884 885 784
1 3 784 885 886 785
1 3 785 886 887 786
1 3 786 887 888 787
1 3 787 888 889 788
1 3 788 889 890 789
1 3 789 890 891 790
1 3 790 891 892 791
1 3 791 892 893 792
1 3 792 893 894 793
1 3 793 894 895 794
1 3 794 895 896 795
1 3 795 896 897 796
1 3 796 897 898 797
1 3 797 898 899 798
1 3 798 899 900 799
1 3 799 900 901 800
1 3 800 901 902 801
1 3 801 902 903 802
1 3 802 903 904 803
1 3 803 904 905 804
1 3 804 905 906 805
1 3 805 906 907 806
1 3 806 907 908 807
1 3 808 909 910 809
1 3 809 910 911 810
1 3 810 911 912 811
1 3 811 912 913 812
1 3 812 913 914 813
1 3 813 914 915 814
1 3 814 915 916 815
1 3 815 916 917 816
1 3 816 917 918 817
1 3 817 918 919 818
1 3 818 919 920 819
1 3 819 920 921 820
1 3 820 921 922 821
1 3 821 922 923 822
1 3 822 923 924 823
1 3 823 924 925 824
1 3 824 925 926 825
1 3 825 926 927 826
1 3 826 927 928 827
1 3 827 928 929 828
1 3 828 929 930 829
1 3 829 930 931 830
1 3 830 931 932 831
1 3 831 932 933 832
1 3 832 933 934 833
1 3 833 934 935 834
1 3 834 935 936 835
1 3 835 936 937 836
1 3 836 937 938 837
1 3 837 938 939 838
1 3 838 939 940 839
1 3 839 940 941 840
1 3 840 941 942 841
1 3 841 942 943 842
1 3 842 943 944 843
1 3 843 944 945 844
1 3 844 945 946 845
1 3 845 946 947 846
1 3 846 947 948 847
1 3 847 948 949 848
1 3 848 949 950 849
1 3 849 950 951 850
1 3 850 951 952 851
1 3 851 952 953 852
1 3 852 953 954 853
1 3 853 954 955 854
1 3 854 955 956 855
1 3 855 956 957 856
1 3 856 957 958 857
1 3 857 958 959 858
1 3 858 959 960 859
1 3 859 960 961 860
1 3 860 961 962 861
1 3 861 962 963 862
1 3 862 963 964 863
1 3 863 964 965 864
1 3 864 965 966 865
1 3 865 966 967 866
1 3 866 967 968 867
1 3 867 968 969 868
1 3 868 969 970 869
1 3 869 970 971 870
1 3 870 971 972 871
1 3 871 972 973 872
1 3 872 973 974 873
1 3 873 974 975 874
1 3 874 975 976 875
1 3 875 976 977 876
1 3 876 977 978 877
1 3 877 978 979 878
1 3 878 979 980 879
1 3 879 980 981 880
1 3 880 981 982 881
1 3 881 982 983 882
1 3 882 983 984 883
1 3 883 984 985 884
1 3 884 985 986 885
1 3 885 986 987 886
1 3 886 987 988 887
1 3 887 988 989 888
1 3 888 989 990 889
1 3 889 990 991 890
1 3 890 991 992 891
1 3 891 992 993 892
1 3 892 993 994 893
1 3 893 994 995 894
1 3 894 995 996 895
1 3 895 996 997 896
1 3 896 997 998 897
1 3 897 998 999 898
1 3 898 999 1000 899
1 3 899 1000 1001 900
1 3 900 1001 1002 901
1 3 901 1002 1003 902
1 3 902 1003 1004 903
1 3 903 1004 1005 904
1 3 904 1005 1006 905
1 3 905 1006 1007 906
1 3 906 1007 1008 907
1 3 907 1008 1009 908
1 3 909 1010 1011 910
1 3 910 1011 1012 911
1 3 911 1012 1013 912
1 3 912 1013 1014 913
1 3 913 1014 1015 914
1 3 914 1015 1016 915
1 3 915 1016 1017 916
1 3 916 1017 1018 917
1 3 917 1018 1019 918
1 3 918 1019 1020 919
1 3 919 1020 1021 920
1 3 920 1021 1022 921
1 3 921 1022 1023 922
1 3 922 1023 1024 923
1 3 923 1024 1025 924
1 3 924 1025 1026 925
1 3 925 1026 1027 926
1 3 926 1027 1028 927
1 3 927 1028 1029 928
1 3 928 1029 1030 929
1 3 929 1030 1031 930
1 3 930 1031 1032 931
1 3 931 1032 1033 932
1 3 932 1033 1034 933
1 3 933 1034 1035 934
1 3 934 1035 1036 935
1 3 935 1036 1037 936
1 3 936 1037 1038 937
1 3 937 1038 1039 938
1 3 938 1039 1040 939
1 3 939 1040 1041 940
1 3 940 1041 1042 941
1 3 941 1042 1043 942
1 3 942 1043 1044 943
1 3 943 1044 1045 944
1 3 944 1045 1046 945
1 3 945 1046 1047 946
1 3 946 1047 1048 947
1 3 947 1048 1049 948
1 3 948 1049 1050 949
1 3 949 1050 1051 950
1 3 950 1051 1052 951
1 3 951 1052 1053 952
1 3 952 1053 1054 953
1 3 953 1054 1055 954
1 3 954 1055 1056 955
1 3 955 1056 1057 956
1 3 956 1057 1058 957
1 3 957 1058 1059 958
1 3 958 1059 1060 959
1 3 959 1060 1061 960
1 3 960 1061 1062 961
1 3 961 1062 1063 962
1 3 962 1063 1064 963
1 3 963 1064 1065 964
1 3 964 1065 1066 965
1 3 965 1066 1067 966
1 3 966 1067 1068 967
1 3 967 1068 1069 968
1 3 968 1069 1070 969
1 3 969 1070 1071 970
1 3 970 1071 1072 971
1 3 971 1072 1073 972
1 3 972 1073 1074 973
1 3 973 1074 1075 974
1 3 974 1075 1076 975
1 3 975 1076 1077 976
1 3 976 1077 1078 977
1 3 977 1078 1079 978
1 3 978 1079 1080 979
1 3 979 1080 1081 980
1 3 980 1081 1082 981
1 3 981 1082 1083 982
1 3 982 1083 1084 983
1 3 983 1084 1085 984
1 3 984 1085 1086 985
1 3 985 1086 1087 986
1 3 986 1087 1088 987
1 3 987 1088 1089 988
1 3 988 1089 1090 989
1 3 989 1090 1091 990
1 3 990 1091 1092 991
1 3 991 1092 1093 992
1 3 992 1093 1094 993
1 3 993 1094 1095 994
1 3 994 1095 1096 995
1 3 995 1096 1097 996
1 3 996 1097 1098 997
1 3 997 1098 1099 998
1 3 998 1099 1100 999
1 3 999 1100 1101 1000
1 3 1000 1101 1102 1001
1 3 1001 1102 1103 1002
1 3 1002 1103 1104 1003
1 3 1003 1104 1105 1004
1 3 1004 1105 1106 1005
1 3 1005 1106 1107 1006
1 3 1006 1107 1108 1007
1 3 1007 1108 1109 1008
1 3 1008 1109 1110 1009
6 3 11110 11111 11212 11211
6 3 11111 11112 11213 11212
6 3 11112 11113 11214 11213
6 3 11113 11114 11215 11214
6 3 11114 11115 11216 11215
6 3 11115 11116 11217 11216
6 3 11116 11117 11218 11217
6 3 11117 11118 11219 11218
6 3 11118 11119 11220 11219
6 3 11119 11120 11221 11220
6 3 11120 11121 11222 11221
6 3 11121 11122 11223 11222
6 3 11122 11123 11224 11223
6 3 11123 11124 11225 11224
6 3 11124 11125 11226 11225
6 3 11125 11126 11227 11226
6 3 11126 11127 11228 11227
6 3 11127 11128 11229 11228
6 3 11128 11129 11230 11229
6 3 11129 11130 11231 11230
6 3 11130 11131 11232 11231
6 3 11131 11132 11233 11232
6 3 11132 11133 11234 11233
6 3 11133 11134 11235 11234
6 3 11134 11135 11236 11235
6 3 11135 11136 11237 11236
6 3 11136 11137 11238 11237
6 3 11137 11138 11239 11238
6 3 11138 11139 11240 11239
6 3 11139 11140 11241 11240
6 3 11140 11141 11242 11241
6 3 11141 11142 11243 11242
6 3 11142 11143 11244 11243
6 3 11143 11144 11245 11244
6 3 11144 11145 11246 11245
6 3 11145 11146 11247 11246
6 3 11146 11147 11248 11247
6 3 11147 11148 11249 11248
6 3 11148 11149 11250 11249
6 3 11149 11150 11251 11250
6 3 11150 11151 11252 11251
6 3 11151 11152 11253 11252
6 3 11152 11153 11254 11253
6 3 11153 11154 11255 11254
6 3 11154 11155 11256 11255
6 3 11155 11156 11257 11256
6 3 11156 11157 11258 11257
6 3 11157 11158 11259 11258
6 3 11158 11159 11260 11259
6 3 11159 11160 11261 11260
6 3 11160 11161 11262 11261
6 3 11161 11162 11263 11262
6 3 11162 11163 11264 11263
6 3 11163 11164 11265 11264
6 3 11164 11165 11266 11265
6 3 11165 11166 11267 11266
6 3 11166 11167 11268 11267
6 3 11167 11168 11269 11268
6 3 11168 11169 11270 11269
6 3 11169 11170 11271 11270
6 3 11170 11171 11272 11271
6 3 11171 11172 11273 11272
6 3 11172 11173 11274 11273
6 3 11173 11174 11275 11274
6 3 11174 11175 11276 11275
6 3 11175 11176 11277 11276
6 3 11176 11177 11278 11277
6 3 11177 11178 11279 11278
6 3 11178 11179 11280 11279
6 3 11179 11180 11281 11280
6 3 11180 11181 11282 11281
6 3 11181 11182 11283 11282
6 3 11182 11183 11284 11283
6 3 11183 11184 11285 11284
6 3 11184 11185 11286 11285
6 3 11185 11186 11287 11286
6 3 11186 11187 11288 11287
6 3 11187 11188 11289 11288
6 3 11188 11189 11290 11289
6 3 11189 11190 11291 11290
6 3 11190 11191 11292 11291
6 3 11191 11192 11293 11292
6 3 11192 11193 11294 11293
6 3 11193 11194 11295 11294
6 3 11194 11195 11296 11295
6 3 11195 11196 11297 11296
6 3 11196 11197 11298 11297
6 3 11197 11198 11299 11298
6 3 11198 11199 11300 11299
6 3 11199 11200 11301 11300
6 3 11200 11201 11302 11301
6 3 11201 11202 11303 11302
6 3 11202 11203 11304 11303
6 3 11203 11204 11305 11304
6 3 11204 11205 11306 11305
6 3 11205 11206 11307 11306
6 3 11206 11207 11308 11307
6 3 11207 11208 11309 11308
6 3 11208 11209 11310 11309
6 3 11209 11210 11311 11310
6 3 11211 11212 11313 11312
6 3 11212 11213 11314 11313
6 3 11213 11214 11315 11314
6 3 11214 11215 11316 11315
6 3 11215 11216 11317 11316
6 3 11216 11217 11318 11317
6 3 11217 11218 11319 11318
6 3 11218 11219 11320 11319
6 3 11219 11220 11321 11320
6 3 11220 11221 11322 11321
6 3 11221 11222 11323 11322
6 3 11222 11223 11324 11323
6 3 11223 11224 11325 11324
6 3 11224 11225 11326 11325
6 3 11225 11226 11327 11326
6 3 11226 11227 11328 11327
6 3 11227 11228 11329 11328
6 3 11228 11229 11330 11329
6 3 11229 11230 11331 11330
6 3 11230 11231 11332 11331
6 3 11231 11232 11333 11332
6 3 11232 11233 11334 11333
6 3 11233 11234 11335 11334
6 3 11234 11235 11336 11335
6 3 11235 11236 11337 11336
6 3 11236 11237 11338 11337
6 3 11237 11238 11339 11338
6 3 11238 11239 11340 11339
6 3 11239 11240 11341 11340
6 3 11240 11241 11342 11341
6 3 11241 11242 11343 11342
6 3 11242 11243 11344 11343
6 3 11243 11244 11345 11344
6 3 11244 11245 11346 11345
6 3 11245 11246 11347 11346
6 3 11246 11247 11348 11347
6 3 11247 11248 11349 11348
6 3 11248 11249 11350 11349
6 3 11249 11250 11351 11350
6 3 11250 11251 11352 11351
6 3 11251 11252 11353 11352
6 3 11252 11253 11354 11353
6 3 11253 11254 11355 11354
6 3 11254 11255 11356 11355
6 3 11255 11256 11357 11356
6 3 11256 11257 11358 11357
6 3 11257 11258 11359 11358
6 3 11258 11259 11360 11359
6 3 11259 11260 11361 11360
6 3 11260 11261 11362 11361
6 3 11261 11262 11363 11362
6 3 11262 11263 11364 11363
6 3 11263 11264 11365 11364
6 3 11264 11265 11366 11365
6 3 11265 11266 11367 11366
6 3 11266 11267 11368 11367
6 3 11267 11268 11369 11368
6 3 11268 11269 11370 11369
6 3 11269 11270 11371 11370
6 3 11270 11271 11372 11371
6 3 11271 11272 11373 11372
6 3 11272 11273 11374 11373
6 3 11273 11274 11375 11374
6 3 11274 11275 11376 11375
6 3 11275 11276 11377 11376
6 3 11276 11277 11378 11377
6 3 11277 11278 11379 11378
6 3 11278 11279 11380 11379
6 3 11279 11280 11381 11380
6 3 11280 11281 11382 11381
6 3 11281 11282 11383 11382
6 3 11282 11283 11384 11383
6 3 11283 11284 11385 11384
6 3 11284 11285 11386 11385
6 3 11285 11286 11387 11386
6 3 11286 11287 11388 11387
6 3 11287 11288 11389 11388
6 3 11288 11289 11390 11389
6 3 11289 11290 11391 11390
6 3 11290 11291 11392 11391
6 3 11291 11292 11393 11392
6 3 11292 11293 11394 11393
6 3 11293 11294 11395 11394
6 3 11294 11295 11396 11395
6 3 11295 11296 11397 11396
6 3 11296 11297 11398 11397
6 3 11297 11298 11399 11398
6 3 11298 11299 11400 11399
6 3 11299 11300 11401 11400
6 3 11300 11301 11402 11401
6 3 11301 11302 11403 11402
6 3 11302 11303 11404 11403
6 3 11303 11304 11405 11404
6 3 11304 11305 11406 11405
6 3 11305 11306 11407 11406
6 3 11306 11307 11408 11407
6 3 11307 11308 11409 11408
6 3 11308 11309 11410 11409
6 3 11309 11310 11411 11410
6 3 11310 11311 11412 11411
6 3 11312 11313 11414 11413
6 3 11313 11314 11415 11414
6 3 11314 11315 11416 11415
6 3 11315 11316 11417 11416
6 3 11316 11317 11418 11417
6 3 11317 11318 11419 11418
6 3 11318 11319 11420 11419
6 3 11319 11320 11421 11420
6 3 11320 11321 11422 11421
6 3 11321 11322 11423 11422
6 3 11322 11323 11424 11423
6 3 11323 11324 11425 11424
6 3 11324 11325 11426 11425
6 3 11325 11326 11427 11426
6 3 11326 11327 11428 11427
6 3 11327 11328 11429 11428
6 3 11328 11329 11430 11429
6 3 11329 11330 11431 11430
6 3 11330 11331 11432 11431
6 3 11331 11332 11433 11432
6 3 11332 11333 11434 11433
6 3 11333 11334 11435 11434
6 3 11334 11335 11436 11435
6 3 11335 11336 11437 11436
6 3 11336 11337 11438 11437
6 3 11337 11338 11439 11438
6 3 11338 11339 11440 11439
6 3 11339 11340 11441 11440
6 3 11340 11341 11442 11441
6 3 11341 11342 11443 11442
6 3 11342 11343 11444 11443
6 3 11343 11344 11445 11444
6 3 11344 11345 11446 11445
6 3 11345 11346 11447 11446
6 3 11346 11347 11448 11447
6 3 11347 11348 11449 11448
6 3 11348 11349 11450 11449
6 3 11349 11350 11451 11450
6 3 11350 11351 11452 11451
6 3 11351 11352 11453 11452
6 3 11352 11353 11454 11453
6 3 11353 11354 11455 11454
6 3 11354 11355 11456 11455
6 3 11355 11356 11457 11456
6 3 11356 11357 11458 11457
6 3 11357 11358 11459 11458
6 3 11358 11359 11460 11459
6 3 11359 11360 11461 11460
6 3 11360 11361 11462 11461
6 3 11361 11362 11463 11462
6 3 11362 11363 11464 11463
6 3 11363 11364 11465 11464
6 3 11364 11365 11466 11465
6 3 11365 11366 11467 11466
6 3 11366 11367 11468 11467
6 3 11367 11368 11469 11468
6 3 11368 11369 11470 11469
6 3 11369 11370 11471 11470
6 3 11370 11371 11472 11471
6 3 11371 11372 11473 11472
6 3 11372 11373 11474 11473
6 3 11373 11374 11475 11474
6 3 11374 11375 11476 11475
6 3 11375 11376 11477 11476
6 3 11376 11377 11478 11477
6 3 11377 11378 11479 11478
6 3 11378 11379 11480 11479
6 3 11379 11380 11481 11480
6 3 11380 11381 11482 11481
6 3 11381 11382 11483 11482
6 3 11382 11383 11484 11483
6 3 11383 11384 11485 11484
6 3 11384 11385 11486 11485
6 3 11385 11386 11487 11486
6 3 11386 11387 11488 11487
6 3 11387 11388 11489 11488
6 3 11388 11389 11490 11489
6 3 11389 11390 11491 11490
6 3 11390 11391 11492 11491
6 3 11391 11392 11493 11492
6 3 11392 11393 11494 11493
6 3 11393 11394 11495 11494
6 3 11394 11395 11496 11495
6 3 11395 11396 11497 11496
6 3 11396 11397 11498 11497
6 3 11397 11398 11499 11498
6 3 11398 11399 11500 11499
6 3 11399 11400 11501 11500
6 3 11400 11401 11502 11501
6 3 11401 11402 11503 11502
6 3 11402 11403 11504 11503
6 3 11403 11404 11505 11504
6 3 11404 11405 11506 11505
6 3 11405 11406 11507 11506
6 3 11406 11407 11508 11507
6 3 11407 11408 11509 11508
6 3 11408 11409 11510 11509
6 3 11409 11410 11511 11510
6 3 11410 11411 11512 11511
6 3 11411 11412 11513 11512
6 3 11413 11414 11515 11514
6 3 11414 11415 11516 11515
6 3 11415 11416 11517 11516
6 3 11416 11417 11518 11517
6 3 11417 11418 11519 11518
6 3 11418 11419 11520 11519
6 3 11419 11420 11521 11520
6 3 11420 11421 11522 11521
6 3 11421 11422 11523 11522
6 3 11422 11423 11524 11523
6 3 11423 11424 11525 11524
6 3 11424 11425 11526 11525
6 3 11425 11426 11527 11526
6 3 11426 11427 11528 11527
6 3 11427 11428 11529 11528
6 3 11428 11429 11530 11529
6 3 11429 11430 11531 11530
6 3 11430 11431 11532 11531
6 3 11431 11432 11533 11532
6 3 11432 11433 11534 11533
6 3 11433 11434 11535 11534
6 3 11434 11435 11536 11535
6 3 11435 11436 11537 11536
6 3 11436 11437 11538 11537
6 3 11437 11438 11539 11538
6 3 11438 11439 11540 11539
6 3 11439 11440 11541 11540
6 3 11440 11441 11542 11541
6 3 11441 11442 11543 11542
6 3 11442 11443 11544 11543
6 3 11443 11444 11545 11544
6 3 11444 11445 11546 11545
6 3 11445 11446 11547 11546
6 3 11446 11447 11548 11547
6 3 11447 11448 11549 11548
6 3 11448 11449 11550 11549
6 3 11449 11450 11551 11550
6 3 11450 11451 11552 11551
6 3 11451 11452 11553 11552
6 3 11452 11453 11554 11553
6 3 11453 11454 11555 11554
6 3 11454 11455 11556 11555
6 3 11455 11456 11557 11556
6 3 11456 11457 11558 11557
6 3 11457 11458 11559 11558
6 3 11458 11459 11560 11559
6 3 11459 11460 11561 11560
6 3 11460 11461 11562 11561
6 3 11461 11462 11563 11562
6 3 11462 11463 11564 11563
6 3 11463 11464 11565 11564
6 3 11464 11465 11566 11565
6 3 11465 11466 11567 11566
6 3 11466 11467 11568 11567
6 3 11467 11468 11569 11568
6 3 11468 11469 11570 11569
6 3 11469 11470 11571 11570
6 3 11470 11471 11572 11571
6 3 11471 11472 11573 11572
6 3 11472 11473 11574 11573
6 3 11473 11474 11575 11574
6 3 11474 11475 11576 11575
6 3 11475 11476 11577 11576
6 3 11476 11477 11578 11577
6 3 11477 11478 11579 11578
6 3 11478 11479 11580 11579
6 3 11479 11480 11581 11580
6 3 11480 11481 11582 11581
6 3 11481 11482 11583 11582
6 3 11482 11483 11584 11583
6 3 11483 11484 11585 11584
6 3 11484 11485 11586 11585
6 3 11485 11486 11587 11586
6 3 11486 11487 11588 11587
6 3 11487 11488 11589 11588
6 3 11488 11489 11590 11589
6 3 11489 11490 11591 11590
6 3 11490 11491 11592 11591
6 3 11491 11492 11593 11592
6 3 11492 11493 11594 11593
6 3 11493 11494 11595 11594
6 3 11494 11495 11596 11595
6 3 11495 11496 11597 11596
6 3 11496 11497 11598 11597
6 3 11497 11498 11599 11598
6 3 11498 11499 11600 11599
6 3 11499 11500 11601 11600
6 3 11500 11501 11602 11601
6 3 11501 11502 11603 11602
6 3 11502 11503 11604 11603
6 3 11503 11504 11605 11604
6 3 11504 11505 11606 11605
6 3 11505 11506 11607 11606
6 3 11506 11507 11608 11607
6 3 11507 11508 11609 11608
6 3 11508 11509 11610 11609
6 3 11509 11510 11611 11610
6 3 11510 11511 11612 11611
6 3 11511 11512 11613 11612
6 3 11512 11513 11614 11613
6 3 11514 11515 11616 11615
6 3 11515 11516 11617 11616
6 3 11516 11517 11618 11617
6 3 11517 11518 11619 11618
6 3 11518 11519 11620 11619
6 3 11519 11520 11621 11620
6 3 11520 11521 11622 11621
6 3 11521 11522 11623 11622
6 3 11522 11523 11624 11623
6 3 11523 11524 11625 11624
6 3 11524 11525 11626 11625
6 3 11525 11526 11627 11626
6 3 11526 11527 11628 11627
6 3 11527 11528 11629 11628
6 3 11528 11529 11630 11629
6 3 11529 11530 11631 11630
6 3 11530 11531 11632 11631
6 3 11531 11532 11633 11632
6 3 11532 11533 11634 11633
6 3 11533 11534 11635 11634
6 3 11534 11535 11636 11635
6 3 11535 11536 11637 11636
6 3 11536 11537 11638 11637
6 3 11537 11538 11639 11638
6 3 11538 11539 11640 11639
6 3 11539 11540 11641 11640
6 3 11540 11541 11642 11641
6 3 11541 11542 11643 11642
6 3 11542 11543 11644 11643
6 3 11543 11544 11645 11644
6 3 11544 11545 11646 11645
6 3 11545 11546 11647 11646
6 3 11546 11547 11648 11647
6 3 11547 11548 11649 11648
6 3 11548 11549 11650 11649
6 3 11549 11550 11651 11650
6 3 11550 11551 11652 11651
6 3 11551 11552 11653 11652
6 3 11552 11553 11654 11653
6 3 11553 11554 11655 11654
6 3 11554 11555 11656 11655
6 3 11555 11556 11657 11656
6 3 11556 11557 11658 11657
6 3 11557 11558 11659 11658
6 3 11558 11559 11660 11659
6 3 11559 11560 11661 11660
6 3 11560 11561 11662 11661
6 3 11561 11562 11663 11662
6 3 11562 11563 11664 11663
6 3 11563 11564 11665 11664
6 3 11564 11565 11666 11665
6 3 11565 11566 11667 11666
6 3 11566 11567 11668 11667
6 3 11567 11568 11669 11668
6 3 11568 11569 11670 11669
6 3 11569 11570 11671 11670
6 3 11570 11571 11672 11671
6 3 11571 11572 11673 11672
6 3 11572 11573 11674 11673
6 3 11573 11574 11675 11674
6 3 11574 11575 11676 11675
6 3 11575 11576 11677 11676
6 3 11576 11577 11678 11677
6 3 11577 11578 11679 11678
6 3 11578 11579 11680 11679
6 3 11579 11580 11681 11680
6 3 11580 11581 11682 11681
6 3 11581 11582 11683 11682
6 3 11582 11583 11684 11683
6 3 11583 11584 11685 11684
6 3 11584 11585 11686 11685
6 3 11585 11586 11687 11686
6 3 11586 11587 11688 11687
6 3 11587 11588 11689 11688
6 3 11588 11589 11690 11689
6 3 11589 11590 11691 11690
6 3 11590 11591 11692 11691
6 3 11591 11592 11693 11692
6 3 11592 11593 11694 11693
6 3 11593 11594 11695 11694
6 3 11594 11595 11696 11695
6 3 11595 11596 11697 11696
6 3 11596 11597 11698 11697
6 3 11597 11598 11699 11698
6 3 11598 11599 11700 11699
6 3 11599 11600 11701 11700
6 3 11600 11601 11702 11701
6 3 11601 11602 11703 11702
6 3 11602 11603 11704 11703
6 3 11603 11604 11705 11704
6 3 11604 11605 11706 11705
6 3 11605 11606 11707 11706
6 3 11606 11607 11708 11707
6 3 11607 11608 11709 11708
6 3 11608 11609 11710 11709
6 3 11609 11610 11711 11710
6 3 11610 11611 11712 11711
6 3 11611 11612 11713 11712
6 3 11612 11613 11714 11713
6 3 11613 11614 11715 11714
6 3 11615 11616 11717 11716
6 3 11616 11617 11718 11717
6 3 11617 11618 11719 11718
6 3 11618 11619 11720 11719
6 3 11619 11620 11721 11720
6 3 11620 11621 11722 11721
6 3 11621 11622 11723 11722
6 3 11622 11623 11724 11723
6 3 11623 11624 11725 11724
6 3 11624 11625 11726 11725
6 3 11625 11626 11727 11726
6 3 11626 11627 11728 11727
6 3 11627 11628 11729 11728
6 3 11628 11629 11730 11729
6 3 11629 11630 11731 11730
6 3 11630 11631 11732 11731
6 3 11631 11632 11733 11732
6 3 11632 11633 11734 11733
6 3 11633 11634 11735 11734
6 3 11634 11635 11736 11735
6 3 11635 11636 11737 11736
6 3 11636 11637 11738 11737
6 3 11637 11638 11739 11738
6 3 11638 11639 11740 11739
6 3 11639 11640 11741 11740
6 3 11640 11641 11742 11741
6 3 11641 11642 11743 11742
6 3 11642 11643 11744 11743
6 3 11643 11644 11745 11744
6 3 11644 11645 11746 11745
6 3 11645 11646 11747 11746
6 3 11646 11647 11748 11747
6 3 11647 11648 11749 11748
6 3 11648 11649 11750 11749
6 3 11649 11650 11751 11750
6 3 11650 11651 11752 11751
6 3 11651 11652 11753 11752
6 3 11652 11653 11754 11753
6 3 11653 11654 11755 11754
6 3 11654 11655 11756 11755
6 3 11655 11656 11757 11756
6 3 11656 11657 11758 11757
6 3 11657 11658 11759 11758
6 3 11658 11659 11760 11759
6 3 11659 11660 11761 11760
6 3 11660 11661 11762 11761
6 3 11661 11662 11763 11762
6 3 11662 11663 11764 11763
6 3 11663 11664 11765 11764
6 3 11664 11665 11766 11765
6 3 11665 11666 11767 11766
6 3 11666 11667 11768 11767
6 3 11667 11668 11769 11768
6 3 11668 11669 11770 11769
6 3 11669 11670 11771 11770
6 3 11670 11671 11772 11771
6 3 11671 11672 11773 11772
6 3 11672 11673 11774 11773
6 3 11673 11674 11775 11774
6 3 11674 11675 11776 11775
6 3 11675 11676 11777 11776
6 3 11676 11677 11778 11777
6 3 11677 11678 11779 11778
6 3 11678 11679 11780 11779
6 3 11679 11680 11781 11780
6 3 11680 11681 11782 11781
6 3 11681 11682 11783 11782
6 3 11682 11683 11784 11783
6 3 11683 11684 11785 11784
6 3 11684 11685 11786 11785
6 3 11685 11686 11787 11786
6 3 11686 11687 11788 11787
6 3 11687 11688 11789 11788
6 3 11688 11689 11790 11789
6 3 11689 11690 11791 11790
6 3 11690 11691 11792 11791
6 3 11691 11692 11793 11792
6 3 11692 11693 11794 11793
6 3 11693 11694 11795 11794
6 3 11694 11695 11796 11795
6 3 11695 11696 11797 11796
6 3 11696 11697 11798 11797
6 3 11697 11698 11799 11798
6 3 11698 11699 11800 11799
6 3 11699 11700 11801 11800
6 3 11700 11701 11802 11801
6 3 11701 11702 11803 11802
6 3 11702 11703 11804 11803
6 3 11703 11704 11805 11804
6 3 11704 11705 11806 11805
6 3 11705 11706 11807 11806
6 3 11706 11707 11808 11807
6 3 11707 11708 11809 11808
6 3 11708 11709 11810 11809
6 3 11709 11710 11811 11810
6 3 11710 11711 11812 11811
6 3 11711 11712 11813 11812
6 3 11712 11713 11814 11813
6 3 11713 11714 11815 11814
6 3 11714 11715 11816 11815
6 3 11716 11717 11818 11817
6 3 11717 11718 11819 11818
6 3 11718 11719 11820 11819
6 3 11719 11720 11821 11820
6 3 11720 11721 11822 11821
6 3 11721 11722 11823 11822
6 3 11722 11723 11824 11823
6 3 11723 11724 11825 11824
6 3 11724 11725 11826 11825
6 3 11725 11726 11827 11826
6 3 11726 11727 11828 11827
6 3 11727 11728 11829 11828
6 3 11728 11729 11830 11829
6 3 11729 11730 11831 11830
6 3 11730 11731 11832 11831
6 3 11731 11732 11833 11832
6 3 11732 11733 11834 11833
6 3 11733 11734 11835 11834
6 3 11734 11735 11836 11835
6 3 11735 11736 11837 11836
6 3 11736 11737 11838 11837
6 3 11737 11738 11839 11838
6 3 11738 11739 11840 11839
6 3 11739 11740 11841 11840
6 3 11740 11741 11842 11841
6 3 11741 11742 11843 11842
6 3 11742 11743 11844 11843
6 3 11743 11744 11845 11844
6 3 11744 11745 11846 11845
6 3 11745 11746 11847 11846
6 3 11746 11747 11848 11847
6 3 11747 11748 11849 11848
6 3 11748 11749 11850 11849
6 3 11749 11750 11851 11850
6 3 11750 11751 11852 11851
6 3 11751 11752 11853 11852
6 3 11752 11753 11854 11853
6 3 11753 11754 11855 11854
6 3 11754 11755 11856 11855
6 3 11755 11756 11857 11856
6 3 11756 11757 11858 11857
6 3 11757 11758 11859 11858
6 3 11758 11759 11860 11859
6 3 11759 11760 11861 11860
6 3 11760 11761 11862 11861
6 3 11761 11762 11863 11862
6 3 11762 11763 11864 11863
6 3 11763 11764 11865 11864
6 3 11764 11765 11866 11865
6 3 11765 11766 11867 11866
6 3 11766 11767 11868 11867
6 3 11767 11768 11869 11868
6 3 11768 11769 11870 11869
6 3 11769 11770 11871 11870
6 3 11770 11771 11872 11871
6 3 11771 11772 11873 11872
6 3 11772 11773 11874 11873
6 3 11773 11774 11875 11874
6 3 11774 11775 11876 11875
6 3 11775 11776 11877 11876
6 3 11776 11777 11878 11877
6 3 11777 11778 11879 11878
6 3 11778 11779 11880 11879
6 3 11779 11780 11881 11880
6 3 11780 11781 11882 11881
6 3 11781 11782 11883 11882
6 3 11782 11783 11884 11883
6 3 11783 11784 11885 11884
6 3 11784 11785 11886 11885
6 3 11785 11786 11887 11886
6 3 11786 11787 11888 11887
6 3 11787 11788 11889 11888
6 3 11788 11789 11890 11889
6 3 11789 11790 11891 11890
6 3 11790 11791 11892 11891
6 3 11791 11792 11893 11892
6 3 11792 11793 11894 11893
6 3 11793 11794 11895 11894
6 3 11794 11795 11896 11895
6 3 11795 11796 11897 11896
6 3 11796 11797 11898 11897
6 3 11797 11798 11899 11898
6 3 11798 11799 11900 11899
6 3 11799 11800 11901 11900
6 3 11800 11801 11902 11901
6 3 11801 11802 11903 11902
6 3 11802 11803 11904 11903
6 3 11803 11804 11905 11904
6 3 11804 11805 11906 11905
6 3 11805 11806 11907 11906
6 3 11806 11807 11908 11907
6 3 11807 11808 11909 11908
6 3 11808 11809 11910 11909
6 3 11809 11810 11911 11910
6 3 11810 11811 11912 11911
6 3 11811 11812 11913 11912
6 3 11812 11813 11914 11913
6 3 11813 11814 11915 11914
6 3 11814 11815 11916 11915
6 3 11815 11816 11917 11916
6 3 11817 11818 11919 11918
6 3 11818 11819 11920 11919
6 3 11819 11820 11921 11920
6 3 11820 11821 11922 11921
6 3 11821 11822 11923 11922
6 3 11822 11823 11924 11923
6 3 11823 11824 11925 11924
6 3 11824 11825 11926 11925
6 3 11825 11826 11927 11926
6 3 11826 11827 11928 11927
6 3 11827 11828 11929 11928
6 3 11828 11829 11930 11929
6 3 11829 11830 11931 11930
6 3 11830 11831 11932 11931
6 3 11831 11832 11933 11932
6 3 11832 11833 11934 11933
6 3 11833 11834 11935 11934
6 3 11834 11835 11936 11935
6 3 11835 11836 11937 11936
6 3 11836 11837 11938 11937
6 3 11837 11838 11939 11938
6 3 11838 11839 11940 11939
6 3 11839 11840 11941 11940
6 3 11840 11841 11942 11941
6 3 11841 11842 11943 11942
6 3 11842 11843 11944 11943
6 3 11843 11844 11945 11944
6 3 11844 11845 11946 11945
6 3 11845 11846 11947 11946
6 3 11846 11847 11948 11947
6 3 11847 11848 11949 11948
6 3 11848 11849 11950 11949
6 3 11849 11850 11951 11950
6 3 11850 11851 11952 11951
6 3 11851 11852 11953 11952
6 3 11852 11853 11954 11953
6 3 11853 11854 11955 11954
6 3 11854 11855 11956 11955
6 3 11855 11856 11957 11956
6 3 11856 11857 11958 11957
6 3 11857 11858 11959 11958
6 3 11858 11859 11960 11959
6 3 11859 11860 11961 11960
6 3 11860 11861 11962 11961
6 3 11861 11862 11963 11962
6 3 11862 11863 11964 11963
6 3 11863 11864 11965 11964
6 3 11864 11865 11966 11965
6 3 11865 11866 11967 11966
6 3 11866 11867 11968 11967
6 3 11867 11868 11969 11968
6 3 11868 11869 11970 11969
6 3 11869 11870 11971 11970
6 3 11870 11871 11972 11971
6 3 11871 11872 11973 11972
6 3 11872 11873 11974 11973
6 3 11873 11874 11975 11974
6 3 11874 11875 11976 11975
6 3 11875 11876 11977 11976
6 3 11876 11877 11978 11977
6 3 11877 11878 11979 11978
6 3 11878 11879 11980 11979
6 3 11879 11880 11981 11980
6 3 11880 11881 11982 11981
6 3 11881 11882 11983 11982
6 3 11882 11883 11984 11983
6 3 11883 11884 11985 11984
6 3 11884 11885 11986 11985
6 3 11885 11886 11987 11986
6 3 11886 11887 11988 11987
6 3 11887 11888 11989 11988
6 3 11888 11889 11990 11989
6 3 11889 11890 11991 11990
6 3 11890 11891 11992 11991
6 3 11891 11892 11993 11992
6 3 11892 11893 11994 11993
6 3 11893 11894 11995 11994
6 3 11894 11895 11996 11995
6 3 11895 11896 11997 11996
6 3 11896 11897 11998 11997
6 3 11897 11898 11999 11998
6 3 11898 11899 12000 11999
6 3 11899 11900 12001 12000
6 3 11900 11901 12002 12001
6 3 11901 11902 12003 12002
6 3 11902 11903 12004 12003
6 3 11903 11904 12005 12004
6 3 11904 11905 12006 12005
6 3 11905 11906 12007 12006
6 3 11906 11907 12008 12007
6 3 11907 11908 12009 12008
6 3 11908 11909 12010 12009
6 3 11909 11910 12011 12010
6 3 11910 11911 12012 12011
6 3 11911 11912 12013 12012
6 3 11912 11913 12014 12013
6 3 11913 11914 12015 12014
6 3 11914 11915 12016 12015
6 3 11915 11916 12017 12016
6 3 11916 11917 12018 12017
6 3 11918 11919 12020 12019
6 3 11919 11920 12021 12020
6 3 11920 11921 12022 12021
6 3 11921 11922 12023 12022
6 3 11922 11923 12024 12023
6 3 11923 11924 12025 12024
6 3 11924 11925 12026 12025
6 3 11925 11926 12027 12026
6 3 11926 11927 12028 12027
6 3 11927 11928 12029 12028
6 3 11928 11929 12030 12029
6 3 11929 11930 12031 12030
6 3 11930 11931 12032 12031
6 3 11931 11932 12033 12032
6 3 11932 11933 12034 12033
6 3 11933 11934 12035 12034
6 3 11934 11935 12036 12035
6 3 11935 11936 12037 12036
6 3 11936 11937 12038 12037
6 3 11937 11938 12039 12038
6 3 11938 11939 12040 12039
6 3 11939 11940 12041 12040
6 3 11940 11941 12042 12041
6 3 11941 11942 12043 12042
6 3 11942 11943 12044 12043
6 3 11943 11944 12045 12044
6 3 11944 11945 12046 12045
6 3 11945 11946 12047 12046
6 3 11946 11947 12048 12047
6 3 11947 11948 12049 12048
6 3 11948 11949 12050 12049
6 3 11949 11950 12051 12050
6 3 11950 11951 12052 12051
6 3 11951 11952 12053 12052
6 3 11952 11953 12054 12053
6 3 11953 11954 12055 12054
6 3 11954 11955 12056 12055
6 3 11955 11956 12057 12056
6 3 11956 11957 12058 12057
6 3 11957 11958 12059 12058
6 3 11958 11959 12060 12059
6 3 11959 11960 12061 12060
6 3 11960 11961 12062 12061
6 3 11961 11962 12063 12062
6 3 11962 11963 12064 12063
6 3 11963 11964 12065 12064
6 3 11964 11965 12066 12065
6 3 11965 11966 12067 12066
6 3 11966 11967 12068 12067
6 3 11967 11968 12069 12068
6 3 11968 11969 12070 12069
6 3 11969 11970 12071 12070
6 3 11970 11971 12072 12071
6 3 11971 11972 12073 12072
6 3 11972 11973 12074 12073
6 3 11973 11974 12075 12074
6 3 11974 11975 12076 12075
6 3 11975 11976 12077 12076
6 3 11976 11977 12078 12077
6 3 11977 11978 12079 12078
6 3 11978 11979 12080 12079
6 3 11979 11980 12081 12080
6 3 11980 11981 12082 12081
6 3 11981 11982 12083 12082
6 3 11982 11983 12084 12083
6 3 11983 11984 12085 12084
6 3 11984 11985 12086 12085
6 3 11985 11986 12087 12086
6 3 11986 11987 12088 12087
6 3 11987 11988 12089 12088
6 3 11988 11989 12090 12089
6 3 11989 11990 12091 12090
6 3 11990 11991 12092 12091
6 3 11991 11992 12093 12092
6 3 11992 11993 12094 12093
6 3 11993 11994 12095 12094
6 3 11994 11995 12096 12095
6 3 11995 11996 12097 12096
6 3 11996 11997 12098 12097
6 3 11997 11998 12099 12098
6 3 11998 11999 12100 12099
6 3 11999 12000 12101 12100
6 3 12000 12001 12102 12101
6 3 12001 12002 12103 12102
6 3 12002 12003 12104 12103
6 3 12003 12004 12105 12104
6 3 12004 12005 12106 12105
6 3 12005 12006 12107 12106
6 3 12006 12007 12108 12107
6 3 12007 12008 12109 12108
6 3 12008 12009 12110 12109
6 3 12009 12010 12111 12110
6 3 12010 12011 12112 12111
6 3 12011 12012 12113 12112
6 3 12012 12013 12114 12113
6 3 12013 12014 12115 12114
6 3 12014 12015 12116 12115
6 3 12015 12016 12117 12116
6 3 12016 12017 12118 12117
6 3 12017 12018 12119 12118
6 3 12019 12020 12121 12120
6 3 12020 12021 12122 12121
6 3 12021 12022 12123 12122
6 3 12022 12023 12124 12123
6 3 12023 12024 12125 12124
6 3 12024 12025 12126 12125
6 3 12025 12026 12127 12126
6 3 12026 12027 12128 12127
6 3 12027 12028 12129 12128
6 3 12028 12029 12130 12129
6 3 12029 12030 12131 12130
6 3 12030 12031 12132 12131
6 3 12031 12032 12133 12132
6 3 12032 12033 12134 12133
6 3 12033 12034 12135 12134
6 3 12034 12035 12136 12135
6 3 12035 12036 12137 12136
6 3 12036 12037 12138 12137
6 3 12037 12038 12139 12138
6 3 12038 12039 12140 12139
6 3 12039 12040 12141 12140
6 3 12040 12041 12142 12141
6 3 12041 12042 12143 12142
6 3 12042 12043 12144 12143
6 3 12043 12044 12145 12144
6 3 12044 12045 12146 12145
6 3 12045 12046 12147 12146
6 3 12046 12047 12148 12147
6 3 12047 12048 12149 12148
6 3 12048 12049 12150 12149
6 3 12049 12050 12151 12150
6 3 12050 12051 12152 12151
6 3 12051 12052 12153 12152
6 3 12052 12053 12154 12153
6 3 12053 12054 12155 12154
6 3 12054 12055 12156 12155
6 3 12055 12056 12157 12156
6 3 12056 12057 12158 12157
6 3 12057 12058 12159 12158
6 3 12058 12059 12160 12159
6 3 12059 12060 12161 12160
6 3 12060 12061 12162 12161
6 3 12061 12062 12163 12162
6 3 12062 12063 12164 12163
6 3 12063 12064 12165 12164
6 3 12064 12065 12166 12165
6 3 12065 12066 12167 12166
6 3 12066 12067 12168 12167
6 3 12067 12068 12169 12168
6 3 12068 12069 12170 12169
6 3 12069 12070 12171 12170
6 3 12070 12071 12172 12171
6 3 12071 12072 12173 12172
6 3 12072 12073 12174 12173
6 3 12073 12074 12175 12174
6 3 12074 12075 12176 12175
6 3 12075 12076 12177 12176
6 3 12076 12077 12178 12177
6 3 12077 12078 12179 12178
6 3 12078 12079 12180 12179
6 3 12079 12080 12181 12180
6 3 12080 12081 12182 12181
6 3 12081 12082 12183 12182
6 3 12082 12083 12184 12183
6 3 12083 12084 12185 12184
6 3 12084 12085 12186 12185
6 3 12085 12086 12187 12186
6 3 12086 12087 12188 12187
6 3 12087 12088 12189 12188
6 3 12088 12089 12190 12189
6 3 12089 12090 12191 12190
6 3 12090 12091 12192 12191
6 3 12091 12092 12193 12192
6 3 12092 12093 12194 12193
6 3 12093 12094 12195 12194
6 3 12094 12095 12196 12195
6 3 12095 12096 12197 12196
6 3 12096 12097 12198 12197
6 3 12097 12098 12199 12198
6 3 12098 12099 12200 12199
6 3 12099 12100 12201 12200
6 3 12100 12101 12202 12201
6 3 12101 12102 12203 12202
6 3 12102 12103 12204 12203
6 3 12103 12104 12205 12204
6 3 12104 12105 12206 12205
6 3 12105 12106 12207 12206
6 3 12106 12107 12208 12207
6 3 12107 12108 12209 12208
6 3 12108 12109 12210 12209
6 3 12109 12110 12211 12210
6 3 12110 12111 12212 12211
6 3 12111 12112 12213 12212
6 3 12112 12113 12214 12213
6 3 12113 12114 12215 12214
6 3 12114 12115 12216 12215
6 3 12115 12116 12217 12216
6 3 12116 12117 12218 12217
6 3 12117 12118 12219 12218
6 3 12118 12119 12220 12219
5 3 0 1111 1212 101
5 3 101 1212 1313 202
5 3 202 1313 1414 303
5 3 303 1414 1515 404
5 3 404 1515 1616 505
5 3 505 1616 1717 606
5 3 606 1717 1818 707
5 3 707 1818 1919 808
5 3 808 1919 2020 909
5 3 909 2020 2121 1010
5 3 1111 2222 2323 1212
5 3 1212 2323 2424 1313
5 3 1313 2424 2525 1414
5 3 1414 2525 2626 1515
5 3 1515 2626 2727 1616
5 3 1616 2727 2828 1717
5 3 1717 2828 2929 1818
5 3 1818 2929 3030 1919
5 3 1919 3030 3131 2020
5 3 2020 3131 3232 2121
5 3 2222 3333 3434 2323
5 3 2323 3434 3535 2424
5 3 2424 3535 3636 2525
5 3 2525 3636 3737 2626
5 3 2626 3737 3838 2727
5 3 2727 3838 3939 2828
5 3 2828 3939 4040 2929
5 3 2929 4040 4141 3030
5 3 3030 4141 4242 3131
5 3 3131 4242 4343 3232
5 3 3333 4444 4545 3434
5 3 3434 4545 4646 3535
5 3 3535 4646 4747 3636
5 3 3636 4747 4848 3737
5 3 3737 4848 4949 3838
5 3 3838 4949 5050 3939
5 3 3939 5050 5151 4040
5 3 4040 5151 5252 4141
5 3 4141 5252 5353 4242
5 3 4242 5353 5454 4343
5 3 4444 5555 5656 4545
5 3 4545 5656 5757 4646
5 3 4646 5757 5858 4747
5 3 4747 5858 5959 4848
5 3 4848 5959 6060 4949
5 3 4949 6060 6161 5050
5 3 5050 6161 6262 5151
5 3 5151 6262 6363 5252
5 3 5252 6363 6464 5353
5 3 5353 6464 6565 5454
5 3 5555 6666 6767 5656
5 3 5656 6767 6868 5757
5 3 5757 6868 6969 5858
5 3 5858 6969 7070 5959
5 3 5959 7070 7171 6060
5 3 6060 7171 7272 6161
5 3 6161 7272 7373 6262
5 3 6262 7373 7474 6363
5 3 6363 7474 7575 6464
5 3 6464 7575 7676 6565
5 3 6666 7777 7878 6767
5 3 6767 7878 7979 6868
5 3 6868 7979 8080 6969
5 3 6969 8080 8181 7070
5 3 7070 8181 8282 7171
5 3 7171 8282 8383 7272
5 3 7272 8383 8484 7373
5 3 7373 8484 8585 7474
5 3 7474 8585 8686 7575
5 3 7575 8686 8787 7676
5 3 7777 8888 8989 7878
5 3 7878 8989 9090 7979
5 3 7979 9090 9191 8080
5 3 8080 9191 9292 8181
5 3 8181 9292 9393 8282
5 3 8282 9393 9494 8383
5 3 8383 9494 9595 8484
5 3 8484 9595 9696 8585
5 3 8585 9696 9797 8686
5 3 8686 9797 9898 8787
5 3 8888 9999 10100 8989
5 3 8989 10100 10201 9090
5 3 9090 10201 10302 9191
5 3 9191 10302 10403 9292
5 3 9292 10403 10504 9393
5 3 9393 10504 10605 9494
5 3 9494 10605 10706 9595
5 3 9595 10706 10807 9696
5 3 9696 10807 10908 9797
5 3 9797 10908 11009 9898
5 3 9999 11110 11211 10100
5 3 10100 11211 11312 10201
5 3 10201 11312 11413 10302
5 3 10302 11413 11514 10403
5 3 10403 11514 11615 10504
5 3 10504 11615 11716 10605
5 3 10605 11716 11817 10706
5 3 10706 11817 11918 10807
5 3 10807 11918 12019 10908
5 3 10908 12019 12120 11009
3 3 100 201 1312 1211
3 3 201 302 1413 1312
3 3 302 403 1514 1413
3 3 403 504 1615 1514
3 3 504 605 1716 1615
3 3 605 706 1817 1716
3 3 706 807 1918 1817
3 3 807 908 2019 1918
3 3 908 1009 2120 2019
3 3 1009 1110 2221 2120
3 3 1211 1312 2423 2322
3 3 1312 1413 2524 2423
3 3 1413 1514 2625 2524
3 3 1514 1615 2726 2625
3 3 1615 1716 2827 2726
3 3 1716 1817 2928 2827
3 3 1817 1918 3029 2928
3 3 1918 2019 3130 3029
3 3 2019 2120 3231 3130
3 3 2120 2221 3332 3231
3 3 2322 2423 3534 3433
3 3 2423 2524 3635 3534
3 3 2524 2625 3736 3635
3 3 2625 2726 3837 3736
3 3 2726 2827 3938 3837
3 3 2827 2928 4039 3938
3 3 2928 3029 4140 4039
3 3 3029 3130 4241 4140
3 3 3130 3231 4342 4241
3 3 3231 3332 4443 4342
3 3 3433 3534 4645 4544
3 3 3534 3635 4746 4645
3 3 3635 3736 4847 4746
3 3 3736 3837 4948 4847
3 3 3837 3938 5049 4948
3 3 3938 4039 5150 5049
3 3 4039 4140 5251 5150
3 3 4140 4241 5352 5251
3 3 4241 4342 5453 5352
3 3 4342 4443 5554 5453
3 3 4544 4645 5756 5655
3 3 4645 4746 5857 5756
3 3 4746 4847 5958 5857
3 3 4847 4948 6059 5958
3 3 4948 5049 6160 6059
3 3 5049 5150 6261 6160
3 3 5150 5251 6362 6261
3 3 5251 5352 6463 6362
3 3 5352 5453 6564 6463
3 3 5453 5554 6665 6564
3 3 5655 5756 6867 6766
3 3 5756 5857 6968 6867
3 3 5857 5958 7069 6968
3 3 5958 6059 7170 7069
3 3 6059 6160 7271 7170
3 3 6160 6261 7372 7271
3 3 6261 6362 7473 7372
3 3 6362 6463 7574 7473
3 3 6463 6564 7675 7574
3 3 6564 6665 7776 7675
3 3 6766 6867 7978 7877
3 3 6867 6968 8079 7978
3 3 6968 7069 8180 8079
3 3 7069 7170 8281 8180
3 3 7170 7271 8382 8281
3 3 7271 7372 8483 8382
3 3 7372 7473 8584 8483
3 3 7473 7574 8685 8584
3 3 7574 7675 8786 8685
3 3 7675 7776 8887 8786
3 3 7877 7978 9089 8988
3 3 7978 8079 9190 9089
3 3 8079 8180 9291 9190
3 3 8180 8281 9392 9291
3 3 8281 8382 9493 9392
3 3 8382 8483 9594 9493
3 3 8483 8584 9695 9594
3 3 8584 8685 9796 9695
3 3 8685 8786 9897 9796
3 3 8786 8887 9998 9897
3 3 8988 9089 10200 10099
3 3 9089 9190 10301 10200
3 3 9190 9291 10402 10301
3 3 9291 9392 10503 10402
3 3 9392 9493 10604 10503
3 3 9493 9594 10705 10604
3 3 9594 9695 10806 10705
3 3 9695 9796 10907 10806
3 3 9796 9897 11008 10907
3 3 9897 9998 11109 11008
3 3 10099 10200 11311 11210
3 3 10200 10301 11412 11311
3 3 10301 10402 11513 11412
3 3 10402 10503 11614 11513
3 3 10503 10604 11715 11614
3 3 10604 10705 11816 11715
3 3 10705 10806 11917 11816
3 3 10806 10907 12018 11917
3 3 10907 11008 12119 12018
3 3 11008 11109 12220 12119
2 3 0 1 1112 1111
2 3 1111 1112 2223 2222
2 3 2222 2223 3334 3333
2 3 3333 3334 4445 4444
2 3 4444 4445 5556 5555
2 3 5555 5556 6667 6666
2 3 6666 6667 7778 7777
2 3 7777 7778 8889 8888
2 3 8888 8889 10000 9999
2 3 9999 10000 11111 11110
2 3 1 2 1113 1112
2 3 1112 1113 2224 2223
2 3 2223 2224 3335 3334
2 3 3334 3335 4446 4445
2 3 4445 4446 5557 5556
2 3 5556 5557 6668 6667
2 3 6667 6668 7779 7778
2 3 7778 7779 8890 8889
2 3 8889 8890 10001 10000
2 3 10000 10001 11112 11111
2 3 2 3 1114 1113
2 3 1113 1114 2225 2224
2 3 2224 2225 3336 3335
2 3 3335 3336 4447 4446
2 3 4446 4447 5558 5557
2 3 5557 5558 6669 6668
2 3 6668 6669 7780 7779
2 3 7779 7780 8891 8890
2 3 8890 8891 10002 10001
2 3 10001 10002 11113 11112
2 3 3 4 1115 1114
2 3 1114 1115 2226 2225
2 3 2225 2226 3337 3336
2 3 3336 3337 4448 4447
2 3 4447 4448 5559 5558
2 3 5558 5559 6670 6669
2 3 6669 6670 7781 7780
2 3 7780 7781 8892 8891
2 3 8891 8892 10003 10002
2 3 10002 10003 11114 11113
2 3 4 5 1116 1115
2 3 1115 1116 2227 2226
2 3 2226 2227 3338 3337
2 3 3337 3338 4449 4448
2 3 4448 4449 5560 5559
2 3 5559 5560 6671 6670
2 3 6670 6671 7782 7781
2 3 7781 7782 8893 8892
2 3 8892 8893 10004 10003
2 3 10003 10004 11115 11114
2 3 5 6 1117 1116
2 3 1116 1117 2228 2227
2 3 2227 2228 3339 3338
2 3 3338 3339 4450 4449
2 3 4449 4450 5561 5560
2 3 5560 5561 6672 6671
2 3 6671 6672 7783 7782
2 3 7782 7783 8894 8893
2 3 8893 8894 10005 10004
2 3 10004 10005 11116 11115
2 3 6 7 1118 1117
2 3 1117 1118 2229 2228
2 3 2228 2229 3340 3339
2 3 3339 3340 4451 4450
2 3 4450 4451 5562 5561
2 3 5561 5562 6673 6672
2 3 6672 6673 7784 7783
2 3 7783 7784 8895 8894
2 3 8894 8895 10006 10005
2 3 10005 10006 11117 11116
2 3 7 8 1119 1118
2 3 1118 1119 2230 2229
2 3 2229 2230 3341 3340
2 3 3340 3341 4452 4451
2 3 4451 4452 5563 5562
2 3 5562 5563 6674 6673
2 3 6673 6674 7785 7784
2 3 7784 7785 8896 8895
2 3 8895 8896 10007 10006
2 3 10006 10007 11118 11117
2 3 8 9 1120 1119
2 3 1119 1120 2231 2230
2 3 2230 2231 3342 3341
2 3 3341 3342 4453 4452
2 3 4452 4453 5564 5563
2 3 5563 5564 6675 6674
2 3 6674 6675 7786 7785
2 3 7785 7786 8897 8896
2 3 8896 8897 10008 10007
2 3 10007 10008 11119 11118
2 3 9 10 1121 1120
2 3 1120 1121 2232 2231
2 3 2231 2232 3343 3342
2 3 3342 3343 4454 4453
2 3 4453 4454 5565 5564
2 3 5564 5565 6676 6675
2 3 6675 6676 7787 7786
2 3 7786 7787 8898 8897
2 3 8897 8898 10009 10008
2 3 10008 10009 11120 11119
2 3 10 11 1122 1121
2 3 1121 1122 2233 2232
2 3 2232 2233 3344 3343
2 3 3343 3344 4455 4454
2 3 4454 4455 5566 5565
2 3 5565 5566 6677 6676
2 3 6676 6677 7788 7787
2 3 7787 7788 8899 8898
2 3 8898 8899 10010 10009
2 3 10009 10010 11121 11120
2 3 11 12 1123 1122
2 3 1122 1123 2234 2233
2 3 2233 2234 3345 3344
2 3 3344 3345 4456 4455
2 3 4455 4456 5567 5566
2 3 5566 5567 6678 6677
2 3 6677 6678 7789 7788
2 3 7788 7789 8900 8899
2 3 8899 8900 10011 10010
2 3 10010 10011 11122 11121
2 3 12 13 1124 1123
2 3 1123 1124 2235 2234
2 3 2234 2235 3346 3345
2 3 3345 3346 4457 4456
2 3 4456 4457 5568 5567
2 3 5567 5568 6679 6678
2 3 6678 6679 7790 7789
2 3 7789 7790 8901 8900
2 3 8900 8901 10012 10011
2 3 10011 10012 11123 11122
2 3 13 14 1125 1124
2 3 1124 1125 2236 2235
2 3 2235 2236 3347 3346
2 3 3346 3347 4458 4457
2 3 4457 4458 5569 5568
2 3 5568 5569 6680 6679
2 3 6679 6680 7791 7790
2 3 7790 7791 8902 8901
2 3 8901 8902 10013 10012
2 3 10012 10013 11124 11123
2 3 14 15 1126 1125
2 3 1125 1126 2237 2236
2 3 2236 2237 3348 3347
2 3 3347 3348 4459 4458
2 3 4458 4459 5570 5569
2 3 5569 5570 6681 6680
2 3 6680 6681 7792 7791
2 3 7791 7792 8903 8902
2 3 8902 8903 10014 10013
2 3 10013 10014 11125 11124
2 3 15 16 1127 1126
2 3 1126 1127 2238 2237
2 3 2237 2238 3349 3348
2 3 3348 3349 4460 4459
2 3 4459 4460 5571 5570
2 3 5570 5571 6682 6681
2 3 6681 6682 7793 7792
2 3 7792 7793 8904 8903
2 3 8903 8904 10015 10014
2 3 10014 10015 11126 11125
2 3 16 17 1128 1127
2 3 1127 1128 2239 2238
2 3 2238 2239 3350 3349
2 3 3349 3350 4461 4460
2 3 4460 4461 5572 5571
2 3 5571 5572 6683 6682
2 3 6682 6683 7794 7793
2 3 7793 7794 8905 8904
2 3 8904 8905 10016 10015
2 3 10015 10016 11127 11126
2 3 17 18 1129 1128
2 3 1128 1129 2240 2239
2 3 2239 2240 3351 3350
2 3 3350 3351 4462 4461
2 3 4461 4462 5573 5572
2 3 5572 5573 6684 6683
2 3 6683 6684 7795 7794
2 3 7794 7795 8906 8905
2 3 8905 8906 10017 10016
2 3 10016 10017 11128 11127
2 3 18 19 1130 1129
2 3 1129 1130 2241 2240
2 3 2240 2241 3352 3351
2 3 3351 3352 4463 4462
2 3 4462 4463 5574 5573
2 3 5573 5574 6685 6684
2 3 6684 6685 7796 7795
2 3 7795 7796 8907 8906
2 3 8906 8907 10018 10017
2 3 10017 10018 11129 11128
2 3 19 20 1131 1130
2 3 1130 1131 2242 2241
2 3 2241 2242 3353 3352
2 3 3352 3353 4464 4463
2 3 4463 4464 5575 5574
2 3 5574 5575 6686 6685
2 3 6685 6686 7797 7796
2 3 7796 7797 8908 8907
2 3 8907 8908 10019 10018
2 3 10018 10019 11130 11129
2 3 20 21 1132 1131
2 3 1131 1132 2243 2242
2 3 2242 2243 3354 3353
2 3 3353 3354 4465 4464
2 3 4464 4465 5576 5575
2 3 5575 5576 6687 6686
2 3 6686 6687 7798 7797
2 3 7797 7798 8909 8908
2 3 8908 8909 10020 10019
2 3 10019 10020 11131 11130
2 3 21 22 1133 1132
2 3 1132 1133 2244 2243
2 3 2243 2244 3355 3354
2 3 3354 3355 4466 4465
2 3 4465 4466 5577 5576
2 3 5576 5577 6688 6687
2 3 6687 6688 7799 7798
2 3 7798 7799 8910 8909
2 3 8909 8910 10021 10020
2 3 10020 10021 11132 11131
2 3 22 23 1134 1133
2 3 1133 1134 2245 2244
2 3 2244 2245 3356 3355
2 3 3355 3356 4467 4466
2 3 4466 4467 5578 5577
2 3 5577 5578 6689 6688
2 3 6688 6689 7800 7799
2 3 7799 7800 8911 8910
2 3 8910 8911 10022 10021
2 3 10021 10022 11133 11132
2 3 23 24 1135 1134
2 3 1134 1135 2246 2245
2 3 2245 2246 3357 3356
2 3 3356 3357 4468 4467
2 3 4467 4468 5579 5578
2 3 5578 5579 6690 6689
2 3 6689 6690 7801 7800
2 3 7800 7801 8912 8911
2 3 8911 8912 10023 10022
2 3 10022 10023 11134 11133
2 3 24 25 1136 1135
2 3 1135 1136 2247 2246
2 3 2246 2247 3358 3357
2 3 3357 3358 4469 4468
2 3 4468 4469 5580 5579
2 3 5579 5580 6691 6690
2 3 6690 6691 7802 7801
2 3 7801 7802 8913 8912
2 3 8912 8913 10024 10023
2 3 10023 10024 11135 11134
2 3 25 26 1137 1136
2 3 1136 1137 2248 2247
2 3 2247 2248 3359 3358
2 3 3358 3359 4470 4469
2 3 4469 4470 5581 5580
2 3 5580 5581 6692 6691
2 3 6691 6692 7803 7802
2 3 7802 7803 8914 8913
2 3 8913 8914 10025 10024
2 3 10024 10025 11136 11135
2 3 26 27 1138 1137
2 3 1137 1138 2249 2248
2 3 2248 2249 3360 3359
2 3 3359 3360 4471 4470
2 3 4470 4471 5582 5581
2 3 5581 5582 6693 6692
2 3 6692 6693 7804 7803
2 3 7803 7804 8915 8914
2 3 8914 8915 10026 10025
2 3 10025 10026 11137 11136
2 3 27 28 1139 1138
2 3 1138 1139 2250 2249
2 3 2249 2250 3361 3360
2 3 3360 3361 4472 4471
2 3 4471 4472 5583 5582
2 3 5582 5583 6694 6693
2 3 6693 6694 7805 7804
2 3 7804 7805 8916 8915
2 3 8915 8916 10027 10026
2 3 10026 10027 11138 11137
2 3 28 29 1140 1139
2 3 1139 1140 2251 2250
2 3 2250 2251 3362 3361
2 3 3361 3362 4473 4472
2 3 4472 4473 5584 5583
2 3 5583 5584 6695 6694
2 3 6694 6695 7806 7805
2 3 7805 7806 8917 8916
2 3 8916 8917 10028 10027
2 3 10027 10028 11139 11138
2 3 29 30 1141 1140
2 3 1140 1141 2252 2251
2 3 2251 2252 3363 3362
2 3 3362 3363 4474 4473
2 3 4473 4474 5585 5584
2 3 5584 5585 6696 6695
2 3 6695 6696 7807 7806
2 3 7806 7807 8918 8917
2 3 8917 8918 10029 10028
2 3 10028 10029 11140 11139
2 3 30 31 1142 1141
2 3 1141 1142 2253 2252
2 3 2252 2253 3364 3363
2 3 3363 3364 4475 4474
2 3 4474 4475 5586 5585
2 3 5585 5586 6697 6696
2 3 6696 6697 7808 7807
2 3 7807 7808 8919 8918
2 3 8918 8919 10030 10029
2 3 10029 10030 11141 11140
2 3 31 32 1143 1142
2 3 1142 1143 2254 2253
2 3 2253 2254 3365 3364
2 3 3364 3365 4476 4475
2 3 4475 4476 5587 5586
2 3 5586 5587 6698 6697
2 3 6697 6698 7809 7808
2 3 7808 7809 8920 8919
2 3 8919 8920 10031 10030
2 3 10030 10031 11142 11141
2 3 32 33 1144 1143
2 3 1143 1144 2255 2254
2 3 2254 2255 3366 3365
2 3 3365 3366 4477 4476
2 3 4476 4477 5588 5587
2 3 5587 5588 6699 6698
2 3 6698 6699 7810 7809
2 3 7809 7810 8921 8920
2 3 8920 8921 10032 10031
2 3 10031 10032 11143 11142
2 3 33 34 1145 1144
2 3 1144 1145 2256 2255
2 3 2255 2256 3367 3366
2 3 3366 3367 4478 4477
2 3 4477 4478 5589 5588
2 3 5588 5589 6700 6699
2 3 6699 6700 7811 7810
2 3 7810 7811 8922 8921
2 3 8921 8922 10033 10032
2 3 10032 10033 11144 11143
2 3 34 35 1146 1145
2 3 1145 1146 2257 2256
2 3 2256 2257 3368 3367
2 3 3367 3368 4479 4478
2 3 4478 4479 5590 5589
2 3 5589 5590 6701 6700
2 3 6700 6701 7812 7811
2 3 7811 7812 8923 8922
2 3 8922 8923 10034 10033
2 3 10033 10034 11145 11144
2 3 35 36 1147 1146
2 3 1146 1147 2258 2257
2 3 2257 2258 3369 3368
2 3 3368 3369 4480 4479
2 3 4479 4480 5591 5590
2 3 5590 5591 6702 6701
2 3 6701 6702 7813 7812
2 3 7812 7813 8924 8923
2 3 8923 8924 10035 10034
2 3 10034 10035 11146 11145
2 3 36 37 1148 1147
2 3 1147 1148 2259 2258
2 3 2258 2259 3370 3369
2 3 3369 3370 4481 4480
2 3 4480 4481 5592 5591
2 3 5591 5592 6703 6702
2 3 6702 6703 7814 7813
2 3 7813 7814 8925 8924
2 3 8924 8925 10036 10035
2 3 10035 10036 11147 11146
2 3 37 38 1149 1148
2 3 1148 1149 2260 2259
2 3 2259 2260 3371 3370
2 3 3370 3371 4482 4481
2 3 4481 4482 5593 5592
2 3 5592 5593 6704 6703
2 3 6703 6704 7815 7814
2 3 7814 7815 8926 8925
2 3 8925 8926 10037 10036
2 3 10036 10037 11148 11147
2 3 38 39 1150 1149
2 3 1149 1150 2261 2260
2 3 2260 2261 3372 3371
2 3 3371 3372 4483 4482
2 3 4482 4483 5594 5593
2 3 5593 5594 6705 6704
2 3 6704 6705 7816 7815
2 3 7815 7816 8927 8926
2 3 8926 8927 10038 10037
2 3 10037 10038 11149 11148
2 3 39 40 1151 1150
2 3 1150 1151 2262 2261
2 3 2261 2262 3373 3372
2 3 3372 3373 4484 4483
2 3 4483 4484 5595 5594
2 3 5594 5595 6706 6705
2 3 6705 6706 7817 7816
2 3 7816 7817 8928 8927
2 3 8927 8928 10039 10038
2 3 10038 10039 11150 11149
2 3 40 41 1152 1151
2 3 1151 1152 2263 2262
2 3 2262 2263 3374 3373
2 3 3373 3374 4485 4484
2 3 4484 4485 5596 5595
2 3 5595 5596 6707 6706
2 3 6706 6707 7818 7817
2 3 7817 7818 8929 8928
2 3 8928 8929 10040 10039
2 3 10039 10040 11151 11150
2 3 41 42 1153 1152
2 3 1152 1153 2264 2263
2 3 2263 2264 3375 3374
2 3 3374 3375 4486 4485
2 3 4485 4486 5597 5596
2 3 5596 5597 6708 6707
2 3 6707 6708 7819 7818
2 3 7818 7819 8930 8929
2 3 8929 8930 10041 10040
2 3 10040 10041 11152 11151
2 3 42 43 1154 1153
2 3 1153 1154 2265 2264
2 3 2264 2265 3376 3375
2 3 3375 3376 4487 4486
2 3 4486 4487 5598 5597
2 3 5597 5598 6709 6708
2 3 6708 6709 7820 7819
2 3 7819 7820 8931 8930
2 3 8930 8931 10042 10041
2 3 10041 10042 11153 11152
2 3 43 44 1155 1154
2 3 1154 1155 2266 2265
2 3 2265 2266 3377 3376
2 3 3376 3377 4488 4487
2 3 4487 4488 5599 5598
2 3 5598 5599 6710 6709
2 3 6709 6710 7821 7820
2 3 7820 7821 8932 8931
2 3 8931 8932 10043 10042
2 3 10042 10043 11154 11153
2 3 44 45 1156 1155
2 3 1155 1156 2267 2266
2 3 2266 2267 3378 3377
2 3 3377 3378 4489 4488
2 3 4488 4489 5600 5599
2 3 5599 5600 6711 6710
2 3 6710 6711 7822 7821
2 3 7821 7822 8933 8932
2 3 8932 8933 10044 10043
2 3 10043 10044 11155 11154
2 3 45 46 1157 1156
2 3 1156 1157 2268 2267
2 3 2267 2268 3379 3378
2 3 3378 3379 4490 4489
2 3 4489 4490 5601 5600
2 3 5600 5601 6712 6711
2 3 6711 6712 7823 7822
2 3 7822 7823 8934 8933
2 3 8933 8934 10045 10044
2 3 10044 10045 11156 11155
2 3 46 47 1158 1157
2 3 1157 1158 2269 2268
2 3 2268 2269 3380 3379
2 3 3379 3380 4491 4490
2 3 4490 4491 5602 5601
2 3 5601 5602 6713 6712
2 3 6712 6713 7824 7823
2 3 7823 7824 8935 8934
2 3 8934 8935 10046 10045
2 3 10045 10046 11157 11156
2 3 47 48 1159 1158
2 3 1158 1159 2270 2269
2 3 2269 2270 3381 3380
2 3 3380 3381 4492 4491
2 3 4491 4492 5603 5602
2 3 5602 5603 6714 6713
2 3 6713 6714 7825 7824
2 3 7824 7825 8936 8935
2 3 8935 8936 10047 10046
2 3 10046 10047 11158 11157
2 3 48 49 1160 1159
2 3 1159 1160 2271 2270
2 3 2270 2271 3382 3381
2 3 3381 3382 4493 4492
2 3 4492 4493 5604 5603
2 3 5603 5604 6715 6714
2 3 6714 6715 7826 7825
2 3 7825 7826 8937 8936
2 3 8936 8937 10048 10047
2 3 10047 10048 11159 11158
2 3 49 50 1161 1160
2 3 1160 1161 2272 2271
2 3 2271 2272 3383 3382
2 3 3382 3383 4494 4493
2 3 4493 4494 5605 5604
2 3 5604 5605 6716 6715
2 3 6715 6716 7827 7826
2 3 7826 7827 8938 8937
2 3 8937 8938 10049 10048
2 3 10048 10049 11160 11159
2 3 50 51 1162 1161
2 3 1161 1162 2273 2272
2 3 2272 2273 3384 3383
2 3 3383 3384 4495 4494
2 3 4494 4495 5606 5605
2 3 5605 5606 6717 6716
2 3 6716 6717 7828 7827
2 3 7827 7828 8939 8938
2 3 8938 8939 10050 10049
2 3 10049 10050 11161 11160
2 3 51 52 1163 1162
2 3 1162 1163 2274 2273
2 3 2273 2274 3385 3384
2 3 3384 3385 4496 4495
2 3 4495 4496 5607 5606
2 3 5606 5607 6718 6717
2 3 6717 6718 7829 7828
2 3 7828 7829 8940 8939
2 3 8939 8940 10051 10050
2 3 10050 10051 11162 11161
2 3 52 53 1164 1163
2 3 1163 1164 2275 2274
2 3 2274 2275 3386 3385
2 3 3385 3386 4497 4496
2 3 4496 4497 5608 5607
2 3 5607 5608 6719 6718
2 3 6718 6719 7830 7829
2 3 7829 7830 8941 8940
2 3 8940 8941 10052 10051
2 3 10051 10052 11163 11162
2 3 53 54 1165 1164
2 3 1164 1165 2276 2275
2 3 2275 2276 3387 3386
2 3 3386 3387 4498 4497
2 3 4497 4498 5609 5608
2 3 5608 5609 6720 6719
2 3 6719 6720 7831 7830
2 3 7830 7831 8942 8941
2 3 8941 8942 10053 10052
2 3 10052 10053 11164 11163
2 3 54 55 1166 1165
2 3 1165 1166 2277 2276
2 3 2276 2277 3388 3387
2 3 3387 3388 4499 4498
2 3 4498 4499 5610 5609
2 3 5609 5610 6721 6720
2 3 6720 6721 7832 7831
2 3 7831 7832 8943 8942
2 3 8942 8943 10054 10053
2 3 10053 10054 11165 11164
2 3 55 56 1167 1166
2 3 1166 1167 2278 2277
2 3 2277 2278 3389 3388
2 3 3388 3389 4500 4499
2 3 4499 4500 5611 5610
2 3 5610 5611 6722 6721
2 3 6721 6722 7833 7832
2 3 7832 7833 8944 8943
2 3 8943 8944 10055 10054
2 3 10054 10055 11166 11165
2 3 56 57 1168 1167
2 3 1167 1168 2279 2278
2 3 2278 2279 3390 3389
2 3 3389 3390 4501 4500
2 3 4500 4501 5612 5611
2 3 5611 5612 6723 6722
2 3 6722 6723 7834 7833
2 3 7833 7834 8945 8944
2 3 8944 8945 10056 10055
2 3 10055 10056 11167 11166
2 3 57 58 1169 1168
2 3 1168 1169 2280 2279
2 3 2279 2280 3391 3390
2 3 3390 3391 4502 4501
2 3 4501 4502 5613 5612
2 3 5612 5613 6724 6723
2 3 6723 6724 7835 7834
2 3 7834 7835 8946 8945
2 3 8945 8946 10057 10056
2 3 10056 10057 11168 11167
2 3 58 59 1170 1169
2 3 1169 1170 2281 2280
2 3 2280 2281 3392 3391
2 3 3391 3392 4503 4502
2 3 4502 4503 5614 5613
2 3 5613 5614 6725 6724
2 3 6724 6725 7836 7835
2 3 7835 7836 8947 8946
2 3 8946 8947 10058 10057
2 3 10057 10058 11169 11168
2 3 59 60 1171 1170
2 3 1170 1171 2282 2281
2 3 2281 2282 3393 3392
2 3 3392 3393 4504 4503
2 3 4503 4504 5615 5614
2 3 5614 5615 6726 6725
2 3 6725 6726 7837 7836
2 3 7836 7837 8948 8947
2 3 8947 8948 10059 10058
2 3 10058 10059 11170 11169
2 3 60 61 1172 1171
2 3 1171 1172 2283 2282
2 3 2282 2283 3394 3393
2 3 3393 3394 4505 4504
2 3 4504 4505 5616 5615
2 3 5615 5616 6727 6726
2 3 6726 6727 7838 7837
2 3 7837 7838 8949 8948
2 3 8948 8949 10060 10059
2 3 10059 10060 11171 11170
2 3 61 62 1173 1172
2 3 1172 1173 2284 2283
2 3 2283 2284 3395 3394
2 3 3394 3395 4506 4505
2 3 4505 4506 5617 5616
2 3 5616 5617 6728 6727
2 3 6727 6728 7839 7838
2 3 7838 7839 8950 8949
2 3 8949 8950 10061 10060
2 3 10060 10061 11172 11171
2 3 62 63 1174 1173
2 3 1173 1174 2285 2284
2 3 2284 2285 3396 3395
2 3 3395 3396 4507 4506
2 3 4506 4507 5618 5617
2 3 5617 5618 6729 6728
2 3 6728 6729 7840 7839
2 3 7839 7840 8951 8950
2 3 8950 8951 10062 10061
2 3 10061 10062 11173 11172
2 3 63 64 1175 1174
2 3 1174 1175 2286 2285
2 3 2285 2286 3397 3396
2 3 3396 3397 4508 4507
2 3 4507 4508 5619 5618
2 3 5618 5619 6730 6729
2 3 6729 6730 7841 7840
2 3 7840 7841 8952 8951
2 3 8951 8952 10063 10062
2 3 10062 10063 11174 11173
2 3 64 65 1176 1175
2 3 1175 1176 2287 2286
2 3 2286 2287 3398 3397
2 3 3397 3398 4509 4508
2 3 4508 4509 5620 5619
2 3 5619 5620 6731 6730
2 3 6730 6731 7842 7841
2 3 7841 7842 8953 8952
2 3 8952 8953 10064 10063
2 3 10063 10064 11175 11174
2 3 65 66 1177 1176
2 3 1176 1177 2288 2287
2 3 2287 2288 3399 3398
2 3 3398 3399 4510 4509
2 3 4509 4510 5621 5620
2 3 5620 5621 6732 6731
2 3 6731 6732 7843 7842
2 3 7842 7843 8954 8953
2 3 8953 8954 10065 10064
2 3 10064 10065 11176 11175
2 3 66 67 1178 1177
2 3 1177 1178 2289 2288
2 3 2288 2289 3400 3399
2 3 3399 3400 4511 4510
2 3 4510 4511 5622 5621
2 3 5621 5622 6733 6732
2 3 6732 6733 7844 7843
2 3 7843 7844 8955 8954
2 3 8954 8955 10066 10065
2 3 10065 10066 11177 11176
2 3 67 68 1179 1178
2 3 1178 1179 2290 2289
2 3 2289 2290 3401 3400
2 3 3400 3401 4512 4511
2 3 4511 4512 5623 5622
2 3 5622 5623 6734 6733
2 3 6733 6734 7845 7844
2 3 7844 7845 8956 8955
2 3 8955 8956 10067 10066
2 3 10066 10067 11178 11177
2 3 68 69 1180 1179
2 3 1179 1180 2291 2290
2 3 2290 2291 3402 3401
2 3 3401 3402 4513 4512
2 3 4512 4513 5624 5623
2 3 5623 5624 6735 6734
2 3 6734 6735 7846 7845
2 3 7845 7846 8957 8956
2 3 8956 8957 10068 10067
2 3 10067 10068 11179 11178
2 3 69 70 1181 1180
2 3 1180 1181 2292 2291
2 3 2291 2292 3403 3402
2 3 3402 3403 4514 4513
2 3 4513 4514 5625 5624
2 3 5624 5625 6736 6735
2 3 6735 6736 7847 7846
2 3 7846 7847 8958 8957
2 3 8957 8958 10069 10068
2 3 10068 10069 11180 11179
2 3 70 71 1182 1181
2 3 1181 1182 2293 2292
2 3 2292 2293 3404 3403
2 3 3403 3404 4515 4514
2 3 4514 4515 5626 5625
2 3 5625 5626 6737 6736
2 3 6736 6737 7848 7847
2 3 7847 7848 8959 8958
2 3 8958 8959 10070 10069
2 3 10069 10070 11181 11180
2 3 71 72 1183 1182
2 3 1182 1183 2294 2293
2 3 2293 2294 3405 3404
2 3 3404 3405 4516 4515
2 3 4515 4516 5627 5626
2 3 5626 5627 6738 6737
2 3 6737 6738 7849 7848
2 3 7848 7849 8960 8959
2 3 8959 8960 10071 10070
2 3 10070 10071 11182 11181
2 3 72 73 1184 1183
2 3 1183 1184 2295 2294
2 3 2294 2295 3406 3405
2 3 3405 3406 4517 4516
2 3 4516 4517 5628 5627
2 3 5627 5628 6739 6738
2 3 6738 6739 7850 7849
2 3 7849 7850 8961 8960
2 3 8960 8961 10072 10071
2 3 10071 10072 11183 11182
2 3 73 74 1185 1184
2 3 1184 1185 2296 2295
2 3 2295 2296 3407 3406
2 3 3406 3407 4518 4517
2 3 4517 4518 5629 5628
2 3 5628 5629 6740 6739
2 3 6739 6740 7851 7850
2 3 7850 7851 8962 8961
2 3 8961 8962 10073 10072
2 3 10072 10073 11184 11183
2 3 74 75 1186 1185
2 3 1185 1186 2297 2296
2 3 2296 2297 3408 3407
2 3 3407 3408 4519 4518
2 3 4518 4519 5630 5629
2 3 5629 5630 6741 6740
2 3 6740 6741 7852 7851
2 3 7851 7852 8963 8962
2 3 8962 8963 10074 10073
2 3 10073 10074 11185 11184
2 3 75 76 1187 1186
2 3 1186 1187 2298 2297
2 3 2297 2298 3409 3408
2 3 3408 3409 4520 4519
2 3 4519 4520 5631 5630
2 3 5630 5631 6742 6741
2 3 6741 6742 7853 7852
2 3 7852 7853 8964 8963
2 3 8963 8964 10075 10074
2 3 10074 10075 11186 11185
2 3 76 77 1188 1187
2 3 1187 1188 2299 2298
2 3 2298 2299 3410 3409
2 3 3409 3410 4521 4520
2 3 4520 4521 5632 5631
2 3 5631 5632 6743 6742
2 3 6742 6743 7854 7853
2 3 7853 7854 8965 8964
2 3 8964 8965 10076 10075
2 3 10075 10076 11187 11186
2 3 77 78 1189 1188
2 3 1188 1189 2300 2299
2 3 2299 2300 3411 3410
2 3 3410 3411 4522 4521
2 3 4521 4522 5633 5632
2 3 5632 5633 6744 6743
2 3 6743 6744 7855 7854
2 3 7854 7855 8966 8965
2 3 8965 8966 10077 10076
2 3 10076 10077 11188 11187
2 3 78 79 1190 1189
2 3 1189 1190 2301 2300
2 3 2300 2301 3412 3411
2 3 3411 3412 4523 4522
2 3 4522 4523 5634 5633
2 3 5633 5634 6745 6744
2 3 6744 6745 7856 7855
2 3 7855 7856 8967 8966
2 3 8966 8967 10078 10077
2 3 10077 10078 11189 11188
2 3 79 80 1191 1190
2 3 1190 1191 2302 2301
2 3 2301 2302 3413 3412
2 3 3412 3413 4524 4523
2 3 4523 4524 5635 5634
2 3 5634 5635 6746 6745
2 3 6745 6746 7857 7856
2 3 7856 7857 8968 8967
2 3 8967 8968 10079 10078
2 3 10078 10079 11190 11189
2 3 80 81 1192 1191
2 3 1191 1192 2303 2302
2 3 2302 2303 3414 3413
2 3 3413 3414 4525 4524
2 3 4524 4525 5636 5635
2 3 5635 5636 6747 6746
2 3 6746 6747 7858 7857
2 3 7857 7858 8969 8968
2 3 8968 8969 10080 10079
2 3 10079 10080 11191 11190
2 3 81 82 1193 1192
2 3 1192 1193 2304 2303
2 3 2303 2304 3415 3414
2 3 3414 3415 4526 4525
2 3 4525 4526 5637 5636
2 3 5636 5637 6748 6747
2 3 6747 6748 7859 7858
2 3 7858 7859 8970 8969
2 3 8969 8970 10081 10080
2 3 10080 10081 11192 11191
2 3 82 83 1194 1193
2 3 1193 1194 2305 2304
2 3 2304 2305 3416 3415
2 3 3415 3416 4527 4526
2 3 4526 4527 5638 5637
2 3 5637 5638 6749 6748
2 3 6748 6749 7860 7859
2 3 7859 7860 8971 8970
2 3 8970 8971 10082 10081
2 3 10081 10082 11193 11192
2 3 83 84 1195 1194
2 3 1194 1195 2306 2305
2 3 2305 2306 3417 3416
2 3 3416 3417 4528 4527
2 3 4527 4528 5639 5638
2 3 5638 5639 6750 6749
2 3 6749 6750 7861 7860
2 3 7860 7861 8972 8971
2 3 8971 8972 10083 10082
2 3 10082 10083 11194 11193
2 3 84 85 1196 1195
2 3 1195 1196 2307 2306
2 3 2306 2307 3418 3417
2 3 3417 3418 4529 4528
2 3 4528 4529 5640 5639
2 3 5639 5640 6751 6750
2 3 6750 6751 7862 7861
2 3 7861 7862 8973 8972
2 3 8972 8973 10084 10083
2 3 10083 10084 11195 11194
2 3 85 86 1197 1196
2 3 1196 1197 2308 2307
2 3 2307 2308 3419 3418
2 3 3418 3419 4530 4529
2 3 4529 4530 5641 5640
2 3 5640 5641 6752 6751
2 3 6751 6752 7863 7862
2 3 7862 7863 8974 8973
2 3 8973 8974 10085 10084
2 3 10084 10085 11196 11195
2 3 86 87 1198 1197
2 3 1197 1198 2309 2308
2 3 2308 2309 3420 3419
2 3 3419 3420 4531 4530
2 3 4530 4531 5642 5641
2 3 5641 5642 6753 6752
2 3 6752 6753 7864 7863
2 3 7863 7864 8975 8974
2 3 8974 8975 10086 10085
2 3 10085 10086 11197 11196
2 3 87 88 1199 1198
2 3 1198 1199 2310 2309
2 3 2309 2310 3421 3420
2 3 3420 3421 4532 4531
2 3 4531 4532 5643 5642
2 3 5642 5643 6754 6753
2 3 6753 6754 7865 7864
2 3 7864 7865 8976 8975
2 3 8975 8976 10087 10086
2 3 10086 10087 11198 11197
2 3 88 89 1200 1199
2 3 1199 1200 2311 2310
2 3 2310 2311 3422 3421
2 3 3421 3422 4533 4532
2 3 4532 4533 5644 5643
2 3 5643 5644 6755 6754
2 3 6754 6755 7866 7865
2 3 7865 7866 8977 8976
2 3 8976 8977 10088 10087
2 3 10087 10088 11199 11198
2 3 89 90 1201 1200
2 3 1200 1201 2312 2311
2 3 2311 2312 3423 3422
2 3 3422 3423 4534 4533
2 3 4533 4534 5645 5644
2 3 5644 5645 6756 6755
2 3 6755 6756 7867 7866
2 3 7866 7867 8978 8977
2 3 8977 8978 10089 10088
2 3 10088 10089 11200 11199
2 3 90 91 1202 1201
2 3 1201 1202 2313 2312
2 3 2312 2313 3424 3423
2 3 3423 3424 4535 4534
2 3 4534 4535 5646 5645
2 3 5645 5646 6757 6756
2 3 6756 6757 7868 7867
2 3 7867 7868 8979 8978
2 3 8978 8979 10090 10089
2 3 10089 10090 11201 11200
2 3 91 92 1203 1202
2 3 1202 1203 2314 2313
2 3 2313 2314 3425 3424
2 3 3424 3425 4536 4535
2 3 4535 4536 5647 5646
2 3 5646 5647 6758 6757
2 3 6757 6758 7869 7868
2 3 7868 7869 8980 8979
2 3 8979 8980 10091 10090
2 3 10090 10091 11202 11201
2 3 92 93 1204 1203
2 3 1203 1204 2315 2314
2 3 2314 2315 3426 3425
2 3 3425 3426 4537 4536
2 3 4536 4537 5648 5647
2 3 5647 5648 6759 6758
2 3 6758 6759 7870 7869
2 3 7869 7870 8981 8980
2 3 8980 8981 10092 10091
2 3 10091 10092 11203 11202
2 3 93 94 1205 1204
2 3 1204 1205 2316 2315
2 3 2315 2316 3427 3426
2 3 3426 3427 4538 4537
2 3 4537 4538 5649 5648
2 3 5648 5649 6760 6759
2 3 6759 6760 7871 7870
2 3 7870 7871 8982 8981
2 3 8981 8982 10093 10092
2 3 10092 10093 11204 11203
2 3 94 95 1206 1205
2 3 1205 1206 2317 2316
2 3 2316 2317 3428 3427
2 3 3427 3428 4539 4538
2 3 4538 4539 5650 5649
2 3 5649 5650 6761 6760
2 3 6760 6761 7872 7871
2 3 7871 7872 8983 8982
2 3 8982 8983 10094 10093
2 3 10093 10094 11205 11204
2 3 95 96 1207 1206
2 3 1206 1207 2318 2317
2 3 2317 2318 3429 3428
2 3 3428 3429 4540 4539
2 3 4539 4540 5651 5650
2 3 5650 5651 6762 6761
2 3 6761 6762 7873 7872
2 3 7872 7873 8984 8983
2 3 8983 8984 10095 10094
2 3 10094 10095 11206 11205
2 3 96 97 1208 1207
2 3 1207 1208 2319 2318
2 3 2318 2319 3430 3429
2 3 3429 3430 4541 4540
2 3 4540 4541 5652 5651
2 3 5651 5652 6763 6762
2 3 6762 6763 7874 7873
2 3 7873 7874 8985 8984
2 3 8984 8985 10096 10095
2 3 10095 10096 11207 11206
2 3 97 98 1209 1208
2 3 1208 1209 2320 2319
2 3 2319 2320 3431 3430
2 3 3430 3431 4542 4541
2 3 4541 4542 5653 5652
2 3 5652 5653 6764 6763
2 3 6763 6764 7875 7874
2 3 7874 7875 8986 8985
2 3 8985 8986 10097 10096
2 3 10096 10097 11208 11207
2 3 98 99 1210 1209
2 3 1209 1210 2321 2320
2 3 2320 2321 3432 3431
2 3 3431 3432 4543 4542
2 3 4542 4543 5654 5653
2 3 5653 5654 6765 6764
2 3 6764 6765 7876 7875
2 3 7875 7876 8987 8986
2 3 8986 8987 10098 10097
2 3 10097 10098 11209 11208
2 3 99 100 1211 1210
2 3 1210 1211 2322 2321
2 3 2321 2322 3433 3432
2 3 3432 3433 4544 4543
2 3 4543 4544 5655 5654
2 3 5654 5655 6766 6765
2 3 6765 6766 7877 7876
2 3 7876 7877 8988 8987
2 3 8987 8988 10099 10098
2 3 10098 10099 11210 11209
4 3 1010 2121 2122 1011
4 3 2121 3232 3233 2122
4 3 3232 4343 4344 3233
4 3 4343 5454 5455 4344
4 3 5454 6565 6566 5455
4 3 6565 7676 7677 6566
4 3 7676 8787 8788 7677
4 3 8787 9898 9899 8788
4 3 9898 11009 11010 9899
4 3 11009 12120 12121 11010
4 3 1011 2122 2123 1012
4 3 2122 3233 3234 2123
4 3 3233 4344 4345 3234
4 3 4344 5455 5456 4345
4 3 5455 6566 6567 5456
4 3 6566 7677 7678 6567
4 3 7677 8788 8789 7678
4 3 8788 9899 9900 8789
4 3 9899 11010 11011 9900
4 3 11010 12121 12122 11011
4 3 1012 2123 2124 1013
4 3 2123 3234 3235 2124
4 3 3234 4345 4346 3235
4 3 4345 5456 5457 4346
4 3 5456 6567 6568 5457
4 3 6567 7678 7679 6568
4 3 7678 8789 8790 7679
4 3 8789 9900 9901 8790
4 3 9900 11011 11012 9901
4 3 11011 12122 12123 11012
4 3 1013 2124 2125 1014
4 3 2124 3235 3236 2125
4 3 3235 4346 4347 3236
4 3 4346 5457 5458 4347
4 3 5457 6568 6569 5458
4 3 6568 7679 7680 6569
4 3 7679 8790 8791 7680
4 3 8790 9901 9902 8791
4 3 9901 11012 11013 9902
4 3 11012 12123 12124 11013
4 3 1014 2125 2126 1015
4 3 2125 3236 3237 2126
4 3 3236 4347 4348 3237
4 3 4347 5458 5459 4348
4 3 5458 6569 6570 5459
4 3 6569 7680 7681 6570
4 3 7680 8791 8792 7681
4 3 8791 9902 9903 8792
4 3 9902 11013 11014 9903
4 3 11013 12124 12125 11014
4 3 1015 2126 2127 1016
4 3 2126 3237 3238 2127
4 3 3237 4348 4349 3238
4 3 4348 5459 5460 4349
4 3 5459 6570 6571 5460
4 3 6570 7681 7682 6571
4 3 7681 8792 8793 7682
4 3 8792 9903 9904 8793
4 3 9903 11014 11015 9904
4 3 11014 12125 12126 11015
4 3 1016 2127 2128 1017
4 3 2127 3238 3239 2128
4 3 3238 4349 4350 3239
4 3 4349 5460 5461 4350
4 3 5460 6571 6572 5461
4 3 6571 7682 7683 6572
4 3 7682 8793 8794 7683
4 3 8793 9904 9905 8794
4 3 9904 11015 11016 9905
4 3 11015 12126 12127 11016
4 3 1017 2128 2129 1018
4 3 2128 3239 3240 2129
4 3 3239 4350 4351 3240
4 3 4350 5461 5462 4351
4 3 5461 6572 6573 5462
4 3 6572 7683 7684 6573
4 3 7683 8794 8795 7684
4 3 8794 9905 9906 8795
4 3 9905 11016 11017 9906
4 3 11016 12127 12128 11017
4 3 1018 2129 2130 1019
4 3 2129 3240 3241 2130
4 3 3240 4351 4352 3241
4 3 4351 5462 5463 4352
4 3 5462 6573 6574 5463
4 3 6573 7684 7685 6574
4 3 7684 8795 8796 7685
4 3 8795 9906 9907 8796
4 3 9906 11017 11018 9907
4 3 11017 12128 12129 11018
4 3 1019 2130 2131 1020
4 3 2130 3241 3242 2131
4 3 3241 4352 4353 3242
4 3 4352 5463 5464 4353
4 3 5463 6574 6575 5464
4 3 6574 7685 7686 6575
4 3 7685 8796 8797 7686
4 3 8796 9907 9908 8797
4 3 9907 11018 11019 9908
4 3 11018 12129 12130 11019
4 3 1020 2131 2132 1021
4 3 2131 3242 3243 2132
4 3 3242 4353 4354 3243
4 3 4353 5464 5465 4354
4 3 5464 6575 6576 5465
4 3 6575 7686 7687 6576
4 3 7686 8797 8798 7687
4 3 8797 9908 9909 8798
4 3 9908 11019 11020 9909
4 3 11019 12130 12131 11020
4 3 1021 2132 2133 1022
4 3 2132 3243 3244 2133
4 3 3243 4354 4355 3244
4 3 4354 5465 5466 4355
4 3 5465 6576 6577 5466
4 3 6576 7687 7688 6577
4 3 7687 8798 8799 7688
4 3 8798 9909 9910 8799
4 3 9909 11020 11021 9910
4 3 11020 12131 12132 11021
4 3 1022 2133 2134 1023
4 3 2133 3244 3245 2134
4 3 3244 4355 4356 3245
4 3 4355 5466 5467 4356
4 3 5466 6577 6578 5467
4 3 6577 7688 7689 6578
4 3 7688 8799 8800 7689
4 3 8799 9910 9911 8800
4 3 9910 11021 11022 9911
4 3 11021 12132 12133 11022
4 3 1023 2134 2135 1024
4 3 2134 3245 3246 2135
4 3 3245 4356 4357 3246
4 3 4356 5467 5468 4357
4 3 5467 6578 6579 5468
4 3 6578 7689 7690 6579
4 3 7689 8800 8801 7690
4 3 8800 9911 9912 8801
4 3 9911 11022 11023 9912
4 3 11022 12133 12134 11023
4 3 1024 2135 2136 1025
4 3 2135 3246 3247 2136
4 3 3246 4357 4358 3247
4 3 4357 5468 5469 4358
4 3 5468 6579 6580 5469
4 3 6579 7690 7691 6580
4 3 7690 8801 8802 7691
4 3 8801 9912 9913 8802
4 3 9912 11023 11024 9913
4 3 11023 12134 12135 11024
4 3 1025 2136 2137 1026
4 3 2136 3247 3248 2137
4 3 3247 4358 4359 3248
4 3 4358 5469 5470 4359
4 3 5469 6580 6581 5470
4 3 6580 7691 7692 6581
4 3 7691 8802 8803 7692
4 3 8802 9913 9914 8803
4 3 9913 11024 11025 9914
4 3 11024 12135 12136 11025
4 3 1026 2137 2138 1027
4 3 2137 3248 3249 2138
4 3 3248 4359 4360 3249
4 3 4359 5470 5471 4360
4 3 5470 6581 6582 5471
4 3 6581 7692 7693 6582
4 3 7692 8803 8804 7693
4 3 8803 9914 9915 8804
4 3 9914 11025 11026 9915
4 3 11025 12136 12137 11026
4 3 1027 2138 2139 1028
4 3 2138 3249 3250 2139
4 3 3249 4360 4361 3250
4 3 4360 5471 5472 4361
4 3 5471 6582 6583 5472
4 3 6582 7693 7694 6583
4 3 7693 8804 8805 7694
4 3 8804 9915 9916 8805
4 3 9915 11026 11027 9916
4 3 11026 12137 12138 11027
4 3 1028 2139 2140 1029
4 3 2139 3250 3251 2140
4 3 3250 4361 4362 3251
4 3 4361 5472 5473 4362
4 3 5472 6583 6584 5473
4 3 6583 7694 7695 6584
4 3 7694 8805 8806 7695
4 3 8805 9916 9917 8806
4 3 9916 11027 11028 9917
4 3 11027 12138 12139 11028
4 3 1029 2140 2141 1030
4 3 2140 3251 3252 2141
4 3 3251 4362 4363 3252
4 3 4362 5473 5474 4363
4 3 5473 6584 6585 5474
4 3 6584 7695 7696 6585
4 3 7695 8806 8807 7696
4 3 8806 9917 9918 8807
4 3 9917 11028 11029 9918
4 3 11028 12139 12140 11029
4 3 1030 2141 2142 1031
4 3 2141 3252 3253 2142
4 3 3252 4363 4364 3253
4 3 4363 5474 5475 4364
4 3 5474 6585 6586 5475
4 3 6585 7696 7697 6586
4 3 7696 8807 8808 7697
4 3 8807 9918 9919 8808
4 3 9918 11029 11030 9919
4 3 11029 12140 12141 11030
4 3 1031 2142 2143 1032
4 3 2142 3253 3254 2143
4 3 3253 4364 4365 3254
4 3 4364 5475 5476 4365
4 3 5475 6586 6587 5476
4 3 6586 7697 7698 6587
4 3 7697 8808 8809 7698
4 3 8808 9919 9920 8809
4 3 9919 11030 11031 9920
4 3 11030 12141 12142 11031
4 3 1032 2143 2144 1033
4 3 2143 3254 3255 2144
4 3 3254 4365 4366 3255
4 3 4365 5476 5477 4366
4 3 5476 6587 6588 5477
4 3 6587 7698 7699 6588
4 3 7698 8809 8810 7699
4 3 8809 9920 9921 8810
4 3 9920 11031 11032 9921
4 3 11031 12142 12143 11032
4 3 1033 2144 2145 1034
4 3 2144 3255 3256 2145
4 3 3255 4366 4367 3256
4 3 4366 5477 5478 4367
4 3 5477 6588 6589 5478
4 3 6588 7699 7700 6589
4 3 7699 8810 8811 7700
4 3 8810 9921 9922 8811
4 3 9921 11032 11033 9922
4 3 11032 12143 12144 11033
4 3 1034 2145 2146 1035
4 3 2145 3256 3257 2146
4 3 3256 4367 4368 3257
4 3 4367 5478 5479 4368
4 3 5478 6589 6590 5479
4 3 6589 7700 7701 6590
4 3 7700 8811 8812 7701
4 3 8811 9922 9923 8812
4 3 9922 11033 11034 9923
4 3 11033 12144 12145 11034
4 3 1035 2146 2147 1036
4 3 2146 3257 3258 2147
4 3 3257 4368 4369 3258
4 3 4368 5479 5480 4369
4 3 5479 6590 6591 5480
4 3 6590 7701 7702 6591
4 3 7701 8812 8813 7702
4 3 8812 9923 9924 8813
4 3 9923 11034 11035 9924
4 3 11034 12145 12146 11035
4 3 1036 2147 2148 1037
4 3 2147 3258 3259 2148
4 3 3258 4369 4370 3259
4 3 4369 5480 5481 4370
4 3 5480 6591 6592 5481
4 3 6591 7702 7703 6592
4 3 7702 8813 8814 7703
4 3 8813 9924 9925 8814
4 3 9924 11035 11036 9925
4 3 11035 12146 12147 11036
4 3 1037 2148 2149 1038
4 3 2148 3259 3260 2149
4 3 3259 4370 4371 3260
4 3 4370 5481 5482 4371
4 3 5481 6592 6593 5482
4 3 6592 7703 7704 6593
4 3 7703 8814 8815 7704
4 3 8814 9925 9926 8815
4 3 9925 11036 11037 9926
4 3 11036 12147 12148 11037
4 3 1038 2149 2150 1039
4 3 2149 3260 3261 2150
4 3 3260 4371 4372 3261
4 3 4371 5482 5483 4372
4 3 5482 6593 6594 5483
4 3 6593 7704 7705 6594
4 3 7704 8815 8816 7705
4 3 8815 9926 9927 8816
4 3 9926 11037 11038 9927
4 3 11037 12148 12149 11038
4 3 1039 2150 2151 1040
4 3 2150 3261 3262 2151
4 3 3261 4372 4373 3262
4 3 4372 5483 5484 4373
4 3 5483 6594 6595 5484
4 3 6594 7705 7706 6595
4 3 7705 8816 8817 7706
4 3 8816 9927 9928 8817
4 3 9927 11038 11039 9928
4 3 11038 12149 12150 11039
4 3 1040 2151 2152 1041
4 3 2151 3262 3263 2152
4 3 3262 4373 4374 3263
4 3 4373 5484 5485 4374
4 3 5484 6595 6596 5485
4 3 6595 7706 7707 6596
4 3 7706 8817 8818 7707
4 3 8817 9928 9929 8818
4 3 9928 11039 11040 9929
4 3 11039 12150 12151 11040
4 3 1041 2152 2153 1042
4 3 2152 3263 3264 2153
4 3 3263 4374 4375 3264
4 3 4374 5485 5486 4375
4 3 5485 6596 6597 5486
4 3 6596 7707 7708 6597
4 3 7707 8818 8819 7708
4 3 8818 9929 9930 8819
4 3 9929 11040 11041 9930
4 3 11040 12151 12152 11041
4 3 1042 2153 2154 1043
4 3 2153 3264 3265 2154
4 3 3264 4375 4376 3265
4 3 4375 5486 5487 4376
4 3 5486 6597 6598 5487
4 3 6597 7708 7709 6598
4 3 7708 8819 8820 7709
4 3 8819 9930 9931 8820
4 3 9930 11041 11042 9931
4 3 11041 12152 12153 11042
4 3 1043 2154 2155 1044
4 3 2154 3265 3266 2155
4 3 3265 4376 4377 3266
4 3 4376 5487 5488 4377
4 3 5487 6598 6599 5488
4 3 6598 7709 7710 6599
4 3 7709 8820 8821 7710
4 3 8820 9931 9932 8821
4 3 9931 11042 11043 9932
4 3 11042 12153 12154 11043
4 3 1044 2155 2156 1045
4 3 2155 3266 3267 2156
4 3 3266 4377 4378 3267
4 3 4377 5488 5489 4378
4 3 5488 6599 6600 5489
4 3 6599 7710 7711 6600
4 3 7710 8821 8822 7711
4 3 8821 9932 9933 8822
4 3 9932 11043 11044 9933
4 3 11043 12154 12155 11044
4 3 1045 2156 2157 1046
4 3 2156 3267 3268 2157
4 3 3267 4378 4379 3268
4 3 4378 5489 5490 4379
4 3 5489 6600 6601 5490
4 3 6600 7711 7712 6601
4 3 7711 8822 8823 7712
4 3 8822 9933 9934 8823
4 3 9933 11044 11045 9934
4 3 11044 12155 12156 11045
4 3 1046 2157 2158 1047
4 3 2157 3268 3269 2158
4 3 3268 4379 4380 3269
4 3 4379 5490 5491 4380
4 3 5490 6601 6602 5491
4 3 6601 7712 7713 6602
4 3 7712 8823 8824 7713
4 3 8823 9934 9935 8824
4 3 9934 11045 11046 9935
4 3 11045 12156 12157 11046
4 3 1047 2158 2159 1048
4 3 2158 3269 3270 2159
4 3 3269 4380 4381 3270
4 3 4380 5491 5492 4381
4 3 5491 6602 6603 5492
4 3 6602 7713 7714 6603
4 3 7713 8824 8825 7714
4 3 8824 9935 9936 8825
4 3 9935 11046 11047 9936
4 3 11046 12157 12158 11047
4 3 1048 2159 2160 1049
4 3 2159 3270 3271 2160
4 3 3270 4381 4382 3271
4 3 4381 5492 5493 4382
4 3 5492 6603 6604 5493
4 3 6603 7714 7715 6604
4 3 7714 8825 8826 7715
4 3 8825 9936 9937 8826
4 3 9936 11047 11048 9937
4 3 11047 12158 12159 11048
4 3 1049 2160 2161 1050
4 3 2160 3271 3272 2161
4 3 3271 4382 4383 3272
4 3 4382 5493 5494 4383
4 3 5493 6604 6605 5494
4 3 6604 7715 7716 6605
4 3 7715 8826 8827 7716
4 3 8826 9937 9938 8827
4 3 9937 11048 11049 9938
4 3 11048 12159 12160 11049
4 3 1050 2161 2162 1051
4 3 2161 3272 3273 2162
4 3 3272 4383 4384 3273
4 3 4383 5494 5495 4384
4 3 5494 6605 6606 5495
4 3 6605 7716 7717 6606
4 3 7716 8827 8828 7717
4 3 8827 9938 9939 8828
4 3 9938 11049 11050 9939
4 3 11049 12160 12161 11050
4 3 1051 2162 2163 1052
4 3 2162 3273 3274 2163
4 3 3273 4384 4385 3274
4 3 4384 5495 5496 4385
4 3 5495 6606 6607 5496
4 3 6606 7717 7718 6607
4 3 7717 8828 8829 7718
4 3 8828 9939 9940 8829
4 3 9939 11050 11051 9940
4 3 11050 12161 12162 11051
4 3 1052 2163 2164 1053
4 3 2163 3274 3275 2164
4 3 3274 4385 4386 3275
4 3 4385 5496 5497 4386
4 3 5496 6607 6608 5497
4 3 6607 7718 7719 6608
4 3 7718 8829 8830 7719
4 3 8829 9940 9941 8830
4 3 9940 11051 11052 9941
4 3 11051 12162 12163 11052
4 3 1053 2164 2165 1054
4 3 2164 3275 3276 2165
4 3 3275 4386 4387 3276
4 3 4386 5497 5498 4387
4 3 5497 6608 6609 5498
4 3 6608 7719 7720 6609
4 3 7719 8830 8831 7720
4 3 8830 9941 9942 8831
4 3 9941 11052 11053 9942
4 3 11052 12163 12164 11053
4 3 1054 2165 2166 1055
4 3 2165 3276 3277 2166
4 3 3276 4387 4388 3277
4 3 4387 5498 5499 4388
4 3 5498 6609 6610 5499
4 3 6609 7720 7721 6610
4 3 7720 8831 8832 7721
4 3 8831 9942 9943 8832
4 3 9942 11053 11054 9943
4 3 11053 12164 12165 11054
4 3 1055 2166 2167 1056
4 3 2166 3277 3278 2167
4 3 3277 4388 4389 3278
4 3 4388 5499 5500 4389
4 3 5499 6610 6611 5500
4 3 6610 7721 7722 6611
4 3 7721 8832 8833 7722
4 3 8832 9943 9944 8833
4 3 9943 11054 11055 9944
4 3 11054 12165 12166 11055
4 3 1056 2167 2168 1057
4 3 2167 3278 3279 2168
4 3 3278 4389 4390 3279
4 3 4389 5500 5501 4390
4 3 5500 6611 6612 5501
4 3 6611 7722 7723 6612
4 3 7722 8833 8834 7723
4 3 8833 9944 9945 8834
4 3 9944 11055 11056 9945
4 3 11055 12166 12167 11056
4 3 1057 2168 2169 1058
4 3 2168 3279 3280 2169
4 3 3279 4390 4391 3280
4 3 4390 5501 5502 4391
4 3 5501 6612 6613 5502
4 3 6612 7723 7724 6613
4 3 7723 8834 8835 7724
4 3 8834 9945 9946 8835
4 3 9945 11056 11057 9946
4 3 11056 12167 12168 11057
4 3 1058 2169 2170 1059
4 3 2169 3280 3281 2170
4 3 3280 4391 4392 3281
4 3 4391 5502 5503 4392
4 3 5502 6613 6614 5503
4 3 6613 7724 7725 6614
4 3 7724 8835 8836 7725
4 3 8835 9946 9947 8836
4 3 9946 11057 11058 9947
4 3 11057 12168 12169 11058
4 3 1059 2170 2171 1060
4 3 2170 3281 3282 2171
4 3 3281 4392 4393 3282
4 3 4392 5503 5504 4393
4 3 5503 6614 6615 5504
4 3 6614 7725 7726 6615
4 3 7725 8836 8837 7726
4 3 8836 9947 9948 8837
4 3 9947 11058 11059 9948
4 3 11058 12169 12170 11059
4 3 1060 2171 2172 1061
4 3 2171 3282 3283 2172
4 3 3282 4393 4394 3283
4 3 4393 5504 5505 4394
4 3 5504 6615 6616 5505
4 3 6615 7726 7727 6616
4 3 7726 8837 8838 7727
4 3 8837 9948 9949 8838
4 3 9948 11059 11060 9949
4 3 11059 12170 12171 11060
4 3 1061 2172 2173 1062
4 3 2172 3283 3284 2173
4 3 3283 4394 4395 3284
4 3 4394 5505 5506 4395
4 3 5505 6616 6617 5506
4 3 6616 7727 7728 6617
4 3 7727 8838 8839 7728
4 3 8838 9949 9950 8839
4 3 9949 11060 11061 9950
4 3 11060 12171 12172 11061
4 3 1062 2173 2174 1063
4 3 2173 3284 3285 2174
4 3 3284 4395 4396 3285
4 3 4395 5506 5507 4396
4 3 5506 6617 6618 5507
4 3 6617 7728 7729 6618
4 3 7728 8839 8840 7729
4 3 8839 9950 9951 8840
4 3 9950 11061 11062 9951
4 3 11061 12172 12173 11062
4 3 1063 2174 2175 1064
4 3 2174 3285 3286 2175
4 3 3285 4396 4397 3286
4 3 4396 5507 5508 4397
4 3 5507 6618 6619 5508
4 3 6618 7729 7730 6619
4 3 7729 8840 8841 7730
4 3 8840 9951 9952 8841
4 3 9951 11062 11063 9952
4 3 11062 12173 12174 11063
4 3 1064 2175 2176 1065
4 3 2175 3286 3287 2176
4 3 3286 4397 4398 3287
4 3 4397 5508 5509 4398
4 3 5508 6619 6620 5509
4 3 6619 7730 7731 6620
4 3 7730 8841 8842 7731
4 3 8841 9952 9953 8842
4 3 9952 11063 11064 9953
4 3 11063 12174 12175 11064
4 3 1065 2176 2177 1066
4 3 2176 3287 3288 2177
4 3 3287 4398 4399 3288
4 3 4398 5509 5510 4399
4 3 5509 6620 6621 5510
4 3 6620 7731 7732 6621
4 3 7731 8842 8843 7732
4 3 8842 9953 9954 8843
4 3 9953 11064 11065 9954
4 3 11064 12175 12176 11065
4 3 1066 2177 2178 1067
4 3 2177 3288 3289 2178
4 3 3288 4399 4400 3289
4 3 4399 5510 5511 4400
4 3 5510 6621 6622 5511
4 3 6621 7732 7733 6622
4 3 7732 8843 8844 7733
4 3 8843 9954 9955 8844
4 3 9954 11065 11066 9955
4 3 11065 12176 12177 11066
4 3 1067 2178 2179 1068
4 3 2178 3289 3290 2179
4 3 3289 4400 4401 3290
4 3 4400 5511 5512 4401
4 3 5511 6622 6623 5512
4 3 6622 7733 7734 6623
4 3 7733 8844 8845 7734
4 3 8844 9955 9956 8845
4 3 9955 11066 11067 9956
4 3 11066 12177 12178 11067
4 3 1068 2179 2180 1069
4 3 2179 3290 3291 2180
4 3 3290 4401 4402 3291
4 3 4401 5512 5513 4402
4 3 5512 6623 6624 5513
4 3 6623 7734 7735 6624
4 3 7734 8845 8846 7735
4 3 8845 9956 9957 8846
4 3 9956 11067 11068 9957
4 3 11067 12178 12179 11068
4 3 1069 2180 2181 1070
4 3 2180 3291 3292 2181
4 3 3291 4402 4403 3292
4 3 4402 5513 5514 4403
4 3 5513 6624 6625 5514
4 3 6624 7735 7736 6625
4 3 7735 8846 8847 7736
4 3 8846 9957 9958 8847
4 3 9957 11068 11069 9958
4 3 11068 12179 12180 11069
4 3 1070 2181 2182 1071
4 3 2181 3292 3293 2182
4 3 3292 4403 4404 3293
4 3 4403 5514 5515 4404
4 3 5514 6625 6626 5515
4 3 6625 7736 7737 6626
4 3 7736 8847 8848 7737
4 3 8847 9958 9959 8848
4 3 9958 11069 11070 9959
4 3 11069 12180 12181 11070
4 3 1071 2182 2183 1072
4 3 2182 3293 3294 2183
4 3 3293 4404 4405 3294
4 3 4404 5515 5516 4405
4 3 5515 6626 6627 5516
4 3 6626 7737 7738 6627
4 3 7737 8848 8849 7738
4 3 8848 9959 9960 8849
4 3 9959 11070 11071 9960
4 3 11070 12181 12182 11071
4 3 1072 2183 2184 1073
4 3 2183 3294 3295 2184
4 3 3294 4405 4406 3295
4 3 4405 5516 5517 4406
4 3 5516 6627 6628 5517
4 3 6627 7738 7739 6628
4 3 7738 8849 8850 7739
4 3 8849 9960 9961 8850
4 3 9960 11071 11072 9961
4 3 11071 12182 12183 11072
4 3 1073 2184 2185 1074
4 3 2184 3295 3296 2185
4 3 3295 4406 4407 3296
4 3 4406 5517 5518 4407
4 3 5517 6628 6629 5518
4 3 6628 7739 7740 6629
4 3 7739 8850 8851 7740
4 3 8850 9961 9962 8851
4 3 9961 11072 11073 9962
4 3 11072 12183 12184 11073
4 3 1074 2185 2186 1075
4 3 2185 3296 3297 2186
4 3 3296 4407 4408 3297
4 3 4407 5518 5519 4408
4 3 5518 6629 6630 5519
4 3 6629 7740 7741 6630
4 3 7740 8851 8852 7741
4 3 8851 9962 9963 8852
4 3 9962 11073 11074 9963
4 3 11073 12184 12185 11074
4 3 1075 2186 2187 1076
4 3 2186 3297 3298 2187
4 3 3297 4408 4409 3298
4 3 4408 5519 5520 4409
4 3 5519 6630 6631 5520
4 3 6630 7741 7742 6631
4 3 7741 8852 8853 7742
4 3 8852 9963 9964 8853
4 3 9963 11074 11075 9964
4 3 11074 12185 12186 11075
4 3 1076 2187 2188 1077
4 3 2187 3298 3299 2188
4 3 3298 4409 4410 3299
4 3 4409 5520 5521 4410
4 3 5520 6631 6632 5521
4 3 6631 7742 7743 6632
4 3 7742 8853 8854 7743
4 3 8853 9964 9965 8854
4 3 9964 11075 11076 9965
4 3 11075 12186 12187 11076
4 3 1077 2188 2189 1078
4 3 2188 3299 3300 2189
4 3 3299 4410 4411 3300
4 3 4410 5521 5522 4411
4 3 5521 6632 6633 5522
4 3 6632 7743 7744 6633
4 3 7743 8854 8855 7744
4 3 8854 9965 9966 8855
4 3 9965 11076 11077 9966
4 3 11076 12187 12188 11077
4 3 1078 2189 2190 1079
4 3 2189 3300 3301 2190
4 3 3300 4411 4412 3301
4 3 4411 5522 5523 4412
4 3 5522 6633 6634 5523
4 3 6633 7744 7745 6634
4 3 7744 8855 8856 7745
4 3 8855 9966 9967 8856
4 3 9966 11077 11078 9967
4 3 11077 12188 12189 11078
4 3 1079 2190 2191 1080
4 3 2190 3301 3302 2191
4 3 3301 4412 4413 3302
4 3 4412 5523 5524 4413
4 3 5523 6634 6635 5524
4 3 6634 7745 7746 6635
4 3 7745 8856 8857 7746
4 3 8856 9967 9968 8857
4 3 9967 11078 11079 9968
4 3 11078 12189 12190 11079
4 3 1080 2191 2192 1081
4 3 2191 3302 3303 2192
4 3 3302 4413 4414 3303
4 3 4413 5524 5525 4414
4 3 5524 6635 6636 5525
4 3 6635 7746 7747 6636
4 3 7746 8857 8858 7747
4 3 8857 9968 9969 8858
4 3 9968 11079 11080 9969
4 3 11079 12190 12191 11080
4 3 1081 2192 2193 1082
4 3 2192 3303 3304 2193
4 3 3303 4414 4415 3304
4 3 4414 5525 5526 4415
4 3 5525 6636 6637 5526
4 3 6636 7747 7748 6637
4 3 7747 8858 8859 7748
4 3 8858 9969 9970 8859
4 3 9969 11080 11081 9970
4 3 11080 12191 12192 11081
4 3 1082 2193 2194 1083
4 3 2193 3304 3305 2194
4 3 3304 4415 4416 3305
4 3 4415 5526 5527 4416
4 3 5526 6637 6638 5527
4 3 6637 7748 7749 6638
4 3 7748 8859 8860 7749
4 3 8859 9970 9971 8860
4 3 9970 11081 11082 9971
4 3 11081 12192 12193 11082
4 3 1083 2194 2195 1084
4 3 2194 3305 3306 2195
4 3 3305 4416 4417 3306
4 3 4416 5527 5528 4417
4 3 5527 6638 6639 5528
4 3 6638 7749 7750 6639
4 3 7749 8860 8861 7750
4 3 8860 9971 9972 8861
4 3 9971 11082 11083 9972
4 3 11082 12193 12194 11083
4 3 1084 2195 2196 1085
4 3 2195 3306 3307 2196
4 3 3306 4417 4418 3307
4 3 4417 5528 5529 4418
4 3 5528 6639 6640 5529
4 3 6639 7750 7751 6640
4 3 7750 8861 8862 7751
4 3 8861 9972 9973 8862
4 3 9972 11083 11084 9973
4 3 11083 12194 12195 11084
4 3 1085 2196 2197 1086
4 3 2196 3307 3308 2197
4 3 3307 4418 4419 3308
4 3 4418 5529 5530 4419
4 3 5529 6640 6641 5530
4 3 6640 7751 7752 6641
4 3 7751 8862 8863 7752
4 3 8862 9973 9974 8863
4 3 9973 11084 11085 9974
4 3 11084 12195 12196 11085
4 3 1086 2197 2198 1087
4 3 2197 3308 3309 2198
4 3 3308 4419 4420 3309
4 3 4419 5530 5531 4420
4 3 5530 6641 6642 5531
4 3 6641 7752 7753 6642
4 3 7752 8863 8864 7753
4 3 8863 9974 9975 8864
4 3 9974 11085 11086 9975
4 3 11085 12196 12197 11086
4 3 1087 2198 2199 1088
4 3 2198 3309 3310 2199
4 3 3309 4420 4421 3310
4 3 4420 5531 5532 4421
4 3 5531 6642 6643 5532
4 3 6642 7753 7754 6643
4 3 7753 8864 8865 7754
4 3 8864 9975 9976 8865
4 3 9975 11086 11087 9976
4 3 11086 12197 12198 11087
4 3 1088 2199 2200 1089
4 3 2199 3310 3311 2200
4 3 3310 4421 4422 3311
4 3 4421 5532 5533 4422
4 3 5532 6643 6644 5533
4 3 6643 7754 7755 6644
4 3 7754 8865 8866 7755
4 3 8865 9976 9977 8866
4 3 9976 11087 11088 9977
4 3 11087 12198 12199 11088
4 3 1089 2200 2201 1090
4 3 2200 3311 3312 2201
4 3 3311 4422 4423 3312
4 3 4422 5533 5534 4423
4 3 5533 6644 6645 5534
4 3 6644 7755 7756 6645
4 3 7755 8866 8867 7756
4 3 8866 9977 9978 8867
4 3 9977 11088 11089 9978
4 3 11088 12199 12200 11089
4 3 1090 2201 2202 1091
4 3 2201 3312 3313 2202
4 3 3312 4423 4424 3313
4 3 4423 5534 5535 4424
4 3 5534 6645 6646 5535
4 3 6645 7756 7757 6646
4 3 7756 8867 8868 7757
4 3 8867 9978 9979 8868
4 3 9978 11089 11090 9979
4 3 11089 12200 12201 11090
4 3 1091 2202 2203 1092
4 3 2202 3313 3314 2203
4 3 3313 4424 4425 3314
4 3 4424 5535 5536 4425
4 3 5535 6646 6647 5536
4 3 6646 7757 7758 6647
4 3 7757 8868 8869 7758
4 3 8868 9979 9980 8869
4 3 9979 11090 11091 9980
4 3 11090 12201 12202 11091
4 3 1092 2203 2204 1093
4 3 2203 3314 3315 2204
4 3 3314 4425 4426 3315
4 3 4425 5536 5537 4426
4 3 5536 6647 6648 5537
4 3 6647 7758 7759 6648
4 3 7758 8869 8870 7759
4 3 8869 9980 9981 8870
4 3 9980 11091 11092 9981
4 3 11091 12202 12203 11092
4 3 1093 2204 2205 1094
4 3 2204 3315 3316 2205
4 3 3315 4426 4427 3316
4 3 4426 5537 5538 4427
4 3 5537 6648 6649 5538
4 3 6648 7759 7760 6649
4 3 7759 8870 8871 7760
4 3 8870 9981 9982 8871
4 3 9981 11092 11093 9982
4 3 11092 12203 12204 11093
4 3 1094 2205 2206 1095
4 3 2205 3316 3317 2206
4 3 3316 4427 4428 3317
4 3 4427 5538 5539 4428
4 3 5538 6649 6650 5539
4 3 6649 7760 7761 6650
4 3 7760 8871 8872 7761
4 3 8871 9982 9983 8872
4 3 9982 11093 11094 9983
4 3 11093 12204 12205 11094
4 3 1095 2206 2207 1096
4 3 2206 3317 3318 2207
4 3 3317 4428 4429 3318
4 3 4428 5539 5540 4429
4 3 5539 6650 6651 5540
4 3 6650 7761 7762 6651
4 3 7761 8872 8873 7762
4 3 8872 9983 9984 8873
4 3 9983 11094 11095 9984
4 3 11094 12205 12206 11095
4 3 1096 2207 2208 1097
4 3 2207 3318 3319 2208
4 3 3318 4429 4430 3319
4 3 4429 5540 5541 4430
4 3 5540 6651 6652 5541
4 3 6651 7762 7763 6652
4 3 7762 8873 8874 7763
4 3 8873 9984 9985 8874
4 3 9984 11095 11096 9985
4 3 11095 12206 12207 11096
4 3 1097 2208 2209 1098
4 3 2208 3319 3320 2209
4 3 3319 4430 4431 3320
4 3 4430 5541 5542 4431
4 3 5541 6652 6653 5542
4 3 6652 7763 7764 6653
4 3 7763 8874 8875 7764
4 3 8874 9985 9986 8875
4 3 9985 11096 11097 9986
4 3 11096 12207 12208 11097
4 3 1098 2209 2210 1099
4 3 2209 3320 3321 2210
4 3 3320 4431 4432 3321
4 3 4431 5542 5543 4432
4 3 5542 6653 6654 5543
4 3 6653 7764 7765 6654
4 3 7764 8875 8876 7765
4 3 8875 9986 9987 8876
4 3 9986 11097 11098 9987
4 3 11097 12208 12209 11098
4 3 1099 2210 2211 1100
4 3 2210 3321 3322 2211
4 3 3321 4432 4433 3322
4 3 4432 5543 5544 4433
4 3 5543 6654 6655 5544
4 3 6654 7765 7766 6655
4 3 7765 8876 8877 7766
4 3 8876 9987 9988 8877
4 3 9987 11098 11099 9988
4 3 11098 12209 12210 11099
4 3 1100 2211 2212 1101
4 3 2211 3322 3323 2212
4 3 3322 4433 4434 3323
4 3 4433 5544 5545 4434
4 3 5544 6655 6656 5545
4 3 6655 7766 7767 6656
4 3 7766 8877 8878 7767
4 3 8877 9988 9989 8878
4 3 9988 11099 11100 9989
4 3 11099 12210 12211 11100
4 3 1101 2212 2213 1102
4 3 2212 3323 3324 2213
4 3 3323 4434 4435 3324
4 3 4434 5545 5546 4435
4 3 5545 6656 6657 5546
4 3 6656 7767 7768 6657
4 3 7767 8878 8879 7768
4 3 8878 9989 9990 8879
4 3 9989 11100 11101 9990
4 3 11100 12211 12212 11101
4 3 1102 2213 2214 1103
4 3 2213 3324 3325 2214
4 3 3324 4435 4436 3325
4 3 4435 5546 5547 4436
4 3 5546 6657 6658 5547
4 3 6657 7768 7769 6658
4 3 7768 8879 8880 7769
4 3 8879 9990 9991 8880
4 3 9990 11101 11102 9991
4 3 11101 12212 12213 11102
4 3 1103 2214 2215 1104
4 3 2214 3325 3326 2215
4 3 3325 4436 4437 3326
4 3 4436 5547 5548 4437
4 3 5547 6658 6659 5548
4 3 6658 7769 7770 6659
4 3 7769 8880 8881 7770
4 3 8880 9991 9992 8881
4 3 9991 11102 11103 9992
4 3 11102 12213 12214 11103
4 3 1104 2215 2216 1105
4 3 2215 3326 3327 2216
4 3 3326 4437 4438 3327
4 3 4437 5548 5549 4438
4 3 5548 6659 6660 5549
4 3 6659 7770 7771 6660
4 3 7770 8881 8882 7771
4 3 8881 9992 9993 8882
4 3 9992 11103 11104 9993
4 3 11103 12214 12215 11104
4 3 1105 2216 2217 1106
4 3 2216 3327 3328 2217
4 3 3327 4438 4439 3328
4 3 4438 5549 5550 4439
4 3 5549 6660 6661 5550
4 3 6660 7771 7772 6661
4 3 7771 8882 8883 7772
4 3 8882 9993 9994 8883
4 3 9993 11104 11105 9994
4 3 11104 12215 12216 11105
4 3 1106 2217 2218 1107
4 3 2217 3328 3329 2218
4 3 3328 4439 4440 3329
4 3 4439 5550 5551 4440
4 3 5550 6661 6662 5551
4 3 6661 7772 7773 6662
4 3 7772 8883 8884 7773
4 3 8883 9994 9995 8884
4 3 9994 11105 11106 9995
4 3 11105 12216 12217 11106
4 3 1107 2218 2219 1108
4 3 2218 3329 3330 2219
4 3 3329 4440 4441 3330
4 3 4440 5551 5552 4441
4 3 5551 6662 6663 5552
4 3 6662 7773 7774 6663
4 3 7773 8884 8885 7774
4 3 8884 9995 9996 8885
4 3 9995 11106 11107 9996
4 3 11106 12217 12218 11107
4 3 1108 2219 2220 1109
4 3 2219 3330 3331 2220
4 3 3330 4441 4442 3331
4 3 4441 5552 5553 4442
4 3 5552 6663 6664 5553
4 3 6663 7774 7775 6664
4 3 7774 8885 8886 7775
4 3 8885 9996 9997 8886
4 3 9996 11107 11108 9997
4 3 11107 12218 12219 11108
4 3 1109 2220 2221 1110
4 3 2220 3331 3332 2221
4 3 3331 4442 4443 3332
4 3 4442 5553 5554 4443
4 3 5553 6664 6665 5554
4 3 6664 7775 7776 6665
4 3 7775 8886 8887 7776
4 3 8886 9997 9998 8887
4 3 9997 11108 11109 9998
4 3 11108 12219 12220 11109

vertices
12221
3
-0.5 -0.05 -0.05
-0.49 -0.05 -0.05
-0.48 -0.05 -0.05
-0.47 -0.05 -0.05
-0.46 -0.05 -0.05
-0.45 -0.05 -0.05
-0.44 -0.05 -0.05
-0.43 -0.05 -0.05
-0.42 -0.05 -0.05
-0.41 -0.05 -0.05
-0.4 -0.05 -0.05
-0.39 -0.05 -0.05
-0.38 -0.05 -0.05
-0.37 -0.05 -0.05
-0.36 -0.05 -0.05
-0.35 -0.05 -0.05
-0.34 -0.05 -0.05
-0.33 -0.05 -0.05
-0.32 -0.05 -0.05
-0.31 -0.05 -0.05
-0.3 -0.05 -0.05
-0.29 -0.05 -0.05
-0.28 -0.05 -0.05
-0.27 -0.05 -0.05
-0.26 -0.05 -0.05
-0.25 -0.05 -0.05
-0.24 -0.05 -0.05
-0.23 -0.05 -0.05
-0.22 -0.05 -0.05
-0.21 -0.05 -0.05
-0.2 -0.05 -0.05
-0.19 -0.05 -0.05
-0.18 -0.05 -0.05
-0.17 -0.05 -0.05
-0.16 -0.05 -0.05
-0.15 -0.05 -0.05
-0.14 -0.05 -0.05
-0.13 -0.05 -0.05
-0.12 -0.05 -0.05
-0.11 -0.05 -0.05
-0.09999999999999998 -0.05 -0.05
-0.09000000000000002 -0.05 -0.05
-0.08000000000000002 -0.05 -0.05
-0.07000000000000001 -0.05 -0.05
-0.06 -0.05 -0.05
-0.04999999999999999 -0.05 -0.05
-0.03999999999999998 -0.05 -0.05
-0.03000000000000003 -0.05 -0.05
-0.02000000000000002 -0.05 -0.05
-0.01000000000000001 -0.05 -0.05
0 -0.05 -0.05
0.01000000000000001 -0.05 -0.05
0.02000000000000002 -0.05 -0.05
0.03000000000000003 -0.05 -0.05
0.04000000000000004 -0.05 -0.05
0.05000000000000004 -0.05 -0.05
0.06000000000000005 -0.05 -0.05
0.06999999999999995 -0.05 -0.05
0.07999999999999996 -0.05 -0.05
0.08999999999999997 -0.05 -0.05
0.09999999999999998 -0.05 -0.05
0.11 -0.05 -0.05
0.12 -0.05 -0.05
0.13 -0.05 -0.05
0.14 -0.05 -0.05
0.15 -0.05 -0.05
0.16 -0.05 -0.05
0.17 -0.05 -0.05
0.18 -0.05 -0.05
0.1899999999999999 -0.05 -0.05
0.2 -0.05 -0.05
0.21 -0.05 -0.05
0.22 -0.05 -0.05
0.23 -0.05 -0.05
0.24 -0.05 -0.05
0.25 -0.05 -0.05
0.26 -0.05 -0.05
0.27 -0.05 -0.05
0.28 -0.05 -0.05
0.29 -0.05 -0.05
0.3 -0.05 -0.05
0.3100000000000001 -0.05 -0.05
0.32 -0.05 -0.05
0.33 -0.05 -0.05
0.34 -0.05 -0.05
0.35 -0.05 -0.05
0.36 -0.05 -0.05
0.37 -0.05 -0.05
0.38 -0.05 -0.05
0.39 -0.05 -0.05
0.4 -0.05 -0.05
0.41 -0.05 -0.05
0.42 -0.05 -0.05
0.43 -0.05 -0.05
0.4399999999999999 -0.05 -0.05
0.45 -0.05 -0.05
0.46 -0.05 -0.05
0.47 -0.05 -0.05
0.48 -0.05 -0.05
0.49 -0.05 -0.05
0.5 -0.05 -0.05
-0.5 -0.04 -0.05
-0.49 -0.04 -0.05
-0.48 -0.04 -0.05
-0.47 -0.04 -0.05
-0.46 -0.04 -0.05
-0.45 -0.04 -0.05
-0.44 -0.04 -0.05
-0.43 -0.04 -0.05
-0.42 -0.04 -0.05
-0.41 -0.04 -0.05
-0.4 -0.04 -0.05
-0.39 -0.04 -0.05
-0.38 -0.04 -0.05
-0.37 -0.04 -0.05
-0.36 -0.04 -0.05
-0.35 -0.04 -0.05
-0.34 -0.04 -0.05
-0.33 -0.04 -0.05
-0.32 -0.04 -0.05
-0.31 -0.04 -0.05
-0.3 -0.04 -0.05
-0.29 -0.04 -0.05
-0.28 -0.04 -0.05
-0.27 -0.04 -0.05
-0.26 -0.04 -0.05
-0.25 -0.04 -0.05
-0.24 -0.04 -0.05
-0.23 -0.04 -0.05
-0.22 -0.04 -0.05
-0.21 -0.04 -0.05
-0.2 -0.04 -0.05
-0.19 -0.04 -0.05
-0.18 -0.04 -0.05
-0.17 -0.04 -0.05
-0.16 -0.04 -0.05
-0.15 -0.04 -0.05
-0.14 -0.04 -0.05
-0.13 -0.04 -0.05
-0.12 -0.04 -0.05
-0.11 -0.04 -0.05
-0.09999999999999998 -0.04 -0.05
-0.09000000000000002 -0.04 -0.05
-0.08000000000000002 -0.04 -0.05
-0.07000000000000001 -0.04 -0.05
-0.06 -0.04 -0.05
-0.04999999999999999 -0.04 -0.05
-0.03999999999999998 -0.04 -0.05
-0.03000000000000003 -0.04 -0.05
-0.02000000000000002 -0.04 -0.05
-0.01000000000000001 -0.04 -0.05
0 -0.04 -0.05
0.01000000000000001 -0.04 -0.05
0.02000000000000002 -0.04 -0.05
0.03000000000000003 -0.04 -0.05
0.04000000000000004 -0.04 -0.05
0.05000000000000004 -0.04 -0.05
0.06000000000000005 -0.04 -0.05
0.06999999999999995 -0.04 -0.05
0.07999999999999996 -0.04 -0.05
0.08999999999999997 -0.04 -0.05
0.09999999999999998 -0.04 -0.05
0.11 -0.04 -0.05
0.12 -0.04 -0.05
0.13 -0.04 -0.05
0.14 -0.04 -0.05
0.15 -0.04 -0.05
0.16 -0.04 -0.05
0.17 -0.04 -0.05
0.18 -0.04 -0.05
0.1899999999999999 -0.04 -0.05
0.2 -0.04 -0.05
0.21 -0.04 -0.05
0.22 -0.04 -0.05
0.23 -0.04 -0.05
0.24 -0.04 -0.05
0.25 -0.04 -0.05
0.26 -0.04 -0.05
0.27 -0.04 -0.05
0.28 -0.04 -0.05
0.29 -0.04 -0.05
0.3 -0.04 -0.05
0.3100000000000001 -0.04 -0.05
0.32 -0.04 -0.05
0.33 -0.04 -0.05
0.34 -0.04 -0.05
0.35 -0.04 -0.05
0.36 -0.04 -0.05
0.37 -0.04 -0.05
0.38 -0.04 -0.05
0.39 -0.04 -0.05
0.4 -0.04 -0.05
0.41 -0.04 -0.05
0.42 -0.04 -0.05
0.43 -0.04 -0.05
0.4399999999999999 -0.04 -0.05
0.45 -0.04 -0.05
0.46 -0.04 -0.05
0.47 -0.04 -0.05
0.48 -0.04 -0.05
0.49 -0.04 -0.05
0.5 -0.04 -0.05
-0.5 -0.03 -0.05
-0.49 -0.03 -0.05
-0.48 -0.03 -0.05
-0.47 -0.03 -0.05
-0.46 -0.03 -0.05
-0.45 -0.03 -0.05
-0.44 -0.03 -0.05
-0.43 -0.03 -0.05
-0.42 -0.03 -0.05
-0.41 -0.03 -0.05
-0.4 -0.03 -0.05
-0.39 -0.03 -0.05
-0.38 -0.03 -0.05
-0.37 -0.03 -0.05
-0.36 -0.03 -0.05
-0.35 -0.03 -0.05
-0.34 -0.03 -0.05
-0.33 -0.03 -0.05
-0.32 -0.03 -0.05
-0.31 -0.03 -0.05
-0.3 -0.03 -0.05
-0.29 -0.03 -0.05
-0.28 -0.03 -0.05
-0.27 -0.03 -0.05
-0.26 -0.03 -0.05
-0.25 -0.03 -0.05
-0.24 -0.03 -0.05
-0.23 -0.03 -0.05
-0.22 -0.03 -0.05
-0.21 -0.03 -0.05
-0.2 -0.03 -0.05
-0.19 -0.03 -0.05
-0.18 -0.03 -0.05
-0.17 -0.03 -0.05
-0.16 -0.03 -0.05
-0.15 -0.03 -0.05
-0.14 -0.03 -0.05
-0.13 -0.03 -0.05
-0.12 -0.03 -0.05
-0.11 -0.03 -0.05
-0.09999999999999998 -0.03 -0.05
-0.09000000000000002 -0.03 -0.05
-0.08000000000000002 -0.03 -0.05
-0.07000000000000001 -0.03 -0.05
-0.06 -0.03 -0.05
-0.04999999999999999 -0.03 -0.05
-0.03999999999999998 -0.03 -0.05
-0.03000000000000003 -0.03 -0.05
-0.02000000000000002 -0.03 -0.05
-0.01000000000000001 -0.03 -0.05
0 -0.03 -0.05
0.01000000000000001 -0.03 -0.05
0.02000000000000002 -0.03 -0.05
0.03000000000000003 -0.03 -0.05
0.04000000000000004 -0.03 -0.05
0.05000000000000004 -0.03 -0.05
0.06000000000000005 -0.03 -0.05
0.06999999999999995 -0.03 -0.05
0.07999999999999996 -0.03 -0.05
0.08999999999999997 -0.03 -0.05
0.09999999999999998 -0.03 -0.05
0.11 -0.03 -0.05
0.12 -0.03 -0.05
0.13 -0.03 -0.05
0.14 -0.03 -0.05
0.15 -0.03 -0.05
0.16 -0.03 -0.05
0.17 -0.03 -0.05
0.18 -0.03 -0.05
0.1899999999999999 -0.03 -0.05
0.2 -0.03 -0.05
0.21 -0.03 -0.05
0.22 -0.03 -0.05
0.23 -0.03 -0.05
0.24 -0.03 -0.05
0.25 -0.03 -0.05
0.26 -0.03 -0.05
0.27 -0.03 -0.05
0.28 -0.03 -0.05
0.29 -0.03 -0.05
0.3 -0.03 -0.05
0.3100000000000001 -0.03 -0.05
0.32 -0.03 -0.05
0.33 -0.03 -0.05
0.34 -0.03 -0.05
0.35 -0.03 -0.05
0.36 -0.03 -0.05
0.37 -0.03 -0.05
0.38 -0.03 -0.05
0.39 -0.03 -0.05
0.4 -0.03 -0.05
0.41 -0.03 -0.05
0.42 -0.03 -0.05
0.43 -0.03 -0.05
0.4399999999999999 -0.03 -0.05
0.45 -0.03 -0.05
0.46 -0.03 -0.05
0.47 -0.03 -0.05
0.48 -0.03 -0.05
0.49 -0.03 -0.05
0.5 -0.03 -0.05
-0.5 -0.02 -0.05
-0.49 -0.02 -0.05
-0.48 -0.02 -0.05
-0.47 -0.02 -0.05
-0.46 -0.02 -0.05
-0.45 -0.02 -0.05
-0.44 -0.02 -0.05
-0.43 -0.02 -0.05
-0.42 -0.02 -0.05
-0.41 -0.02 -0.05
-0.4 -0.02 -0.05
-0.39 -0.02 -0.05
-0.38 -0.02 -0.05
-0.37 -0.02 -0.05
-0.36 -0.02 -0.05
-0.35 -0.02 -0.05
-0.34 -0.02 -0.05
-0.33 -0.02 -0.05
-0.32 -0.02 -0.05
-0.31 -0.02 -0.05
-0.3 -0.02 -0.05
-0.29 -0.02 -0.05
-0.28 -0.02 -0.05
-0.27 -0.02 -0.05
-0.26 -0.02 -0.05
-0.25 -0.02 -0.05
-0.24 -0.02 -0.05
-0.23 -0.02 -0.05
-0.22 -0.02 -0.05
-0.21 -0.02 -0.05
-0.2 -0.02 -0.05
-0.19 -0.02 -0.05
-0.18 -0.02 -0.05
-0.17 -0.02 -0.05
-0.16 -0.02 -0.05
-0.15 -0.02 -0.05
-0.14 -0.02 -0.05
-0.13 -0.02 -0.05
-0.12 -0.02 -0.05
-0.11 -0.02 -0.05
-0.09999999999999998 -0.02 -0.05
-0.09000000000000002 -0.02 -0.05
-0.08000000000000002 -0.02 -0.05
-0.07000000000000001 -0.02 -0.05
-0.06 -0.02 -0.05
-0.04999999999999999 -0.02 -0.05
-0.03999999999999998 -0.02 -0.05
-0.03000000000000003 -0.02 -0.05
-0.02000000000000002 -0.02 -0.05
-0.01000000000000001 -0.02 -0.05
0 -0.02 -0.05
0.01000000000000001 -0.02 -0.05
0.02000000000000002 -0.02 -0.05
0.03000000000000003 -0.02 -0.05
0.04000000000000004 -0.02 -0.05
0.05000000000000004 -0.02 -0.05
0.06000000000000005 -0.02 -0.05
0.06999999999999995 -0.02 -0.05
0.07999999999999996 -0.02 -0.05
0.08999999999999997 -0.02 -0.05
0.09999999999999998 -0.02 -0.05
0.11 -0.02 -0.05
0.12 -0.02 -0.05
0.13 -0.02 -0.05
0.14 -0.02 -0.05
0.15 -0.02 -0.05
0.16 -0.02 -0.05
0.17 -0.02 -0.05
0.18 -0.02 -0.05
0.1899999999999999 -0.02 -0.05
0.2 -0.02 -0.05
0.21 -0.02 -0.05
0.22 -0.02 -0.05
0.23 -0.02 -0.05
0.24 -0.02 -0.05
0.25 -0.02 -0.05
0.26 -0.02 -0.05
0.27 -0.02 -0.05
0.28 -0.02 -0.05
0.29 -0.02 -0.05
0.3 -0.02 -0.05
0.3100000000000001 -0.02 -0.05
0.32 -0.02 -0.05
0.33 -0.02 -0.05
0.34 -0.02 -0.05
0.35 -0.02 -0.05
0.36 -0.02 -0.05
0.37 -0.02 -0.05
0.38 -0.02 -0.05
0.39 -0.02 -0.05
0.4 -0.02 -0.05
0.41 -0.02 -0.05
0.42 -0.02 -0.05
0.43 -0.02 -0.05
0.4399999999999999 -0.02 -0.05
0.45 -0.02 -0.05
0.46 -0.02 -0.05
0.47 -0.02 -0.05
0.48 -0.02 -0.05
0.49 -0.02 -0.05
0.5 -0.02 -0.05
-0.5 -0.009999999999999995 -0.05
-0.49 -0.009999999999999995 -0.05
-0.48 -0.009999999999999995 -0.05
-0.47 -0.009999999999999995 -0.05
-0.46 -0.009999999999999995 -0.05
-0.45 -0.009999999999999995 -0.05
-0.44 -0.009999999999999995 -0.05
-0.43 -0.009999999999999995 -0.05
-0.42 -0.009999999999999995 -0.05
-0.41 -0.009999999999999995 -0.05
-0.4 -0.009999999999999995 -0.05
-0.39 -0.009999999999999995 -0.05
-0.38 -0.009999999999999995 -0.05
-0.37 -0.009999999999999995 -0.05
-0.36 -0.009999999999999995 -0.05
-0.35 -0.009999999999999995 -0.05
-0.34 -0.009999999999999995 -0.05
-0.33 -0.009999999999999995 -0.05
-0.32 -0.009999999999999995 -0.05
-0.31 -0.009999999999999995 -0.05
-0.3 -0.009999999999999995 -0.05
-0.29 -0.009999999999999995 -0.05
-0.28 -0.009999999999999995 -0.05
-0.27 -0.009999999999999995 -0.05
-0.26 -0.009999999999999995 -0.05
-0.25 -0.009999999999999995 -0.05
-0.24 -0.009999999999999995 -0.05
-0.23 -0.009999999999999995 -0.05
-0.22 -0.009999999999999995 -0.05
-0.21 -0.009999999999999995 -0.05
-0.2 -0.009999999999999995 -0.05
-0.19 -0.009999999999999995 -0.05
-0.18 -0.009999999999999995 -0.05
-0.17 -0.009999999999999995 -0.05
-0.16 -0.009999999999999995 -0.05
-0.15 -0.009999999999999995 -0.05
-0.14 -0.009999999999999995 -0.05
-0.13 -0.009999999999999995 -0.05
-0.12 -0.009999999999999995 -0.05
-0.11 -0.009999999999999995 -0.05
-0.09999999999999998 -0.009999999999999995 -0.05
-0.09000000000000002 -0.009999999999999995 -0.05
-0.08000000000000002 -0.009999999999999995 -0.05
-0.07000000000000001 -0.009999999999999995 -0.05
-0.06 -0.009999999999999995 -0.05
-0.04999999999999999 -0.009999999999999995 -0.05
-0.03999999999999998 -0.009999999999999995 -0.05
-0.03000000000000003 -0.009999999999999995 -0.05
-0.02000000000000002 -0.009999999999999995 -0.05
-0.01000000000000001 -0.009999999999999995 -0.05
0 -0.009999999999999995 -0.05
0.01000000000000001 -0.009999999999999995 -0.05
0.02000000000000002 -0.009999999999999995 -0.05
0.03000000000000003 -0.009999999999999995 -0.05
0.04000000000000004 -0.009999999999999995 -0.05
0.05000000000000004 -0.009999999999999995 -0.05
0.06000000000000005 -0.009999999999999995 -0.05
0.06999999999999995 -0.009999999999999995 -0.05
0.07999999999999996 -0.009999999999999995 -0.05
0.08999999999999997 -0.009999999999999995 -0.05
0.09999999999999998 -0.009999999999999995 -0.05
0.11 -0.009999999999999995 -0.05
0.12 -0.009999999999999995 -0.05
0.13 -0.009999999999999995 -0.05
0.14 -0.009999999999999995 -0.05
0.15 -0.009999999999999995 -0.05
0.16 -0.009999999999999995 -0.05
0.17 -0.009999999999999995 -0.05
0.18 -0.009999999999999995 -0.05
0.1899999999999999 -0.009999999999999995 -0.05
0.2 -0.009999999999999995 -0.05
0.21 -0.009999999999999995 -0.05
0.22 -0.009999999999999995 -0.05
0.23 -0.009999999999999995 -0.05
0.24 -0.009999999999999995 -0.05
0.25 -0.009999999999999995 -0.05
0.26 -0.009999999999999995 -0.05
0.27 -0.009999999999999995 -0.05
0.28 -0.009999999999999995 -0.05
0.29 -0.009999999999999995 -0.05
0.3 -0.009999999999999995 -0.05
0.3100000000000001 -0.009999999999999995 -0.05
0.32 -0.009999999999999995 -0.05
0.33 -0.009999999999999995 -0.05
0.34 -0.009999999999999995 -0.05
0.35 -0.009999999999999995 -0.05
0.36 -0.009999999999999995 -0.05
0.37 -0.009999999999999995 -0.05
0.38 -0.009999999999999995 -0.05
0.39 -0.009999999999999995 -0.05
0.4 -0.009999999999999995 -0.05
0.41 -0.009999999999999995 -0.05
0.42 -0.009999999999999995 -0.05
0.43 -0.009999999999999995 -0.05
0.4399999999999999 -0.009999999999999995 -0.05
0.45 -0.009999999999999995 -0.05
0.46 -0.009999999999999995 -0.05
0.47 -0.009999999999999995 -0.05
0.48 -0.009999999999999995 -0.05
0.49 -0.009999999999999995 -0.05
0.5 -0.009999999999999995 -0.05
-0.5 0 -0.05
-0.49 0 -0.05
-0.48 0 -0.05
-0.47 0 -0.05
-0.46 0 -0.05
-0.45 0 -0.05
-0.44 0 -0.05
-0.43 0 -0.05
-0.42 0 -0.05
-0.41 0 -0.05
-0.4 0 -0.05
-0.39 0 -0.05
-0.38 0 -0.05
-0.37 0 -0.05
-0.36 0 -0.05
-0.35 0 -0.05
-0.34 0 -0.05
-0.33 0 -0.05
-0.32 0 -0.05
-0.31 0 -0.05
-0.3 0 -0.05
-0.29 0 -0.05
-0.28 0 -0.05
-0.27 0 -0.05
-0.26 0 -0.05
-0.25 0 -0.05
-0.24 0 -0.05
-0.23 0 -0.05
-0.22 0 -0.05
-0.21 0 -0.05
-0.2 0 -0.05
-0.19 0 -0.05
-0.18 0 -0.05
-0.17 0 -0.05
-0.16 0 -0.05
-0.15 0 -0.05
-0.14 0 -0.05
-0.13 0 -0.05
-0.12 0 -0.05
-0.11 0 -0.05
-0.09999999999999998 0 -0.05
-0.09000000000000002 0 -0.05
-0.08000000000000002 0 -0.05
-0.07000000000000001 0 -0.05
-0.06 0 -0.05
-0.04999999999999999 0 -0.05
-0.03999999999999998 0 -0.05
-0.03000000000000003 0 -0.05
-0.02000000000000002 0 -0.05
-0.01000000000000001 0 -0.05
0 0 -0.05
0.01000000000000001 0 -0.05
0.02000000000000002 0 -0.05
0.03000000000000003 0 -0.05
0.04000000000000004 0 -0.05
0.05000000000000004 0 -0.05
0.06000000000000005 0 -0.05
0.06999999999999995 0 -0.05
0.07999999999999996 0 -0.05
0.08999999999999997 0 -0.05
0.09999999999999998 0 -0.05
0.11 0 -0.05
0.12 0 -0.05
0.13 0 -0.05
0.14 0 -0.05
0.15 0 -0.05
0.16 0 -0.05
0.17 0 -0.05
0.18 0 -0.05
0.1899999999999999 0 -0.05
0.2 0 -0.05
0.21 0 -0.05
0.22 0 -0.05
0.23 0 -0.05
0.24 0 -0.05
0.25 0 -0.05
0.26 0 -0.05
0.27 0 -0.05
0.28 0 -0.05
0.29 0 -0.05
0.3 0 -0.05
0.3100000000000001 0 -0.05
0.32 0 -0.05
0.33 0 -0.05
0.34 0 -0.05
0.35 0 -0.05
0.36 0 -0.05
0.37 0 -0.05
0.38 0 -0.05
0.39 0 -0.05
0.4 0 -0.05
0.41 0 -0.05
0.42 0 -0.05
0.43 0 -0.05
0.4399999999999999 0 -0.05
0.45 0 -0.05
0.46 0 -0.05
0.47 0 -0.05
0.48 0 -0.05
0.49 0 -0.05
0.5 0 -0.05
-0.5 0.009999999999999995 -0.05
-0.49 0.009999999999999995 -0.05
-0.48 0.009999999999999995 -0.05
-0.47 0.009999999999999995 -0.05
-0.46 0.009999999999999995 -0.05
-0.45 0.009999999999999995 -0.05
-0.44 0.009999999999999995 -0.05
-0.43 0.009999999999999995 -0.05
-0.42 0.009999999999999995 -0.05
-0.41 0.009999999999999995 -0.05
-0.4 0.009999999999999995 -0.05
-0.39 0.009999999999999995 -0.05
-0.38 0.009999999999999995 -0.05
-0.37 0.009999999999999995 -0.05
-0.36 0.009999999999999995 -0.05
-0.35 0.009999999999999995 -0.05
-0.34 0.009999999999999995 -0.05
-0.33 0.009999999999999995 -0.05
-0.32 0.009999999999999995 -0.05
-0.31 0.009999999999999995 -0.05
-0.3 0.009999999999999995 -0.05
-0.29 0.009999999999999995 -0.05
-0.28 0.009999999999999995 -0.05
-0.27 0.009999999999999995 -0.05
-0.26 0.009999999999999995 -0.05
-0.25 0.009999999999999995 -0.05
-0.24 0.009999999999999995 -0.05
-0.23 0.009999999999999995 -0.05
-0.22 0.009999999999999995 -0.05
-0.21 0.009999999999999995 -0.05
-0.2 0.009999999999999995 -0.05
-0.19 0.009999999999999995 -0.05
-0.18 0.009999999999999995 -0.05
-0.17 0.009999999999999995 -0.05
-0.16 0.009999999999999995 -0.05
-0.15 0.009999999999999995 -0.05
-0.14 0.009999999999999995 -0.05
-0.13 0.009999999999999995 -0.05
-0.12 0.009999999999999995 -0.05
-0.11 0.009999999999999995 -0.05
-0.09999999999999998 0.009999999999999995 -0.05
-0.09000000000000002 0.009999999999999995 -0.05
-0.08000000000000002 0.009999999999999995 -0.05
-0.07000000000000001 0.009999999999999995 -0.05
-0.06 0.009999999999999995 -0.05
-0.04999999999999999 0.009999999999999995 -0.05
-0.03999999999999998 0.009999999999999995 -0.05
-0.03000000000000003 0.009999999999999995 -0.05
-0.02000000000000002 0.009999999999999995 -0.05
-0.01000000000000001 0.009999999999999995 -0.05
0 0.009999999999999995 -0.05
0.01000000000000001 0.009999999999999995 -0.05
0.02000000000000002 0.009999999999999995 -0.05
0.03000000000000003 0.009999999999999995 -0.05
0.04000000000000004 0.009999999999999995 -0.05
0.05000000000000004 0.009999999999999995 -0.05
0.06000000000000005 0.009999999999999995 -0.05
0.06999999999999995 0.009999999999999995 -0.05
0.07999999999999996 0.009999999999999995 -0.05
0.08999999999999997 0.009999999999999995 -0.05
0.09999999999999998 0.009999999999999995 -0.05
0.11 0.009999999999999995 -0.05
0.12 0.009999999999999995 -0.05
0.13 0.009999999999999995 -0.05
0.14 0.009999999999999995 -0.05
0.15 0.009999999999999995 -0.05
0.16 0.009999999999999995 -0.05
0.17 0.009999999999999995 -0.05
0.18 0.009999999999999995 -0.05
0.1899999999999999 0.009999999999999995 -0.05
0.2 0.009999999999999995 -0.05
0.21 0.009999999999999995 -0.05
0.22 0.009999999999999995 -0.05
0.23 0.009999999999999995 -0.05
0.24 0.009999999999999995 -0.05
0.25 0.009999999999999995 -0.05
0.26 0.009999999999999995 -0.05
0.27 0.009999999999999995 -0.05
0.28 0.009999999999999995 -0.05
0.29 0.009999999999999995 -0.05
0.3 0.009999999999999995 -0.05
0.3100000000000001 0.009999999999999995 -0.05
0.32 0.009999999999999995 -0.05
0.33 0.009999999999999995 -0.05
0.34 0.009999999999999995 -0.05
0.35 0.009999999999999995 -0.05
0.36 0.009999999999999995 -0.05
0.37 0.009999999999999995 -0.05
0.38 0.009999999999999995 -0.05
0.39 0.009999999999999995 -0.05
0.4 0.009999999999999995 -0.05
0.41 0.009999999999999995 -0.05
0.42 0.009999999999999995 -0.05
0.43 0.009999999999999995 -0.05
0.4399999999999999 0.009999999999999995 -0.05
0.45 0.009999999999999995 -0.05
0.46 0.009999999999999995 -0.05
0.47 0.009999999999999995 -0.05
0.48 0.009999999999999995 -0.05
0.49 0.009999999999999995 -0.05
0.5 0.009999999999999995 -0.05
-0.5 0.01999999999999999 -0.05
-0.49 0.01999999999999999 -0.05
-0.48 0.01999999999999999 -0.05
-0.47 0.01999999999999999 -0.05
-0.46 0.01999999999999999 -0.05
-0.45 0.01999999999999999 -0.05
-0.44 0.01999999999999999 -0.05
-0.43 0.01999999999999999 -0.05
-0.42 0.01999999999999999 -0.05
-0.41 0.01999999999999999 -0.05
-0.4 0.01999999999999999 -0.05
-0.39 0.01999999999999999 -0.05
-0.38 0.01999999999999999 -0.05
-0.37 0.01999999999999999 -0.05
-0.36 0.01999999999999999 -0.05
-0.35 0.01999999999999999 -0.05
-0.34 0.01999999999999999 -0.05
-0.33 0.01999999999999999 -0.05
-0.32 0.01999999999999999 -0.05
-0.31 0.01999999999999999 -0.05
-0.3 0.01999999999999999 -0.05
-0.29 0.01999999999999999 -0.05
-0.28 0.01999999999999999 -0.05
-0.27 0.01999999999999999 -0.05
-0.26 0.01999999999999999 -0.05
-0.25 0.01999999999999999 -0.05
-0.24 0.01999999999999999 -0.05
-0.23 0.01999999999999999 -0.05
-0.22 0.01999999999999999 -0.05
-0.21 0.01999999999999999 -0.05
-0.2 0.01999999999999999 -0.05
-0.19 0.01999999999999999 -0.05
-0.18 0.01999999999999999 -0.05
-0.17 0.01999999999999999 -0.05
-0.16 0.01999999999999999 -0.05
-0.15 0.01999999999999999 -0.05
-0.14 0.01999999999999999 -0.05
-0.13 0.01999999999999999 -0.05
-0.12 0.01999999999999999 -0.05
-0.11 0.01999999999999999 -0.05
-0.09999999999999998 0.01999999999999999 -0.05
-0.09000000000000002 0.01999999999999999 -0.05
-0.08000000000000002 0.01999999999999999 -0.05
-0.07000000000000001 0.01999999999999999 -0.05
-0.06 0.01999999999999999 -0.05
-0.04999999999999999 0.01999999999999999 -0.05
-0.03999999999999998 0.01999999999999999 -0.05
-0.03000000000000003 0.01999999999999999 -0.05
-0.02000000000000002 0.01999999999999999 -0.05
-0.01000000000000001 0.01999999999999999 -0.05
0 0.01999999999999999 -0.05
0.01000000000000001 0.01999999999999999 -0.05
0.02000000000000002 0.01999999999999999 -0.05
0.03000000000000003 0.01999999999999999 -0.05
0.04000000000000004 0.01999999999999999 -0.05
0.05000000000000004 0.01999999999999999 -0.05
0.06000000000000005 0.01999999999999999 -0.05
0.06999999999999995 0.01999999999999999 -0.05
0.07999999999999996 0.01999999999999999 -0.05
0.08999999999999997 0.01999999999999999 -0.05
0.09999999999999998 0.01999999999999999 -0.05
0.11 0.01999999999999999 -0.05
0.12 0.01999999999999999 -0.05
0.13 0.01999999999999999 -0.05
0.14 0.01999999999999999 -0.05
0.15 0.01999999999999999 -0.05
0.16 0.01999999999999999 -0.05
0.17 0.01999999999999999 -0.05
0.18 0.01999999999999999 -0.05
0.1899999999999999 0.01999999999999999 -0.05
0.2 0.01999999999999999 -0.05
0.21 0.01999999999999999 -0.05
0.22 0.01999999999999999 -0.05
0.23 0.01999999999999999 -0.05
0.24 0.01999999999999999 -0.05
0.25 0.01999999999999999 -0.05
0.26 0.01999999999999999 -0.05
0.27 0.01999999999999999 -0.05
0.28 0.01999999999999999 -0.05
0.29 0.01999999999999999 -0.05
0.3 0.01999999999999999 -0.05
0.3100000000000001 0.01999999999999999 -0.05
0.32 0.01999999999999999 -0.05
0.33 0.01999999999999999 -0.05
0.34 0.01999999999999999 -0.05
0.35 0.01999999999999999 -0.05
0.36 0.01999999999999999 -0.05
0.37 0.01999999999999999 -0.05
0.38 0.01999999999999999 -0.05
0.39 0.01999999999999999 -0.05
0.4 0.01999999999999999 -0.05
0.41 0.01999999999999999 -0.05
0.42 0.01999999999999999 -0.05
0.43 0.01999999999999999 -0.05
0.4399999999999999 0.01999999999999999 -0.05
0.45 0.01999999999999999 -0.05
0.46 0.01999999999999999 -0.05
0.47 0.01999999999999999 -0.05
0.48 0.01999999999999999 -0.05
0.49 0.01999999999999999 -0.05
0.5 0.01999999999999999 -0.05
-0.5 0.03000000000000001 -0.05
-0.49 0.03000000000000001 -0.05
-0.48 0.03000000000000001 -0.05
-0.47 0.03000000000000001 -0.05
-0.46 0.03000000000000001 -0.05
-0.45 0.03000000000000001 -0.05
-0.44 0.03000000000000001 -0.05
-0.43 0.03000000000000001 -0.05
-0.42 0.03000000000000001 -0.05
-0.41 0.03000000000000001 -0.05
-0.4 0.03000000000000001 -0.05
-0.39 0.03000000000000001 -0.05
-0.38 0.03000000000000001 -0.05
-0.37 0.03000000000000001 -0.05
-0.36 0.03000000000000001 -0.05
-0.35 0.03000000000000001 -0.05
-0.34 0.03000000000000001 -0.05
-0.33 0.03000000000000001 -0.05
-0.32 0.03000000000000001 -0.05
-0.31 0.03000000000000001 -0.05
-0.3 0.03000000000000001 -0.05
-0.29 0.03000000000000001 -0.05
-0.28 0.03000000000000001 -0.05
-0.27 0.03000000000000001 -0.05
-0.26 0.03000000000000001 -0.05
-0.25 0.03000000000000001 -0.05
-0.24 0.03000000000000001 -0.05
-0.23 0.03000000000000001 -0.05
-0.22 0.03000000000000001 -0.05
-0.21 0.03000000000000001 -0.05
-0.2 0.03000000000000001 -0.05
-0.19 0.03000000000000001 -0.05
-0.18 0.03000000000000001 -0.05
-0.17 0.03000000000000001 -0.05
-0.16 0.03000000000000001 -0.05
-0.15 0.03000000000000001 -0.05
-0.14 0.03000000000000001 -0.05
-0.13 0.03000000000000001 -0.05
-0.12 0.03000000000000001 -0.05
-0.11 0.03000000000000001 -0.05
-0.09999999999999998 0.03000000000000001 -0.05
-0.09000000000000002 0.03000000000000001 -0.05
-0.08000000000000002 0.03000000000000001 -0.05
-0.07000000000000001 0.03000000000000001 -0.05
-0.06 0.03000000000000001 -0.05
-0.04999999999999999 0.03000000000000001 -0.05
-0.03999999999999998 0.03000000000000001 -0.05
-0.03000000000000003 0.03000000000000001 -0.05
-0.02000000000000002 0.03000000000000001 -0.05
-0.01000000000000001 0.03000000000000001 -0.05
0 0.03000000000000001 -0.05
0.01000000000000001 0.03000000000000001 -0.05
0.02000000000000002 0.03000000000000001 -0.05
0.03000000000000003 0.03000000000000001 -0.05
0.04000000000000004 0.03000000000000001 -0.05
0.05000000000000004 0.03000000000000001 -0.05
0.06000000000000005 0.03000000000000001 -0.05
0.06999999999999995 0.03000000000000001 -0.05
0.07999999999999996 0.03000000000000001 -0.05
0.08999999999999997 0.03000000000000001 -0.05
0.09999999999999998 0.03000000000000001 -0.05
0.11 0.03000000000000001 -0.05
0.12 0.03000000000000001 -0.05
0.13 0.03000000000000001 -0.05
0.14 0.03000000000000001 -0.05
0.15 0.03000000000000001 -0.05
0.16 0.03000000000000001 -0.05
0.17 0.03000000000000001 -0.05
0.18 0.03000000000000001 -0.05
0.1899999999999999 0.03000000000000001 -0.05
0.2 0.03000000000000001 -0.05
0.21 0.03000000000000001 -0.05
0.22 0.03000000000000001 -0.05
0.23 0.03000000000000001 -0.05
0.24 0.03000000000000001 -0.05
0.25 0.03000000000000001 -0.05
0.26 0.03000000000000001 -0.05
0.27 0.03000000000000001 -0.05
0.28 0.03000000000000001 -0.05
0.29 0.03000000000000001 -0.05
0.3 0.03000000000000001 -0.05
0.3100000000000001 0.03000000000000001 -0.05
0.32 0.03000000000000001 -0.05
0.33 0.03000000000000001 -0.05
0.34 0.03000000000000001 -0.05
0.35 0.03000000000000001 -0.05
0.36 0.03000000000000001 -0.05
0.37 0.03000000000000001 -0.05
0.38 0.03000000000000001 -0.05
0.39 0.03000000000000001 -0.05
0.4 0.03000000000000001 -0.05
0.41 0.03000000000000001 -0.05
0.42 0.03000000000000001 -0.05
0.43 0.03000000000000001 -0.05
0.4399999999999999 0.03000000000000001 -0.05
0.45 0.03000000000000001 -0.05
0.46 0.03000000000000001 -0.05
0.47 0.03000000000000001 -0.05
0.48 0.03000000000000001 -0.05
0.49 0.03000000000000001 -0.05
0.5 0.03000000000000001 -0.05
-0.5 0.04000000000000001 -0.05
-0.49 0.04000000000000001 -0.05
-0.48 0.04000000000000001 -0.05
-0.47 0.04000000000000001 -0.05
-0.46 0.04000000000000001 -0.05
-0.45 0.04000000000000001 -0.05
-0.44 0.04000000000000001 -0.05
-0.43 0.04000000000000001 -0.05
-0.42 0.04000000000000001 -0.05
-0.41 0.04000000000000001 -0.05
-0.4 0.04000000000000001 -0.05
-0.39 0.04000000000000001 -0.05
-0.38 0.04000000000000001 -0.05
-0.37 0.04000000000000001 -0.05
-0.36 0.04000000000000001 -0.05
-0.35 0.04000000000000001 -0.05
-0.34 0.04000000000000001 -0.05
-0.33 0.04000000000000001 -0.05
-0.32 0.04000000000000001 -0.05
-0.31 0.04000000000000001 -0.05
-0.3 0.04000000000000001 -0.05
-0.29 0.04000000000000001 -0.05
-0.28 0.04000000000000001 -0.05
-0.27 0.04000000000000001 -0.05
-0.26 0.04000000000000001 -0.05
-0.25 0.04000000000000001 -0.05
-0.24 0.04000000000000001 -0.05
-0.23 0.04000000000000001 -0.05
-0.22 0.04000000000000001 -0.05
-0.21 0.04000000000000001 -0.05
-0.2 0.04000000000000001 -0.05
-0.19 0.04000000000000001 -0.05
-0.18 0.04000000000000001 -0.05
-0.17 0.04000000000000001 -0.05
-0.16 0.04000000000000001 -0.05
-0.15 0.04000000000000001 -0.05
-0.14 0.04000000000000001 -0.05
-0.13 0.04000000000000001 -0.05
-0.12 0.04000000000000001 -0.05
-0.11 0.04000000000000001 -0.05
-0.09999999999999998 0.04000000000000001 -0.05
-0.09000000000000002 0.04000000000000001 -0.05
-0.08000000000000002 0.04000000000000001 -0.05
-0.07000000000000001 0.04000000000000001 -0.05
-0.06 0.04000000000000001 -0.05
-0.04999999999999999 0.04000000000000001 -0.05
-0.03999999999999998 0.04000000000000001 -0.05
-0.03000000000000003 0.04000000000000001 -0.05
-0.02000000000000002 0.04000000000000001 -0.05
-0.01000000000000001 0.04000000000000001 -0.05
0 0.04000000000000001 -0.05
0.01000000000000001 0.04000000000000001 -0.05
0.02000000000000002 0.04000000000000001 -0.05
0.03000000000000003 0.04000000000000001 -0.05
0.04000000000000004 0.04000000000000001 -0.05
0.05000000000000004 0.04000000000000001 -0.05
0.06000000000000005 0.04000000000000001 -0.05
0.06999999999999995 0.04000000000000001 -0.05
0.07999999999999996 0.04000000000000001 -0.05
0.08999999999999997 0.04000000000000001 -0.05
0.09999999999999998 0.04000000000000001 -0.05
0.11 0.04000000000000001 -0.05
0.12 0.04000000000000001 -0.05
0.13 0.04000000000000001 -0.05
0.14 0.04000000000000001 -0.05
0.15 0.04000000000000001 -0.05
0.16 0.04000000000000001 -0.05
0.17 0.04000000000000001 -0.05
0.18 0.04000000000000001 -0.05
0.1899999999999999 0.04000000000000001 -0.05
0.2 0.04000000000000001 -0.05
0.21 0.04000000000000001 -0.05
0.22 0.04000000000000001 -0.05
0.23 0.04000000000000001 -0.05
0.24 0.04000000000000001 -0.05
0.25 0.04000000000000001 -0.05
0.26 0.04000000000000001 -0.05
0.27 0.04000000000000001 -0.05
0.28 0.04000000000000001 -0.05
0.29 0.04000000000000001 -0.05
0.3 0.04000000000000001 -0.05
0.3100000000000001 0.04000000000000001 -0.05
0.32 0.04000000000000001 -0.05
0.33 0.04000000000000001 -0.05
0.34 0.04000000000000001 -0.05
0.35 0.04000000000000001 -0.05
0.36 0.04000000000000001 -0.05
0.37 0.04000000000000001 -0.05
0.38 0.04000000000000001 -0.05
0.39 0.04000000000000001 -0.05
0.4 0.04000000000000001 -0.05
0.41 0.04000000000000001 -0.05
0.42 0.04000000000000001 -0.05
0.43 0.04000000000000001 -0.05
0.4399999999999999 0.04000000000000001 -0.05
0.45 0.04000000000000001 -0.05
0.46 0.04000000000000001 -0.05
0.47 0.04000000000000001 -0.05
0.48 0.04000000000000001 -0.05
0.49 0.04000000000000001 -0.05
0.5 0.04000000000000001 -0.05
-0.5 0.05 -0.05
-0.49 0.05 -0.05
-0.48 0.05 -0.05
-0.47 0.05 -0.05
-0.46 0.05 -0.05
-0.45 0.05 -0.05
-0.44 0.05 -0.05
-0.43 0.05 -0.05
-0.42 0.05 -0.05
-0.41 0.05 -0.05
-0.4 0.05 -0.05
-0.39 0.05 -0.05
-0.38 0.05 -0.05
-0.37 0.05 -0.05
-0.36 0.05 -0.05
-0.35 0.05 -0.05
-0.34 0.05 -0.05
-0.33 0.05 -0.05
-0.32 0.05 -0.05
-0.31 0.05 -0.05
-0.3 0.05 -0.05
-0.29 0.05 -0.05
-0.28 0.05 -0.05
-0.27 0.05 -0.05
-0.26 0.05 -0.05
-0.25 0.05 -0.05
-0.24 0.05 -0.05
-0.23 0.05 -0.05
-0.22 0.05 -0.05
-0.21 0.05 -0.05
-0.2 0.05 -0.05
-0.19 0.05 -0.05
-0.18 0.05 -0.05
-0.17 0.05 -0.05
-0.16 0.05 -0.05
-0.15 0.05 -0.05
-0.14 0.05 -0.05
-0.13 0.05 -0.05
-0.12 0.05 -0.05
-0.11 0.05 -0.05
-0.09999999999999998 0.05 -0.05
-0.09000000000000002 0.05 -0.05
-0.08000000000000002 0.05 -0.05
-0.07000000000000001 0.05 -0.05
-0.06 0.05 -0.05
-0.04999999999999999 0.05 -0.05
-0.03999999999999998 0.05 -0.05
-0.03000000000000003 0.05 -0.05
-0.02000000000000002 0.05 -0.05
-0.01000000000000001 0.05 -0.05
0 0.05 -0.05
0.01000000000000001 0.05 -0.05
0.02000000000000002 0.05 -0.05
0.03000000000000003 0.05 -0.05
0.04000000000000004 0.05 -0.05
0.05000000000000004 0.05 -0.05
0.06000000000000005 0.05 -0.05
0.06999999999999995 0.05 -0.05
0.07999999999999996 0.05 -0.05
0.08999999999999997 0.05 -0.05
0.09999999999999998 0.05 -0.05
0.11 0.05 -0.05
0.12 0.05 -0.05
0.13 0.05 -0.05
0.14 0.05 -0.05
0.15 0.05 -0.05
0.16 0.05 -0.05
0.17 0.05 -0.05
0.18 0.05 -0.05
0.1899999999999999 0.05 -0.05
0.2 0.05 -0.05
0.21 0.05 -0.05
0.22 0.05 -0.05
0.23 0.05 -0.05
0.24 0.05 -0.05
0.25 0.05 -0.05
0.26 0.05 -0.05
0.27 0.05 -0.05
0.28 0.05 -0.05
0.29 0.05 -0.05
0.3 0.05 -0.05
0.3100000000000001 0.05 -0.05
0.32 0.05 -0.05
0.33 0.05 -0.05
0.34 0.05 -0.05
0.35 0.05 -0.05
0.36 0.05 -0.05
0.37 0.05 -0.05
0.38 0.05 -0.05
0.39 0.05 -0.05
0.4 0.05 -0.05
0.41 0.05 -0.05
0.42 0.05 -0.05
0.43 0.05 -0.05
0.4399999999999999 0.05 -0.05
0.45 0.05 -0.05
0.46 0.05 -0.05
0.47 0.05 -0.05
0.48 0.05 -0.05
0.49 0.05 -0.05
0.5 0.05 -0.05
-0.5 -0.05 -0.04
-0.49 -0.05 -0.04
-0.48 -0.05 -0.04
-0.47 -0.05 -0.04
-0.46 -0.05 -0.04
-0.45 -0.05 -0.04
-0.44 -0.05 -0.04
-0.43 -0.05 -0.04
-0.42 -0.05 -0.04
-0.41 -0.05 -0.04
-0.4 -0.05 -0.04
-0.39 -0.05 -0.04
-0.38 -0.05 -0.04
-0.37 -0.05 -0.04
-0.36 -0.05 -0.04
-0.35 -0.05 -0.04
-0.34 -0.05 -0.04
-0.33 -0.05 -0.04
-0.32 -0.05 -0.04
-0.31 -0.05 -0.04
-0.3 -0.05 -0.04
-0.29 -0.05 -0.04
-0.28 -0.05 -0.04
-0.27 -0.05 -0.04
-0.26 -0.05 -0.04
-0.25 -0.05 -0.04
-0.24 -0.05 -0.04
-0.23 -0.05 -0.04
-0.22 -0.05 -0.04
-0.21 -0.05 -0.04
-0.2 -0.05 -0.04
-0.19 -0.05 -0.04
-0.18 -0.05 -0.04
-0.17 -0.05 -0.04
-0.16 -0.05 -0.04
-0.15 -0.05 -0.04
-0.14 -0.05 -0.04
-0.13 -0.05 -0.04
-0.12 -0.05 -0.04
-0.11 -0.05 -0.04
-0.09999999999999998 -0.05 -0.04
-0.09000000000000002 -0.05 -0.04
-0.08000000000000002 -0.05 -0.04
-0.07000000000000001 -0.05 -0.04
-0.06 -0.05 -0.04
-0.04999999999999999 -0.05 -0.04
-0.03999999999999998 -0.05 -0.04
-0.03000000000000003 -0.05 -0.04
-0.02000000000000002 -0.05 -0.04
-0.01000000000000001 -0.05 -0.04
0 -0.05 -0.04
0.01000000000000001 -0.05 -0.04
0.02000000000000002 -0.05 -0.04
0.03000000000000003 -0.05 -0.04
0.04000000000000004 -0.05 -0.04
0.05000000000000004 -0.05 -0.04
0.06000000000000005 -0.05 -0.04
0.06999999999999995 -0.05 -0.04
0.07999999999999996 -0.05 -0.04
0.08999999999999997 -0.05 -0.04
0.09999999999999998 -0.05 -0.04
0.11 -0.05 -0.04
0.12 -0.05 -0.04
0.13 -0.05 -0.04
0.14 -0.05 -0.04
0.15 -0.05 -0.04
0.16 -0.05 -0.04
0.17 -0.05 -0.04
0.18 -0.05 -0.04
0.1899999999999999 -0.05 -0.04
0.2 -0.05 -0.04
0.21 -0.05 -0.04
0.22 -0.05 -0.04
0.23 -0.05 -0.04
0.24 -0.05 -0.04
0.25 -0.05 -0.04
0.26 -0.05 -0.04
0.27 -0.05 -0.04
0.28 -0.05 -0.04
0.29 -0.05 -0.04
0.3 -0.05 -0.04
0.3100000000000001 -0.05 -0.04
0.32 -0.05 -0.04
0.33 -0.05 -0.04
0.34 -0.05 -0.04
0.35 -0.05 -0.04
0.36 -0.05 -0.04
0.37 -0.05 -0.04
0.38 -0.05 -0.04
0.39 -0.05 -0.04
0.4 -0.05 -0.04
0.41 -0.05 -0.04
0.42 -0.05 -0.04
0.43 -0.05 -0.04
0.4399999999999999 -0.05 -0.04
0.45 -0.05 -0.04
0.46 -0.05 -0.04
0.47 -0.05 -0.04
0.48 -0.05 -0.04
0.49 -0.05 -0.04
0.5 -0.05 -0.04
-0.5 -0.04 -0.04
-0.49 -0.04 -0.04
-0.48 -0.04 -0.04
-0.47 -0.04 -0.04
-0.46 -0.04 -0.04
-0.45 -0.04 -0.04
-0.44 -0.04 -0.04
-0.43 -0.04 -0.04
-0.42 -0.04 -0.04
-0.41 -0.04 -0.04
-0.4 -0.04 -0.04
-0.39 -0.04 -0.04
-0.38 -0.04 -0.04
-0.37 -0.04 -0.04
-0.36 -0.04 -0.04
-0.35 -0.04 -0.04
-0.34 -0.04 -0.04
-0.33 -0.04 -0.04
-0.32 -0.04 -0.04
-0.31 -0.04 -0.04
-0.3 -0.04 -0.04
-0.29 -0.04 -0.04
-0.28 -0.04 -0.04
-0.27 -0.04 -0.04
-0.26 -0.04 -0.04
-0.25 -0.04 -0.04
-0.24 -0.04 -0.04
-0.23 -0.04 -0.04
-0.22 -0.04 -0.04
-0.21 -0.04 -0.04
-0.2 -0.04 -0.04
-0.19 -0.04 -0.04
-0.18 -0.04 -0.04
-0.17 -0.04 -0.04
-0.16 -0.04 -0.04
-0.15 -0.04 -0.04
-0.14 -0.04 -0.04
-0.13 -0.04 -0.04
-0.12 -0.04 -0.04
-0.11 -0.04 -0.04
-0.09999999999999998 -0.04 -0.04
-0.09000000000000002 -0.04 -0.04
-0.08000000000000002 -0.04 -0.04
-0.07000000000000001 -0.04 -0.04
-0.06 -0.04 -0.04
-0.04999999999999999 -0.04 -0.04
-0.03999999999999998 -0.04 -0.04
-0.03000000000000003 -0.04 -0.04
-0.02000000000000002 -0.04 -0.04
-0.01000000000000001 -0.04 -0.04
0 -0.04 -0.04
0.01000000000000001 -0.04 -0.04
0.02000000000000002 -0.04 -0.04
0.03000000000000003 -0.04 -0.04
0.04000000000000004 -0.04 -0.04
0.05000000000000004 -0.04 -0.04
0.06000000000000005 -0.04 -0.04
0.06999999999999995 -0.04 -0.04
0.07999999999999996 -0.04 -0.04
0.08999999999999997 -0.04 -0.04
0.09999999999999998 -0.04 -0.04
0.11 -0.04 -0.04
0.12 -0.04 -0.04
0.13 -0.04 -0.04
0.14 -0.04 -0.04
0.15 -0.04 -0.04
0.16 -0.04 -0.04
0.17 -0.04 -0.04
0.18 -0.04 -0.04
0.1899999999999999 -0.04 -0.04
0.2 -0.04 -0.04
0.21 -0.04 -0.04
0.22 -0.04 -0.04
0.23 -0.04 -0.04
0.24 -0.04 -0.04
0.25 -0.04 -0.04
0.26 -0.04 -0.04
0.27 -0.04 -0.04
0.28 -0.04 -0.04
0.29 -0.04 -0.04
0.3 -0.04 -0.04
0.3100000000000001 -0.04 -0.04
0.32 -0.04 -0.04
0.33 -0.04 -0.04
0.34 -0.04 -0.04
0.35 -0.04 -0.04
0.36 -0.04 -0.04
0.37 -0.04 -0.04
0.38 -0.04 -0.04
0.39 -0.04 -0.04
0.4 -0.04 -0.04
0.41 -0.04 -0.04
0.42 -0.04 -0.04
0.43 -0.04 -0.04
0.4399999999999999 -0.04 -0.04
0.45 -0.04 -0.04
0.46 -0.04 -0.04
0.47 -0.04 -0.04
0.48 -0.04 -0.04
0.49 -0.04 -0.04
0.5 -0.04 -0.04
-0.5 -0.03 -0.04
-0.49 -0.03 -0.04
-0.48 -0.03 -0.04
-0.47 -0.03 -0.04
-0.46 -0.03 -0.04
-0.45 -0.03 -0.04
-0.44 -0.03 -0.04
-0.43 -0.03 -0.04
-0.42 -0.03 -0.04
-0.41 -0.03 -0.04
-0.4 -0.03 -0.04
-0.39 -0.03 -0.04
-0.38 -0.03 -0.04
-0.37 -0.03 -0.04
-0.36 -0.03 -0.04
-0.35 -0.03 -0.04
-0.34 -0.03 -0.04
-0.33 -0.03 -0.04
-0.32 -0.03 -0.04
-0.31 -0.03 -0.04
-0.3 -0.03 -0.04
-0.29 -0.03 -0.04
-0.28 -0.03 -0.04
-0.27 -0.03 -0.04
-0.26 -0.03 -0.04
-0.25 -0.03 -0.04
-0.24 -0.03 -0.04
-0.23 -0.03 -0.04
-0.22 -0.03 -0.04
-0.21 -0.03 -0.04
-0.2 -0.03 -0.04
-0.19 -0.03 -0.04
-0.18 -0.03 -0.04
-0.17 -0.03 -0.04
-0.16 -0.03 -0.04
-0.15 -0.03 -0.04
-0.14 -0.03 -0.04
-0.13 -0.03 -0.04
-0.12 -0.03 -0.04
-0.11 -0.03 -0.04
-0.09999999999999998 -0.03 -0.04
-0.09000000000000002 -0.03 -0.04
-0.08000000000000002 -0.03 -0.04
-0.07000000000000001 -0.03 -0.04
-0.06 -0.03 -0.04
-0.04999999999999999 -0.03 -0.04
-0.03999999999999998 -0.03 -0.04
-0.03000000000000003 -0.03 -0.04
-0.02000000000000002 -0.03 -0.04
-0.01000000000000001 -0.03 -0.04
0 -0.03 -0.04
0.01000000000000001 -0.03 -0.04
0.02000000000000002 -0.03 -0.04
0.03000000000000003 -0.03 -0.04
0.04000000000000004 -0.03 -0.04
0.05000000000000004 -0.03 -0.04
0.06000000000000005 -0.03 -0.04
0.06999999999999995 -0.03 -0.04
0.07999999999999996 -0.03 -0.04
0.08999999999999997 -0.03 -0.04
0.09999999999999998 -0.03 -0.04
0.11 -0.03 -0.04
0.12 -0.03 -0.04
0.13 -0.03 -0.04
0.14 -0.03 -0.04
0.15 -0.03 -0.04
0.16 -0.03 -0.04
0.17 -0.03 -0.04
0.18 -0.03 -0.04
0.1899999999999999 -0.03 -0.04
0.2 -0.03 -0.04
0.21 -0.03 -0.04
0.22 -0.03 -0.04
0.23 -0.03 -0.04
0.24 -0.03 -0.04
0.25 -0.03 -0.04
0.26 -0.03 -0.04
0.27 -0.03 -0.04
0.28 -0.03 -0.04
0.29 -0.03 -0.04
0.3 -0.03 -0.04
0.3100000000000001 -0.03 -0.04
0.32 -0.03 -0.04
0.33 -0.03 -0.04
0.34 -0.03 -0.04
0.35 -0.03 -0.04
0.36 -0.03 -0.04
0.37 -0.03 -0.04
0.38 -0.03 -0.04
0.39 -0.03 -0.04
0.4 -0.03 -0.04
0.41 -0.03 -0.04
0.42 -0.03 -0.04
0.43 -0.03 -0.04
0.4399999999999999 -0.03 -0.04
0.45 -0.03 -0.04
0.46 -0.03 -0.04
0.47 -0.03 -0.04
0.48 -0.03 -0.04
0.49 -0.03 -0.04
0.5 -0.03 -0.04
-0.5 -0.02 -0.04
-0.49 -0.02 -0.04
-0.48 -0.02 -0.04
-0.47 -0.02 -0.04
-0.46 -0.02 -0.04
-0.45 -0.02 -0.04
-0.44 -0.02 -0.04
-0.43 -0.02 -0.04
-0.42 -0.02 -0.04
-0.41 -0.02 -0.04
-0.4 -0.02 -0.04
-0.39 -0.02 -0.04
-0.38 -0.02 -0.04
-0.37 -0.02 -0.04
-0.36 -0.02 -0.04
-0.35 -0.02 -0.04
-0.34 -0.02 -0.04
-0.33 -0.02 -0.04
-0.32 -0.02 -0.04
-0.31 -0.02 -0.04
-0.3 -0.02 -0.04
-0.29 -0.02 -0.04
-0.28 -0.02 -0.04
-0.27 -0.02 -0.04
-0.26 -0.02 -0.04
-0.25 -0.02 -0.04
-0.24 -0.02 -0.04
-0.23 -0.02 -0.04
-0.22 -0.02 -0.04
-0.21 -0.02 -0.04
-0.2 -0.02 -0.04
-0.19 -0.02 -0.04
-0.18 -0.02 -0.04
-0.17 -0.02 -0.04
-0.16 -0.02 -0.04
-0.15 -0.02 -0.04
-0.14 -0.02 -0.04
-0.13 -0.02 -0.04
-0.12 -0.02 -0.04
-0.11 -0.02 -0.04
-0.09999999999999998 -0.02 -0.04
-0.09000000000000002 -0.02 -0.04
-0.08000000000000002 -0.02 -0.04
-0.07000000000000001 -0.02 -0.04
-0.06 -0.02 -0.04
-0.04999999999999999 -0.02 -0.04
-0.03999999999999998 -0.02 -0.04
-0.03000000000000003 -0.02 -0.04
-0.02000000000000002 -0.02 -0.04
-0.01000000000000001 -0.02 -0.04
0 -0.02 -0.04
0.01000000000000001 -0.02 -0.04
0.02000000000000002 -0.02 -0.04
0.03000000000000003 -0.02 -0.04
0.04000000000000004 -0.02 -0.04
0.05000000000000004 -0.02 -0.04
0.06000000000000005 -0.02 -0.04
0.06999999999999995 -0.02 -0.04
0.07999999999999996 -0.02 -0.04
0.08999999999999997 -0.02 -0.04
0.09999999999999998 -0.02 -0.04
0.11 -0.02 -0.04
0.12 -0.02 -0.04
0.13 -0.02 -0.04
0.14 -0.02 -0.04
0.15 -0.02 -0.04
0.16 -0.02 -0.04
0.17 -0.02 -0.04
0.18 -0.02 -0.04
0.1899999999999999 -0.02 -0.04
0.2 -0.02 -0.04
0.21 -0.02 -0.04
0.22 -0.02 -0.04
0.23 -0.02 -0.04
0.24 -0.02 -0.04
0.25 -0.02 -0.04
0.26 -0.02 -0.04
0.27 -0.02 -0.04
0.28 -0.02 -0.04
0.29 -0.02 -0.04
0.3 -0.02 -0.04
0.3100000000000001 -0.02 -0.04
0.32 -0.02 -0.04
0.33 -0.02 -0.04
0.34 -0.02 -0.04
0.35 -0.02 -0.04
0.36 -0.02 -0.04
0.37 -0.02 -0.04
0.38 -0.02 -0.04
0.39 -0.02 -0.04
0.4 -0.02 -0.04
0.41 -0.02 -0.04
0.42 -0.02 -0.04
0.43 -0.02 -0.04
0.4399999999999999 -0.02 -0.04
0.45 -0.02 -0.04
0.46 -0.02 -0.04
0.47 -0.02 -0.04
0.48 -0.02 -0.04
0.49 -0.02 -0.04
0.5 -0.02 -0.04
-0.5 -0.009999999999999995 -0.04
-0.49 -0.009999999999999995 -0.04
-0.48 -0.009999999999999995 -0.04
-0.47 -0.009999999999999995 -0.04
-0.46 -0.009999999999999995 -0.04
-0.45 -0.009999999999999995 -0.04
-0.44 -0.009999999999999995 -0.04
-0.43 -0.009999999999999995 -0.04
-0.42 -0.009999999999999995 -0.04
-0.41 -0.009999999999999995 -0.04
-0.4 -0.009999999999999995 -0.04
-0.39 -0.009999999999999995 -0.04
-0.38 -0.009999999999999995 -0.04
-0.37 -0.009999999999999995 -0.04
-0.36 -0.009999999999999995 -0.04
-0.35 -0.009999999999999995 -0.04
-0.34 -0.009999999999999995 -0.04
-0.33 -0.009999999999999995 -0.04
-0.32 -0.009999999999999995 -0.04
-0.31 -0.009999999999999995 -0.04
-0.3 -0.009999999999999995 -0.04
-0.29 -0.009999999999999995 -0.04
-0.28 -0.009999999999999995 -0.04
-0.27 -0.009999999999999995 -0.04
-0.26 -0.009999999999999995 -0.04
-0.25 -0.009999999999999995 -0.04
-0.24 -0.009999999999999995 -0.04
-0.23 -0.009999999999999995 -0.04
-0.22 -0.009999999999999995 -0.04
-0.21 -0.009999999999999995 -0.04
-0.2 -0.009999999999999995 -0.04
-0.19 -0.009999999999999995 -0.04
-0.18 -0.009999999999999995 -0.04
-0.17 -0.009999999999999995 -0.04
-0.16 -0.009999999999999995 -0.04
-0.15 -0.009999999999999995 -0.04
-0.14 -0.009999999999999995 -0.04
-0.13 -0.009999999999999995 -0.04
-0.12 -0.009999999999999995 -0.04
-0.11 -0.009999999999999995 -0.04
-0.09999999999999998 -0.009999999999999995 -0.04
-0.09000000000000002 -0.009999999999999995 -0.04
-0.08000000000000002 -0.009999999999999995 -0.04
-0.07000000000000001 -0.009999999999999995 -0.04
-0.06 -0.009999999999999995 -0.04
-0.04999999999999999 -0.009999999999999995 -0.04
-0.03999999999999998 -0.009999999999999995 -0.04
-0.03000000000000003 -0.009999999999999995 -0.04
-0.02000000000000002 -0.009999999999999995 -0.04
-0.01000000000000001 -0.009999999999999995 -0.04
0 -0.009999999999999995 -0.04
0.01000000000000001 -0.009999999999999995 -0.04
0.02000000000000002 -0.009999999999999995 -0.04
0.03000000000000003 -0.009999999999999995 -0.04
0.04000000000000004 -0.009999999999999995 -0.04
0.05000000000000004 -0.009999999999999995 -0.04
0.06000000000000005 -0.009999999999999995 -0.04
0.06999999999999995 -0.009999999999999995 -0.04
0.07999999999999996 -0.009999999999999995 -0.04
0.08999999999999997 -0.009999999999999995 -0.04
0.09999999999999998 -0.009999999999999995 -0.04
0.11 -0.009999999999999995 -0.04
0.12 -0.009999999999999995 -0.04
0.13 -0.009999999999999995 -0.04
0.14 -0.009999999999999995 -0.04
0.15 -0.009999999999999995 -0.04
0.16 -0.009999999999999995 -0.04
0.17 -0.009999999999999995 -0.04
0.18 -0.009999999999999995 -0.04
0.1899999999999999 -0.009999999999999995 -0.04
0.2 -0.009999999999999995 -0.04
0.21 -0.009999999999999995 -0.04
0.22 -0.009999999999999995 -0.04
0.23 -0.009999999999999995 -0.04
0.24 -0.009999999999999995 -0.04
0.25 -0.009999999999999995 -0.04
0.26 -0.009999999999999995 -0.04
0.27 -0.009999999999999995 -0.04
0.28 -0.009999999999999995 -0.04
0.29 -0.009999999999999995 -0.04
0.3 -0.009999999999999995 -0.04
0.3100000000000001 -0.009999999999999995 -0.04
0.32 -0.009999999999999995 -0.04
0.33 -0.009999999999999995 -0.04
0.34 -0.009999999999999995 -0.04
0.35 -0.009999999999999995 -0.04
0.36 -0.009999999999999995 -0.04
0.37 -0.009999999999999995 -0.04
0.38 -0.009999999999999995 -0.04
0.39 -0.009999999999999995 -0.04
0.4 -0.009999999999999995 -0.04
0.41 -0.009999999999999995 -0.04
0.42 -0.009999999999999995 -0.04
0.43 -0.009999999999999995 -0.04
0.4399999999999999 -0.009999999999999995 -0.04
0.45 -0.009999999999999995 -0.04
0.46 -0.009999999999999995 -0.04
0.47 -0.009999999999999995 -0.04
0.48 -0.009999999999999995 -0.04
0.49 -0.009999999999999995 -0.04
0.5 -0.009999999999999995 -0.04
-0.5 0 -0.04
-0.49 0 -0.04
-0.48 0 -0.04
-0.47 0 -0.04
-0.46 0 -0.04
-0.45 0 -0.04
-0.44 0 -0.04
-0.43 0 -0.04
-0.42 0 -0.04
-0.41 0 -0.04
-0.4 0 -0.04
-0.39 0 -0.04
-0.38 0 -0.04
-0.37 0 -0.04
-0.36 0 -0.04
-0.35 0 -0.04
-0.34 0 -0.04
-0.33 0 -0.04
-0.32 0 -0.04
-0.31 0 -0.04
-0.3 0 -0.04
-0.29 0 -0.04
-0.28 0 -0.04
-0.27 0 -0.04
-0.26 0 -0.04
-0.25 0 -0.04
-0.24 0 -0.04
-0.23 0 -0.04
-0.22 0 -0.04
-0.21 0 -0.04
-0.2 0 -0.04
-0.19 0 -0.04
-0.18 0 -0.04
-0.17 0 -0.04
-0.16 0 -0.04
-0.15 0 -0.04
-0.14 0 -0.04
-0.13 0 -0.04
-0.12 0 -0.04
-0.11 0 -0.04
-0.09999999999999998 0 -0.04
-0.09000000000000002 0 -0.04
-0.08000000000000002 0 -0.04
-0.07000000000000001 0 -0.04
-0.06 0 -0.04
-0.04999999999999999 0 -0.04
-0.03999999999999998 0 -0.04
-0.03000000000000003 0 -0.04
-0.02000000000000002 0 -0.04
-0.01000000000000001 0 -0.04
0 0 -0.04
0.01000000000000001 0 -0.04
0.02000000000000002 0 -0.04
0.03000000000000003 0 -0.04
0.04000000000000004 0 -0.04
0.05000000000000004 0 -0.04
0.06000000000000005 0 -0.04
0.06999999999999995 0 -0.04
0.07999999999999996 0 -0.04
0.08999999999999997 0 -0.04
0.09999999999999998 0 -0.04
0.11 0 -0.04
0.12 0 -0.04
0.13 0 -0.04
0.14 0 -0.04
0.15 0 -0.04
0.16 0 -0.04
0.17 0 -0.04
0.18 0 -0.04
0.1899999999999999 0 -0.04
0.2 0 -0.04
0.21 0 -0.04
0.22 0 -0.04
0.23 0 -0.04
0.24 0 -0.04
0.25 0 -0.04
0.26 0 -0.04
0.27 0 -0.04
0.28 0 -0.04
0.29 0 -0.04
0.3 0 -0.04
0.3100000000000001 0 -0.04
0.32 0 -0.04
0.33 0 -0.04
0.34 0 -0.04
0.35 0 -0.04
0.36 0 -0.04
0.37 0 -0.04
0.38 0 -0.04
0.39 0 -0.04
0.4 0 -0.04
0.41 0 -0.04
0.42 0 -0.04
0.43 0 -0.04
0.4399999999999999 0 -0.04
0.45 0 -0.04
0.46 0 -0.04
0.47 0 -0.04
0.48 0 -0.04
0.49 0 -0.04
0.5 0 -0.04
-0.5 0.009999999999999995 -0.04
-0.49 0.009999999999999995 -0.04
-0.48 0.009999999999999995 -0.04
-0.47 0.009999999999999995 -0.04
-0.46 0.009999999999999995 -0.04
-0.45 0.009999999999999995 -0.04
-0.44 0.009999999999999995 -0.04
-0.43 0.009999999999999995 -0.04
-0.42 0.009999999999999995 -0.04
-0.41 0.009999999999999995 -0.04
-0.4 0.009999999999999995 -0.04
-0.39 0.009999999999999995 -0.04
-0.38 0.009999999999999995 -0.04
-0.37 0.009999999999999995 -0.04
-0.36 0.009999999999999995 -0.04
-0.35 0.009999999999999995 -0.04
-0.34 0.009999999999999995 -0.04
-0.33 0.009999999999999995 -0.04
-0.32 0.009999999999999995 -0.04
-0.31 0.009999999999999995 -0.04
-0.3 0.009999999999999995 -0.04
-0.29 0.009999999999999995 -0.04
-0.28 0.009999999999999995 -0.04
-0.27 0.009999999999999995 -0.04
-0.26 0.009999999999999995 -0.04
-0.25 0.009999999999999995 -0.04
-0.24 0.009999999999999995 -0.04
-0.23 0.009999999999999995 -0.04
-0.22 0.009999999999999995 -0.04
-0.21 0.009999999999999995 -0.04
-0.2 0.009999999999999995 -0.04
-0.19 0.009999999999999995 -0.04
-0.18 0.009999999999999995 -0.04
-0.17 0.009999999999999995 -0.04
-0.16 0.009999999999999995 -0.04
-0.15 0.009999999999999995 -0.04
-0.14 0.009999999999999995 -0.04
-0.13 0.009999999999999995 -0.04
-0.12 0.009999999999999995 -0.04
-0.11 0.009999999999999995 -0.04
-0.09999999999999998 0.009999999999999995 -0.04
-0.09000000000000002 0.009999999999999995 -0.04
-0.08000000000000002 0.009999999999999995 -0.04
-0.07000000000000001 0.009999999999999995 -0.04
-0.06 0.009999999999999995 -0.04
-0.04999999999999999 0.009999999999999995 -0.04
-0.03999999999999998 0.009999999999999995 -0.04
-0.03000000000000003 0.009999999999999995 -0.04
-0.02000000000000002 0.009999999999999995 -0.04
-0.01000000000000001 0.009999999999999995 -0.04
0 0.009999999999999995 -0.04
0.01000000000000001 0.009999999999999995 -0.04
0.02000000000000002 0.009999999999999995 -0.04
0.03000000000000003 0.009999999999999995 -0.04
0.04000000000000004 0.009999999999999995 -0.04
0.05000000000000004 0.009999999999999995 -0.04
0.06000000000000005 0.009999999999999995 -0.04
0.06999999999999995 0.009999999999999995 -0.04
0.07999999999999996 0.009999999999999995 -0.04
0.08999999999999997 0.009999999999999995 -0.04
0.09999999999999998 0.009999999999999995 -0.04
0.11 0.009999999999999995 -0.04
0.12 0.009999999999999995 -0.04
0.13 0.009999999999999995 -0.04
0.14 0.009999999999999995 -0.04
0.15 0.009999999999999995 -0.04
0.16 0.009999999999999995 -0.04
0.17 0.009999999999999995 -0.04
0.18 0.009999999999999995 -0.04
0.1899999999999999 0.009999999999999995 -0.04
0.2 0.009999999999999995 -0.04
0.21 0.009999999999999995 -0.04
0.22 0.009999999999999995 -0.04
0.23 0.009999999999999995 -0.04
0.24 0.009999999999999995 -0.04
0.25 0.009999999999999995 -0.04
0.26 0.009999999999999995 -0.04
0.27 0.009999999999999995 -0.04
0.28 0.009999999999999995 -0.04
0.29 0.009999999999999995 -0.04
0.3 0.009999999999999995 -0.04
0.3100000000000001 0.009999999999999995 -0.04
0.32 0.009999999999999995 -0.04
0.33 0.009999999999999995 -0.04
0.34 0.009999999999999995 -0.04
0.35 0.009999999999999995 -0.04
0.36 0.009999999999999995 -0.04
0.37 0.009999999999999995 -0.04
0.38 0.009999999999999995 -0.04
0.39 0.009999999999999995 -0.04
0.4 0.009999999999999995 -0.04
0.41 0.009999999999999995 -0.04
0.42 0.009999999999999995 -0.04
0.43 0.009999999999999995 -0.04
0.4399999999999999 0.009999999999999995 -0.04
0.45 0.009999999999999995 -0.04
0.46 0.009999999999999995 -0.04
0.47 0.009999999999999995 -0.04
0.48 0.009999999999999995 -0.04
0.49 0.009999999999999995 -0.04
0.5 0.009999999999999995 -0.04
-0.5 0.01999999999999999 -0.04
-0.49 0.01999999999999999 -0.04
-0.48 0.01999999999999999 -0.04
-0.47 0.01999999999999999 -0.04
-0.46 0.01999999999999999 -0.04
-0.45 0.01999999999999999 -0.04
-0.44 0.01999999999999999 -0.04
-0.43 0.01999999999999999 -0.04
-0.42 0.01999999999999999 -0.04
-0.41 0.01999999999999999 -0.04
-0.4 0.01999999999999999 -0.04
-0.39 0.01999999999999999 -0.04
-0.38 0.01999999999999999 -0.04
-0.37 0.01999999999999999 -0.04
-0.36 0.01999999999999999 -0.04
-0.35 0.01999999999999999 -0.04
-0.34 0.01999999999999999 -0.04
-0.33 0.01999999999999999 -0.04
-0.32 0.01999999999999999 -0.04
-0.31 0.01999999999999999 -0.04
-0.3 0.01999999999999999 -0.04
-0.29 0.01999999999999999 -0.04
-0.28 0.01999999999999999 -0.04
-0.27 0.01999999999999999 -0.04
-0.26 0.01999999999999999 -0.04
-0.25 0.01999999999999999 -0.04
-0.24 0.01999999999999999 -0.04
-0.23 0.01999999999999999 -0.04
-0.22 0.01999999999999999 -0.04
-0.21 0.01999999999999999 -0.04
-0.2 0.01999999999999999 -0.04
-0.19 0.01999999999999999 -0.04
-0.18 0.01999999999999999 -0.04
-0.17 0.01999999999999999 -0.04
-0.16 0.01999999999999999 -0.04
-0.15 0.01999999999999999 -0.04
-0.14 0.01999999999999999 -0.04
-0.13 0.01999999999999999 -0.04
-0.12 0.01999999999999999 -0.04
-0.11 0.01999999999999999 -0.04
-0.09999999999999998 0.01999999999999999 -0.04
-0.09000000000000002 0.01999999999999999 -0.04
-0.08000000000000002 0.01999999999999999 -0.04
-0.07000000000000001 0.01999999999999999 -0.04
-0.06 0.01999999999999999 -0.04
-0.04999999999999999 0.01999999999999999 -0.04
-0.03999999999999998 0.01999999999999999 -0.04
-0.03000000000000003 0.01999999999999999 -0.04
-0.02000000000000002 0.01999999999999999 -0.04
-0.01000000000000001 0.01999999999999999 -0.04
0 0.01999999999999999 -0.04
0.01000000000000001 0.01999999999999999 -0.04
0.02000000000000002 0.01999999999999999 -0.04
0.03000000000000003 0.01999999999999999 -0.04
0.04000000000000004 0.01999999999999999 -0.04
0.05000000000000004 0.01999999999999999 -0.04
0.06000000000000005 0.01999999999999999 -0.04
0.06999999999999995 0.01999999999999999 -0.04
0.07999999999999996 0.01999999999999999 -0.04
0.08999999999999997 0.01999999999999999 -0.04
0.09999999999999998 0.01999999999999999 -0.04
0.11 0.01999999999999999 -0.04
0.12 0.01999999999999999 -0.04
0.13 0.01999999999999999 -0.04
0.14 0.01999999999999999 -0.04
0.15 0.01999999999999999 -0.04
0.16 0.01999999999999999 -0.04
0.17 0.01999999999999999 -0.04
0.18 0.01999999999999999 -0.04
0.1899999999999999 0.01999999999999999 -0.04
0.2 0.01999999999999999 -0.04
0.21 0.01999999999999999 -0.04
0.22 0.01999999999999999 -0.04
0.23 0.01999999999999999 -0.04
0.24 0.01999999999999999 -0.04
0.25 0.01999999999999999 -0.04
0.26 0.01999999999999999 -0.04
0.27 0.01999999999999999 -0.04
0.28 0.01999999999999999 -0.04
0.29 0.01999999999999999 -0.04
0.3 0.01999999999999999 -0.04
0.3100000000000001 0.01999999999999999 -0.04
0.32 0.01999999999999999 -0.04
0.33 0.01999999999999999 -0.04
0.34 0.01999999999999999 -0.04
0.35 0.01999999999999999 -0.04
0.36 0.01999999999999999 -0.04
0.37 0.01999999999999999 -0.04
0.38 0.01999999999999999 -0.04
0.39 0.01999999999999999 -0.04
0.4 0.01999999999999999 -0.04
0.41 0.01999999999999999 -0.04
0.42 0.01999999999999999 -0.04
0.43 0.01999999999999999 -0.04
0.4399999999999999 0.01999999999999999 -0.04
0.45 0.01999999999999999 -0.04
0.46 0.01999999999999999 -0.04
0.47 0.01999999999999999 -0.04
0.48 0.01999999999999999 -0.04
0.49 0.01999999999999999 -0.04
0.5 0.01999999999999999 -0.04
-0.5 0.03000000000000001 -0.04
-0.49 0.03000000000000001 -0.04
-0.48 0.03000000000000001 -0.04
-0.47 0.03000000000000001 -0.04
-0.46 0.03000000000000001 -0.04
-0.45 0.03000000000000001 -0.04
-0.44 0.03000000000000001 -0.04
-0.43 0.03000000000000001 -0.04
-0.42 0.03000000000000001 -0.04
-0.41 0.03000000000000001 -0.04
-0.4 0.03000000000000001 -0.04
-0.39 0.03000000000000001 -0.04
-0.38 0.03000000000000001 -0.04
-0.37 0.03000000000000001 -0.04
-0.36 0.03000000000000001 -0.04
-0.35 0.03000000000000001 -0.04
-0.34 0.03000000000000001 -0.04
-0.33 0.03000000000000001 -0.04
-0.32 0.03000000000000001 -0.04
-0.31 0.03000000000000001 -0.04
-0.3 0.03000000000000001 -0.04
-0.29 0.03000000000000001 -0.04
-0.28 0.03000000000000001 -0.04
-0.27 0.03000000000000001 -0.04
-0.26 0.03000000000000001 -0.04
-0.25 0.03000000000000001 -0.04
-0.24 0.03000000000000001 -0.04
-0.23 0.03000000000000001 -0.04
-0.22 0.03000000000000001 -0.04
-0.21 0.03000000000000001 -0.04
-0.2 0.03000000000000001 -0.04
-0.19 0.03000000000000001 -0.04
-0.18 0.03000000000000001 -0.04
-0.17 0.03000000000000001 -0.04
-0.16 0.03000000000000001 -0.04
-0.15 0.03000000000000001 -0.04
-0.14 0.03000000000000001 -0.04
-0.13 0.03000000000000001 -0.04
-0.12 0.03000000000000001 -0.04
-0.11 0.03000000000000001 -0.04
-0.09999999999999998 0.03000000000000001 -0.04
-0.09000000000000002 0.03000000000000001 -0.04
-0.08000000000000002 0.03000000000000001 -0.04
-0.07000000000000001 0.03000000000000001 -0.04
-0.06 0.03000000000000001 -0.04
-0.04999999999999999 0.03000000000000001 -0.04
-0.03999999999999998 0.03000000000000001 -0.04
-0.03000000000000003 0.03000000000000001 -0.04
-0.02000000000000002 0.03000000000000001 -0.04
-0.01000000000000001 0.03000000000000001 -0.04
0 0.03000000000000001 -0.04
0.01000000000000001 0.03000000000000001 -0.04
0.02000000000000002 0.03000000000000001 -0.04
0.03000000000000003 0.03000000000000001 -0.04
0.04000000000000004 0.03000000000000001 -0.04
0.05000000000000004 0.03000000000000001 -0.04
0.06000000000000005 0.03000000000000001 -0.04
0.06999999999999995 0.03000000000000001 -0.04
0.07999999999999996 0.03000000000000001 -0.04
0.08999999999999997 0.03000000000000001 -0.04
0.09999999999999998 0.03000000000000001 -0.04
0.11 0.03000000000000001 -0.04
0.12 0.03000000000000001 -0.04
0.13 0.03000000000000001 -0.04
0.14 0.03000000000000001 -0.04
0.15 0.03000000000000001 -0.04
0.16 0.03000000000000001 -0.04
0.17 0.03000000000000001 -0.04
0.18 0.03000000000000001 -0.04
0.1899999999999999 0.03000000000000001 -0.04
0.2 0.03000000000000001 -0.04
0.21 0.03000000000000001 -0.04
0.22 0.03000000000000001 -0.04
0.23 0.03000000000000001 -0.04
0.24 0.03000000000000001 -0.04
0.25 0.03000000000000001 -0.04
0.26 0.03000000000000001 -0.04
0.27 0.03000000000000001 -0.04
0.28 0.03000000000000001 -0.04
0.29 0.03000000000000001 -0.04
0.3 0.03000000000000001 -0.04
0.3100000000000001 0.03000000000000001 -0.04
0.32 0.03000000000000001 -0.04
0.33 0.03000000000000001 -0.04
0.34 0.03000000000000001 -0.04
0.35 0.03000000000000001 -0.04
0.36 0.03000000000000001 -0.04
0.37 0.03000000000000001 -0.04
0.38 0.03000000000000001 -0.04
0.39 0.03000000000000001 -0.04
0.4 0.03000000000000001 -0.04
0.41 0.03000000000000001 -0.04
0.42 0.03000000000000001 -0.04
0.43 0.03000000000000001 -0.04
0.4399999999999999 0.03000000000000001 -0.04
0.45 0.03000000000000001 -0.04
0.46 0.03000000000000001 -0.04
0.47 0.03000000000000001 -0.04
0.48 0.03000000000000001 -0.04
0.49 0.03000000000000001 -0.04
0.5 0.03000000000000001 -0.04
-0.5 0.04000000000000001 -0.04
-0.49 0.04000000000000001 -0.04
-0.48 0.04000000000000001 -0.04
-0.47 0.04000000000000001 -0.04
-0.46 0.04000000000000001 -0.04
-0.45 0.04000000000000001 -0.04
-0.44 0.04000000000000001 -0.04
-0.43 0.04000000000000001 -0.04
-0.42 0.04000000000000001 -0.04
-0.41 0.04000000000000001 -0.04
-0.4 0.04000000000000001 -0.04
-0.39 0.04000000000000001 -0.04
-0.38 0.04000000000000001 -0.04
-0.37 0.04000000000000001 -0.04
-0.36 0.04000000000000001 -0.04
-0.35 0.04000000000000001 -0.04
-0.34 0.04000000000000001 -0.04
-0.33 0.04000000000000001 -0.04
-0.32 0.04000000000000001 -0.04
-0.31 0.04000000000000001 -0.04
-0.3 0.04000000000000001 -0.04
-0.29 0.04000000000000001 -0.04
-0.28 0.04000000000000001 -0.04
-0.27 0.04000000000000001 -0.04
-0.26 0.04000000000000001 -0.04
-0.25 0.04000000000000001 -0.04
-0.24 0.04000000000000001 -0.04
-0.23 0.04000000000000001 -0.04
-0.22 0.04000000000000001 -0.04
-0.21 0.04000000000000001 -0.04
-0.2 0.04000000000000001 -0.04
-0.19 0.04000000000000001 -0.04
-0.18 0.04000000000000001 -0.04
-0.17 0.04000000000000001 -0.04
-0.16 0.04000000000000001 -0.04
-0.15 0.04000000000000001 -0.04
-0.14 0.04000000000000001 -0.04
-0.13 0.04000000000000001 -0.04
-0.12 0.04000000000000001 -0.04
-0.11 0.04000000000000001 -0.04
-0.09999999999999998 0.04000000000000001 -0.04
-0.09000000000000002 0.04000000000000001 -0.04
-0.08000000000000002 0.04000000000000001 -0.04
-0.07000000000000001 0.04000000000000001 -0.04
-0.06 0.04000000000000001 -0.04
-0.04999999999999999 0.04000000000000001 -0.04
-0.03999999999999998 0.04000000000000001 -0.04
-0.03000000000000003 0.04000000000000001 -0.04
-0.02000000000000002 0.04000000000000001 -0.04
-0.01000000000000001 0.04000000000000001 -0.04
0 0.04000000000000001 -0.04
0.01000000000000001 0.04000000000000001 -0.04
0.02000000000000002 0.04000000000000001 -0.04
0.03000000000000003 0.04000000000000001 -0.04
0.04000000000000004 0.04000000000000001 -0.04
0.05000000000000004 0.04000000000000001 -0.04
0.06000000000000005 0.04000000000000001 -0.04
0.06999999999999995 0.04000000000000001 -0.04
0.07999999999999996 0.04000000000000001 -0.04
0.08999999999999997 0.04000000000000001 -0.04
0.09999999999999998 0.04000000000000001 -0.04
0.11 0.04000000000000001 -0.04
0.12 0.04000000000000001 -0.04
0.13 0.04000000000000001 -0.04
0.14 0.04000000000000001 -0.04
0.15 0.04000000000000001 -0.04
0.16 0.04000000000000001 -0.04
0.17 0.04000000000000001 -0.04
0.18 0.04000000000000001 -0.04
0.1899999999999999 0.04000000000000001 -0.04
0.2 0.04000000000000001 -0.04
0.21 0.04000000000000001 -0.04
0.22 0.04000000000000001 -0.04
0.23 0.04000000000000001 -0.04
0.24 0.04000000000000001 -0.04
0.25 0.04000000000000001 -0.04
0.26 0.04000000000000001 -0.04
0.27 0.04000000000000001 -0.04
0.28 0.04000000000000001 -0.04
0.29 0.04000000000000001 -0.04
0.3 0.04000000000000001 -0.04
0.3100000000000001 0.04000000000000001 -0.04
0.32 0.04000000000000001 -0.04
0.33 0.04000000000000001 -0.04
0.34 0.04000000000000001 -0.04
0.35 0.04000000000000001 -0.04
0.36 0.04000000000000001 -0.04
0.37 0.04000000000000001 -0.04
0.38 0.04000000000000001 -0.04
0.39 0.04000000000000001 -0.04
0.4 0.04000000000000001 -0.04
0.41 0.04000000000000001 -0.04
0.42 0.04000000000000001 -0.04
0.43 0.04000000000000001 -0.04
0.4399999999999999 0.04000000000000001 -0.04
0.45 0.04000000000000001 -0.04
0.46 0.04000000000000001 -0.04
0.47 0.04000000000000001 -0.04
0.48 0.04000000000000001 -0.04
0.49 0.04000000000000001 -0.04
0.5 0.04000000000000001 -0.04
-0.5 0.05 -0.04
-0.49 0.05 -0.04
-0.48 0.05 -0.04
-0.47 0.05 -0.04
-0.46 0.05 -0.04
-0.45 0.05 -0.04
-0.44 0.05 -0.04
-0.43 0.05 -0.04
-0.42 0.05 -0.04
-0.41 0.05 -0.04
-0.4 0.05 -0.04
-0.39 0.05 -0.04
-0.38 0.05 -0.04
-0.37 0.05 -0.04
-0.36 0.05 -0.04
-0.35 0.05 -0.04
-0.34 0.05 -0.04
-0.33 0.05 -0.04
-0.32 0.05 -0.04
-0.31 0.05 -0.04
-0.3 0.05 -0.04
-0.29 0.05 -0.04
-0.28 0.05 -0.04
-0.27 0.05 -0.04
-0.26 0.05 -0.04
-0.25 0.05 -0.04
-0.24 0.05 -0.04
-0.23 0.05 -0.04
-0.22 0.05 -0.04
-0.21 0.05 -0.04
-0.2 0.05 -0.04
-0.19 0.05 -0.04
-0.18 0.05 -0.04
-0.17 0.05 -0.04
-0.16 0.05 -0.04
-0.15 0.05 -0.04
-0.14 0.05 -0.04
-0.13 0.05 -0.04
-0.12 0.05 -0.04
-0.11 0.05 -0.04
-0.09999999999999998 0.05 -0.04
-0.09000000000000002 0.05 -0.04
-0.08000000000000002 0.05 -0.04
-0.07000000000000001 0.05 -0.04
-0.06 0.05 -0.04
-0.04999999999999999 0.05 -0.04
-0.03999999999999998 0.05 -0.04
-0.03000000000000003 0.05 -0.04
-0.02000000000000002 0.05 -0.04
-0.01000000000000001 0.05 -0.04
0 0.05 -0.04
0.01000000000000001 0.05 -0.04
0.02000000000000002 0.05 -0.04
0.03000000000000003 0.05 -0.04
0.04000000000000004 0.05 -0.04
0.05000000000000004 0.05 -0.04
0.06000000000000005 0.05 -0.04
0.06999999999999995 0.05 -0.04
0.07999999999999996 0.05 -0.04
0.08999999999999997 0.05 -0.04
0.09999999999999998 0.05 -0.04
0.11 0.05 -0.04
0.12 0.05 -0.04
0.13 0.05 -0.04
0.14 0.05 -0.04
0.15 0.05 -0.04
0.16 0.05 -0.04
0.17 0.05 -0.04
0.18 0.05 -0.04
0.1899999999999999 0.05 -0.04
0.2 0.05 -0.04
0.21 0.05 -0.04
0.22 0.05 -0.04
0.23 0.05 -0.04
0.24 0.05 -0.04
0.25 0.05 -0.04
0.26 0.05 -0.04
0.27 0.05 -0.04
0.28 0.05 -0.04
0.29 0.05 -0.04
0.3 0.05 -0.04
0.3100000000000001 0.05 -0.04
0.32 0.05 -0.04
0.33 0.05 -0.04
0.34 0.05 -0.04
0.35 0.05 -0.04
0.36 0.05 -0.04
0.37 0.05 -0.04
0.38 0.05 -0.04
0.39 0.05 -0.04
0.4 0.05 -0.04
0.41 0.05 -0.04
0.42 0.05 -0.04
0.43 0.05 -0.04
0.4399999999999999 0.05 -0.04
0.45 0.05 -0.04
0.46 0.05 -0.04
0.47 0.05 -0.04
0.48 0.05 -0.04
0.49 0.05 -0.04
0.5 0.05 -0.04
-0.5 -0.05 -0.03
-0.49 -0.05 -0.03
-0.48 -0.05 -0.03
-0.47 -0.05 -0.03
-0.46 -0.05 -0.03
-0.45 -0.05 -0.03
-0.44 -0.05 -0.03
-0.43 -0.05 -0.03
-0.42 -0.05 -0.03
-0.41 -0.05 -0.03
-0.4 -0.05 -0.03
-0.39 -0.05 -0.03
-0.38 -0.05 -0.03
-0.37 -0.05 -0.03
-0.36 -0.05 -0.03
-0.35 -0.05 -0.03
-0.34 -0.05 -0.03
-0.33 -0.05 -0.03
-0.32 -0.05 -0.03
-0.31 -0.05 -0.03
-0.3 -0.05 -0.03
-0.29 -0.05 -0.03
-0.28 -0.05 -0.03
-0.27 -0.05 -0.03
-0.26 -0.05 -0.03
-0.25 -0.05 -0.03
-0.24 -0.05 -0.03
-0.23 -0.05 -0.03
-0.22 -0.05 -0.03
-0.21 -0.05 -0.03
-0.2 -0.05 -0.03
-0.19 -0.05 -0.03
-0.18 -0.05 -0.03
-0.17 -0.05 -0.03
-0.16 -0.05 -0.03
-0.15 -0.05 -0.03
-0.14 -0.05 -0.03
-0.13 -0.05 -0.03
-0.12 -0.05 -0.03
-0.11 -0.05 -0.03
-0.09999999999999998 -0.05 -0.03
-0.09000000000000002 -0.05 -0.03
-0.08000000000000002 -0.05 -0.03
-0.07000000000000001 -0.05 -0.03
-0.06 -0.05 -0.03
-0.04999999999999999 -0.05 -0.03
-0.03999999999999998 -0.05 -0.03
-0.03000000000000003 -0.05 -0.03
-0.02000000000000002 -0.05 -0.03
-0.01000000000000001 -0.05 -0.03
0 -0.05 -0.03
0.01000000000000001 -0.05 -0.03
0.02000000000000002 -0.05 -0.03
0.03000000000000003 -0.05 -0.03
0.04000000000000004 -0.05 -0.03
0.05000000000000004 -0.05 -0.03
0.06000000000000005 -0.05 -0.03
0.06999999999999995 -0.05 -0.03
0.07999999999999996 -0.05 -0.03
0.08999999999999997 -0.05 -0.03
0.09999999999999998 -0.05 -0.03
0.11 -0.05 -0.03
0.12 -0.05 -0.03
0.13 -0.05 -0.03
0.14 -0.05 -0.03
0.15 -0.05 -0.03
0.16 -0.05 -0.03
0.17 -0.05 -0.03
0.18 -0.05 -0.03
0.1899999999999999 -0.05 -0.03
0.2 -0.05 -0.03
0.21 -0.05 -0.03
0.22 -0.05 -0.03
0.23 -0.05 -0.03
0.24 -0.05 -0.03
0.25 -0.05 -0.03
0.26 -0.05 -0.03
0.27 -0.05 -0.03
0.28 -0.05 -0.03
0.29 -0.05 -0.03
0.3 -0.05 -0.03
0.3100000000000001 -0.05 -0.03
0.32 -0.05 -0.03
0.33 -0.05 -0.03
0.34 -0.05 -0.03
0.35 -0.05 -0.03
0.36 -0.05 -0.03
0.37 -0.05 -0.03
0.38 -0.05 -0.03
0.39 -0.05 -0.03
0.4 -0.05 -0.03
0.41 -0.05 -0.03
0.42 -0.05 -0.03
0.43 -0.05 -0.03
0.4399999999999999 -0.05 -0.03
0.45 -0.05 -0.03
0.46 -0.05 -0.03
0.47 -0.05 -0.03
0.48 -0.05 -0.03
0.49 -0.05 -0.03
0.5 -0.05 -0.03
-0.5 -0.04 -0.03
-0.49 -0.04 -0.03
-0.48 -0.04 -0.03
-0.47 -0.04 -0.03
-0.46 -0.04 -0.03
-0.45 -0.04 -0.03
-0.44 -0.04 -0.03
-0.43 -0.04 -0.03
-0.42 -0.04 -0.03
-0.41 -0.04 -0.03
-0.4 -0.04 -0.03
-0.39 -0.04 -0.03
-0.38 -0.04 -0.03
-0.37 -0.04 -0.03
-0.36 -0.04 -0.03
-0.35 -0.04 -0.03
-0.34 -0.04 -0.03
-0.33 -0.04 -0.03
-0.32 -0.04 -0.03
-0.31 -0.04 -0.03
-0.3 -0.04 -0.03
-0.29 -0.04 -0.03
-0.28 -0.04 -0.03
-0.27 -0.04 -0.03
-0.26 -0.04 -0.03
-0.25 -0.04 -0.03
-0.24 -0.04 -0.03
-0.23 -0.04 -0.03
-0.22 -0.04 -0.03
-0.21 -0.04 -0.03
-0.2 -0.04 -0.03
-0.19 -0.04 -0.03
-0.18 -0.04 -0.03
-0.17 -0.04 -0.03
-0.16 -0.04 -0.03
-0.15 -0.04 -0.03
-0.14 -0.04 -0.03
-0.13 -0.04 -0.03
-0.12 -0.04 -0.03
-0.11 -0.04 -0.03
-0.09999999999999998 -0.04 -0.03
-0.09000000000000002 -0.04 -0.03
-0.08000000000000002 -0.04 -0.03
-0.07000000000000001 -0.04 -0.03
-0.06 -0.04 -0.03
-0.04999999999999999 -0.04 -0.03
-0.03999999999999998 -0.04 -0.03
-0.03000000000000003 -0.04 -0.03
-0.02000000000000002 -0.04 -0.03
-0.01000000000000001 -0.04 -0.03
0 -0.04 -0.03
0.01000000000000001 -0.04 -0.03
0.02000000000000002 -0.04 -0.03
0.03000000000000003 -0.04 -0.03
0.04000000000000004 -0.04 -0.03
0.05000000000000004 -0.04 -0.03
0.06000000000000005 -0.04 -0.03
0.06999999999999995 -0.04 -0.03
0.07999999999999996 -0.04 -0.03
0.08999999999999997 -0.04 -0.03
0.09999999999999998 -0.04 -0.03
0.11 -0.04 -0.03
0.12 -0.04 -0.03
0.13 -0.04 -0.03
0.14 -0.04 -0.03
0.15 -0.04 -0.03
0.16 -0.04 -0.03
0.17 -0.04 -0.03
0.18 -0.04 -0.03
0.1899999999999999 -0.04 -0.03
0.2 -0.04 -0.03
0.21 -0.04 -0.03
0.22 -0.04 -0.03
0.23 -0.04 -0.03
0.24 -0.04 -0.03
0.25 -0.04 -0.03
0.26 -0.04 -0.03
0.27 -0.04 -0.03
0.28 -0.04 -0.03
0.29 -0.04 -0.03
0.3 -0.04 -0.03
0.3100000000000001 -0.04 -0.03
0.32 -0.04 -0.03
0.33 -0.04 -0.03
0.34 -0.04 -0.03
0.35 -0.04 -0.03
0.36 -0.04 -0.03
0.37 -0.04 -0.03
0.38 -0.04 -0.03
0.39 -0.04 -0.03
0.4 -0.04 -0.03
0.41 -0.04 -0.03
0.42 -0.04 -0.03
0.43 -0.04 -0.03
0.4399999999999999 -0.04 -0.03
0.45 -0.04 -0.03
0.46 -0.04 -0.03
0.47 -0.04 -0.03
0.48 -0.04 -0.03
0.49 -0.04 -0.03
0.5 -0.04 -0.03
-0.5 -0.03 -0.03
-0.49 -0.03 -0.03
-0.48 -0.03 -0.03
-0.47 -0.03 -0.03
-0.46 -0.03 -0.03
-0.45 -0.03 -0.03
-0.44 -0.03 -0.03
-0.43 -0.03 -0.03
-0.42 -0.03 -0.03
-0.41 -0.03 -0.03
-0.4 -0.03 -0.03
-0.39 -0.03 -0.03
-0.38 -0.03 -0.03
-0.37 -0.03 -0.03
-0.36 -0.03 -0.03
-0.35 -0.03 -0.03
-0.34 -0.03 -0.03
-0.33 -0.03 -0.03
-0.32 -0.03 -0.03
-0.31 -0.03 -0.03
-0.3 -0.03 -0.03
-0.29 -0.03 -0.03
-0.28 -0.03 -0.03
-0.27 -0.03 -0.03
-0.26 -0.03 -0.03
-0.25 -0.03 -0.03
-0.24 -0.03 -0.03
-0.23 -0.03 -0.03
-0.22 -0.03 -0.03
-0.21 -0.03 -0.03
-0.2 -0.03 -0.03
-0.19 -0.03 -0.03
-0.18 -0.03 -0.03
-0.17 -0.03 -0.03
-0.16 -0.03 -0.03
-0.15 -0.03 -0.03
-0.14 -0.03 -0.03
-0.13 -0.03 -0.03
-0.12 -0.03 -0.03
-0.11 -0.03 -0.03
-0.09999999999999998 -0.03 -0.03
-0.09000000000000002 -0.03 -0.03
-0.08000000000000002 -0.03 -0.03
-0.07000000000000001 -0.03 -0.03
-0.06 -0.03 -0.03
-0.04999999999999999 -0.03 -0.03
-0.03999999999999998 -0.03 -0.03
-0.03000000000000003 -0.03 -0.03
-0.02000000000000002 -0.03 -0.03
-0.01000000000000001 -0.03 -0.03
0 -0.03 -0.03
0.01000000000000001 -0.03 -0.03
0.02000000000000002 -0.03 -0.03
0.03000000000000003 -0.03 -0.03
0.04000000000000004 -0.03 -0.03
0.05000000000000004 -0.03 -0.03
0.06000000000000005 -0.03 -0.03
0.06999999999999995 -0.03 -0.03
0.07999999999999996 -0.03 -0.03
0.08999999999999997 -0.03 -0.03
0.09999999999999998 -0.03 -0.03
0.11 -0.03 -0.03
0.12 -0.03 -0.03
0.13 -0.03 -0.03
0.14 -0.03 -0.03
0.15 -0.03 -0.03
0.16 -0.03 -0.03
0.17 -0.03 -0.03
0.18 -0.03 -0.03
0.1899999999999999 -0.03 -0.03
0.2 -0.03 -0.03
0.21 -0.03 -0.03
0.22 -0.03 -0.03
0.23 -0.03 -0.03
0.24 -0.03 -0.03
0.25 -0.03 -0.03
0.26 -0.03 -0.03
0.27 -0.03 -0.03
0.28 -0.03 -0.03
0.29 -0.03 -0.03
0.3 -0.03 -0.03
0.3100000000000001 -0.03 -0.03
0.32 -0.03 -0.03
0.33 -0.03 -0.03
0.34 -0.03 -0.03
0.35 -0.03 -0.03
0.36 -0.03 -0.03
0.37 -0.03 -0.03
0.38 -0.03 -0.03
0.39 -0.03 -0.03
0.4 -0.03 -0.03
0.41 -0.03 -0.03
0.42 -0.03 -0.03
0.43 -0.03 -0.03
0.4399999999999999 -0.03 -0.03
0.45 -0.03 -0.03
0.46 -0.03 -0.03
0.47 -0.03 -0.03
0.48 -0.03 -0.03
0.49 -0.03 -0.03
0.5 -0.03 -0.03
-0.5 -0.02 -0.03
-0.49 -0.02 -0.03
-0.48 -0.02 -0.03
-0.47 -0.02 -0.03
-0.46 -0.02 -0.03
-0.45 -0.02 -0.03
-0.44 -0.02 -0.03
-0.43 -0.02 -0.03
-0.42 -0.02 -0.03
-0.41 -0.02 -0.03
-0.4 -0.02 -0.03
-0.39 -0.02 -0.03
-0.38 -0.02 -0.03
-0.37 -0.02 -0.03
-0.36 -0.02 -0.03
-0.35 -0.02 -0.03
-0.34 -0.02 -0.03
-0.33 -0.02 -0.03
-0.32 -0.02 -0.03
-0.31 -0.02 -0.03
-0.3 -0.02 -0.03
-0.29 -0.02 -0.03
-0.28 -0.02 -0.03
-0.27 -0.02 -0.03
-0.26 -0.02 -0.03
-0.25 -0.02 -0.03
-0.24 -0.02 -0.03
-0.23 -0.02 -0.03
-0.22 -0.02 -0.03
-0.21 -0.02 -0.03
-0.2 -0.02 -0.03
-0.19 -0.02 -0.03
-0.18 -0.02 -0.03
-0.17 -0.02 -0.03
-0.16 -0.02 -0.03
-0.15 -0.02 -0.03
-0.14 -0.02 -0.03
-0.13 -0.02 -0.03
-0.12 -0.02 -0.03
-0.11 -0.02 -0.03
-0.09999999999999998 -0.02 -0.03
-0.09000000000000002 -0.02 -0.03
-0.08000000000000002 -0.02 -0.03
-0.07000000000000001 -0.02 -0.03
-0.06 -0.02 -0.03
-0.04999999999999999 -0.02 -0.03
-0.03999999999999998 -0.02 -0.03
-0.03000000000000003 -0.02 -0.03
-0.02000000000000002 -0.02 -0.03
-0.01000000000000001 -0.02 -0.03
0 -0.02 -0.03
0.01000000000000001 -0.02 -0.03
0.02000000000000002 -0.02 -0.03
0.03000000000000003 -0.02 -0.03
0.04000000000000004 -0.02 -0.03
0.05000000000000004 -0.02 -0.03
0.06000000000000005 -0.02 -0.03
0.06999999999999995 -0.02 -0.03
0.07999999999999996 -0.02 -0.03
0.08999999999999997 -0.02 -0.03
0.09999999999999998 -0.02 -0.03
0.11 -0.02 -0.03
0.12 -0.02 -0.03
0.13 -0.02 -0.03
0.14 -0.02 -0.03
0.15 -0.02 -0.03
0.16 -0.02 -0.03
0.17 -0.02 -0.03
0.18 -0.02 -0.03
0.1899999999999999 -0.02 -0.03
0.2 -0.02 -0.03
0.21 -0.02 -0.03
0.22 -0.02 -0.03
0.23 -0.02 -0.03
0.24 -0.02 -0.03
0.25 -0.02 -0.03
0.26 -0.02 -0.03
0.27 -0.02 -0.03
0.28 -0.02 -0.03
0.29 -0.02 -0.03
0.3 -0.02 -0.03
0.3100000000000001 -0.02 -0.03
0.32 -0.02 -0.03
0.33 -0.02 -0.03
0.34 -0.02 -0.03
0.35 -0.02 -0.03
0.36 -0.02 -0.03
0.37 -0.02 -0.03
0.38 -0.02 -0.03
0.39 -0.02 -0.03
0.4 -0.02 -0.03
0.41 -0.02 -0.03
0.42 -0.02 -0.03
0.43 -0.02 -0.03
0.4399999999999999 -0.02 -0.03
0.45 -0.02 -0.03
0.46 -0.02 -0.03
0.47 -0.02 -0.03
0.48 -0.02 -0.03
0.49 -0.02 -0.03
0.5 -0.02 -0.03
-0.5 -0.009999999999999995 -0.03
-0.49 -0.009999999999999995 -0.03
-0.48 -0.009999999999999995 -0.03
-0.47 -0.009999999999999995 -0.03
-0.46 -0.009999999999999995 -0.03
-0.45 -0.009999999999999995 -0.03
-0.44 -0.009999999999999995 -0.03
-0.43 -0.009999999999999995 -0.03
-0.42 -0.009999999999999995 -0.03
-0.41 -0.009999999999999995 -0.03
-0.4 -0.009999999999999995 -0.03
-0.39 -0.009999999999999995 -0.03
-0.38 -0.009999999999999995 -0.03
-0.37 -0.009999999999999995 -0.03
-0.36 -0.009999999999999995 -0.03
-0.35 -0.009999999999999995 -0.03
-0.34 -0.009999999999999995 -0.03
-0.33 -0.009999999999999995 -0.03
-0.32 -0.009999999999999995 -0.03
-0.31 -0.009999999999999995 -0.03
-0.3 -0.009999999999999995 -0.03
-0.29 -0.009999999999999995 -0.03
-0.28 -0.009999999999999995 -0.03
-0.27 -0.009999999999999995 -0.03
-0.26 -0.009999999999999995 -0.03
-0.25 -0.009999999999999995 -0.03
-0.24 -0.009999999999999995 -0.03
-0.23 -0.009999999999999995 -0.03
-0.22 -0.009999999999999995 -0.03
-0.21 -0.009999999999999995 -0.03
-0.2 -0.009999999999999995 -0.03
-0.19 -0.009999999999999995 -0.03
-0.18 -0.009999999999999995 -0.03
-0.17 -0.009999999999999995 -0.03
-0.16 -0.009999999999999995 -0.03
-0.15 -0.009999999999999995 -0.03
-0.14 -0.009999999999999995 -0.03
-0.13 -0.009999999999999995 -0.03
-0.12 -0.009999999999999995 -0.03
-0.11 -0.009999999999999995 -0.03
-0.09999999999999998 -0.009999999999999995 -0.03
-0.09000000000000002 -0.009999999999999995 -0.03
-0.08000000000000002 -0.009999999999999995 -0.03
-0.07000000000000001 -0.009999999999999995 -0.03
-0.06 -0.009999999999999995 -0.03
-0.04999999999999999 -0.009999999999999995 -0.03
-0.03999999999999998 -0.009999999999999995 -0.03
-0.03000000000000003 -0.009999999999999995 -0.03
-0.02000000000000002 -0.009999999999999995 -0.03
-0.01000000000000001 -0.009999999999999995 -0.03
0 -0.009999999999999995 -0.03
0.01000000000000001 -0.009999999999999995 -0.03
0.02000000000000002 -0.009999999999999995 -0.03
0.03000000000000003 -0.009999999999999995 -0.03
0.04000000000000004 -0.009999999999999995 -0.03
0.05000000000000004 -0.009999999999999995 -0.03
0.06000000000000005 -0.009999999999999995 -0.03
0.06999999999999995 -0.009999999999999995 -0.03
0.07999999999999996 -0.009999999999999995 -0.03
0.08999999999999997 -0.009999999999999995 -0.03
0.09999999999999998 -0.009999999999999995 -0.03
0.11 -0.009999999999999995 -0.03
0.12 -0.009999999999999995 -0.03
0.13 -0.009999999999999995 -0.03
0.14 -0.009999999999999995 -0.03
0.15 -0.009999999999999995 -0.03
0.16 -0.009999999999999995 -0.03
0.17 -0.009999999999999995 -0.03
0.18 -0.009999999999999995 -0.03
0.1899999999999999 -0.009999999999999995 -0.03
0.2 -0.009999999999999995 -0.03
0.21 -0.009999999999999995 -0.03
0.22 -0.009999999999999995 -0.03
0.23 -0.009999999999999995 -0.03
0.24 -0.009999999999999995 -0.03
0.25 -0.009999999999999995 -0.03
0.26 -0.009999999999999995 -0.03
0.27 -0.009999999999999995 -0.03
0.28 -0.009999999999999995 -0.03
0.29 -0.009999999999999995 -0.03
0.3 -0.009999999999999995 -0.03
0.3100000000000001 -0.009999999999999995 -0.03
0.32 -0.009999999999999995 -0.03
0.33 -0.009999999999999995 -0.03
0.34 -0.009999999999999995 -0.03
0.35 -0.009999999999999995 -0.03
0.36 -0.009999999999999995 -0.03
0.37 -0.009999999999999995 -0.03
0.38 -0.009999999999999995 -0.03
0.39 -0.009999999999999995 -0.03
0.4 -0.009999999999999995 -0.03
0.41 -0.009999999999999995 -0.03
0.42 -0.009999999999999995 -0.03
0.43 -0.009999999999999995 -0.03
0.4399999999999999 -0.009999999999999995 -0.03
0.45 -0.009999999999999995 -0.03
0.46 -0.009999999999999995 -0.03
0.47 -0.009999999999999995 -0.03
0.48 -0.009999999999999995 -0.03
0.49 -0.009999999999999995 -0.03
0.5 -0.009999999999999995 -0.03
-0.5 0 -0.03
-0.49 0 -0.03
-0.48 0 -0.03
-0.47 0 -0.03
-0.46 0 -0.03
-0.45 0 -0.03
-0.44 0 -0.03
-0.43 0 -0.03
-0.42 0 -0.03
-0.41 0 -0.03
-0.4 0 -0.03
-0.39 0 -0.03
-0.38 0 -0.03
-0.37 0 -0.03
-0.36 0 -0.03
-0.35 0 -0.03
-0.34 0 -0.03
-0.33 0 -0.03
-0.32 0 -0.03
-0.31 0 -0.03
-0.3 0 -0.03
-0.29 0 -0.03
-0.28 0 -0.03
-0.27 0 -0.03
-0.26 0 -0.03
-0.25 0 -0.03
-0.24 0 -0.03
-0.23 0 -0.03
-0.22 0 -0.03
-0.21 0 -0.03
-0.2 0 -0.03
-0.19 0 -0.03
-0.18 0 -0.03
-0.17 0 -0.03
-0.16 0 -0.03
-0.15 0 -0.03
-0.14 0 -0.03
-0.13 0 -0.03
-0.12 0 -0.03
-0.11 0 -0.03
-0.09999999999999998 0 -0.03
-0.09000000000000002 0 -0.03
-0.08000000000000002 0 -0.03
-0.07000000000000001 0 -0.03
-0.06 0 -0.03
-0.04999999999999999 0 -0.03
-0.03999999999999998 0 -0.03
-0.03000000000000003 0 -0.03
-0.02000000000000002 0 -0.03
-0.01000000000000001 0 -0.03
0 0 -0.03
0.01000000000000001 0 -0.03
0.02000000000000002 0 -0.03
0.03000000000000003 0 -0.03
0.04000000000000004 0 -0.03
0.05000000000000004 0 -0.03
0.06000000000000005 0 -0.03
0.06999999999999995 0 -0.03
0.07999999999999996 0 -0.03
0.08999999999999997 0 -0.03
0.09999999999999998 0 -0.03
0.11 0 -0.03
0.12 0 -0.03
0.13 0 -0.03
0.14 0 -0.03
0.15 0 -0.03
0.16 0 -0.03
0.17 0 -0.03
0.18 0 -0.03
0.1899999999999999 0 -0.03
0.2 0 -0.03
0.21 0 -0.03
0.22 0 -0.03
0.23 0 -0.03
0.24 0 -0.03
0.25 0 -0.03
0.26 0 -0.03
0.27 0 -0.03
0.28 0 -0.03
0.29 0 -0.03
0.3 0 -0.03
0.3100000000000001 0 -0.03
0.32 0 -0.03
0.33 0 -0.03
0.34 0 -0.03
0.35 0 -0.03
0.36 0 -0.03
0.37 0 -0.03
0.38 0 -0.03
0.39 0 -0.03
0.4 0 -0.03
0.41 0 -0.03
0.42 0 -0.03
0.43 0 -0.03
0.4399999999999999 0 -0.03
0.45 0 -0.03
0.46 0 -0.03
0.47 0 -0.03
0.48 0 -0.03
0.49 0 -0.03
0.5 0 -0.03
-0.5 0.009999999999999995 -0.03
-0.49 0.009999999999999995 -0.03
-0.48 0.009999999999999995 -0.03
-0.47 0.009999999999999995 -0.03
-0.46 0.009999999999999995 -0.03
-0.45 0.009999999999999995 -0.03
-0.44 0.009999999999999995 -0.03
-0.43 0.009999999999999995 -0.03
-0.42 0.009999999999999995 -0.03
-0.41 0.009999999999999995 -0.03
-0.4 0.009999999999999995 -0.03
-0.39 0.009999999999999995 -0.03
-0.38 0.009999999999999995 -0.03
-0.37 0.009999999999999995 -0.03
-0.36 0.009999999999999995 -0.03
-0.35 0.009999999999999995 -0.03
-0.34 0.009999999999999995 -0.03
-0.33 0.009999999999999995 -0.03
-0.32 0.009999999999999995 -0.03
-0.31 0.009999999999999995 -0.03
-0.3 0.009999999999999995 -0.03
-0.29 0.009999999999999995 -0.03
-0.28 0.009999999999999995 -0.03
-0.27 0.009999999999999995 -0.03
-0.26 0.009999999999999995 -0.03
-0.25 0.009999999999999995 -0.03
-0.24 0.009999999999999995 -0.03
-0.23 0.009999999999999995 -0.03
-0.22 0.009999999999999995 -0.03
-0.21 0.009999999999999995 -0.03
-0.2 0.009999999999999995 -0.03
-0.19 0.009999999999999995 -0.03
-0.18 0.009999999999999995 -0.03
-0.17 0.009999999999999995 -0.03
-0.16 0.009999999999999995 -0.03
-0.15 0.009999999999999995 -0.03
-0.14 0.009999999999999995 -0.03
-0.13 0.009999999999999995 -0.03
-0.12 0.009999999999999995 -0.03
-0.11 0.009999999999999995 -0.03
-0.09999999999999998 0.009999999999999995 -0.03
-0.09000000000000002 0.009999999999999995 -0.03
-0.08000000000000002 0.009999999999999995 -0.03
-0.07000000000000001 0.009999999999999995 -0.03
-0.06 0.009999999999999995 -0.03
-0.04999999999999999 0.009999999999999995 -0.03
-0.03999999999999998 0.009999999999999995 -0.03
-0.03000000000000003 0.009999999999999995 -0.03
-0.02000000000000002 0.009999999999999995 -0.03
-0.01000000000000001 0.009999999999999995 -0.03
0 0.009999999999999995 -0.03
0.01000000000000001 0.009999999999999995 -0.03
0.02000000000000002 0.009999999999999995 -0.03
0.03000000000000003 0.009999999999999995 -0.03
0.04000000000000004 0.009999999999999995 -0.03
0.05000000000000004 0.009999999999999995 -0.03
0.06000000000000005 0.009999999999999995 -0.03
0.06999999999999995 0.009999999999999995 -0.03
0.07999999999999996 0.009999999999999995 -0.03
0.08999999999999997 0.009999999999999995 -0.03
0.09999999999999998 0.009999999999999995 -0.03
0.11 0.009999999999999995 -0.03
0.12 0.009999999999999995 -0.03
0.13 0.009999999999999995 -0.03
0.14 0.009999999999999995 -0.03
0.15 0.009999999999999995 -0.03
0.16 0.009999999999999995 -0.03
0.17 0.009999999999999995 -0.03
0.18 0.009999999999999995 -0.03
0.1899999999999999 0.009999999999999995 -0.03
0.2 0.009999999999999995 -0.03
0.21 0.009999999999999995 -0.03
0.22 0.009999999999999995 -0.03
0.23 0.009999999999999995 -0.03
0.24 0.009999999999999995 -0.03
0.25 0.009999999999999995 -0.03
0.26 0.009999999999999995 -0.03
0.27 0.009999999999999995 -0.03
0.28 0.009999999999999995 -0.03
0.29 0.009999999999999995 -0.03
0.3 0.009999999999999995 -0.03
0.3100000000000001 0.009999999999999995 -0.03
0.32 0.009999999999999995 -0.03
0.33 0.009999999999999995 -0.03
0.34 0.009999999999999995 -0.03
0.35 0.009999999999999995 -0.03
0.36 0.009999999999999995 -0.03
0.37 0.009999999999999995 -0.03
0.38 0.009999999999999995 -0.03
0.39 0.009999999999999995 -0.03
0.4 0.009999999999999995 -0.03
0.41 0.009999999999999995 -0.03
0.42 0.009999999999999995 -0.03
0.43 0.009999999999999995 -0.03
0.4399999999999999 0.009999999999999995 -0.03
0.45 0.009999999999999995 -0.03
0.46 0.009999999999999995 -0.03
0.47 0.009999999999999995 -0.03
0.48 0.009999999999999995 -0.03
0.49 0.009999999999999995 -0.03
0.5 0.009999999999999995 -0.03
-0.5 0.01999999999999999 -0.03
-0.49 0.01999999999999999 -0.03
-0.48 0.01999999999999999 -0.03
-0.47 0.01999999999999999 -0.03
-0.46 0.01999999999999999 -0.03
-0.45 0.01999999999999999 -0.03
-0.44 0.01999999999999999 -0.03
-0.43 0.01999999999999999 -0.03
-0.42 0.01999999999999999 -0.03
-0.41 0.01999999999999999 -0.03
-0.4 0.01999999999999999 -0.03
-0.39 0.01999999999999999 -0.03
-0.38 0.01999999999999999 -0.03
-0.37 0.01999999999999999 -0.03
-0.36 0.01999999999999999 -0.03
-0.35 0.01999999999999999 -0.03
-0.34 0.01999999999999999 -0.03
-0.33 0.01999999999999999 -0.03
-0.32 0.01999999999999999 -0.03
-0.31 0.01999999999999999 -0.03
-0.3 0.01999999999999999 -0.03
-0.29 0.01999999999999999 -0.03
-0.28 0.01999999999999999 -0.03
-0.27 0.01999999999999999 -0.03
-0.26 0.01999999999999999 -0.03
-0.25 0.01999999999999999 -0.03
-0.24 0.01999999999999999 -0.03
-0.23 0.01999999999999999 -0.03
-0.22 0.01999999999999999 -0.03
-0.21 0.01999999999999999 -0.03
-0.2 0.01999999999999999 -0.03
-0.19 0.01999999999999999 -0.03
-0.18 0.01999999999999999 -0.03
-0.17 0.01999999999999999 -0.03
-0.16 0.01999999999999999 -0.03
-0.15 0.01999999999999999 -0.03
-0.14 0.01999999999999999 -0.03
-0.13 0.01999999999999999 -0.03
-0.12 0.01999999999999999 -0.03
-0.11 0.01999999999999999 -0.03
-0.09999999999999998 0.01999999999999999 -0.03
-0.09000000000000002 0.01999999999999999 -0.03
-0.08000000000000002 0.01999999999999999 -0.03
-0.07000000000000001 0.01999999999999999 -0.03
-0.06 0.01999999999999999 -0.03
-0.04999999999999999 0.01999999999999999 -0.03
-0.03999999999999998 0.01999999999999999 -0.03
-0.03000000000000003 0.01999999999999999 -0.03
-0.02000000000000002 0.01999999999999999 -0.03
-0.01000000000000001 0.01999999999999999 -0.03
0 0.01999999999999999 -0.03
0.01000000000000001 0.01999999999999999 -0.03
0.02000000000000002 0.01999999999999999 -0.03
0.03000000000000003 0.01999999999999999 -0.03
0.04000000000000004 0.01999999999999999 -0.03
0.05000000000000004 0.01999999999999999 -0.03
0.06000000000000005 0.01999999999999999 -0.03
0.06999999999999995 0.01999999999999999 -0.03
0.07999999999999996 0.01999999999999999 -0.03
0.08999999999999997 0.01999999999999999 -0.03
0.09999999999999998 0.01999999999999999 -0.03
0.11 0.01999999999999999 -0.03
0.12 0.01999999999999999 -0.03
0.13 0.01999999999999999 -0.03
0.14 0.01999999999999999 -0.03
0.15 0.01999999999999999 -0.03
0.16 0.01999999999999999 -0.03
0.17 0.01999999999999999 -0.03
0.18 0.01999999999999999 -0.03
0.1899999999999999 0.01999999999999999 -0.03
0.2 0.01999999999999999 -0.03
0.21 0.01999999999999999 -0.03
0.22 0.01999999999999999 -0.03
0.23 0.01999999999999999 -0.03
0.24 0.01999999999999999 -0.03
0.25 0.01999999999999999 -0.03
0.26 0.01999999999999999 -0.03
0.27 0.01999999999999999 -0.03
0.28 0.01999999999999999 -0.03
0.29 0.01999999999999999 -0.03
0.3 0.01999999999999999 -0.03
0.3100000000000001 0.01999999999999999 -0.03
0.32 0.01999999999999999 -0.03
0.33 0.01999999999999999 -0.03
0.34 0.01999999999999999 -0.03
0.35 0.01999999999999999 -0.03
0.36 0.01999999999999999 -0.03
0.37 0.01999999999999999 -0.03
0.38 0.01999999999999999 -0.03
0.39 0.01999999999999999 -0.03
0.4 0.01999999999999999 -0.03
0.41 0.01999999999999999 -0.03
0.42 0.01999999999999999 -0.03
0.43 0.01999999999999999 -0.03
0.4399999999999999 0.01999999999999999 -0.03
0.45 0.01999999999999999 -0.03
0.46 0.01999999999999999 -0.03
0.47 0.01999999999999999 -0.03
0.48 0.01999999999999999 -0.03
0.49 0.01999999999999999 -0.03
0.5 0.01999999999999999 -0.03
-0.5 0.03000000000000001 -0.03
-0.49 0.03000000000000001 -0.03
-0.48 0.03000000000000001 -0.03
-0.47 0.03000000000000001 -0.03
-0.46 0.03000000000000001 -0.03
-0.45 0.03000000000000001 -0.03
-0.44 0.03000000000000001 -0.03
-0.43 0.03000000000000001 -0.03
-0.42 0.03000000000000001 -0.03
-0.41 0.03000000000000001 -0.03
-0.4 0.03000000000000001 -0.03
-0.39 0.03000000000000001 -0.03
-0.38 0.03000000000000001 -0.03
-0.37 0.03000000000000001 -0.03
-0.36 0.03000000000000001 -0.03
-0.35 0.03000000000000001 -0.03
-0.34 0.03000000000000001 -0.03
-0.33 0.03000000000000001 -0.03
-0.32 0.03000000000000001 -0.03
-0.31 0.03000000000000001 -0.03
-0.3 0.03000000000000001 -0.03
-0.29 0.03000000000000001 -0.03
-0.28 0.03000000000000001 -0.03
-0.27 0.03000000000000001 -0.03
-0.26 0.03000000000000001 -0.03
-0.25 0.03000000000000001 -0.03
-0.24 0.03000000000000001 -0.03
-0.23 0.03000000000000001 -0.03
-0.22 0.03000000000000001 -0.03
-0.21 0.03000000000000001 -0.03
-0.2 0.03000000000000001 -0.03
-0.19 0.03000000000000001 -0.03
-0.18 0.03000000000000001 -0.03
-0.17 0.03000000000000001 -0.03
-0.16 0.03000000000000001 -0.03
-0.15 0.03000000000000001 -0.03
-0.14 0.03000000000000001 -0.03
-0.13 0.03000000000000001 -0.03
-0.12 0.03000000000000001 -0.03
-0.11 0.03000000000000001 -0.03
-0.09999999999999998 0.03000000000000001 -0.03
-0.09000000000000002 0.03000000000000001 -0.03
-0.08000000000000002 0.03000000000000001 -0.03
-0.07000000000000001 0.03000000000000001 -0.03
-0.06 0.03000000000000001 -0.03
-0.04999999999999999 0.03000000000000001 -0.03
-0.03999999999999998 0.03000000000000001 -0.03
-0.03000000000000003 0.03000000000000001 -0.03
-0.02000000000000002 0.03000000000000001 -0.03
-0.01000000000000001 0.03000000000000001 -0.03
0 0.03000000000000001 -0.03
0.01000000000000001 0.03000000000000001 -0.03
0.02000000000000002 0.03000000000000001 -0.03
0.03000000000000003 0.03000000000000001 -0.03
0.04000000000000004 0.03000000000000001 -0.03
0.05000000000000004 0.03000000000000001 -0.03
0.06000000000000005 0.03000000000000001 -0.03
0.06999999999999995 0.03000000000000001 -0.03
0.07999999999999996 0.03000000000000001 -0.03
0.08999999999999997 0.03000000000000001 -0.03
0.09999999999999998 0.03000000000000001 -0.03
0.11 0.03000000000000001 -0.03
0.12 0.03000000000000001 -0.03
0.13 0.03000000000000001 -0.03
0.14 0.03000000000000001 -0.03
0.15 0.03000000000000001 -0.03
0.16 0.03000000000000001 -0.03
0.17 0.03000000000000001 -0.03
0.18 0.03000000000000001 -0.03
0.1899999999999999 0.03000000000000001 -0.03
0.2 0.03000000000000001 -0.03
0.21 0.03000000000000001 -0.03
0.22 0.03000000000000001 -0.03
0.23 0.03000000000000001 -0.03
0.24 0.03000000000000001 -0.03
0.25 0.03000000000000001 -0.03
0.26 0.03000000000000001 -0.03
0.27 0.03000000000000001 -0.03
0.28 0.03000000000000001 -0.03
0.29 0.03000000000000001 -0.03
0.3 0.03000000000000001 -0.03
0.3100000000000001 0.03000000000000001 -0.03
0.32 0.03000000000000001 -0.03
0.33 0.03000000000000001 -0.03
0.34 0.03000000000000001 -0.03
0.35 0.03000000000000001 -0.03
0.36 0.03000000000000001 -0.03
0.37 0.03000000000000001 -0.03
0.38 0.03000000000000001 -0.03
0.39 0.03000000000000001 -0.03
0.4 0.03000000000000001 -0.03
0.41 0.03000000000000001 -0.03
0.42 0.03000000000000001 -0.03
0.43 0.03000000000000001 -0.03
0.4399999999999999 0.03000000000000001 -0.03
0.45 0.03000000000000001 -0.03
0.46 0.03000000000000001 -0.03
0.47 0.03000000000000001 -0.03
0.48 0.03000000000000001 -0.03
0.49 0.03000000000000001 -0.03
0.5 0.03000000000000001 -0.03
-0.5 0.04000000000000001 -0.03
-0.49 0.04000000000000001 -0.03
-0.48 0.04000000000000001 -0.03
-0.47 0.04000000000000001 -0.03
-0.46 0.04000000000000001 -0.03
-0.45 0.04000000000000001 -0.03
-0.44 0.04000000000000001 -0.03
-0.43 0.04000000000000001 -0.03
-0.42 0.04000000000000001 -0.03
-0.41 0.04000000000000001 -0.03
-0.4 0.04000000000000001 -0.03
-0.39 0.04000000000000001 -0.03
-0.38 0.04000000000000001 -0.03
-0.37 0.04000000000000001 -0.03
-0.36 0.04000000000000001 -0.03
-0.35 0.04000000000000001 -0.03
-0.34 0.04000000000000001 -0.03
-0.33 0.04000000000000001 -0.03
-0.32 0.04000000000000001 -0.03
-0.31 0.04000000000000001 -0.03
-0.3 0.04000000000000001 -0.03
-0.29 0.04000000000000001 -0.03
-0.28 0.04000000000000001 -0.03
-0.27 0.04000000000000001 -0.03
-0.26 0.04000000000000001 -0.03
-0.25 0.04000000000000001 -0.03
-0.24 0.04000000000000001 -0.03
-0.23 0.04000000000000001 -0.03
-0.22 0.04000000000000001 -0.03
-0.21 0.04000000000000001 -0.03
-0.2 0.04000000000000001 -0.03
-0.19 0.04000000000000001 -0.03
-0.18 0.04000000000000001 -0.03
-0.17 0.04000000000000001 -0.03
-0.16 0.04000000000000001 -0.03
-0.15 0.04000000000000001 -0.03
-0.14 0.04000000000000001 -0.03
-0.13 0.04000000000000001 -0.03
-0.12 0.04000000000000001 -0.03
-0.11 0.04000000000000001 -0.03
-0.09999999999999998 0.04000000000000001 -0.03
-0.09000000000000002 0.04000000000000001 -0.03
-0.08000000000000002 0.04000000000000001 -0.03
-0.07000000000000001 0.04000000000000001 -0.03
-0.06 0.04000000000000001 -0.03
-0.04999999999999999 0.04000000000000001 -0.03
-0.03999999999999998 0.04000000000000001 -0.03
-0.03000000000000003 0.04000000000000001 -0.03
-0.02000000000000002 0.04000000000000001 -0.03
-0.01000000000000001 0.04000000000000001 -0.03
0 0.04000000000000001 -0.03
0.01000000000000001 0.04000000000000001 -0.03
0.02000000000000002 0.04000000000000001 -0.03
0.03000000000000003 0.04000000000000001 -0.03
0.04000000000000004 0.04000000000000001 -0.03
0.05000000000000004 0.04000000000000001 -0.03
0.06000000000000005 0.04000000000000001 -0.03
0.06999999999999995 0.04000000000000001 -0.03
0.07999999999999996 0.04000000000000001 -0.03
0.08999999999999997 0.04000000000000001 -0.03
0.09999999999999998 0.04000000000000001 -0.03
0.11 0.04000000000000001 -0.03
0.12 0.04000000000000001 -0.03
0.13 0.04000000000000001 -0.03
0.14 0.04000000000000001 -0.03
0.15 0.04000000000000001 -0.03
0.16 0.04000000000000001 -0.03
0.17 0.04000000000000001 -0.03
0.18 0.04000000000000001 -0.03
0.1899999999999999 0.04000000000000001 -0.03
0.2 0.04000000000000001 -0.03
0.21 0.04000000000000001 -0.03
0.22 0.04000000000000001 -0.03
0.23 0.04000000000000001 -0.03
0.24 0.04000000000000001 -0.03
0.25 0.04000000000000001 -0.03
0.26 0.04000000000000001 -0.03
0.27 0.04000000000000001 -0.03
0.28 0.04000000000000001 -0.03
0.29 0.04000000000000001 -0.03
0.3 0.04000000000000001 -0.03
0.3100000000000001 0.04000000000000001 -0.03
0.32 0.04000000000000001 -0.03
0.33 0.04000000000000001 -0.03
0.34 0.04000000000000001 -0.03
0.35 0.04000000000000001 -0.03
0.36 0.04000000000000001 -0.03
0.37 0.04000000000000001 -0.03
0.38 0.04000000000000001 -0.03
0.39 0.04000000000000001 -0.03
0.4 0.04000000000000001 -0.03
0.41 0.04000000000000001 -0.03
0.42 0.04000000000000001 -0.03
0.43 0.04000000000000001 -0.03
0.4399999999999999 0.04000000000000001 -0.03
0.45 0.04000000000000001 -0.03
0.46 0.04000000000000001 -0.03
0.47 0.04000000000000001 -0.03
0.48 0.04000000000000001 -0.03
0.49 0.04000000000000001 -0.03
0.5 0.04000000000000001 -0.03
-0.5 0.05 -0.03
-0.49 0.05 -0.03
-0.48 0.05 -0.03
-0.47 0.05 -0.03
-0.46 0.05 -0.03
-0.45 0.05 -0.03
-0.44 0.05 -0.03
-0.43 0.05 -0.03
-0.42 0.05 -0.03
-0.41 0.05 -0.03
-0.4 0.05 -0.03
-0.39 0.05 -0.03
-0.38 0.05 -0.03
-0.37 0.05 -0.03
-0.36 0.05 -0.03
-0.35 0.05 -0.03
-0.34 0.05 -0.03
-0.33 0.05 -0.03
-0.32 0.05 -0.03
-0.31 0.05 -0.03
-0.3 0.05 -0.03
-0.29 0.05 -0.03
-0.28 0.05 -0.03
-0.27 0.05 -0.03
-0.26 0.05 -0.03
-0.25 0.05 -0.03
-0.24 0.05 -0.03
-0.23 0.05 -0.03
-0.22 0.05 -0.03
-0.21 0.05 -0.03
-0.2 0.05 -0.03
-0.19 0.05 -0.03
-0.18 0.05 -0.03
-0.17 0.05 -0.03
-0.16 0.05 -0.03
-0.15 0.05 -0.03
-0.14 0.05 -0.03
-0.13 0.05 -0.03
-0.12 0.05 -0.03
-0.11 0.05 -0.03
-0.09999999999999998 0.05 -0.03
-0.09000000000000002 0.05 -0.03
-0.08000000000000002 0.05 -0.03
-0.07000000000000001 0.05 -0.03
-0.06 0.05 -0.03
-0.04999999999999999 0.05 -0.03
-0.03999999999999998 0.05 -0.03
-0.03000000000000003 0.05 -0.03
-0.02000000000000002 0.05 -0.03
-0.01000000000000001 0.05 -0.03
0 0.05 -0.03
0.01000000000000001 0.05 -0.03
0.02000000000000002 0.05 -0.03
0.03000000000000003 0.05 -0.03
0.04000000000000004 0.05 -0.03
0.05000000000000004 0.05 -0.03
0.06000000000000005 0.05 -0.03
0.06999999999999995 0.05 -0.03
0.07999999999999996 0.05 -0.03
0.08999999999999997 0.05 -0.03
0.09999999999999998 0.05 -0.03
0.11 0.05 -0.03
0.12 0.05 -0.03
0.13 0.05 -0.03
0.14 0.05 -0.03
0.15 0.05 -0.03
0.16 0.05 -0.03
0.17 0.05 -0.03
0.18 0.05 -0.03
0.1899999999999999 0.05 -0.03
0.2 0.05 -0.03
0.21 0.05 -0.03
0.22 0.05 -0.03
0.23 0.05 -0.03
0.24 0.05 -0.03
0.25 0.05 -0.03
0.26 0.05 -0.03
0.27 0.05 -0.03
0.28 0.05 -0.03
0.29 0.05 -0.03
0.3 0.05 -0.03
0.3100000000000001 0.05 -0.03
0.32 0.05 -0.03
0.33 0.05 -0.03
0.34 0.05 -0.03
0.35 0.05 -0.03
0.36 0.05 -0.03
0.37 0.05 -0.03
0.38 0.05 -0.03
0.39 0.05 -0.03
0.4 0.05 -0.03
0.41 0.05 -0.03
0.42 0.05 -0.03
0.43 0.05 -0.03
0.4399999999999999 0.05 -0.03
0.45 0.05 -0.03
0.46 0.05 -0.03
0.47 0.05 -0.03
0.48 0.05 -0.03
0.49 0.05 -0.03
0.5 0.05 -0.03
-0.5 -0.05 -0.02
-0.49 -0.05 -0.02
-0.48 -0.05 -0.02
-0.47 -0.05 -0.02
-0.46 -0.05 -0.02
-0.45 -0.05 -0.02
-0.44 -0.05 -0.02
-0.43 -0.05 -0.02
-0.42 -0.05 -0.02
-0.41 -0.05 -0.02
-0.4 -0.05 -0.02
-0.39 -0.05 -0.02
-0.38 -0.05 -0.02
-0.37 -0.05 -0.02
-0.36 -0.05 -0.02
-0.35 -0.05 -0.02
-0.34 -0.05 -0.02
-0.33 -0.05 -0.02
-0.32 -0.05 -0.02
-0.31 -0.05 -0.02
-0.3 -0.05 -0.02
-0.29 -0.05 -0.02
-0.28 -0.05 -0.02
-0.27 -0.05 -0.02
-0.26 -0.05 -0.02
-0.25 -0.05 -0.02
-0.24 -0.05 -0.02
-0.23 -0.05 -0.02
-0.22 -0.05 -0.02
-0.21 -0.05 -0.02
-0.2 -0.05 -0.02
-0.19 -0.05 -0.02
-0.18 -0.05 -0.02
-0.17 -0.05 -0.02
-0.16 -0.05 -0.02
-0.15 -0.05 -0.02
-0.14 -0.05 -0.02
-0.13 -0.05 -0.02
-0.12 -0.05 -0.02
-0.11 -0.05 -0.02
-0.09999999999999998 -0.05 -0.02
-0.09000000000000002 -0.05 -0.02
-0.08000000000000002 -0.05 -0.02
-0.07000000000000001 -0.05 -0.02
-0.06 -0.05 -0.02
-0.04999999999999999 -0.05 -0.02
-0.03999999999999998 -0.05 -0.02
-0.03000000000000003 -0.05 -0.02
-0.02000000000000002 -0.05 -0.02
-0.01000000000000001 -0.05 -0.02
0 -0.05 -0.02
0.01000000000000001 -0.05 -0.02
0.02000000000000002 -0.05 -0.02
0.03000000000000003 -0.05 -0.02
0.04000000000000004 -0.05 -0.02
0.05000000000000004 -0.05 -0.02
0.06000000000000005 -0.05 -0.02
0.06999999999999995 -0.05 -0.02
0.07999999999999996 -0.05 -0.02
0.08999999999999997 -0.05 -0.02
0.09999999999999998 -0.05 -0.02
0.11 -0.05 -0.02
0.12 -0.05 -0.02
0.13 -0.05 -0.02
0.14 -0.05 -0.02
0.15 -0.05 -0.02
0.16 -0.05 -0.02
0.17 -0.05 -0.02
0.18 -0.05 -0.02
0.1899999999999999 -0.05 -0.02
0.2 -0.05 -0.02
0.21 -0.05 -0.02
0.22 -0.05 -0.02
0.23 -0.05 -0.02
0.24 -0.05 -0.02
0.25 -0.05 -0.02
0.26 -0.05 -0.02
0.27 -0.05 -0.02
0.28 -0.05 -0.02
0.29 -0.05 -0.02
0.3 -0.05 -0.02
0.3100000000000001 -0.05 -0.02
0.32 -0.05 -0.02
0.33 -0.05 -0.02
0.34 -0.05 -0.02
0.35 -0.05 -0.02
0.36 -0.05 -0.02
0.37 -0.05 -0.02
0.38 -0.05 -0.02
0.39 -0.05 -0.02
0.4 -0.05 -0.02
0.41 -0.05 -0.02
0.42 -0.05 -0.02
0.43 -0.05 -0.02
0.4399999999999999 -0.05 -0.02
0.45 -0.05 -0.02
0.46 -0.05 -0.02
0.47 -0.05 -0.02
0.48 -0.05 -0.02
0.49 -0.05 -0.02
0.5 -0.05 -0.02
-0.5 -0.04 -0.02
-0.49 -0.04 -0.02
-0.48 -0.04 -0.02
-0.47 -0.04 -0.02
-0.46 -0.04 -0.02
-0.45 -0.04 -0.02
-0.44 -0.04 -0.02
-0.43 -0.04 -0.02
-0.42 -0.04 -0.02
-0.41 -0.04 -0.02
-0.4 -0.04 -0.02
-0.39 -0.04 -0.02
-0.38 -0.04 -0.02
-0.37 -0.04 -0.02
-0.36 -0.04 -0.02
-0.35 -0.04 -0.02
-0.34 -0.04 -0.02
-0.33 -0.04 -0.02
-0.32 -0.04 -0.02
-0.31 -0.04 -0.02
-0.3 -0.04 -0.02
-0.29 -0.04 -0.02
-0.28 -0.04 -0.02
-0.27 -0.04 -0.02
-0.26 -0.04 -0.02
-0.25 -0.04 -0.02
-0.24 -0.04 -0.02
-0.23 -0.04 -0.02
-0.22 -0.04 -0.02
-0.21 -0.04 -0.02
-0.2 -0.04 -0.02
-0.19 -0.04 -0.02
-0.18 -0.04 -0.02
-0.17 -0.04 -0.02
-0.16 -0.04 -0.02
-0.15 -0.04 -0.02
-0.14 -0.04 -0.02
-0.13 -0.04 -0.02
-0.12 -0.04 -0.02
-0.11 -0.04 -0.02
-0.09999999999999998 -0.04 -0.02
-0.09000000000000002 -0.04 -0.02
-0.08000000000000002 -0.04 -0.02
-0.07000000000000001 -0.04 -0.02
-0.06 -0.04 -0.02
-0.04999999999999999 -0.04 -0.02
-0.03999999999999998 -0.04 -0.02
-0.03000000000000003 -0.04 -0.02
-0.02000000000000002 -0.04 -0.02
-0.01000000000000001 -0.04 -0.02
0 -0.04 -0.02
0.01000000000000001 -0.04 -0.02
0.02000000000000002 -0.04 -0.02
0.03000000000000003 -0.04 -0.02
0.04000000000000004 -0.04 -0.02
0.05000000000000004 -0.04 -0.02
0.06000000000000005 -0.04 -0.02
0.06999999999999995 -0.04 -0.02
0.07999999999999996 -0.04 -0.02
0.08999999999999997 -0.04 -0.02
0.09999999999999998 -0.04 -0.02
0.11 -0.04 -0.02
0.12 -0.04 -0.02
0.13 -0.04 -0.02
0.14 -0.04 -0.02
0.15 -0.04 -0.02
0.16 -0.04 -0.02
0.17 -0.04 -0.02
0.18 -0.04 -0.02
0.1899999999999999 -0.04 -0.02
0.2 -0.04 -0.02
0.21 -0.04 -0.02
0.22 -0.04 -0.02
0.23 -0.04 -0.02
0.24 -0.04 -0.02
0.25 -0.04 -0.02
0.26 -0.04 -0.02
0.27 -0.04 -0.02
0.28 -0.04 -0.02
0.29 -0.04 -0.02
0.3 -0.04 -0.02
0.3100000000000001 -0.04 -0.02
0.32 -0.04 -0.02
0.33 -0.04 -0.02
0.34 -0.04 -0.02
0.35 -0.04 -0.02
0.36 -0.04 -0.02
0.37 -0.04 -0.02
0.38 -0.04 -0.02
0.39 -0.04 -0.02
0.4 -0.04 -0.02
0.41 -0.04 -0.02
0.42 -0.04 -0.02
0.43 -0.04 -0.02
0.4399999999999999 -0.04 -0.02
0.45 -0.04 -0.02
0.46 -0.04 -0.02
0.47 -0.04 -0.02
0.48 -0.04 -0.02
0.49 -0.04 -0.02
0.5 -0.04 -0.02
-0.5 -0.03 -0.02
-0.49 -0.03 -0.02
-0.48 -0.03 -0.02
-0.47 -0.03 -0.02
-0.46 -0.03 -0.02
-0.45 -0.03 -0.02
-0.44 -0.03 -0.02
-0.43 -0.03 -0.02
-0.42 -0.03 -0.02
-0.41 -0.03 -0.02
-0.4 -0.03 -0.02
-0.39 -0.03 -0.02
-0.38 -0.03 -0.02
-0.37 -0.03 -0.02
-0.36 -0.03 -0.02
-0.35 -0.03 -0.02
-0.34 -0.03 -0.02
-0.33 -0.03 -0.02
-0.32 -0.03 -0.02
-0.31 -0.03 -0.02
-0.3 -0.03 -0.02
-0.29 -0.03 -0.02
-0.28 -0.03 -0.02
-0.27 -0.03 -0.02
-0.26 -0.03 -0.02
-0.25 -0.03 -0.02
-0.24 -0.03 -0.02
-0.23 -0.03 -0.02
-0.22 -0.03 -0.02
-0.21 -0.03 -0.02
-0.2 -0.03 -0.02
-0.19 -0.03 -0.02
-0.18 -0.03 -0.02
-0.17 -0.03 -0.02
-0.16 -0.03 -0.02
-0.15 -0.03 -0.02
-0.14 -0.03 -0.02
-0.13 -0.03 -0.02
-0.12 -0.03 -0.02
-0.11 -0.03 -0.02
-0.09999999999999998 -0.03 -0.02
-0.09000000000000002 -0.03 -0.02
-0.08000000000000002 -0.03 -0.02
-0.07000000000000001 -0.03 -0.02
-0.06 -0.03 -0.02
-0.04999999999999999 -0.03 -0.02
-0.03999999999999998 -0.03 -0.02
-0.03000000000000003 -0.03 -0.02
-0.02000000000000002 -0.03 -0.02
-0.01000000000000001 -0.03 -0.02
0 -0.03 -0.02
0.01000000000000001 -0.03 -0.02
0.02000000000000002 -0.03 -0.02
0.03000000000000003 -0.03 -0.02
0.04000000000000004 -0.03 -0.02
0.05000000000000004 -0.03 -0.02
0.06000000000000005 -0.03 -0.02
0.06999999999999995 -0.03 -0.02
0.07999999999999996 -0.03 -0.02
0.08999999999999997 -0.03 -0.02
0.09999999999999998 -0.03 -0.02
0.11 -0.03 -0.02
0.12 -0.03 -0.02
0.13 -0.03 -0.02
0.14 -0.03 -0.02
0.15 -0.03 -0.02
0.16 -0.03 -0.02
0.17 -0.03 -0.02
0.18 -0.03 -0.02
0.1899999999999999 -0.03 -0.02
0.2 -0.03 -0.02
0.21 -0.03 -0.02
0.22 -0.03 -0.02
0.23 -0.03 -0.02
0.24 -0.03 -0.02
0.25 -0.03 -0.02
0.26 -0.03 -0.02
0.27 -0.03 -0.02
0.28 -0.03 -0.02
0.29 -0.03 -0.02
0.3 -0.03 -0.02
0.3100000000000001 -0.03 -0.02
0.32 -0.03 -0.02
0.33 -0.03 -0.02
0.34 -0.03 -0.02
0.35 -0.03 -0.02
0.36 -0.03 -0.02
0.37 -0.03 -0.02
0.38 -0.03 -0.02
0.39 -0.03 -0.02
0.4 -0.03 -0.02
0.41 -0.03 -0.02
0.42 -0.03 -0.02
0.43 -0.03 -0.02
0.4399999999999999 -0.03 -0.02
0.45 -0.03 -0.02
0.46 -0.03 -0.02
0.47 -0.03 -0.02
0.48 -0.03 -0.02
0.49 -0.03 -0.02
0.5 -0.03 -0.02
-0.5 -0.02 -0.02
-0.49 -0.02 -0.02
-0.48 -0.02 -0.02
-0.47 -0.02 -0.02
-0.46 -0.02 -0.02
-0.45 -0.02 -0.02
-0.44 -0.02 -0.02
-0.43 -0.02 -0.02
-0.42 -0.02 -0.02
-0.41 -0.02 -0.02
-0.4 -0.02 -0.02
-0.39 -0.02 -0.02
-0.38 -0.02 -0.02
-0.37 -0.02 -0.02
-0.36 -0.02 -0.02
-0.35 -0.02 -0.02
-0.34 -0.02 -0.02
-0.33 -0.02 -0.02
-0.32 -0.02 -0.02
-0.31 -0.02 -0.02
-0.3 -0.02 -0.02
-0.29 -0.02 -0.02
-0.28 -0.02 -0.02
-0.27 -0.02 -0.02
-0.26 -0.02 -0.02
-0.25 -0.02 -0.02
-0.24 -0.02 -0.02
-0.23 -0.02 -0.02
-0.22 -0.02 -0.02
-0.21 -0.02 -0.02
-0.2 -0.02 -0.02
-0.19 -0.02 -0.02
-0.18 -0.02 -0.02
-0.17 -0.02 -0.02
-0.16 -0.02 -0.02
-0.15 -0.02 -0.02
-0.14 -0.02 -0.02
-0.13 -0.02 -0.02
-0.12 -0.02 -0.02
-0.11 -0.02 -0.02
-0.09999999999999998 -0.02 -0.02
-0.09000000000000002 -0.02 -0.02
-0.08000000000000002 -0.02 -0.02
-0.07000000000000001 -0.02 -0.02
-0.06 -0.02 -0.02
-0.04999999999999999 -0.02 -0.02
-0.03999999999999998 -0.02 -0.02
-0.03000000000000003 -0.02 -0.02
-0.02000000000000002 -0.02 -0.02
-0.01000000000000001 -0.02 -0.02
0 -0.02 -0.02
0.01000000000000001 -0.02 -0.02
0.02000000000000002 -0.02 -0.02
0.03000000000000003 -0.02 -0.02
0.04000000000000004 -0.02 -0.02
0.05000000000000004 -0.02 -0.02
0.06000000000000005 -0.02 -0.02
0.06999999999999995 -0.02 -0.02
0.07999999999999996 -0.02 -0.02
0.08999999999999997 -0.02 -0.02
0.09999999999999998 -0.02 -0.02
0.11 -0.02 -0.02
0.12 -0.02 -0.02
0.13 -0.02 -0.02
0.14 -0.02 -0.02
0.15 -0.02 -0.02
0.16 -0.02 -0.02
0.17 -0.02 -0.02
0.18 -0.02 -0.02
0.1899999999999999 -0.02 -0.02
0.2 -0.02 -0.02
0.21 -0.02 -0.02
0.22 -0.02 -0.02
0.23 -0.02 -0.02
0.24 -0.02 -0.02
0.25 -0.02 -0.02
0.26 -0.02 -0.02
0.27 -0.02 -0.02
0.28 -0.02 -0.02
0.29 -0.02 -0.02
0.3 -0.02 -0.02
0.3100000000000001 -0.02 -0.02
0.32 -0.02 -0.02
0.33 -0.02 -0.02
0.34 -0.02 -0.02
0.35 -0.02 -0.02
0.36 -0.02 -0.02
0.37 -0.02 -0.02
0.38 -0.02 -0.02
0.39 -0.02 -0.02
0.4 -0.02 -0.02
0.41 -0.02 -0.02
0.42 -0.02 -0.02
0.43 -0.02 -0.02
0.4399999999999999 -0.02 -0.02
0.45 -0.02 -0.02
0.46 -0.02 -0.02
0.47 -0.02 -0.02
0.48 -0.02 -0.02
0.49 -0.02 -0.02
0.5 -0.02 -0.02
-0.5 -0.009999999999999995 -0.02
-0.49 -0.009999999999999995 -0.02
-0.48 -0.009999999999999995 -0.02
-0.47 -0.009999999999999995 -0.02
-0.46 -0.009999999999999995 -0.02
-0.45 -0.009999999999999995 -0.02
-0.44 -0.009999999999999995 -0.02
-0.43 -0.009999999999999995 -0.02
-0.42 -0.009999999999999995 -0.02
-0.41 -0.009999999999999995 -0.02
-0.4 -0.009999999999999995 -0.02
-0.39 -0.009999999999999995 -0.02
-0.38 -0.009999999999999995 -0.02
-0.37 -0.009999999999999995 -0.02
-0.36 -0.009999999999999995 -0.02
-0.35 -0.009999999999999995 -0.02
-0.34 -0.009999999999999995 -0.02
-0.33 -0.009999999999999995 -0.02
-0.32 -0.009999999999999995 -0.02
-0.31 -0.009999999999999995 -0.02
-0.3 -0.009999999999999995 -0.02
-0.29 -0.009999999999999995 -0.02
-0.28 -0.009999999999999995 -0.02
-0.27 -0.009999999999999995 -0.02
-0.26 -0.009999999999999995 -0.02
-0.25 -0.009999999999999995 -0.02
-0.24 -0.009999999999999995 -0.02
-0.23 -0.009999999999999995 -0.02
-0.22 -0.009999999999999995 -0.02
-0.21 -0.009999999999999995 -0.02
-0.2 -0.009999999999999995 -0.02
-0.19 -0.009999999999999995 -0.02
-0.18 -0.009999999999999995 -0.02
-0.17 -0.009999999999999995 -0.02
-0.16 -0.009999999999999995 -0.02
-0.15 -0.009999999999999995 -0.02
-0.14 -0.009999999999999995 -0.02
-0.13 -0.009999999999999995 -0.02
-0.12 -0.009999999999999995 -0.02
-0.11 -0.009999999999999995 -0.02
-0.09999999999999998 -0.009999999999999995 -0.02
-0.09000000000000002 -0.009999999999999995 -0.02
-0.08000000000000002 -0.009999999999999995 -0.02
-0.07000000000000001 -0.009999999999999995 -0.02
-0.06 -0.009999999999999995 -0.02
-0.04999999999999999 -0.009999999999999995 -0.02
-0.03999999999999998 -0.009999999999999995 -0.02
-0.03000000000000003 -0.009999999999999995 -0.02
-0.02000000000000002 -0.009999999999999995 -0.02
-0.01000000000000001 -0.009999999999999995 -0.02
0 -0.009999999999999995 -0.02
0.01000000000000001 -0.009999999999999995 -0.02
0.02000000000000002 -0.009999999999999995 -0.02
0.03000000000000003 -0.009999999999999995 -0.02
0.04000000000000004 -0.009999999999999995 -0.02
0.05000000000000004 -0.009999999999999995 -0.02
0.06000000000000005 -0.009999999999999995 -0.02
0.06999999999999995 -0.009999999999999995 -0.02
0.07999999999999996 -0.009999999999999995 -0.02
0.08999999999999997 -0.009999999999999995 -0.02
0.09999999999999998 -0.009999999999999995 -0.02
0.11 -0.009999999999999995 -0.02
0.12 -0.009999999999999995 -0.02
0.13 -0.009999999999999995 -0.02
0.14 -0.009999999999999995 -0.02
0.15 -0.009999999999999995 -0.02
0.16 -0.009999999999999995 -0.02
0.17 -0.009999999999999995 -0.02
0.18 -0.009999999999999995 -0.02
0.1899999999999999 -0.009999999999999995 -0.02
0.2 -0.009999999999999995 -0.02
0.21 -0.009999999999999995 -0.02
0.22 -0.009999999999999995 -0.02
0.23 -0.009999999999999995 -0.02
0.24 -0.009999999999999995 -0.02
0.25 -0.009999999999999995 -0.02
0.26 -0.009999999999999995 -0.02
0.27 -0.009999999999999995 -0.02
0.28 -0.009999999999999995 -0.02
0.29 -0.009999999999999995 -0.02
0.3 -0.009999999999999995 -0.02
0.3100000000000001 -0.009999999999999995 -0.02
0.32 -0.009999999999999995 -0.02
0.33 -0.009999999999999995 -0.02
0.34 -0.009999999999999995 -0.02
0.35 -0.009999999999999995 -0.02
0.36 -0.009999999999999995 -0.02
0.37 -0.009999999999999995 -0.02
0.38 -0.009999999999999995 -0.02
0.39 -0.009999999999999995 -0.02
0.4 -0.009999999999999995 -0.02
0.41 -0.009999999999999995 -0.02
0.42 -0.009999999999999995 -0.02
0.43 -0.009999999999999995 -0.02
0.4399999999999999 -0.009999999999999995 -0.02
0.45 -0.009999999999999995 -0.02
0.46 -0.009999999999999995 -0.02
0.47 -0.009999999999999995 -0.02
0.48 -0.009999999999999995 -0.02
0.49 -0.009999999999999995 -0.02
0.5 -0.009999999999999995 -0.02
-0.5 0 -0.02
-0.49 0 -0.02
-0.48 0 -0.02
-0.47 0 -0.02
-0.46 0 -0.02
-0.45 0 -0.02
-0.44 0 -0.02
-0.43 0 -0.02
-0.42 0 -0.02
-0.41 0 -0.02
-0.4 0 -0.02
-0.39 0 -0.02
-0.38 0 -0.02
-0.37 0 -0.02
-0.36 0 -0.02
-0.35 0 -0.02
-0.34 0 -0.02
-0.33 0 -0.02
-0.32 0 -0.02
-0.31 0 -0.02
-0.3 0 -0.02
-0.29 0 -0.02
-0.28 0 -0.02
-0.27 0 -0.02
-0.26 0 -0.02
-0.25 0 -0.02
-0.24 0 -0.02
-0.23 0 -0.02
-0.22 0 -0.02
-0.21 0 -0.02
-0.2 0 -0.02
-0.19 0 -0.02
-0.18 0 -0.02
-0.17 0 -0.02
-0.16 0 -0.02
-0.15 0 -0.02
-0.14 0 -0.02
-0.13 0 -0.02
-0.12 0 -0.02
-0.11 0 -0.02
-0.09999999999999998 0 -0.02
-0.09000000000000002 0 -0.02
-0.08000000000000002 0 -0.02
-0.07000000000000001 0 -0.02
-0.06 0 -0.02
-0.04999999999999999 0 -0.02
-0.03999999999999998 0 -0.02
-0.03000000000000003 0 -0.02
-0.02000000000000002 0 -0.02
-0.01000000000000001 0 -0.02
0 0 -0.02
0.01000000000000001 0 -0.02
0.02000000000000002 0 -0.02
0.03000000000000003 0 -0.02
0.04000000000000004 0 -0.02
0.05000000000000004 0 -0.02
0.06000000000000005 0 -0.02
0.06999999999999995 0 -0.02
0.07999999999999996 0 -0.02
0.08999999999999997 0 -0.02
0.09999999999999998 0 -0.02
0.11 0 -0.02
0.12 0 -0.02
0.13 0 -0.02
0.14 0 -0.02
0.15 0 -0.02
0.16 0 -0.02
0.17 0 -0.02
0.18 0 -0.02
0.1899999999999999 0 -0.02
0.2 0 -0.02
0.21 0 -0.02
0.22 0 -0.02
0.23 0 -0.02
0.24 0 -0.02
0.25 0 -0.02
0.26 0 -0.02
0.27 0 -0.02
0.28 0 -0.02
0.29 0 -0.02
0.3 0 -0.02
0.3100000000000001 0 -0.02
0.32 0 -0.02
0.33 0 -0.02
0.34 0 -0.02
0.35 0 -0.02
0.36 0 -0.02
0.37 0 -0.02
0.38 0 -0.02
0.39 0 -0.02
0.4 0 -0.02
0.41 0 -0.02
0.42 0 -0.02
0.43 0 -0.02
0.4399999999999999 0 -0.02
0.45 0 -0.02
0.46 0 -0.02
0.47 0 -0.02
0.48 0 -0.02
0.49 0 -0.02
0.5 0 -0.02
-0.5 0.009999999999999995 -0.02
-0.49 0.009999999999999995 -0.02
-0.48 0.009999999999999995 -0.02
-0.47 0.009999999999999995 -0.02
-0.46 0.009999999999999995 -0.02
-0.45 0.009999999999999995 -0.02
-0.44 0.009999999999999995 -0.02
-0.43 0.009999999999999995 -0.02
-0.42 0.009999999999999995 -0.02
-0.41 0.009999999999999995 -0.02
-0.4 0.009999999999999995 -0.02
-0.39 0.009999999999999995 -0.02
-0.38 0.009999999999999995 -0.02
-0.37 0.009999999999999995 -0.02
-0.36 0.009999999999999995 -0.02
-0.35 0.009999999999999995 -0.02
-0.34 0.009999999999999995 -0.02
-0.33 0.009999999999999995 -0.02
-0.32 0.009999999999999995 -0.02
-0.31 0.009999999999999995 -0.02
-0.3 0.009999999999999995 -0.02
-0.29 0.009999999999999995 -0.02
-0.28 0.009999999999999995 -0.02
-0.27 0.009999999999999995 -0.02
-0.26 0.009999999999999995 -0.02
-0.25 0.009999999999999995 -0.02
-0.24 0.009999999999999995 -0.02
-0.23 0.009999999999999995 -0.02
-0.22 0.009999999999999995 -0.02
-0.21 0.009999999999999995 -0.02
-0.2 0.009999999999999995 -0.02
-0.19 0.009999999999999995 -0.02
-0.18 0.009999999999999995 -0.02
-0.17 0.009999999999999995 -0.02
-0.16 0.009999999999999995 -0.02
-0.15 0.009999999999999995 -0.02
-0.14 0.009999999999999995 -0.02
-0.13 0.009999999999999995 -0.02
-0.12 0.009999999999999995 -0.02
-0.11 0.009999999999999995 -0.02
-0.09999999999999998 0.009999999999999995 -0.02
-0.09000000000000002 0.009999999999999995 -0.02
-0.08000000000000002 0.009999999999999995 -0.02
-0.07000000000000001 0.009999999999999995 -0.02
-0.06 0.009999999999999995 -0.02
-0.04999999999999999 0.009999999999999995 -0.02
-0.03999999999999998 0.009999999999999995 -0.02
-0.03000000000000003 0.009999999999999995 -0.02
-0.02000000000000002 0.009999999999999995 -0.02
-0.01000000000000001 0.009999999999999995 -0.02
0 0.009999999999999995 -0.02
0.01000000000000001 0.009999999999999995 -0.02
0.02000000000000002 0.009999999999999995 -0.02
0.03000000000000003 0.009999999999999995 -0.02
0.04000000000000004 0.009999999999999995 -0.02
0.05000000000000004 0.009999999999999995 -0.02
0.06000000000000005 0.009999999999999995 -0.02
0.06999999999999995 0.009999999999999995 -0.02
0.07999999999999996 0.009999999999999995 -0.02
0.08999999999999997 0.009999999999999995 -0.02
0.09999999999999998 0.009999999999999995 -0.02
0.11 0.009999999999999995 -0.02
0.12 0.009999999999999995 -0.02
0.13 0.009999999999999995 -0.02
0.14 0.009999999999999995 -0.02
0.15 0.009999999999999995 -0.02
0.16 0.009999999999999995 -0.02
0.17 0.009999999999999995 -0.02
0.18 0.009999999999999995 -0.02
0.1899999999999999 0.009999999999999995 -0.02
0.2 0.009999999999999995 -0.02
0.21 0.009999999999999995 -0.02
0.22 0.009999999999999995 -0.02
0.23 0.009999999999999995 -0.02
0.24 0.009999999999999995 -0.02
0.25 0.009999999999999995 -0.02
0.26 0.009999999999999995 -0.02
0.27 0.009999999999999995 -0.02
0.28 0.009999999999999995 -0.02
0.29 0.009999999999999995 -0.02
0.3 0.009999999999999995 -0.02
0.3100000000000001 0.009999999999999995 -0.02
0.32 0.009999999999999995 -0.02
0.33 0.009999999999999995 -0.02
0.34 0.009999999999999995 -0.02
0.35 0.009999999999999995 -0.02
0.36 0.009999999999999995 -0.02
0.37 0.009999999999999995 -0.02
0.38 0.009999999999999995 -0.02
0.39 0.009999999999999995 -0.02
0.4 0.009999999999999995 -0.02
0.41 0.009999999999999995 -0.02
0.42 0.009999999999999995 -0.02
0.43 0.009999999999999995 -0.02
0.4399999999999999 0.009999999999999995 -0.02
0.45 0.009999999999999995 -0.02
0.46 0.009999999999999995 -0.02
0.47 0.009999999999999995 -0.02
0.48 0.009999999999999995 -0.02
0.49 0.009999999999999995 -0.02
0.5 0.009999999999999995 -0.02
-0.5 0.01999999999999999 -0.02
-0.49 0.01999999999999999 -0.02
-0.48 0.01999999999999999 -0.02
-0.47 0.01999999999999999 -0.02
-0.46 0.01999999999999999 -0.02
-0.45 0.01999999999999999 -0.02
-0.44 0.01999999999999999 -0.02
-0.43 0.01999999999999999 -0.02
-0.42 0.01999999999999999 -0.02
-0.41 0.01999999999999999 -0.02
-0.4 0.01999999999999999 -0.02
-0.39 0.01999999999999999 -0.02
-0.38 0.01999999999999999 -0.02
-0.37 0.01999999999999999 -0.02
-0.36 0.01999999999999999 -0.02
-0.35 0.01999999999999999 -0.02
-0.34 0.01999999999999999 -0.02
-0.33 0.01999999999999999 -0.02
-0.32 0.01999999999999999 -0.02
-0.31 0.01999999999999999 -0.02
-0.3 0.01999999999999999 -0.02
-0.29 0.01999999999999999 -0.02
-0.28 0.01999999999999999 -0.02
-0.27 0.01999999999999999 -0.02
-0.26 0.01999999999999999 -0.02
-0.25 0.01999999999999999 -0.02
-0.24 0.01999999999999999 -0.02
-0.23 0.01999999999999999 -0.02
-0.22 0.01999999999999999 -0.02
-0.21 0.01999999999999999 -0.02
-0.2 0.01999999999999999 -0.02
-0.19 0.01999999999999999 -0.02
-0.18 0.01999999999999999 -0.02
-0.17 0.01999999999999999 -0.02
-0.16 0.01999999999999999 -0.02
-0.15 0.01999999999999999 -0.02
-0.14 0.01999999999999999 -0.02
-0.13 0.01999999999999999 -0.02
-0.12 0.01999999999999999 -0.02
-0.11 0.01999999999999999 -0.02
-0.09999999999999998 0.01999999999999999 -0.02
-0.09000000000000002 0.01999999999999999 -0.02
-0.08000000000000002 0.01999999999999999 -0.02
-0.07000000000000001 0.01999999999999999 -0.02
-0.06 0.01999999999999999 -0.02
-0.04999999999999999 0.01999999999999999 -0.02
-0.03999999999999998 0.01999999999999999 -0.02
-0.03000000000000003 0.01999999999999999 -0.02
-0.02000000000000002 0.01999999999999999 -0.02
-0.01000000000000001 0.01999999999999999 -0.02
0 0.01999999999999999 -0.02
0.01000000000000001 0.01999999999999999 -0.02
0.02000000000000002 0.01999999999999999 -0.02
0.03000000000000003 0.01999999999999999 -0.02
0.04000000000000004 0.01999999999999999 -0.02
0.05000000000000004 0.01999999999999999 -0.02
0.06000000000000005 0.01999999999999999 -0.02
0.06999999999999995 0.01999999999999999 -0.02
0.07999999999999996 0.01999999999999999 -0.02
0.08999999999999997 0.01999999999999999 -0.02
0.09999999999999998 0.01999999999999999 -0.02
0.11 0.01999999999999999 -0.02
0.12 0.01999999999999999 -0.02
0.13 0.01999999999999999 -0.02
0.14 0.01999999999999999 -0.02
0.15 0.01999999999999999 -0.02
0.16 0.01999999999999999 -0.02
0.17 0.01999999999999999 -0.02
0.18 0.01999999999999999 -0.02
0.1899999999999999 0.01999999999999999 -0.02
0.2 0.01999999999999999 -0.02
0.21 0.01999999999999999 -0.02
0.22 0.01999999999999999 -0.02
0.23 0.01999999999999999 -0.02
0.24 0.01999999999999999 -0.02
0.25 0.01999999999999999 -0.02
0.26 0.01999999999999999 -0.02
0.27 0.01999999999999999 -0.02
0.28 0.01999999999999999 -0.02
0.29 0.01999999999999999 -0.02
0.3 0.01999999999999999 -0.02
0.3100000000000001 0.01999999999999999 -0.02
0.32 0.01999999999999999 -0.02
0.33 0.01999999999999999 -0.02
0.34 0.01999999999999999 -0.02
0.35 0.01999999999999999 -0.02
0.36 0.01999999999999999 -0.02
0.37 0.01999999999999999 -0.02
0.38 0.01999999999999999 -0.02
0.39 0.01999999999999999 -0.02
0.4 0.01999999999999999 -0.02
0.41 0.01999999999999999 -0.02
0.42 0.01999999999999999 -0.02
0.43 0.01999999999999999 -0.02
0.4399999999999999 0.01999999999999999 -0.02
0.45 0.01999999999999999 -0.02
0.46 0.01999999999999999 -0.02
0.47 0.01999999999999999 -0.02
0.48 0.01999999999999999 -0.02
0.49 0.01999999999999999 -0.02
0.5 0.01999999999999999 -0.02
-0.5 0.03000000000000001 -0.02
-0.49 0.03000000000000001 -0.02
-0.48 0.03000000000000001 -0.02
-0.47 0.03000000000000001 -0.02
-0.46 0.03000000000000001 -0.02
-0.45 0.03000000000000001 -0.02
-0.44 0.03000000000000001 -0.02
-0.43 0.03000000000000001 -0.02
-0.42 0.03000000000000001 -0.02
-0.41 0.03000000000000001 -0.02
-0.4 0.03000000000000001 -0.02
-0.39 0.03000000000000001 -0.02
-0.38 0.03000000000000001 -0.02
-0.37 0.03000000000000001 -0.02
-0.36 0.03000000000000001 -0.02
-0.35 0.03000000000000001 -0.02
-0.34 0.03000000000000001 -0.02
-0.33 0.03000000000000001 -0.02
-0.32 0.03000000000000001 -0.02
-0.31 0.03000000000000001 -0.02
-0.3 0.03000000000000001 -0.02
-0.29 0.03000000000000001 -0.02
-0.28 0.03000000000000001 -0.02
-0.27 0.03000000000000001 -0.02
-0.26 0.03000000000000001 -0.02
-0.25 0.03000000000000001 -0.02
-0.24 0.03000000000000001 -0.02
-0.23 0.03000000000000001 -0.02
-0.22 0.03000000000000001 -0.02
-0.21 0.03000000000000001 -0.02
-0.2 0.03000000000000001 -0.02
-0.19 0.03000000000000001 -0.02
-0.18 0.03000000000000001 -0.02
-0.17 0.03000000000000001 -0.02
-0.16 0.03000000000000001 -0.02
-0.15 0.03000000000000001 -0.02
-0.14 0.03000000000000001 -0.02
-0.13 0.03000000000000001 -0.02
-0.12 0.03000000000000001 -0.02
-0.11 0.03000000000000001 -0.02
-0.09999999999999998 0.03000000000000001 -0.02
-0.09000000000000002 0.03000000000000001 -0.02
-0.08000000000000002 0.03000000000000001 -0.02
-0.07000000000000001 0.03000000000000001 -0.02
-0.06 0.03000000000000001 -0.02
-0.04999999999999999 0.03000000000000001 -0.02
-0.03999999999999998 0.03000000000000001 -0.02
-0.03000000000000003 0.03000000000000001 -0.02
-0.02000000000000002 0.03000000000000001 -0.02
-0.01000000000000001 0.03000000000000001 -0.02
0 0.03000000000000001 -0.02
0.01000000000000001 0.03000000000000001 -0.02
0.02000000000000002 0.03000000000000001 -0.02
0.03000000000000003 0.03000000000000001 -0.02
0.04000000000000004 0.03000000000000001 -0.02
0.05000000000000004 0.03000000000000001 -0.02
0.06000000000000005 0.03000000000000001 -0.02
0.06999999999999995 0.03000000000000001 -0.02
0.07999999999999996 0.03000000000000001 -0.02
0.08999999999999997 0.03000000000000001 -0.02
0.09999999999999998 0.03000000000000001 -0.02
0.11 0.03000000000000001 -0.02
0.12 0.03000000000000001 -0.02
0.13 0.03000000000000001 -0.02
0.14 0.03000000000000001 -0.02
0.15 0.03000000000000001 -0.02
0.16 0.03000000000000001 -0.02
0.17 0.03000000000000001 -0.02
0.18 0.03000000000000001 -0.02
0.1899999999999999 0.03000000000000001 -0.02
0.2 0.03000000000000001 -0.02
0.21 0.03000000000000001 -0.02
0.22 0.03000000000000001 -0.02
0.23 0.03000000000000001 -0.02
0.24 0.03000000000000001 -0.02
0.25 0.03000000000000001 -0.02
0.26 0.03000000000000001 -0.02
0.27 0.03000000000000001 -0.02
0.28 0.03000000000000001 -0.02
0.29 0.03000000000000001 -0.02
0.3 0.03000000000000001 -0.02
0.3100000000000001 0.03000000000000001 -0.02
0.32 0.03000000000000001 -0.02
0.33 0.03000000000000001 -0.02
0.34 0.03000000000000001 -0.02
0.35 0.03000000000000001 -0.02
0.36 0.03000000000000001 -0.02
0.37 0.03000000000000001 -0.02
0.38 0.03000000000000001 -0.02
0.39 0.03000000000000001 -0.02
0.4 0.03000000000000001 -0.02
0.41 0.03000000000000001 -0.02
0.42 0.03000000000000001 -0.02
0.43 0.03000000000000001 -0.02
0.4399999999999999 0.03000000000000001 -0.02
0.45 0.03000000000000001 -0.02
0.46 0.03000000000000001 -0.02
0.47 0.03000000000000001 -0.02
0.48 0.03000000000000001 -0.02
0.49 0.03000000000000001 -0.02
0.5 0.03000000000000001 -0.02
-0.5 0.04000000000000001 -0.02
-0.49 0.04000000000000001 -0.02
-0.48 0.04000000000000001 -0.02
-0.47 0.04000000000000001 -0.02
-0.46 0.04000000000000001 -0.02
-0.45 0.04000000000000001 -0.02
-0.44 0.04000000000000001 -0.02
-0.43 0.04000000000000001 -0.02
-0.42 0.04000000000000001 -0.02
-0.41 0.04000000000000001 -0.02
-0.4 0.04000000000000001 -0.02
-0.39 0.04000000000000001 -0.02
-0.38 0.04000000000000001 -0.02
-0.37 0.04000000000000001 -0.02
-0.36 0.04000000000000001 -0.02
-0.35 0.04000000000000001 -0.02
-0.34 0.04000000000000001 -0.02
-0.33 0.04000000000000001 -0.02
-0.32 0.04000000000000001 -0.02
-0.31 0.04000000000000001 -0.02
-0.3 0.04000000000000001 -0.02
-0.29 0.04000000000000001 -0.02
-0.28 0.04000000000000001 -0.02
-0.27 0.04000000000000001 -0.02
-0.26 0.04000000000000001 -0.02
-0.25 0.04000000000000001 -0.02
-0.24 0.04000000000000001 -0.02
-0.23 0.04000000000000001 -0.02
-0.22 0.04000000000000001 -0.02
-0.21 0.04000000000000001 -0.02
-0.2 0.04000000000000001 -0.02
-0.19 0.04000000000000001 -0.02
-0.18 0.04000000000000001 -0.02
-0.17 0.04000000000000001 -0.02
-0.16 0.04000000000000001 -0.02
-0.15 0.04000000000000001 -0.02
-0.14 0.04000000000000001 -0.02
-0.13 0.04000000000000001 -0.02
-0.12 0.04000000000000001 -0.02
-0.11 0.04000000000000001 -0.02
-0.09999999999999998 0.04000000000000001 -0.02
-0.09000000000000002 0.04000000000000001 -0.02
-0.08000000000000002 0.04000000000000001 -0.02
-0.07000000000000001 0.04000000000000001 -0.02
-0.06 0.04000000000000001 -0.02
-0.04999999999999999 0.04000000000000001 -0.02
-0.03999999999999998 0.04000000000000001 -0.02
-0.03000000000000003 0.04000000000000001 -0.02
-0.02000000000000002 0.04000000000000001 -0.02
-0.01000000000000001 0.04000000000000001 -0.02
0 0.04000000000000001 -0.02
0.01000000000000001 0.04000000000000001 -0.02
0.02000000000000002 0.04000000000000001 -0.02
0.03000000000000003 0.04000000000000001 -0.02
0.04000000000000004 0.04000000000000001 -0.02
0.05000000000000004 0.04000000000000001 -0.02
0.06000000000000005 0.04000000000000001 -0.02
0.06999999999999995 0.04000000000000001 -0.02
0.07999999999999996 0.04000000000000001 -0.02
0.08999999999999997 0.04000000000000001 -0.02
0.09999999999999998 0.04000000000000001 -0.02
0.11 0.04000000000000001 -0.02
0.12 0.04000000000000001 -0.02
0.13 0.04000000000000001 -0.02
0.14 0.04000000000000001 -0.02
0.15 0.04000000000000001 -0.02
0.16 0.04000000000000001 -0.02
0.17 0.04000000000000001 -0.02
0.18 0.04000000000000001 -0.02
0.1899999999999999 0.04000000000000001 -0.02
0.2 0.04000000000000001 -0.02
0.21 0.04000000000000001 -0.02
0.22 0.04000000000000001 -0.02
0.23 0.04000000000000001 -0.02
0.24 0.04000000000000001 -0.02
0.25 0.04000000000000001 -0.02
0.26 0.04000000000000001 -0.02
0.27 0.04000000000000001 -0.02
0.28 0.04000000000000001 -0.02
0.29 0.04000000000000001 -0.02
0.3 0.04000000000000001 -0.02
0.3100000000000001 0.04000000000000001 -0.02
0.32 0.04000000000000001 -0.02
0.33 0.04000000000000001 -0.02
0.34 0.04000000000000001 -0.02
0.35 0.04000000000000001 -0.02
0.36 0.04000000000000001 -0.02
0.37 0.04000000000000001 -0.02
0.38 0.04000000000000001 -0.02
0.39 0.04000000000000001 -0.02
0.4 0.04000000000000001 -0.02
0.41 0.04000000000000001 -0.02
0.42 0.04000000000000001 -0.02
0.43 0.04000000000000001 -0.02
0.4399999999999999 0.04000000000000001 -0.02
0.45 0.04000000000000001 -0.02
0.46 0.04000000000000001 -0.02
0.47 0.04000000000000001 -0.02
0.48 0.04000000000000001 -0.02
0.49 0.04000000000000001 -0.02
0.5 0.04000000000000001 -0.02
-0.5 0.05 -0.02
-0.49 0.05 -0.02
-0.48 0.05 -0.02
-0.47 0.05 -0.02
-0.46 0.05 -0.02
-0.45 0.05 -0.02
-0.44 0.05 -0.02
-0.43 0.05 -0.02
-0.42 0.05 -0.02
-0.41 0.05 -0.02
-0.4 0.05 -0.02
-0.39 0.05 -0.02
-0.38 0.05 -0.02
-0.37 0.05 -0.02
-0.36 0.05 -0.02
-0.35 0.05 -0.02
-0.34 0.05 -0.02
-0.33 0.05 -0.02
-0.32 0.05 -0.02
-0.31 0.05 -0.02
-0.3 0.05 -0.02
-0.29 0.05 -0.02
-0.28 0.05 -0.02
-0.27 0.05 -0.02
-0.26 0.05 -0.02
-0.25 0.05 -0.02
-0.24 0.05 -0.02
-0.23 0.05 -0.02
-0.22 0.05 -0.02
-0.21 0.05 -0.02
-0.2 0.05 -0.02
-0.19 0.05 -0.02
-0.18 0.05 -0.02
-0.17 0.05 -0.02
-0.16 0.05 -0.02
-0.15 0.05 -0.02
-0.14 0.05 -0.02
-0.13 0.05 -0.02
-0.12 0.05 -0.02
-0.11 0.05 -0.02
-0.09999999999999998 0.05 -0.02
-0.09000000000000002 0.05 -0.02
-0.08000000000000002 0.05 -0.02
-0.07000000000000001 0.05 -0.02
-0.06 0.05 -0.02
-0.04999999999999999 0.05 -0.02
-0.03999999999999998 0.05 -0.02
-0.03000000000000003 0.05 -0.02
-0.02000000000000002 0.05 -0.02
-0.01000000000000001 0.05 -0.02
0 0.05 -0.02
0.01000000000000001 0.05 -0.02
0.02000000000000002 0.05 -0.02
0.03000000000000003 0.05 -0.02
0.04000000000000004 0.05 -0.02
0.05000000000000004 0.05 -0.02
0.06000000000000005 0.05 -0.02
0.06999999999999995 0.05 -0.02
0.07999999999999996 0.05 -0.02
0.08999999999999997 0.05 -0.02
0.09999999999999998 0.05 -0.02
0.11 0.05 -0.02
0.12 0.05 -0.02
0.13 0.05 -0.02
0.14 0.05 -0.02
0.15 0.05 -0.02
0.16 0.05 -0.02
0.17 0.05 -0.02
0.18 0.05 -0.02
0.1899999999999999 0.05 -0.02
0.2 0.05 -0.02
0.21 0.05 -0.02
0.22 0.05 -0.02
0.23 0.05 -0.02
0.24 0.05 -0.02
0.25 0.05 -0.02
0.26 0.05 -0.02
0.27 0.05 -0.02
0.28 0.05 -0.02
0.29 0.05 -0.02
0.3 0.05 -0.02
0.3100000000000001 0.05 -0.02
0.32 0.05 -0.02
0.33 0.05 -0.02
0.34 0.05 -0.02
0.35 0.05 -0.02
0.36 0.05 -0.02
0.37 0.05 -0.02
0.38 0.05 -0.02
0.39 0.05 -0.02
0.4 0.05 -0.02
0.41 0.05 -0.02
0.42 0.05 -0.02
0.43 0.05 -0.02
0.4399999999999999 0.05 -0.02
0.45 0.05 -0.02
0.46 0.05 -0.02
0.47 0.05 -0.02
0.48 0.05 -0.02
0.49 0.05 -0.02
0.5 0.05 -0.02
-0.5 -0.05 -0.009999999999999995
-0.49 -0.05 -0.009999999999999995
-0.48 -0.05 -0.009999999999999995
-0.47 -0.05 -0.009999999999999995
-0.46 -0.05 -0.009999999999999995
-0.45 -0.05 -0.009999999999999995
-0.44 -0.05 -0.009999999999999995
-0.43 -0.05 -0.009999999999999995
-0.42 -0.05 -0.009999999999999995
-0.41 -0.05 -0.009999999999999995
-0.4 -0.05 -0.009999999999999995
-0.39 -0.05 -0.009999999999999995
-0.38 -0.05 -0.009999999999999995
-0.37 -0.05 -0.009999999999999995
-0.36 -0.05 -0.009999999999999995
-0.35 -0.05 -0.009999999999999995
-0.34 -0.05 -0.009999999999999995
-0.33 -0.05 -0.009999999999999995
-0.32 -0.05 -0.009999999999999995
-0.31 -0.05 -0.009999999999999995
-0.3 -0.05 -0.009999999999999995
-0.29 -0.05 -0.009999999999999995
-0.28 -0.05 -0.009999999999999995
-0.27 -0.05 -0.009999999999999995
-0.26 -0.05 -0.009999999999999995
-0.25 -0.05 -0.009999999999999995
-0.24 -0.05 -0.009999999999999995
-0.23 -0.05 -0.009999999999999995
-0.22 -0.05 -0.009999999999999995
-0.21 -0.05 -0.009999999999999995
-0.2 -0.05 -0.009999999999999995
-0.19 -0.05 -0.009999999999999995
-0.18 -0.05 -0.009999999999999995
-0.17 -0.05 -0.009999999999999995
-0.16 -0.05 -0.009999999999999995
-0.15 -0.05 -0.009999999999999995
-0.14 -0.05 -0.009999999999999995
-0.13 -0.05 -0.009999999999999995
-0.12 -0.05 -0.009999999999999995
-0.11 -0.05 -0.009999999999999995
-0.09999999999999998 -0.05 -0.009999999999999995
-0.09000000000000002 -0.05 -0.009999999999999995
-0.08000000000000002 -0.05 -0.009999999999999995
-0.07000000000000001 -0.05 -0.009999999999999995
-0.06 -0.05 -0.009999999999999995
-0.04999999999999999 -0.05 -0.009999999999999995
-0.03999999999999998 -0.05 -0.009999999999999995
-0.03000000000000003 -0.05 -0.009999999999999995
-0.02000000000000002 -0.05 -0.009999999999999995
-0.01000000000000001 -0.05 -0.009999999999999995
0 -0.05 -0.009999999999999995
0.01000000000000001 -0.05 -0.009999999999999995
0.02000000000000002 -0.05 -0.009999999999999995
0.03000000000000003 -0.05 -0.009999999999999995
0.04000000000000004 -0.05 -0.009999999999999995
0.05000000000000004 -0.05 -0.009999999999999995
0.06000000000000005 -0.05 -0.009999999999999995
0.06999999999999995 -0.05 -0.009999999999999995
0.07999999999999996 -0.05 -0.009999999999999995
0.08999999999999997 -0.05 -0.009999999999999995
0.09999999999999998 -0.05 -0.009999999999999995
0.11 -0.05 -0.009999999999999995
0.12 -0.05 -0.009999999999999995
0.13 -0.05 -0.009999999999999995
0.14 -0.05 -0.009999999999999995
0.15 -0.05 -0.009999999999999995
0.16 -0.05 -0.009999999999999995
0.17 -0.05 -0.009999999999999995
0.18 -0.05 -0.009999999999999995
0.1899999999999999 -0.05 -0.009999999999999995
0.2 -0.05 -0.009999999999999995
0.21 -0.05 -0.009999999999999995
0.22 -0.05 -0.009999999999999995
0.23 -0.05 -0.009999999999999995
0.24 -0.05 -0.009999999999999995
0.25 -0.05 -0.009999999999999995
0.26 -0.05 -0.009999999999999995
0.27 -0.05 -0.009999999999999995
0.28 -0.05 -0.009999999999999995
0.29 -0.05 -0.009999999999999995
0.3 -0.05 -0.009999999999999995
0.3100000000000001 -0.05 -0.009999999999999995
0.32 -0.05 -0.009999999999999995
0.33 -0.05 -0.009999999999999995
0.34 -0.05 -0.009999999999999995
0.35 -0.05 -0.009999999999999995
0.36 -0.05 -0.009999999999999995
0.37 -0.05 -0.009999999999999995
0.38 -0.05 -0.009999999999999995
0.39 -0.05 -0.009999999999999995
0.4 -0.05 -0.009999999999999995
0.41 -0.05 -0.009999999999999995
0.42 -0.05 -0.009999999999999995
0.43 -0.05 -0.009999999999999995
0.4399999999999999 -0.05 -0.009999999999999995
0.45 -0.05 -0.009999999999999995
0.46 -0.05 -0.009999999999999995
0.47 -0.05 -0.009999999999999995
0.48 -0.05 -0.009999999999999995
0.49 -0.05 -0.009999999999999995
0.5 -0.05 -0.009999999999999995
-0.5 -0.04 -0.009999999999999995
-0.49 -0.04 -0.009999999999999995
-0.48 -0.04 -0.009999999999999995
-0.47 -0.04 -0.009999999999999995
-0.46 -0.04 -0.009999999999999995
-0.45 -0.04 -0.009999999999999995
-0.44 -0.04 -0.009999999999999995
-0.43 -0.04 -0.009999999999999995
-0.42 -0.04 -0.009999999999999995
-0.41 -0.04 -0.009999999999999995
-0.4 -0.04 -0.009999999999999995
-0.39 -0.04 -0.009999999999999995
-0.38 -0.04 -0.009999999999999995
-0.37 -0.04 -0.009999999999999995
-0.36 -0.04 -0.009999999999999995
-0.35 -0.04 -0.009999999999999995
-0.34 -0.04 -0.009999999999999995
-0.33 -0.04 -0.009999999999999995
-0.32 -0.04 -0.009999999999999995
-0.31 -0.04 -0.009999999999999995
-0.3 -0.04 -0.009999999999999995
-0.29 -0.04 -0.009999999999999995
-0.28 -0.04 -0.009999999999999995
-0.27 -0.04 -0.009999999999999995
-0.26 -0.04 -0.009999999999999995
-0.25 -0.04 -0.009999999999999995
-0.24 -0.04 -0.009999999999999995
-0.23 -0.04 -0.009999999999999995
-0.22 -0.04 -0.009999999999999995
-0.21 -0.04 -0.009999999999999995
-0.2 -0.04 -0.009999999999999995
-0.19 -0.04 -0.009999999999999995
-0.18 -0.04 -0.009999999999999995
-0.17 -0.04 -0.009999999999999995
-0.16 -0.04 -0.009999999999999995
-0.15 -0.04 -0.009999999999999995
-0.14 -0.04 -0.009999999999999995
-0.13 -0.04 -0.009999999999999995
-0.12 -0.04 -0.009999999999999995
-0.11 -0.04 -0.009999999999999995
-0.09999999999999998 -0.04 -0.009999999999999995
-0.09000000000000002 -0.04 -0.009999999999999995
-0.08000000000000002 -0.04 -0.009999999999999995
-0.07000000000000001 -0.04 -0.009999999999999995
-0.06 -0.04 -0.009999999999999995
-0.04999999999999999 -0.04 -0.009999999999999995
-0.03999999999999998 -0.04 -0.009999999999999995
-0.03000000000000003 -0.04 -0.009999999999999995
-0.02000000000000002 -0.04 -0.009999999999999995
-0.01000000000000001 -0.04 -0.009999999999999995
0 -0.04 -0.009999999999999995
0.01000000000000001 -0.04 -0.009999999999999995
0.02000000000000002 -0.04 -0.009999999999999995
0.03000000000000003 -0.04 -0.009999999999999995
0.04000000000000004 -0.04 -0.009999999999999995
0.05000000000000004 -0.04 -0.009999999999999995
0.06000000000000005 -0.04 -0.009999999999999995
0.06999999999999995 -0.04 -0.009999999999999995
0.07999999999999996 -0.04 -0.009999999999999995
0.08999999999999997 -0.04 -0.009999999999999995
0.09999999999999998 -0.04 -0.009999999999999995
0.11 -0.04 -0.009999999999999995
0.12 -0.04 -0.009999999999999995
0.13 -0.04 -0.009999999999999995
0.14 -0.04 -0.009999999999999995
0.15 -0.04 -0.009999999999999995
0.16 -0.04 -0.009999999999999995
0.17 -0.04 -0.009999999999999995
0.18 -0.04 -0.009999999999999995
0.1899999999999999 -0.04 -0.009999999999999995
0.2 -0.04 -0.009999999999999995
0.21 -0.04 -0.009999999999999995
0.22 -0.04 -0.009999999999999995
0.23 -0.04 -0.009999999999999995
0.24 -0.04 -0.009999999999999995
0.25 -0.04 -0.009999999999999995
0.26 -0.04 -0.009999999999999995
0.27 -0.04 -0.009999999999999995
0.28 -0.04 -0.009999999999999995
0.29 -0.04 -0.009999999999999995
0.3 -0.04 -0.009999999999999995
0.3100000000000001 -0.04 -0.009999999999999995
0.32 -0.04 -0.009999999999999995
0.33 -0.04 -0.009999999999999995
0.34 -0.04 -0.009999999999999995
0.35 -0.04 -0.009999999999999995
0.36 -0.04 -0.009999999999999995
0.37 -0.04 -0.009999999999999995
0.38 -0.04 -0.009999999999999995
0.39 -0.04 -0.009999999999999995
0.4 -0.04 -0.009999999999999995
0.41 -0.04 -0.009999999999999995
0.42 -0.04 -0.009999999999999995
0.43 -0.04 -0.009999999999999995
0.4399999999999999 -0.04 -0.009999999999999995
0.45 -0.04 -0.009999999999999995
0.46 -0.04 -0.009999999999999995
0.47 -0.04 -0.009999999999999995
0.48 -0.04 -0.009999999999999995
0.49 -0.04 -0.009999999999999995
0.5 -0.04 -0.009999999999999995
-0.5 -0.03 -0.009999999999999995
-0.49 -0.03 -0.009999999999999995
-0.48 -0.03 -0.009999999999999995
-0.47 -0.03 -0.009999999999999995
-0.46 -0.03 -0.009999999999999995
-0.45 -0.03 -0.009999999999999995
-0.44 -0.03 -0.009999999999999995
-0.43 -0.03 -0.009999999999999995
-0.42 -0.03 -0.009999999999999995
-0.41 -0.03 -0.009999999999999995
-0.4 -0.03 -0.009999999999999995
-0.39 -0.03 -0.009999999999999995
-0.38 -0.03 -0.009999999999999995
-0.37 -0.03 -0.009999999999999995
-0.36 -0.03 -0.009999999999999995
-0.35 -0.03 -0.009999999999999995
-0.34 -0.03 -0.009999999999999995
-0.33 -0.03 -0.009999999999999995
-0.32 -0.03 -0.009999999999999995
-0.31 -0.03 -0.009999999999999995
-0.3 -0.03 -0.009999999999999995
-0.29 -0.03 -0.009999999999999995
-0.28 -0.03 -0.009999999999999995
-0.27 -0.03 -0.009999999999999995
-0.26 -0.03 -0.009999999999999995
-0.25 -0.03 -0.009999999999999995
-0.24 -0.03 -0.009999999999999995
-0.23 -0.03 -0.009999999999999995
-0.22 -0.03 -0.009999999999999995
-0.21 -0.03 -0.009999999999999995
-0.2 -0.03 -0.009999999999999995
-0.19 -0.03 -0.009999999999999995
-0.18 -0.03 -0.009999999999999995
-0.17 -0.03 -0.009999999999999995
-0.16 -0.03 -0.009999999999999995
-0.15 -0.03 -0.009999999999999995
-0.14 -0.03 -0.009999999999999995
-0.13 -0.03 -0.009999999999999995
-0.12 -0.03 -0.009999999999999995
-0.11 -0.03 -0.009999999999999995
-0.09999999999999998 -0.03 -0.009999999999999995
-0.09000000000000002 -0.03 -0.009999999999999995
-0.08000000000000002 -0.03 -0.009999999999999995
-0.07000000000000001 -0.03 -0.009999999999999995
-0.06 -0.03 -0.009999999999999995
-0.04999999999999999 -0.03 -0.009999999999999995
-0.03999999999999998 -0.03 -0.009999999999999995
-0.03000000000000003 -0.03 -0.009999999999999995
-0.02000000000000002 -0.03 -0.009999999999999995
-0.01000000000000001 -0.03 -0.009999999999999995
0 -0.03 -0.009999999999999995
0.01000000000000001 -0.03 -0.009999999999999995
0.02000000000000002 -0.03 -0.009999999999999995
0.03000000000000003 -0.03 -0.009999999999999995
0.04000000000000004 -0.03 -0.009999999999999995
0.05000000000000004 -0.03 -0.009999999999999995
0.06000000000000005 -0.03 -0.009999999999999995
0.06999999999999995 -0.03 -0.009999999999999995
0.07999999999999996 -0.03 -0.009999999999999995
0.08999999999999997 -0.03 -0.009999999999999995
0.09999999999999998 -0.03 -0.009999999999999995
0.11 -0.03 -0.009999999999999995
0.12 -0.03 -0.009999999999999995
0.13 -0.03 -0.009999999999999995
0.14 -0.03 -0.009999999999999995
0.15 -0.03 -0.009999999999999995
0.16 -0.03 -0.009999999999999995
0.17 -0.03 -0.009999999999999995
0.18 -0.03 -0.009999999999999995
0.1899999999999999 -0.03 -0.009999999999999995
0.2 -0.03 -0.009999999999999995
0.21 -0.03 -0.009999999999999995
0.22 -0.03 -0.009999999999999995
0.23 -0.03 -0.009999999999999995
0.24 -0.03 -0.009999999999999995
0.25 -0.03 -0.009999999999999995
0.26 -0.03 -0.009999999999999995
0.27 -0.03 -0.009999999999999995
0.28 -0.03 -0.009999999999999995
0.29 -0.03 -0.009999999999999995
0.3 -0.03 -0.009999999999999995
0.3100000000000001 -0.03 -0.009999999999999995
0.32 -0.03 -0.009999999999999995
0.33 -0.03 -0.009999999999999995
0.34 -0.03 -0.009999999999999995
0.35 -0.03 -0.009999999999999995
0.36 -0.03 -0.009999999999999995
0.37 -0.03 -0.009999999999999995
0.38 -0.03 -0.009999999999999995
0.39 -0.03 -0.009999999999999995
0.4 -0.03 -0.009999999999999995
0.41 -0.03 -0.009999999999999995
0.42 -0.03 -0.009999999999999995
0.43 -0.03 -0.009999999999999995
0.4399999999999999 -0.03 -0.009999999999999995
0.45 -0.03 -0.009999999999999995
0.46 -0.03 -0.009999999999999995
0.47 -0.03 -0.009999999999999995
0.48 -0.03 -0.009999999999999995
0.49 -0.03 -0.009999999999999995
0.5 -0.03 -0.009999999999999995
-0.5 -0.02 -0.009999999999999995
-0.49 -0.02 -0.009999999999999995
-0.48 -0.02 -0.009999999999999995
-0.47 -0.02 -0.009999999999999995
-0.46 -0.02 -0.009999999999999995
-0.45 -0.02 -0.009999999999999995
-0.44 -0.02 -0.009999999999999995
-0.43 -0.02 -0.009999999999999995
-0.42 -0.02 -0.009999999999999995
-0.41 -0.02 -0.009999999999999995
-0.4 -0.02 -0.009999999999999995
-0.39 -0.02 -0.009999999999999995
-0.38 -0.02 -0.009999999999999995
-0.37 -0.02 -0.009999999999999995
-0.36 -0.02 -0.009999999999999995
-0.35 -0.02 -0.009999999999999995
-0.34 -0.02 -0.009999999999999995
-0.33 -0.02 -0.009999999999999995
-0.32 -0.02 -0.009999999999999995
-0.31 -0.02 -0.009999999999999995
-0.3 -0.02 -0.009999999999999995
-0.29 -0.02 -0.009999999999999995
-0.28 -0.02 -0.009999999999999995
-0.27 -0.02 -0.009999999999999995
-0.26 -0.02 -0.009999999999999995
-0.25 -0.02 -0.009999999999999995
-0.24 -0.02 -0.009999999999999995
-0.23 -0.02 -0.009999999999999995
-0.22 -0.02 -0.009999999999999995
-0.21 -0.02 -0.009999999999999995
-0.2 -0.02 -0.009999999999999995
-0.19 -0.02 -0.009999999999999995
-0.18 -0.02 -0.009999999999999995
-0.17 -0.02 -0.009999999999999995
-0.16 -0.02 -0.009999999999999995
-0.15 -0.02 -0.009999999999999995
-0.14 -0.02 -0.009999999999999995
-0.13 -0.02 -0.009999999999999995
-0.12 -0.02 -0.009999999999999995
-0.11 -0.02 -0.009999999999999995
-0.09999999999999998 -0.02 -0.009999999999999995
-0.09000000000000002 -0.02 -0.009999999999999995
-0.08000000000000002 -0.02 -0.009999999999999995
-0.07000000000000001 -0.02 -0.009999999999999995
-0.06 -0.02 -0.009999999999999995
-0.04999999999999999 -0.02 -0.009999999999999995
-0.03999999999999998 -0.02 -0.009999999999999995
-0.03000000000000003 -0.02 -0.009999999999999995
-0.02000000000000002 -0.02 -0.009999999999999995
-0.01000000000000001 -0.02 -0.009999999999999995
0 -0.02 -0.009999999999999995
0.01000000000000001 -0.02 -0.009999999999999995
0.02000000000000002 -0.02 -0.009999999999999995
0.03000000000000003 -0.02 -0.009999999999999995
0.04000000000000004 -0.02 -0.009999999999999995
0.05000000000000004 -0.02 -0.009999999999999995
0.06000000000000005 -0.02 -0.009999999999999995
0.06999999999999995 -0.02 -0.009999999999999995
0.07999999999999996 -0.02 -0.009999999999999995
0.08999999999999997 -0.02 -0.009999999999999995
0.09999999999999998 -0.02 -0.009999999999999995
0.11 -0.02 -0.009999999999999995
0.12 -0.02 -0.009999999999999995
0.13 -0.02 -0.009999999999999995
0.14 -0.02 -0.009999999999999995
0.15 -0.02 -0.009999999999999995
0.16 -0.02 -0.009999999999999995
0.17 -0.02 -0.009999999999999995
0.18 -0.02 -0.009999999999999995
0.1899999999999999 -0.02 -0.009999999999999995
0.2 -0.02 -0.009999999999999995
0.21 -0.02 -0.009999999999999995
0.22 -0.02 -0.009999999999999995
0.23 -0.02 -0.009999999999999995
0.24 -0.02 -0.009999999999999995
0.25 -0.02 -0.009999999999999995
0.26 -0.02 -0.009999999999999995
0.27 -0.02 -0.009999999999999995
0.28 -0.02 -0.009999999999999995
0.29 -0.02 -0.009999999999999995
0.3 -0.02 -0.009999999999999995
0.3100000000000001 -0.02 -0.009999999999999995
0.32 -0.02 -0.009999999999999995
0.33 -0.02 -0.009999999999999995
0.34 -0.02 -0.009999999999999995
0.35 -0.02 -0.009999999999999995
0.36 -0.02 -0.009999999999999995
0.37 -0.02 -0.009999999999999995
0.38 -0.02 -0.009999999999999995
0.39 -0.02 -0.009999999999999995
0.4 -0.02 -0.009999999999999995
0.41 -0.02 -0.009999999999999995
0.42 -0.02 -0.009999999999999995
0.43 -0.02 -0.009999999999999995
0.4399999999999999 -0.02 -0.009999999999999995
0.45 -0.02 -0.009999999999999995
0.46 -0.02 -0.009999999999999995
0.47 -0.02 -0.009999999999999995
0.48 -0.02 -0.009999999999999995
0.49 -0.02 -0.009999999999999995
0.5 -0.02 -0.009999999999999995
-0.5 -0.009999999999999995 -0.009999999999999995
-0.49 -0.009999999999999995 -0.009999999999999995
-0.48 -0.009999999999999995 -0.009999999999999995
-0.47 -0.009999999999999995 -0.009999999999999995
-0.46 -0.009999999999999995 -0.009999999999999995
-0.45 -0.009999999999999995 -0.009999999999999995
-0.44 -0.009999999999999995 -0.009999999999999995
-0.43 -0.009999999999999995 -0.009999999999999995
-0.42 -0.009999999999999995 -0.009999999999999995
-0.41 -0.009999999999999995 -0.009999999999999995
-0.4 -0.009999999999999995 -0.009999999999999995
-0.39 -0.009999999999999995 -0.009999999999999995
-0.38 -0.009999999999999995 -0.009999999999999995
-0.37 -0.009999999999999995 -0.009999999999999995
-0.36 -0.009999999999999995 -0.009999999999999995
-0.35 -0.009999999999999995 -0.009999999999999995
-0.34 -0.009999999999999995 -0.009999999999999995
-0.33 -0.009999999999999995 -0.009999999999999995
-0.32 -0.009999999999999995 -0.009999999999999995
-0.31 -0.009999999999999995 -0.009999999999999995
-0.3 -0.009999999999999995 -0.009999999999999995
-0.29 -0.009999999999999995 -0.009999999999999995
-0.28 -0.009999999999999995 -0.009999999999999995
-0.27 -0.009999999999999995 -0.009999999999999995
-0.26 -0.009999999999999995 -0.009999999999999995
-0.25 -0.009999999999999995 -0.009999999999999995
-0.24 -0.009999999999999995 -0.009999999999999995
-0.23 -0.009999999999999995 -0.009999999999999995
-0.22 -0.009999999999999995 -0.009999999999999995
-0.21 -0.009999999999999995 -0.009999999999999995
-0.2 -0.009999999999999995 -0.009999999999999995
-0.19 -0.009999999999999995 -0.009999999999999995
-0.18 -0.009999999999999995 -0.009999999999999995
-0.17 -0.009999999999999995 -0.009999999999999995
-0.16 -0.009999999999999995 -0.009999999999999995
-0.15 -0.009999999999999995 -0.009999999999999995
-0.14 -0.009999999999999995 -0.009999999999999995
-0.13 -0.009999999999999995 -0.009999999999999995
-0.12 -0.009999999999999995 -0.009999999999999995
-0.11 -0.009999999999999995 -0.009999999999999995
-0.09999999999999998 -0.009999999999999995 -0.009999999999999995
-0.09000000000000002 -0.009999999999999995 -0.009999999999999995
-0.08000000000000002 -0.009999999999999995 -0.009999999999999995
-0.07000000000000001 -0.009999999999999995 -0.009999999999999995
-0.06 -0.009999999999999995 -0.009999999999999995
-0.04999999999999999 -0.009999999999999995 -0.009999999999999995
-0.03999999999999998 -0.009999999999999995 -0.009999999999999995
-0.03000000000000003 -0.009999999999999995 -0.009999999999999995
-0.02000000000000002 -0.009999999999999995 -0.009999999999999995
-0.01000000000000001 -0.009999999999999995 -0.009999999999999995
0 -0.009999999999999995 -0.009999999999999995
0.01000000000000001 -0.009999999999999995 -0.009999999999999995
0.02000000000000002 -0.009999999999999995 -0.009999999999999995
0.03000000000000003 -0.009999999999999995 -0.009999999999999995
0.04000000000000004 -0.009999999999999995 -0.009999999999999995
0.05000000000000004 -0.009999999999999995 -0.009999999999999995
0.06000000000000005 -0.009999999999999995 -0.009999999999999995
0.06999999999999995 -0.009999999999999995 -0.009999999999999995
0.07999999999999996 -0.009999999999999995 -0.009999999999999995
0.08999999999999997 -0.009999999999999995 -0.009999999999999995
0.09999999999999998 -0.009999999999999995 -0.009999999999999995
0.11 -0.009999999999999995 -0.009999999999999995
0.12 -0.009999999999999995 -0.009999999999999995
0.13 -0.009999999999999995 -0.009999999999999995
0.14 -0.009999999999999995 -0.009999999999999995
0.15 -0.009999999999999995 -0.009999999999999995
0.16 -0.009999999999999995 -0.009999999999999995
0.17 -0.009999999999999995 -0.009999999999999995
0.18 -0.009999999999999995 -0.009999999999999995
0.1899999999999999 -0.009999999999999995 -0.009999999999999995
0.2 -0.009999999999999995 -0.009999999999999995
0.21 -0.009999999999999995 -0.009999999999999995
0.22 -0.009999999999999995 -0.009999999999999995
0.23 -0.009999999999999995 -0.009999999999999995
0.24 -0.009999999999999995 -0.009999999999999995
0.25 -0.009999999999999995 -0.009999999999999995
0.26 -0.009999999999999995 -0.009999999999999995
0.27 -0.009999999999999995 -0.009999999999999995
0.28 -0.009999999999999995 -0.009999999999999995
0.29 -0.009999999999999995 -0.009999999999999995
0.3 -0.009999999999999995 -0.009999999999999995
0.3100000000000001 -0.009999999999999995 -0.009999999999999995
0.32 -0.009999999999999995 -0.009999999999999995
0.33 -0.009999999999999995 -0.009999999999999995
0.34 -0.009999999999999995 -0.009999999999999995
0.35 -0.009999999999999995 -0.009999999999999995
0.36 -0.009999999999999995 -0.009999999999999995
0.37 -0.009999999999999995 -0.009999999999999995
0.38 -0.009999999999999995 -0.009999999999999995
0.39 -0.009999999999999995 -0.009999999999999995
0.4 -0.009999999999999995 -0.009999999999999995
0.41 -0.009999999999999995 -0.009999999999999995
0.42 -0.009999999999999995 -0.009999999999999995
0.43 -0.009999999999999995 -0.009999999999999995
0.4399999999999999 -0.009999999999999995 -0.009999999999999995
0.45 -0.009999999999999995 -0.009999999999999995
0.46 -0.009999999999999995 -0.009999999999999995
0.47 -0.009999999999999995 -0.009999999999999995
0.48 -0.009999999999999995 -0.009999999999999995
0.49 -0.009999999999999995 -0.009999999999999995
0.5 -0.009999999999999995 -0.009999999999999995
-0.5 0 -0.009999999999999995
-0.49 0 -0.009999999999999995
-0.48 0 -0.009999999999999995
-0.47 0 -0.009999999999999995
-0.46 0 -0.009999999999999995
-0.45 0 -0.009999999999999995
-0.44 0 -0.009999999999999995
-0.43 0 -0.009999999999999995
-0.42 0 -0.009999999999999995
-0.41 0 -0.009999999999999995
-0.4 0 -0.009999999999999995
-0.39 0 -0.009999999999999995
-0.38 0 -0.009999999999999995
-0.37 0 -0.009999999999999995
-0.36 0 -0.009999999999999995
-0.35 0 -0.009999999999999995
-0.34 0 -0.009999999999999995
-0.33 0 -0.009999999999999995
-0.32 0 -0.009999999999999995
-0.31 0 -0.009999999999999995
-0.3 0 -0.009999999999999995
-0.29 0 -0.009999999999999995
-0.28 0 -0.009999999999999995
-0.27 0 -0.009999999999999995
-0.26 0 -0.009999999999999995
-0.25 0 -0.009999999999999995
-0.24 0 -0.009999999999999995
-0.23 0 -0.009999999999999995
-0.22 0 -0.009999999999999995
-0.21 0 -0.009999999999999995
-0.2 0 -0.009999999999999995
-0.19 0 -0.009999999999999995
-0.18 0 -0.009999999999999995
-0.17 0 -0.009999999999999995
-0.16 0 -0.009999999999999995
-0.15 0 -0.009999999999999995
-0.14 0 -0.009999999999999995
-0.13 0 -0.009999999999999995
-0.12 0 -0.009999999999999995
-0.11 0 -0.009999999999999995
-0.09999999999999998 0 -0.009999999999999995
-0.09000000000000002 0 -0.009999999999999995
-0.08000000000000002 0 -0.009999999999999995
-0.07000000000000001 0 -0.009999999999999995
-0.06 0 -0.009999999999999995
-0.04999999999999999 0 -0.009999999999999995
-0.03999999999999998 0 -0.009999999999999995
-0.03000000000000003 0 -0.009999999999999995
-0.02000000000000002 0 -0.009999999999999995
-0.01000000000000001 0 -0.009999999999999995
0 0 -0.009999999999999995
0.01000000000000001 0 -0.009999999999999995
0.02000000000000002 0 -0.009999999999999995
0.03000000000000003 0 -0.009999999999999995
0.04000000000000004 0 -0.009999999999999995
0.05000000000000004 0 -0.009999999999999995
0.06000000000000005 0 -0.009999999999999995
0.06999999999999995 0 -0.009999999999999995
0.07999999999999996 0 -0.009999999999999995
0.08999999999999997 0 -0.009999999999999995
0.09999999999999998 0 -0.009999999999999995
0.11 0 -0.009999999999999995
0.12 0 -0.009999999999999995
0.13 0 -0.009999999999999995
0.14 0 -0.009999999999999995
0.15 0 -0.009999999999999995
0.16 0 -0.009999999999999995
0.17 0 -0.009999999999999995
0.18 0 -0.009999999999999995
0.1899999999999999 0 -0.009999999999999995
0.2 0 -0.009999999999999995
0.21 0 -0.009999999999999995
0.22 0 -0.009999999999999995
0.23 0 -0.009999999999999995
0.24 0 -0.009999999999999995
0.25 0 -0.009999999999999995
0.26 0 -0.009999999999999995
0.27 0 -0.009999999999999995
0.28 0 -0.009999999999999995
0.29 0 -0.009999999999999995
0.3 0 -0.009999999999999995
0.3100000000000001 0 -0.009999999999999995
0.32 0 -0.009999999999999995
0.33 0 -0.009999999999999995
0.34 0 -0.009999999999999995
0.35 0 -0.009999999999999995
0.36 0 -0.009999999999999995
0.37 0 -0.009999999999999995
0.38 0 -0.009999999999999995
0.39 0 -0.009999999999999995
0.4 0 -0.009999999999999995
0.41 0 -0.009999999999999995
0.42 0 -0.009999999999999995
0.43 0 -0.009999999999999995
0.4399999999999999 0 -0.009999999999999995
0.45 0 -0.009999999999999995
0.46 0 -0.009999999999999995
0.47 0 -0.009999999999999995
0.48 0 -0.009999999999999995
0.49 0 -0.009999999999999995
0.5 0 -0.009999999999999995
-0.5 0.009999999999999995 -0.009999999999999995
-0.49 0.009999999999999995 -0.009999999999999995
-0.48 0.009999999999999995 -0.009999999999999995
-0.47 0.009999999999999995 -0.009999999999999995
-0.46 0.009999999999999995 -0.009999999999999995
-0.45 0.009999999999999995 -0.009999999999999995
-0.44 0.009999999999999995 -0.009999999999999995
-0.43 0.009999999999999995 -0.009999999999999995
-0.42 0.009999999999999995 -0.009999999999999995
-0.41 0.009999999999999995 -0.009999999999999995
-0.4 0.009999999999999995 -0.009999999999999995
-0.39 0.009999999999999995 -0.009999999999999995
-0.38 0.009999999999999995 -0.009999999999999995
-0.37 0.009999999999999995 -0.009999999999999995
-0.36 0.009999999999999995 -0.009999999999999995
-0.35 0.009999999999999995 -0.009999999999999995
-0.34 0.009999999999999995 -0.009999999999999995
-0.33 0.009999999999999995 -0.009999999999999995
-0.32 0.009999999999999995 -0.009999999999999995
-0.31 0.009999999999999995 -0.009999999999999995
-0.3 0.009999999999999995 -0.009999999999999995
-0.29 0.009999999999999995 -0.009999999999999995
-0.28 0.009999999999999995 -0.009999999999999995
-0.27 0.009999999999999995 -0.009999999999999995
-0.26 0.009999999999999995 -0.009999999999999995
-0.25 0.009999999999999995 -0.009999999999999995
-0.24 0.009999999999999995 -0.009999999999999995
-0.23 0.009999999999999995 -0.009999999999999995
-0.22 0.009999999999999995 -0.009999999999999995
-0.21 0.009999999999999995 -0.009999999999999995
-0.2 0.009999999999999995 -0.009999999999999995
-0.19 0.009999999999999995 -0.009999999999999995
-0.18 0.009999999999999995 -0.009999999999999995
-0.17 0.009999999999999995 -0.009999999999999995
-0.16 0.009999999999999995 -0.009999999999999995
-0.15 0.009999999999999995 -0.009999999999999995
-0.14 0.009999999999999995 -0.009999999999999995
-0.13 0.009999999999999995 -0.009999999999999995
-0.12 0.009999999999999995 -0.009999999999999995
-0.11 0.009999999999999995 -0.009999999999999995
-0.09999999999999998 0.009999999999999995 -0.009999999999999995
-0.09000000000000002 0.009999999999999995 -0.009999999999999995
-0.08000000000000002 0.009999999999999995 -0.009999999999999995
-0.07000000000000001 0.009999999999999995 -0.009999999999999995
-0.06 0.009999999999999995 -0.009999999999999995
-0.04999999999999999 0.009999999999999995 -0.009999999999999995
-0.03999999999999998 0.009999999999999995 -0.009999999999999995
-0.03000000000000003 0.009999999999999995 -0.009999999999999995
-0.02000000000000002 0.009999999999999995 -0.009999999999999995
-0.01000000000000001 0.009999999999999995 -0.009999999999999995
0 0.009999999999999995 -0.009999999999999995
0.01000000000000001 0.009999999999999995 -0.009999999999999995
0.02000000000000002 0.009999999999999995 -0.009999999999999995
0.03000000000000003 0.009999999999999995 -0.009999999999999995
0.04000000000000004 0.009999999999999995 -0.009999999999999995
0.05000000000000004 0.009999999999999995 -0.009999999999999995
0.06000000000000005 0.009999999999999995 -0.009999999999999995
0.06999999999999995 0.009999999999999995 -0.009999999999999995
0.07999999999999996 0.009999999999999995 -0.009999999999999995
0.08999999999999997 0.009999999999999995 -0.009999999999999995
0.09999999999999998 0.009999999999999995 -0.009999999999999995
0.11 0.009999999999999995 -0.009999999999999995
0.12 0.009999999999999995 -0.009999999999999995
0.13 0.009999999999999995 -0.009999999999999995
0.14 0.009999999999999995 -0.009999999999999995
0.15 0.009999999999999995 -0.009999999999999995
0.16 0.009999999999999995 -0.009999999999999995
0.17 0.009999999999999995 -0.009999999999999995
0.18 0.009999999999999995 -0.009999999999999995
0.1899999999999999 0.009999999999999995 -0.009999999999999995
0.2 0.009999999999999995 -0.009999999999999995
0.21 0.009999999999999995 -0.009999999999999995
0.22 0.009999999999999995 -0.009999999999999995
0.23 0.009999999999999995 -0.009999999999999995
0.24 0.009999999999999995 -0.009999999999999995
0.25 0.009999999999999995 -0.009999999999999995
0.26 0.009999999999999995 -0.009999999999999995
0.27 0.009999999999999995 -0.009999999999999995
0.28 0.009999999999999995 -0.009999999999999995
0.29 0.009999999999999995 -0.009999999999999995
0.3 0.009999999999999995 -0.009999999999999995
0.3100000000000001 0.009999999999999995 -0.009999999999999995
0.32 0.009999999999999995 -0.009999999999999995
0.33 0.009999999999999995 -0.009999999999999995
0.34 0.009999999999999995 -0.009999999999999995
0.35 0.009999999999999995 -0.009999999999999995
0.36 0.009999999999999995 -0.009999999999999995
0.37 0.009999999999999995 -0.009999999999999995
0.38 0.009999999999999995 -0.009999999999999995
0.39 0.009999999999999995 -0.009999999999999995
0.4 0.009999999999999995 -0.009999999999999995
0.41 0.009999999999999995 -0.009999999999999995
0.42 0.009999999999999995 -0.009999999999999995
0.43 0.009999999999999995 -0.009999999999999995
0.4399999999999999 0.009999999999999995 -0.009999999999999995
0.45 0.009999999999999995 -0.009999999999999995
0.46 0.009999999999999995 -0.009999999999999995
0.47 0.009999999999999995 -0.009999999999999995
0.48 0.009999999999999995 -0.009999999999999995
0.49 0.009999999999999995 -0.009999999999999995
0.5 0.009999999999999995 -0.009999999999999995
-0.5 0.01999999999999999 -0.009999999999999995
-0.49 0.01999999999999999 -0.009999999999999995
-0.48 0.01999999999999999 -0.009999999999999995
-0.47 0.01999999999999999 -0.009999999999999995
-0.46 0.01999999999999999 -0.009999999999999995
-0.45 0.01999999999999999 -0.009999999999999995
-0.44 0.01999999999999999 -0.009999999999999995
-0.43 0.01999999999999999 -0.009999999999999995
-0.42 0.01999999999999999 -0.009999999999999995
-0.41 0.01999999999999999 -0.009999999999999995
-0.4 0.01999999999999999 -0.009999999999999995
-0.39 0.01999999999999999 -0.009999999999999995
-0.38 0.01999999999999999 -0.009999999999999995
-0.37 0.01999999999999999 -0.009999999999999995
-0.36 0.01999999999999999 -0.009999999999999995
-0.35 0.01999999999999999 -0.009999999999999995
-0.34 0.01999999999999999 -0.009999999999999995
-0.33 0.01999999999999999 -0.009999999999999995
-0.32 0.01999999999999999 -0.009999999999999995
-0.31 0.01999999999999999 -0.009999999999999995
-0.3 0.01999999999999999 -0.009999999999999995
-0.29 0.01999999999999999 -0.009999999999999995
-0.28 0.01999999999999999 -0.009999999999999995
-0.27 0.01999999999999999 -0.009999999999999995
-0.26 0.01999999999999999 -0.009999999999999995
-0.25 0.01999999999999999 -0.009999999999999995
-0.24 0.01999999999999999 -0.009999999999999995
-0.23 0.01999999999999999 -0.009999999999999995
-0.22 0.01999999999999999 -0.009999999999999995
-0.21 0.01999999999999999 -0.009999999999999995
-0.2 0.01999999999999999 -0.009999999999999995
-0.19 0.01999999999999999 -0.009999999999999995
-0.18 0.01999999999999999 -0.009999999999999995
-0.17 0.01999999999999999 -0.009999999999999995
-0.16 0.01999999999999999 -0.009999999999999995
-0.15 0.01999999999999999 -0.009999999999999995
-0.14 0.01999999999999999 -0.009999999999999995
-0.13 0.01999999999999999 -0.009999999999999995
-0.12 0.01999999999999999 -0.009999999999999995
-0.11 0.01999999999999999 -0.009999999999999995
-0.09999999999999998 0.01999999999999999 -0.009999999999999995
-0.09000000000000002 0.01999999999999999 -0.009999999999999995
-0.08000000000000002 0.01999999999999999 -0.009999999999999995
-0.07000000000000001 0.01999999999999999 -0.009999999999999995
-0.06 0.01999999999999999 -0.009999999999999995
-0.04999999999999999 0.01999999999999999 -0.009999999999999995
-0.03999999999999998 0.01999999999999999 -0.009999999999999995
-0.03000000000000003 0.01999999999999999 -0.009999999999999995
-0.02000000000000002 0.01999999999999999 -0.009999999999999995
-0.01000000000000001 0.01999999999999999 -0.009999999999999995
0 0.01999999999999999 -0.009999999999999995
0.01000000000000001 0.01999999999999999 -0.009999999999999995
0.02000000000000002 0.01999999999999999 -0.009999999999999995
0.03000000000000003 0.01999999999999999 -0.009999999999999995
0.04000000000000004 0.01999999999999999 -0.009999999999999995
0.05000000000000004 0.01999999999999999 -0.009999999999999995
0.06000000000000005 0.01999999999999999 -0.009999999999999995
0.06999999999999995 0.01999999999999999 -0.009999999999999995
0.07999999999999996 0.01999999999999999 -0.009999999999999995
0.08999999999999997 0.01999999999999999 -0.009999999999999995
0.09999999999999998 0.01999999999999999 -0.009999999999999995
0.11 0.01999999999999999 -0.009999999999999995
0.12 0.01999999999999999 -0.009999999999999995
0.13 0.01999999999999999 -0.009999999999999995
0.14 0.01999999999999999 -0.009999999999999995
0.15 0.01999999999999999 -0.009999999999999995
0.16 0.01999999999999999 -0.009999999999999995
0.17 0.01999999999999999 -0.009999999999999995
0.18 0.01999999999999999 -0.009999999999999995
0.1899999999999999 0.01999999999999999 -0.009999999999999995
0.2 0.01999999999999999 -0.009999999999999995
0.21 0.01999999999999999 -0.009999999999999995
0.22 0.01999999999999999 -0.009999999999999995
0.23 0.01999999999999999 -0.009999999999999995
0.24 0.01999999999999999 -0.009999999999999995
0.25 0.01999999999999999 -0.009999999999999995
0.26 0.01999999999999999 -0.009999999999999995
0.27 0.01999999999999999 -0.009999999999999995
0.28 0.01999999999999999 -0.009999999999999995
0.29 0.01999999999999999 -0.009999999999999995
0.3 0.01999999999999999 -0.009999999999999995
0.3100000000000001 0.01999999999999999 -0.009999999999999995
0.32 0.01999999999999999 -0.009999999999999995
0.33 0.01999999999999999 -0.009999999999999995
0.34 0.01999999999999999 -0.009999999999999995
0.35 0.01999999999999999 -0.009999999999999995
0.36 0.01999999999999999 -0.009999999999999995
0.37 0.01999999999999999 -0.009999999999999995
0.38 0.01999999999999999 -0.009999999999999995
0.39 0.01999999999999999 -0.009999999999999995
0.4 0.01999999999999999 -0.009999999999999995
0.41 0.01999999999999999 -0.009999999999999995
0.42 0.01999999999999999 -0.009999999999999995
0.43 0.01999999999999999 -0.009999999999999995
0.4399999999999999 0.01999999999999999 -0.009999999999999995
0.45 0.01999999999999999 -0.009999999999999995
0.46 0.01999999999999999 -0.009999999999999995
0.47 0.01999999999999999 -0.009999999999999995
0.48 0.01999999999999999 -0.009999999999999995
0.49 0.01999999999999999 -0.009999999999999995
0.5 0.01999999999999999 -0.009999999999999995
-0.5 0.03000000000000001 -0.009999999999999995
-0.49 0.03000000000000001 -0.009999999999999995
-0.48 0.03000000000000001 -0.009999999999999995
-0.47 0.03000000000000001 -0.009999999999999995
-0.46 0.03000000000000001 -0.009999999999999995
-0.45 0.03000000000000001 -0.009999999999999995
-0.44 0.03000000000000001 -0.009999999999999995
-0.43 0.03000000000000001 -0.009999999999999995
-0.42 0.03000000000000001 -0.009999999999999995
-0.41 0.03000000000000001 -0.009999999999999995
-0.4 0.03000000000000001 -0.009999999999999995
-0.39 0.03000000000000001 -0.009999999999999995
-0.38 0.03000000000000001 -0.009999999999999995
-0.37 0.03000000000000001 -0.009999999999999995
-0.36 0.03000000000000001 -0.009999999999999995
-0.35 0.03000000000000001 -0.009999999999999995
-0.34 0.03000000000000001 -0.009999999999999995
-0.33 0.03000000000000001 -0.009999999999999995
-0.32 0.03000000000000001 -0.009999999999999995
-0.31 0.03000000000000001 -0.009999999999999995
-0.3 0.03000000000000001 -0.009999999999999995
-0.29 0.03000000000000001 -0.009999999999999995
-0.28 0.03000000000000001 -0.009999999999999995
-0.27 0.03000000000000001 -0.009999999999999995
-0.26 0.03000000000000001 -0.009999999999999995
-0.25 0.03000000000000001 -0.009999999999999995
-0.24 0.03000000000000001 -0.009999999999999995
-0.23 0.03000000000000001 -0.009999999999999995
-0.22 0.03000000000000001 -0.009999999999999995
-0.21 0.03000000000000001 -0.009999999999999995
-0.2 0.03000000000000001 -0.009999999999999995
-0.19 0.03000000000000001 -0.009999999999999995
-0.18 0.03000000000000001 -0.009999999999999995
-0.17 0.03000000000000001 -0.009999999999999995
-0.16 0.03000000000000001 -0.009999999999999995
-0.15 0.03000000000000001 -0.009999999999999995
-0.14 0.03000000000000001 -0.009999999999999995
-0.13 0.03000000000000001 -0.009999999999999995
-0.12 0.03000000000000001 -0.009999999999999995
-0.11 0.03000000000000001 -0.009999999999999995
-0.09999999999999998 0.03000000000000001 -0.009999999999999995
-0.09000000000000002 0.03000000000000001 -0.009999999999999995
-0.08000000000000002 0.03000000000000001 -0.009999999999999995
-0.07000000000000001 0.03000000000000001 -0.009999999999999995
-0.06 0.03000000000000001 -0.009999999999999995
-0.04999999999999999 0.03000000000000001 -0.009999999999999995
-0.03999999999999998 0.03000000000000001 -0.009999999999999995
-0.03000000000000003 0.03000000000000001 -0.009999999999999995
-0.02000000000000002 0.03000000000000001 -0.009999999999999995
-0.01000000000000001 0.03000000000000001 -0.009999999999999995
0 0.03000000000000001 -0.009999999999999995
0.01000000000000001 0.03000000000000001 -0.009999999999999995
0.02000000000000002 0.03000000000000001 -0.009999999999999995
0.03000000000000003 0.03000000000000001 -0.009999999999999995
0.04000000000000004 0.03000000000000001 -0.009999999999999995
0.05000000000000004 0.03000000000000001 -0.009999999999999995
0.06000000000000005 0.03000000000000001 -0.009999999999999995
0.06999999999999995 0.03000000000000001 -0.009999999999999995
0.07999999999999996 0.03000000000000001 -0.009999999999999995
0.08999999999999997 0.03000000000000001 -0.009999999999999995
0.09999999999999998 0.03000000000000001 -0.009999999999999995
0.11 0.03000000000000001 -0.009999999999999995
0.12 0.03000000000000001 -0.009999999999999995
0.13 0.03000000000000001 -0.009999999999999995
0.14 0.03000000000000001 -0.009999999999999995
0.15 0.03000000000000001 -0.009999999999999995
0.16 0.03000000000000001 -0.009999999999999995
0.17 0.03000000000000001 -0.009999999999999995
0.18 0.03000000000000001 -0.009999999999999995
0.1899999999999999 0.03000000000000001 -0.009999999999999995
0.2 0.03000000000000001 -0.009999999999999995
0.21 0.03000000000000001 -0.009999999999999995
0.22 0.03000000000000001 -0.009999999999999995
0.23 0.03000000000000001 -0.009999999999999995
0.24 0.03000000000000001 -0.009999999999999995
0.25 0.03000000000000001 -0.009999999999999995
0.26 0.03000000000000001 -0.009999999999999995
0.27 0.03000000000000001 -0.009999999999999995
0.28 0.03000000000000001 -0.009999999999999995
0.29 0.03000000000000001 -0.009999999999999995
0.3 0.03000000000000001 -0.009999999999999995
0.3100000000000001 0.03000000000000001 -0.009999999999999995
0.32 0.03000000000000001 -0.009999999999999995
0.33 0.03000000000000001 -0.009999999999999995
0.34 0.03000000000000001 -0.009999999999999995
0.35 0.03000000000000001 -0.009999999999999995
0.36 0.03000000000000001 -0.009999999999999995
0.37 0.03000000000000001 -0.009999999999999995
0.38 0.03000000000000001 -0.009999999999999995
0.39 0.03000000000000001 -0.009999999999999995
0.4 0.03000000000000001 -0.009999999999999995
0.41 0.03000000000000001 -0.009999999999999995
0.42 0.03000000000000001 -0.009999999999999995
0.43 0.03000000000000001 -0.009999999999999995
0.4399999999999999 0.03000000000000001 -0.009999999999999995
0.45 0.03000000000000001 -0.009999999999999995
0.46 0.03000000000000001 -0.009999999999999995
0.47 0.03000000000000001 -0.009999999999999995
0.48 0.03000000000000001 -0.009999999999999995
0.49 0.03000000000000001 -0.009999999999999995
0.5 0.03000000000000001 -0.009999999999999995
-0.5 0.04000000000000001 -0.009999999999999995
-0.49 0.04000000000000001 -0.009999999999999995
-0.48 0.04000000000000001 -0.009999999999999995
-0.47 0.04000000000000001 -0.009999999999999995
-0.46 0.04000000000000001 -0.009999999999999995
-0.45 0.04000000000000001 -0.009999999999999995
-0.44 0.04000000000000001 -0.009999999999999995
-0.43 0.04000000000000001 -0.009999999999999995
-0.42 0.04000000000000001 -0.009999999999999995
-0.41 0.04000000000000001 -0.009999999999999995
-0.4 0.04000000000000001 -0.009999999999999995
-0.39 0.04000000000000001 -0.009999999999999995
-0.38 0.04000000000000001 -0.009999999999999995
-0.37 0.04000000000000001 -0.009999999999999995
-0.36 0.04000000000000001 -0.009999999999999995
-0.35 0.04000000000000001 -0.009999999999999995
-0.34 0.04000000000000001 -0.009999999999999995
-0.33 0.04000000000000001 -0.009999999999999995
-0.32 0.04000000000000001 -0.009999999999999995
-0.31 0.04000000000000001 -0.009999999999999995
-0.3 0.04000000000000001 -0.009999999999999995
-0.29 0.04000000000000001 -0.009999999999999995
-0.28 0.04000000000000001 -0.009999999999999995
-0.27 0.04000000000000001 -0.009999999999999995
-0.26 0.04000000000000001 -0.009999999999999995
-0.25 0.04000000000000001 -0.009999999999999995
-0.24 0.04000000000000001 -0.009999999999999995
-0.23 0.04000000000000001 -0.009999999999999995
-0.22 0.04000000000000001 -0.009999999999999995
-0.21 0.04000000000000001 -0.009999999999999995
-0.2 0.04000000000000001 -0.009999999999999995
-0.19 0.04000000000000001 -0.009999999999999995
-0.18 0.04000000000000001 -0.009999999999999995
-0.17 0.04000000000000001 -0.009999999999999995
-0.16 0.04000000000000001 -0.009999999999999995
-0.15 0.04000000000000001 -0.009999999999999995
-0.14 0.04000000000000001 -0.009999999999999995
-0.13 0.04000000000000001 -0.009999999999999995
-0.12 0.04000000000000001 -0.009999999999999995
-0.11 0.04000000000000001 -0.009999999999999995
-0.09999999999999998 0.04000000000000001 -0.009999999999999995
-0.09000000000000002 0.04000000000000001 -0.009999999999999995
-0.08000000000000002 0.04000000000000001 -0.009999999999999995
-0.07000000000000001 0.04000000000000001 -0.009999999999999995
-0.06 0.04000000000000001 -0.009999999999999995
-0.04999999999999999 0.04000000000000001 -0.009999999999999995
-0.03999999999999998 0.04000000000000001 -0.009999999999999995
-0.03000000000000003 0.04000000000000001 -0.009999999999999995
-0.02000000000000002 0.04000000000000001 -0.009999999999999995
-0.01000000000000001 0.04000000000000001 -0.009999999999999995
0 0.04000000000000001 -0.009999999999999995
0.01000000000000001 0.04000000000000001 -0.009999999999999995
0.02000000000000002 0.04000000000000001 -0.009999999999999995
0.03000000000000003 0.04000000000000001 -0.009999999999999995
0.04000000000000004 0.04000000000000001 -0.009999999999999995
0.05000000000000004 0.04000000000000001 -0.009999999999999995
0.06000000000000005 0.04000000000000001 -0.009999999999999995
0.06999999999999995 0.04000000000000001 -0.009999999999999995
0.07999999999999996 0.04000000000000001 -0.009999999999999995
0.08999999999999997 0.04000000000000001 -0.009999999999999995
0.09999999999999998 0.04000000000000001 -0.009999999999999995
0.11 0.04000000000000001 -0.009999999999999995
0.12 0.04000000000000001 -0.009999999999999995
0.13 0.04000000000000001 -0.009999999999999995
0.14 0.04000000000000001 -0.009999999999999995
0.15 0.04000000000000001 -0.009999999999999995
0.16 0.04000000000000001 -0.009999999999999995
0.17 0.04000000000000001 -0.009999999999999995
0.18 0.04000000000000001 -0.009999999999999995
0.1899999999999999 0.04000000000000001 -0.009999999999999995
0.2 0.04000000000000001 -0.009999999999999995
0.21 0.04000000000000001 -0.009999999999999995
0.22 0.04000000000000001 -0.009999999999999995
0.23 0.04000000000000001 -0.009999999999999995
0.24 0.04000000000000001 -0.009999999999999995
0.25 0.04000000000000001 -0.009999999999999995
0.26 0.04000000000000001 -0.009999999999999995
0.27 0.04000000000000001 -0.009999999999999995
0.28 0.04000000000000001 -0.009999999999999995
0.29 0.04000000000000001 -0.009999999999999995
0.3 0.04000000000000001 -0.009999999999999995
0.3100000000000001 0.04000000000000001 -0.009999999999999995
0.32 0.04000000000000001 -0.009999999999999995
0.33 0.04000000000000001 -0.009999999999999995
0.34 0.04000000000000001 -0.009999999999999995
0.35 0.04000000000000001 -0.009999999999999995
0.36 0.04000000000000001 -0.009999999999999995
0.37 0.04000000000000001 -0.009999999999999995
0.38 0.04000000000000001 -0.009999999999999995
0.39 0.04000000000000001 -0.009999999999999995
0.4 0.04000000000000001 -0.009999999999999995
0.41 0.04000000000000001 -0.009999999999999995
0.42 0.04000000000000001 -0.009999999999999995
0.43 0.04000000000000001 -0.009999999999999995
0.4399999999999999 0.04000000000000001 -0.009999999999999995
0.45 0.04000000000000001 -0.009999999999999995
0.46 0.04000000000000001 -0.009999999999999995
0.47 0.04000000000000001 -0.009999999999999995
0.48 0.04000000000000001 -0.009999999999999995
0.49 0.04000000000000001 -0.009999999999999995
0.5 0.04000000000000001 -0.009999999999999995
-0.5 0.05 -0.009999999999999995
-0.49 0.05 -0.009999999999999995
-0.48 0.05 -0.009999999999999995
-0.47 0.05 -0.009999999999999995
-0.46 0.05 -0.009999999999999995
-0.45 0.05 -0.009999999999999995
-0.44 0.05 -0.009999999999999995
-0.43 0.05 -0.009999999999999995
-0.42 0.05 -0.009999999999999995
-0.41 0.05 -0.009999999999999995
-0.4 0.05 -0.009999999999999995
-0.39 0.05 -0.009999999999999995
-0.38 0.05 -0.009999999999999995
-0.37 0.05 -0.009999999999999995
-0.36 0.05 -0.009999999999999995
-0.35 0.05 -0.009999999999999995
-0.34 0.05 -0.009999999999999995
-0.33 0.05 -0.009999999999999995
-0.32 0.05 -0.009999999999999995
-0.31 0.05 -0.009999999999999995
-0.3 0.05 -0.009999999999999995
-0.29 0.05 -0.009999999999999995
-0.28 0.05 -0.009999999999999995
-0.27 0.05 -0.009999999999999995
-0.26 0.05 -0.009999999999999995
-0.25 0.05 -0.009999999999999995
-0.24 0.05 -0.009999999999999995
-0.23 0.05 -0.009999999999999995
-0.22 0.05 -0.009999999999999995
-0.21 0.05 -0.009999999999999995
-0.2 0.05 -0.009999999999999995
-0.19 0.05 -0.009999999999999995
-0.18 0.05 -0.009999999999999995
-0.17 0.05 -0.009999999999999995
-0.16 0.05 -0.009999999999999995
-0.15 0.05 -0.009999999999999995
-0.14 0.05 -0.009999999999999995
-0.13 0.05 -0.009999999999999995
-0.12 0.05 -0.009999999999999995
-0.11 0.05 -0.009999999999999995
-0.09999999999999998 0.05 -0.009999999999999995
-0.09000000000000002 0.05 -0.009999999999999995
-0.08000000000000002 0.05 -0.009999999999999995
-0.07000000000000001 0.05 -0.009999999999999995
-0.06 0.05 -0.009999999999999995
-0.04999999999999999 0.05 -0.009999999999999995
-0.03999999999999998 0.05 -0.009999999999999995
-0.03000000000000003 0.05 -0.009999999999999995
-0.02000000000000002 0.05 -0.009999999999999995
-0.01000000000000001 0.05 -0.009999999999999995
0 0.05 -0.009999999999999995
0.01000000000000001 0.05 -0.009999999999999995
0.02000000000000002 0.05 -0.009999999999999995
0.03000000000000003 0.05 -0.009999999999999995
0.04000000000000004 0.05 -0.009999999999999995
0.05000000000000004 0.05 -0.009999999999999995
0.06000000000000005 0.05 -0.009999999999999995
0.06999999999999995 0.05 -0.009999999999999995
0.07999999999999996 0.05 -0.009999999999999995
0.08999999999999997 0.05 -0.009999999999999995
0.09999999999999998 0.05 -0.009999999999999995
0.11 0.05 -0.009999999999999995
0.12 0.05 -0.009999999999999995
0.13 0.05 -0.009999999999999995
0.14 0.05 -0.009999999999999995
0.15 0.05 -0.009999999999999995
0.16 0.05 -0.009999999999999995
0.17 0.05 -0.009999999999999995
0.18 0.05 -0.009999999999999995
0.1899999999999999 0.05 -0.009999999999999995
0.2 0.05 -0.009999999999999995
0.21 0.05 -0.009999999999999995
0.22 0.05 -0.009999999999999995
0.23 0.05 -0.009999999999999995
0.24 0.05 -0.009999999999999995
0.25 0.05 -0.009999999999999995
0.26 0.05 -0.009999999999999995
0.27 0.05 -0.009999999999999995
0.28 0.05 -0.009999999999999995
0.29 0.05 -0.009999999999999995
0.3 0.05 -0.009999999999999995
0.3100000000000001 0.05 -0.009999999999999995
0.32 0.05 -0.009999999999999995
0.33 0.05 -0.009999999999999995
0.34 0.05 -0.009999999999999995
0.35 0.05 -0.009999999999999995
0.36 0.05 -0.009999999999999995
0.37 0.05 -0.009999999999999995
0.38 0.05 -0.009999999999999995
0.39 0.05 -0.009999999999999995
0.4 0.05 -0.009999999999999995
0.41 0.05 -0.009999999999999995
0.42 0.05 -0.009999999999999995
0.43 0.05 -0.009999999999999995
0.4399999999999999 0.05 -0.009999999999999995
0.45 0.05 -0.009999999999999995
0.46 0.05 -0.009999999999999995
0.47 0.05 -0.009999999999999995
0.48 0.05 -0.009999999999999995
0.49 0.05 -0.009999999999999995
0.5 0.05 -0.009999999999999995
-0.5 -0.05 0
-0.49 -0.05 0
-0.48 -0.05 0
-0.47 -0.05 0
-0.46 -0.05 0
-0.45 -0.05 0
-0.44 -0.05 0
-0.43 -0.05 0
-0.42 -0.05 0
-0.41 -0.05 0
-0.4 -0.05 0
-0.39 -0.05 0
-0.38 -0.05 0
-0.37 -0.05 0
-0.36 -0.05 0
-0.35 -0.05 0
-0.34 -0.05 0
-0.33 -0.05 0
-0.32 -0.05 0
-0.31 -0.05 0
-0.3 -0.05 0
-0.29 -0.05 0
-0.28 -0.05 0
-0.27 -0.05 0
-0.26 -0.05 0
-0.25 -0.05 0
-0.24 -0.05 0
-0.23 -0.05 0
-0.22 -0.05 0
-0.21 -0.05 0
-0.2 -0.05 0
-0.19 -0.05 0
-0.18 -0.05 0
-0.17 -0.05 0
-0.16 -0.05 0
-0.15 -0.05 0
-0.14 -0.05 0
-0.13 -0.05 0
-0.12 -0.05 0
-0.11 -0.05 0
-0.09999999999999998 -0.05 0
-0.09000000000000002 -0.05 0
-0.08000000000000002 -0.05 0
-0.07000000000000001 -0.05 0
-0.06 -0.05 0
-0.04999999999999999 -0.05 0
-0.03999999999999998 -0.05 0
-0.03000000000000003 -0.05 0
-0.02000000000000002 -0.05 0
-0.01000000000000001 -0.05 0
0 -0.05 0
0.01000000000000001 -0.05 0
0.02000000000000002 -0.05 0
0.03000000000000003 -0.05 0
0.04000000000000004 -0.05 0
0.05000000000000004 -0.05 0
0.06000000000000005 -0.05 0
0.06999999999999995 -0.05 0
0.07999999999999996 -0.05 0
0.08999999999999997 -0.05 0
0.09999999999999998 -0.05 0
0.11 -0.05 0
0.12 -0.05 0
0.13 -0.05 0
0.14 -0.05 0
0.15 -0.05 0
0.16 -0.05 0
0.17 -0.05 0
0.18 -0.05 0
0.1899999999999999 -0.05 0
0.2 -0.05 0
0.21 -0.05 0
0.22 -0.05 0
0.23 -0.05 0
0.24 -0.05 0
0.25 -0.05 0
0.26 -0.05 0
0.27 -0.05 0
0.28 -0.05 0
0.29 -0.05 0
0.3 -0.05 0
0.3100000000000001 -0.05 0
0.32 -0.05 0
0.33 -0.05 0
0.34 -0.05 0
0.35 -0.05 0
0.36 -0.05 0
0.37 -0.05 0
0.38 -0.05 0
0.39 -0.05 0
0.4 -0.05 0
0.41 -0.05 0
0.42 -0.05 0
0.43 -0.05 0
0.4399999999999999 -0.05 0
0.45 -0.05 0
0.46 -0.05 0
0.47 -0.05 0
0.48 -0.05 0
0.49 -0.05 0
0.5 -0.05 0
-0.5 -0.04 0
-0.49 -0.04 0
-0.48 -0.04 0
-0.47 -0.04 0
-0.46 -0.04 0
-0.45 -0.04 0
-0.44 -0.04 0
-0.43 -0.04 0
-0.42 -0.04 0
-0.41 -0.04 0
-0.4 -0.04 0
-0.39 -0.04 0
-0.38 -0.04 0
-0.37 -0.04 0
-0.36 -0.04 0
-0.35 -0.04 0
-0.34 -0.04 0
-0.33 -0.04 0
-0.32 -0.04 0
-0.31 -0.04 0
-0.3 -0.04 0
-0.29 -0.04 0
-0.28 -0.04 0
-0.27 -0.04 0
-0.26 -0.04 0
-0.25 -0.04 0
-0.24 -0.04 0
-0.23 -0.04 0
-0.22 -0.04 0
-0.21 -0.04 0
-0.2 -0.04 0
-0.19 -0.04 0
-0.18 -0.04 0
-0.17 -0.04 0
-0.16 -0.04 0
-0.15 -0.04 0
-0.14 -0.04 0
-0.13 -0.04 0
-0.12 -0.04 0
-0.11 -0.04 0
-0.09999999999999998 -0.04 0
-0.09000000000000002 -0.04 0
-0.08000000000000002 -0.04 0
-0.07000000000000001 -0.04 0
-0.06 -0.04 0
-0.04999999999999999 -0.04 0
-0.03999999999999998 -0.04 0
-0.03000000000000003 -0.04 0
-0.02000000000000002 -0.04 0
-0.01000000000000001 -0.04 0
0 -0.04 0
0.01000000000000001 -0.04 0
0.02000000000000002 -0.04 0
0.03000000000000003 -0.04 0
0.04000000000000004 -0.04 0
0.05000000000000004 -0.04 0
0.06000000000000005 -0.04 0
0.06999999999999995 -0.04 0
0.07999999999999996 -0.04 0
0.08999999999999997 -0.04 0
0.09999999999999998 -0.04 0
0.11 -0.04 0
0.12 -0.04 0
0.13 -0.04 0
0.14 -0.04 0
0.15 -0.04 0
0.16 -0.04 0
0.17 -0.04 0
0.18 -0.04 0
0.1899999999999999 -0.04 0
0.2 -0.04 0
0.21 -0.04 0
0.22 -0.04 0
0.23 -0.04 0
0.24 -0.04 0
0.25 -0.04 0
0.26 -0.04 0
0.27 -0.04 0
0.28 -0.04 0
0.29 -0.04 0
0.3 -0.04 0
0.3100000000000001 -0.04 0
0.32 -0.04 0
0.33 -0.04 0
0.34 -0.04 0
0.35 -0.04 0
0.36 -0.04 0
0.37 -0.04 0
0.38 -0.04 0
0.39 -0.04 0
0.4 -0.04 0
0.41 -0.04 0
0.42 -0.04 0
0.43 -0.04 0
0.4399999999999999 -0.04 0
0.45 -0.04 0
0.46 -0.04 0
0.47 -0.04 0
0.48 -0.04 0
0.49 -0.04 0
0.5 -0.04 0
-0.5 -0.03 0
-0.49 -0.03 0
-0.48 -0.03 0
-0.47 -0.03 0
-0.46 -0.03 0
-0.45 -0.03 0
-0.44 -0.03 0
-0.43 -0.03 0
-0.42 -0.03 0
-0.41 -0.03 0
-0.4 -0.03 0
-0.39 -0.03 0
-0.38 -0.03 0
-0.37 -0.03 0
-0.36 -0.03 0
-0.35 -0.03 0
-0.34 -0.03 0
-0.33 -0.03 0
-0.32 -0.03 0
-0.31 -0.03 0
-0.3 -0.03 0
-0.29 -0.03 0
-0.28 -0.03 0
-0.27 -0.03 0
-0.26 -0.03 0
-0.25 -0.03 0
-0.24 -0.03 0
-0.23 -0.03 0
-0.22 -0.03 0
-0.21 -0.03 0
-0.2 -0.03 0
-0.19 -0.03 0
-0.18 -0.03 0
-0.17 -0.03 0
-0.16 -0.03 0
-0.15 -0.03 0
-0.14 -0.03 0
-0.13 -0.03 0
-0.12 -0.03 0
-0.11 -0.03 0
-0.09999999999999998 -0.03 0
-0.09000000000000002 -0.03 0
-0.08000000000000002 -0.03 0
-0.07000000000000001 -0.03 0
-0.06 -0.03 0
-0.04999999999999999 -0.03 0
-0.03999999999999998 -0.03 0
-0.03000000000000003 -0.03 0
-0.02000000000000002 -0.03 0
-0.01000000000000001 -0.03 0
0 -0.03 0
0.01000000000000001 -0.03 0
0.02000000000000002 -0.03 0
0.03000000000000003 -0.03 0
0.04000000000000004 -0.03 0
0.05000000000000004 -0.03 0
0.06000000000000005 -0.03 0
0.06999999999999995 -0.03 0
0.07999999999999996 -0.03 0
0.08999999999999997 -0.03 0
0.09999999999999998 -0.03 0
0.11 -0.03 0
0.12 -0.03 0
0.13 -0.03 0
0.14 -0.03 0
0.15 -0.03 0
0.16 -0.03 0
0.17 -0.03 0
0.18 -0.03 0
0.1899999999999999 -0.03 0
0.2 -0.03 0
0.21 -0.03 0
0.22 -0.03 0
0.23 -0.03 0
0.24 -0.03 0
0.25 -0.03 0
0.26 -0.03 0
0.27 -0.03 0
0.28 -0.03 0
0.29 -0.03 0
0.3 -0.03 0
0.3100000000000001 -0.03 0
0.32 -0.03 0
0.33 -0.03 0
0.34 -0.03 0
0.35 -0.03 0
0.36 -0.03 0
0.37 -0.03 0
0.38 -0.03 0
0.39 -0.03 0
0.4 -0.03 0
0.41 -0.03 0
0.42 -0.03 0
0.43 -0.03 0
0.4399999999999999 -0.03 0
0.45 -0.03 0
0.46 -0.03 0
0.47 -0.03 0
0.48 -0.03 0
0.49 -0.03 0
0.5 -0.03 0
-0.5 -0.02 0
-0.49 -0.02 0
-0.48 -0.02 0
-0.47 -0.02 0
-0.46 -0.02 0
-0.45 -0.02 0
-0.44 -0.02 0
-0.43 -0.02 0
-0.42 -0.02 0
-0.41 -0.02 0
-0.4 -0.02 0
-0.39 -0.02 0
-0.38 -0.02 0
-0.37 -0.02 0
-0.36 -0.02 0
-0.35 -0.02 0
-0.34 -0.02 0
-0.33 -0.02 0
-0.32 -0.02 0
-0.31 -0.02 0
-0.3 -0.02 0
-0.29 -0.02 0
-0.28 -0.02 0
-0.27 -0.02 0
-0.26 -0.02 0
-0.25 -0.02 0
-0.24 -0.02 0
-0.23 -0.02 0
-0.22 -0.02 0
-0.21 -0.02 0
-0.2 -0.02 0
-0.19 -0.02 0
-0.18 -0.02 0
-0.17 -0.02 0
-0.16 -0.02 0
-0.15 -0.02 0
-0.14 -0.02 0
-0.13 -0.02 0
-0.12 -0.02 0
-0.11 -0.02 0
-0.09999999999999998 -0.02 0
-0.09000000000000002 -0.02 0
-0.08000000000000002 -0.02 0
-0.07000000000000001 -0.02 0
-0.06 -0.02 0
-0.04999999999999999 -0.02 0
-0.03999999999999998 -0.02 0
-0.03000000000000003 -0.02 0
-0.02000000000000002 -0.02 0
-0.01000000000000001 -0.02 0
0 -0.02 0
0.01000000000000001 -0.02 0
0.02000000000000002 -0.02 0
0.03000000000000003 -0.02 0
0.04000000000000004 -0.02 0
0.05000000000000004 -0.02 0
0.06000000000000005 -0.02 0
0.06999999999999995 -0.02 0
0.07999999999999996 -0.02 0
0.08999999999999997 -0.02 0
0.09999999999999998 -0.02 0
0.11 -0.02 0
0.12 -0.02 0
0.13 -0.02 0
0.14 -0.02 0
0.15 -0.02 0
0.16 -0.02 0
0.17 -0.02 0
0.18 -0.02 0
0.1899999999999999 -0.02 0
0.2 -0.02 0
0.21 -0.02 0
0.22 -0.02 0
0.23 -0.02 0
0.24 -0.02 0
0.25 -0.02 0
0.26 -0.02 0
0.27 -0.02 0
0.28 -0.02 0
0.29 -0.02 0
0.3 -0.02 0
0.3100000000000001 -0.02 0
0.32 -0.02 0
0.33 -0.02 0
0.34 -0.02 0
0.35 -0.02 0
0.36 -0.02 0
0.37 -0.02 0
0.38 -0.02 0
0.39 -0.02 0
0.4 -0.02 0
0.41 -0.02 0
0.42 -0.02 0
0.43 -0.02 0
0.4399999999999999 -0.02 0
0.45 -0.02 0
0.46 -0.02 0
0.47 -0.02 0
0.48 -0.02 0
0.49 -0.02 0
0.5 -0.02 0
-0.5 -0.009999999999999995 0
-0.49 -0.009999999999999995 0
-0.48 -0.009999999999999995 0
-0.47 -0.009999999999999995 0
-0.46 -0.009999999999999995 0
-0.45 -0.009999999999999995 0
-0.44 -0.009999999999999995 0
-0.43 -0.009999999999999995 0
-0.42 -0.009999999999999995 0
-0.41 -0.009999999999999995 0
-0.4 -0.009999999999999995 0
-0.39 -0.009999999999999995 0
-0.38 -0.009999999999999995 0
-0.37 -0.009999999999999995 0
-0.36 -0.009999999999999995 0
-0.35 -0.009999999999999995 0
-0.34 -0.009999999999999995 0
-0.33 -0.009999999999999995 0
-0.32 -0.009999999999999995 0
-0.31 -0.009999999999999995 0
-0.3 -0.009999999999999995 0
-0.29 -0.009999999999999995 0
-0.28 -0.009999999999999995 0
-0.27 -0.009999999999999995 0
-0.26 -0.009999999999999995 0
-0.25 -0.009999999999999995 0
-0.24 -0.009999999999999995 0
-0.23 -0.009999999999999995 0
-0.22 -0.009999999999999995 0
-0.21 -0.009999999999999995 0
-0.2 -0.009999999999999995 0
-0.19 -0.009999999999999995 0
-0.18 -0.009999999999999995 0
-0.17 -0.009999999999999995 0
-0.16 -0.009999999999999995 0
-0.15 -0.009999999999999995 0
-0.14 -0.009999999999999995 0
-0.13 -0.009999999999999995 0
-0.12 -0.009999999999999995 0
-0.11 -0.009999999999999995 0
-0.09999999999999998 -0.009999999999999995 0
-0.09000000000000002 -0.009999999999999995 0
-0.08000000000000002 -0.009999999999999995 0
-0.07000000000000001 -0.009999999999999995 0
-0.06 -0.009999999999999995 0
-0.04999999999999999 -0.009999999999999995 0
-0.03999999999999998 -0.009999999999999995 0
-0.03000000000000003 -0.009999999999999995 0
-0.02000000000000002 -0.009999999999999995 0
-0.01000000000000001 -0.009999999999999995 0
0 -0.009999999999999995 0
0.01000000000000001 -0.009999999999999995 0
0.02000000000000002 -0.009999999999999995 0
0.03000000000000003 -0.009999999999999995 0
0.04000000000000004 -0.009999999999999995 0
0.05000000000000004 -0.009999999999999995 0
0.06000000000000005 -0.009999999999999995 0
0.06999999999999995 -0.009999999999999995 0
0.07999999999999996 -0.009999999999999995 0
0.08999999999999997 -0.009999999999999995 0
0.09999999999999998 -0.009999999999999995 0
0.11 -0.009999999999999995 0
0.12 -0.009999999999999995 0
0.13 -0.009999999999999995 0
0.14 -0.009999999999999995 0
0.15 -0.009999999999999995 0
0.16 -0.009999999999999995 0
0.17 -0.009999999999999995 0
0.18 -0.009999999999999995 0
0.1899999999999999 -0.009999999999999995 0
0.2 -0.009999999999999995 0
0.21 -0.009999999999999995 0
0.22 -0.009999999999999995 0
0.23 -0.009999999999999995 0
0.24 -0.009999999999999995 0
0.25 -0.009999999999999995 0
0.26 -0.009999999999999995 0
0.27 -0.009999999999999995 0
0.28 -0.009999999999999995 0
0.29 -0.009999999999999995 0
0.3 -0.009999999999999995 0
0.3100000000000001 -0.009999999999999995 0
0.32 -0.009999999999999995 0
0.33 -0.009999999999999995 0
0.34 -0.009999999999999995 0
0.35 -0.009999999999999995 0
0.36 -0.009999999999999995 0
0.37 -0.009999999999999995 0
0.38 -0.009999999999999995 0
0.39 -0.009999999999999995 0
0.4 -0.009999999999999995 0
0.41 -0.009999999999999995 0
0.42 -0.009999999999999995 0
0.43 -0.009999999999999995 0
0.4399999999999999 -0.009999999999999995 0
0.45 -0.009999999999999995 0
0.46 -0.009999999999999995 0
0.47 -0.009999999999999995 0
0.48 -0.009999999999999995 0
0.49 -0.009999999999999995 0
0.5 -0.009999999999999995 0
-0.5 0 0
-0.49 0 0
-0.48 0 0
-0.47 0 0
-0.46 0 0
-0.45 0 0
-0.44 0 0
-0.43 0 0
-0.42 0 0
-0.41 0 0
-0.4 0 0
-0.39 0 0
-0.38 0 0
-0.37 0 0
-0.36 0 0
-0.35 0 0
-0.34 0 0
-0.33 0 0
-0.32 0 0
-0.31 0 0
-0.3 0 0
-0.29 0 0
-0.28 0 0
-0.27 0 0
-0.26 0 0
-0.25 0 0
-0.24 0 0
-0.23 0 0
-0.22 0 0
-0.21 0 0
-0.2 0 0
-0.19 0 0
-0.18 0 0
-0.17 0 0
-0.16 0 0
-0.15 0 0
-0.14 0 0
-0.13 0 0
-0.12 0 0
-0.11 0 0
-0.09999999999999998 0 0
-0.09000000000000002 0 0
-0.08000000000000002 0 0
-0.07000000000000001 0 0
-0.06 0 0
-0.04999999999999999 0 0
-0.03999999999999998 0 0
-0.03000000000000003 0 0
-0.02000000000000002 0 0
-0.01000000000000001 0 0
0 0 0
0.01000000000000001 0 0
0.02000000000000002 0 0
0.03000000000000003 0 0
0.04000000000000004 0 0
0.05000000000000004 0 0
0.06000000000000005 0 0
0.06999999999999995 0 0
0.07999999999999996 0 0
0.08999999999999997 0 0
0.09999999999999998 0 0
0.11 0 0
0.12 0 0
0.13 0 0
0.14 0 0
0.15 0 0
0.16 0 0
0.17 0 0
0.18 0 0
0.1899999999999999 0 0
0.2 0 0
0.21 0 0
0.22 0 0
0.23 0 0
0.24 0 0
0.25 0 0
0.26 0 0
0.27 0 0
0.28 0 0
0.29 0 0
0.3 0 0
0.3100000000000001 0 0
0.32 0 0
0.33 0 0
0.34 0 0
0.35 0 0
0.36 0 0
0.37 0 0
0.38 0 0
0.39 0 0
0.4 0 0
0.41 0 0
0.42 0 0
0.43 0 0
0.4399999999999999 0 0
0.45 0 0
0.46 0 0
0.47 0 0
0.48 0 0
0.49 0 0
0.5 0 0
-0.5 0.009999999999999995 0
-0.49 0.009999999999999995 0
-0.48 0.009999999999999995 0
-0.47 0.009999999999999995 0
-0.46 0.009999999999999995 0
-0.45 0.009999999999999995 0
-0.44 0.009999999999999995 0
-0.43 0.009999999999999995 0
-0.42 0.009999999999999995 0
-0.41 0.009999999999999995 0
-0.4 0.009999999999999995 0
-0.39 0.009999999999999995 0
-0.38 0.009999999999999995 0
-0.37 0.009999999999999995 0
-0.36 0.009999999999999995 0
-0.35 0.009999999999999995 0
-0.34 0.009999999999999995 0
-0.33 0.009999999999999995 0
-0.32 0.009999999999999995 0
-0.31 0.009999999999999995 0
-0.3 0.009999999999999995 0
-0.29 0.009999999999999995 0
-0.28 0.009999999999999995 0
-0.27 0.009999999999999995 0
-0.26 0.009999999999999995 0
-0.25 0.009999999999999995 0
-0.24 0.009999999999999995 0
-0.23 0.009999999999999995 0
-0.22 0.009999999999999995 0
-0.21 0.009999999999999995 0
-0.2 0.009999999999999995 0
-0.19 0.009999999999999995 0
-0.18 0.009999999999999995 0
-0.17 0.009999999999999995 0
-0.16 0.009999999999999995 0
-0.15 0.009999999999999995 0
-0.14 0.009999999999999995 0
-0.13 0.009999999999999995 0
-0.12 0.009999999999999995 0
-0.11 0.009999999999999995 0
-0.09999999999999998 0.009999999999999995 0
-0.09000000000000002 0.009999999999999995 0
-0.08000000000000002 0.009999999999999995 0
-0.07000000000000001 0.009999999999999995 0
-0.06 0.009999999999999995 0
-0.04999999999999999 0.009999999999999995 0
-0.03999999999999998 0.009999999999999995 0
-0.03000000000000003 0.009999999999999995 0
-0.02000000000000002 0.009999999999999995 0
-0.01000000000000001 0.009999999999999995 0
0 0.009999999999999995 0
0.01000000000000001 0.009999999999999995 0
0.02000000000000002 0.009999999999999995 0
0.03000000000000003 0.009999999999999995 0
0.04000000000000004 0.009999999999999995 0
0.05000000000000004 0.009999999999999995 0
0.06000000000000005 0.009999999999999995 0
0.06999999999999995 0.009999999999999995 0
0.07999999999999996 0.009999999999999995 0
0.08999999999999997 0.009999999999999995 0
0.09999999999999998 0.009999999999999995 0
0.11 0.009999999999999995 0
0.12 0.009999999999999995 0
0.13 0.009999999999999995 0
0.14 0.009999999999999995 0
0.15 0.009999999999999995 0
0.16 0.009999999999999995 0
0.17 0.009999999999999995 0
0.18 0.009999999999999995 0
0.1899999999999999 0.009999999999999995 0
0.2 0.009999999999999995 0
0.21 0.009999999999999995 0
0.22 0.009999999999999995 0
0.23 0.009999999999999995 0
0.24 0.009999999999999995 0
0.25 0.009999999999999995 0
0.26 0.009999999999999995 0
0.27 0.009999999999999995 0
0.28 0.009999999999999995 0
0.29 0.009999999999999995 0
0.3 0.009999999999999995 0
0.3100000000000001 0.009999999999999995 0
0.32 0.009999999999999995 0
0.33 0.009999999999999995 0
0.34 0.009999999999999995 0
0.35 0.009999999999999995 0
0.36 0.009999999999999995 0
0.37 0.009999999999999995 0
0.38 0.009999999999999995 0
0.39 0.009999999999999995 0
0.4 0.009999999999999995 0
0.41 0.009999999999999995 0
0.42 0.009999999999999995 0
0.43 0.009999999999999995 0
0.4399999999999999 0.009999999999999995 0
0.45 0.009999999999999995 0
0.46 0.009999999999999995 0
0.47 0.009999999999999995 0
0.48 0.009999999999999995 0
0.49 0.009999999999999995 0
0.5 0.009999999999999995 0
-0.5 0.01999999999999999 0
-0.49 0.01999999999999999 0
-0.48 0.01999999999999999 0
-0.47 0.01999999999999999 0
-0.46 0.01999999999999999 0
-0.45 0.01999999999999999 0
-0.44 0.01999999999999999 0
-0.43 0.01999999999999999 0
-0.42 0.01999999999999999 0
-0.41 0.01999999999999999 0
-0.4 0.01999999999999999 0
-0.39 0.01999999999999999 0
-0.38 0.01999999999999999 0
-0.37 0.01999999999999999 0
-0.36 0.01999999999999999 0
-0.35 0.01999999999999999 0
-0.34 0.01999999999999999 0
-0.33 0.01999999999999999 0
-0.32 0.01999999999999999 0
-0.31 0.01999999999999999 0
-0.3 0.01999999999999999 0
-0.29 0.01999999999999999 0
-0.28 0.01999999999999999 0
-0.27 0.01999999999999999 0
-0.26 0.01999999999999999 0
-0.25 0.01999999999999999 0
-0.24 0.01999999999999999 0
-0.23 0.01999999999999999 0
-0.22 0.01999999999999999 0
-0.21 0.01999999999999999 0
-0.2 0.01999999999999999 0
-0.19 0.01999999999999999 0
-0.18 0.01999999999999999 0
-0.17 0.01999999999999999 0
-0.16 0.01999999999999999 0
-0.15 0.01999999999999999 0
-0.14 0.01999999999999999 0
-0.13 0.01999999999999999 0
-0.12 0.01999999999999999 0
-0.11 0.01999999999999999 0
-0.09999999999999998 0.01999999999999999 0
-0.09000000000000002 0.01999999999999999 0
-0.08000000000000002 0.01999999999999999 0
-0.07000000000000001 0.01999999999999999 0
-0.06 0.01999999999999999 0
-0.04999999999999999 0.01999999999999999 0
-0.03999999999999998 0.01999999999999999 0
-0.03000000000000003 0.01999999999999999 0
-0.02000000000000002 0.01999999999999999 0
-0.01000000000000001 0.01999999999999999 0
0 0.01999999999999999 0
0.01000000000000001 0.01999999999999999 0
0.02000000000000002 0.01999999999999999 0
0.03000000000000003 0.01999999999999999 0
0.04000000000000004 0.01999999999999999 0
0.05000000000000004 0.01999999999999999 0
0.06000000000000005 0.01999999999999999 0
0.06999999999999995 0.01999999999999999 0
0.07999999999999996 0.01999999999999999 0
0.08999999999999997 0.01999999999999999 0
0.09999999999999998 0.01999999999999999 0
0.11 0.01999999999999999 0
0.12 0.01999999999999999 0
0.13 0.01999999999999999 0
0.14 0.01999999999999999 0
0.15 0.01999999999999999 0
0.16 0.01999999999999999 0
0.17 0.01999999999999999 0
0.18 0.01999999999999999 0
0.1899999999999999 0.01999999999999999 0
0.2 0.01999999999999999 0
0.21 0.01999999999999999 0
0.22 0.01999999999999999 0
0.23 0.01999999999999999 0
0.24 0.01999999999999999 0
0.25 0.01999999999999999 0
0.26 0.01999999999999999 0
0.27 0.01999999999999999 0
0.28 0.01999999999999999 0
0.29 0.01999999999999999 0
0.3 0.01999999999999999 0
0.3100000000000001 0.01999999999999999 0
0.32 0.01999999999999999 0
0.33 0.01999999999999999 0
0.34 0.01999999999999999 0
0.35 0.01999999999999999 0
0.36 0.01999999999999999 0
0.37 0.01999999999999999 0
0.38 0.01999999999999999 0
0.39 0.01999999999999999 0
0.4 0.01999999999999999 0
0.41 0.01999999999999999 0
0.42 0.01999999999999999 0
0.43 0.01999999999999999 0
0.4399999999999999 0.01999999999999999 0
0.45 0.01999999999999999 0
0.46 0.01999999999999999 0
0.47 0.01999999999999999 0
0.48 0.01999999999999999 0
0.49 0.01999999999999999 0
0.5 0.01999999999999999 0
-0.5 0.03000000000000001 0
-0.49 0.03000000000000001 0
-0.48 0.03000000000000001 0
-0.47 0.03000000000000001 0
-0.46 0.03000000000000001 0
-0.45 0.03000000000000001 0
-0.44 0.03000000000000001 0
-0.43 0.03000000000000001 0
-0.42 0.03000000000000001 0
-0.41 0.03000000000000001 0
-0.4 0.03000000000000001 0
-0.39 0.03000000000000001 0
-0.38 0.03000000000000001 0
-0.37 0.03000000000000001 0
-0.36 0.03000000000000001 0
-0.35 0.03000000000000001 0
-0.34 0.03000000000000001 0
-0.33 0.03000000000000001 0
-0.32 0.03000000000000001 0
-0.31 0.03000000000000001 0
-0.3 0.03000000000000001 0
-0.29 0.03000000000000001 0
-0.28 0.03000000000000001 0
-0.27 0.03000000000000001 0
-0.26 0.03000000000000001 0
-0.25 0.03000000000000001 0
-0.24 0.03000000000000001 0
-0.23 0.03000000000000001 0
-0.22 0.03000000000000001 0
-0.21 0.03000000000000001 0
-0.2 0.03000000000000001 0
-0.19 0.03000000000000001 0
-0.18 0.03000000000000001 0
-0.17 0.03000000000000001 0
-0.16 0.03000000000000001 0
-0.15 0.03000000000000001 0
-0.14 0.03000000000000001 0
-0.13 0.03000000000000001 0
-0.12 0.03000000000000001 0
-0.11 0.03000000000000001 0
-0.09999999999999998 0.03000000000000001 0
-0.09000000000000002 0.03000000000000001 0
-0.08000000000000002 0.03000000000000001 0
-0.07000000000000001 0.03000000000000001 0
-0.06 0.03000000000000001 0
-0.04999999999999999 0.03000000000000001 0
-0.03999999999999998 0.03000000000000001 0
-0.03000000000000003 0.03000000000000001 0
-0.02000000000000002 0.03000000000000001 0
-0.01000000000000001 0.03000000000000001 0
0 0.03000000000000001 0
0.01000000000000001 0.03000000000000001 0
0.02000000000000002 0.03000000000000001 0
0.03000000000000003 0.03000000000000001 0
0.04000000000000004 0.03000000000000001 0
0.05000000000000004 0.03000000000000001 0
0.06000000000000005 0.03000000000000001 0
0.06999999999999995 0.03000000000000001 0
0.07999999999999996 0.03000000000000001 0
0.08999999999999997 0.03000000000000001 0
0.09999999999999998 0.03000000000000001 0
0.11 0.03000000000000001 0
0.12 0.03000000000000001 0
0.13 0.03000000000000001 0
0.14 0.03000000000000001 0
0.15 0.03000000000000001 0
0.16 0.03000000000000001 0
0.17 0.03000000000000001 0
0.18 0.03000000000000001 0
0.1899999999999999 0.03000000000000001 0
0.2 0.03000000000000001 0
0.21 0.03000000000000001 0
0.22 0.03000000000000001 0
0.23 0.03000000000000001 0
0.24 0.03000000000000001 0
0.25 0.03000000000000001 0
0.26 0.03000000000000001 0
0.27 0.03000000000000001 0
0.28 0.03000000000000001 0
0.29 0.03000000000000001 0
0.3 0.03000000000000001 0
0.3100000000000001 0.03000000000000001 0
0.32 0.03000000000000001 0
0.33 0.03000000000000001 0
0.34 0.03000000000000001 0
0.35 0.03000000000000001 0
0.36 0.03000000000000001 0
0.37 0.03000000000000001 0
0.38 0.03000000000000001 0
0.39 0.03000000000000001 0
0.4 0.03000000000000001 0
0.41 0.03000000000000001 0
0.42 0.03000000000000001 0
0.43 0.03000000000000001 0
0.4399999999999999 0.03000000000000001 0
0.45 0.03000000000000001 0
0.46 0.03000000000000001 0
0.47 0.03000000000000001 0
0.48 0.03000000000000001 0
0.49 0.03000000000000001 0
0.5 0.03000000000000001 0
-0.5 0.04000000000000001 0
-0.49 0.04000000000000001 0
-0.48 0.04000000000000001 0
-0.47 0.04000000000000001 0
-0.46 0.04000000000000001 0
-0.45 0.04000000000000001 0
-0.44 0.04000000000000001 0
-0.43 0.04000000000000001 0
-0.42 0.04000000000000001 0
-0.41 0.04000000000000001 0
-0.4 0.04000000000000001 0
-0.39 0.04000000000000001 0
-0.38 0.04000000000000001 0
-0.37 0.04000000000000001 0
-0.36 0.04000000000000001 0
-0.35 0.04000000000000001 0
-0.34 0.04000000000000001 0
-0.33 0.04000000000000001 0
-0.32 0.04000000000000001 0
-0.31 0.04000000000000001 0
-0.3 0.04000000000000001 0
-0.29 0.04000000000000001 0
-0.28 0.04000000000000001 0
-0.27 0.04000000000000001 0
-0.26 0.04000000000000001 0
-0.25 0.04000000000000001 0
-0.24 0.04000000000000001 0
-0.23 0.04000000000000001 0
-0.22 0.04000000000000001 0
-0.21 0.04000000000000001 0
-0.2 0.04000000000000001 0
-0.19 0.04000000000000001 0
-0.18 0.04000000000000001 0
-0.17 0.04000000000000001 0
-0.16 0.04000000000000001 0
-0.15 0.04000000000000001 0
-0.14 0.04000000000000001 0
-0.13 0.04000000000000001 0
-0.12 0.04000000000000001 0
-0.11 0.04000000000000001 0
-0.09999999999999998 0.04000000000000001 0
-0.09000000000000002 0.04000000000000001 0
-0.08000000000000002 0.04000000000000001 0
-0.07000000000000001 0.04000000000000001 0
-0.06 0.04000000000000001 0
-0.04999999999999999 0.04000000000000001 0
-0.03999999999999998 0.04000000000000001 0
-0.03000000000000003 0.04000000000000001 0
-0.02000000000000002 0.04000000000000001 0
-0.01000000000000001 0.04000000000000001 0
0 0.04000000000000001 0
0.01000000000000001 0.04000000000000001 0
0.02000000000000002 0.04000000000000001 0
0.03000000000000003 0.04000000000000001 0
0.04000000000000004 0.04000000000000001 0
0.05000000000000004 0.04000000000000001 0
0.06000000000000005 0.04000000000000001 0
0.06999999999999995 0.04000000000000001 0
0.07999999999999996 0.04000000000000001 0
0.08999999999999997 0.04000000000000001 0
0.09999999999999998 0.04000000000000001 0
0.11 0.04000000000000001 0
0.12 0.04000000000000001 0
0.13 0.04000000000000001 0
0.14 0.04000000000000001 0
0.15 0.04000000000000001 0
0.16 0.04000000000000001 0
0.17 0.04000000000000001 0
0.18 0.04000000000000001 0
0.1899999999999999 0.04000000000000001 0
0.2 0.04000000000000001 0
0.21 0.04000000000000001 0
0.22 0.04000000000000001 0
0.23 0.04000000000000001 0
0.24 0.04000000000000001 0
0.25 0.04000000000000001 0
0.26 0.04000000000000001 0
0.27 0.04000000000000001 0
0.28 0.04000000000000001 0
0.29 0.04000000000000001 0
0.3 0.04000000000000001 0
0.3100000000000001 0.04000000000000001 0
0.32 0.04000000000000001 0
0.33 0.04000000000000001 0
0.34 0.04000000000000001 0
0.35 0.04000000000000001 0
0.36 0.04000000000000001 0
0.37 0.04000000000000001 0
0.38 0.04000000000000001 0
0.39 0.04000000000000001 0
0.4 0.04000000000000001 0
0.41 0.04000000000000001 0
0.42 0.04000000000000001 0
0.43 0.04000000000000001 0
0.4399999999999999 0.04000000000000001 0
0.45 0.04000000000000001 0
0.46 0.04000000000000001 0
0.47 0.04000000000000001 0
0.48 0.04000000000000001 0
0.49 0.04000000000000001 0
0.5 0.04000000000000001 0
-0.5 0.05 0
-0.49 0.05 0
-0.48 0.05 0
-0.47 0.05 0
-0.46 0.05 0
-0.45 0.05 0
-0.44 0.05 0
-0.43 0.05 0
-0.42 0.05 0
-0.41 0.05 0
-0.4 0.05 0
-0.39 0.05 0
-0.38 0.05 0
-0.37 0.05 0
-0.36 0.05 0
-0.35 0.05 0
-0.34 0.05 0
-0.33 0.05 0
-0.32 0.05 0
-0.31 0.05 0
-0.3 0.05 0
-0.29 0.05 0
-0.28 0.05 0
-0.27 0.05 0
-0.26 0.05 0
-0.25 0.05 0
-0.24 0.05 0
-0.23 0.05 0
-0.22 0.05 0
-0.21 0.05 0
-0.2 0.05 0
-0.19 0.05 0
-0.18 0.05 0
-0.17 0.05 0
-0.16 0.05 0
-0.15 0.05 0
-0.14 0.05 0
-0.13 0.05 0
-0.12 0.05 0
-0.11 0.05 0
-0.09999999999999998 0.05 0
-0.09000000000000002 0.05 0
-0.08000000000000002 0.05 0
-0.07000000000000001 0.05 0
-0.06 0.05 0
-0.04999999999999999 0.05 0
-0.03999999999999998 0.05 0
-0.03000000000000003 0.05 0
-0.02000000000000002 0.05 0
-0.01000000000000001 0.05 0
0 0.05 0
0.01000000000000001 0.05 0
0.02000000000000002 0.05 0
0.03000000000000003 0.05 0
0.04000000000000004 0.05 0
0.05000000000000004 0.05 0
0.06000000000000005 0.05 0
0.06999999999999995 0.05 0
0.07999999999999996 0.05 0
0.08999999999999997 0.05 0
0.09999999999999998 0.05 0
0.11 0.05 0
0.12 0.05 0
0.13 0.05 0
0.14 0.05 0
0.15 0.05 0
0.16 0.05 0
0.17 0.05 0
0.18 0.05 0
0.1899999999999999 0.05 0
0.2 0.05 0
0.21 0.05 0
0.22 0.05 0
0.23 0.05 0
0.24 0.05 0
0.25 0.05 0
0.26 0.05 0
0.27 0.05 0
0.28 0.05 0
0.29 0.05 0
0.3 0.05 0
0.3100000000000001 0.05 0
0.32 0.05 0
0.33 0.05 0
0.34 0.05 0
0.35 0.05 0
0.36 0.05 0
0.37 0.05 0
0.38 0.05 0
0.39 0.05 0
0.4 0.05 0
0.41 0.05 0
0.42 0.05 0
0.43 0.05 0
0.4399999999999999 0.05 0
0.45 0.05 0
0.46 0.05 0
0.47 0.05 0
0.48 0.05 0
0.49 0.05 0
0.5 0.05 0
-0.5 -0.05 0.009999999999999995
-0.49 -0.05 0.009999999999999995
-0.48 -0.05 0.009999999999999995
-0.47 -0.05 0.009999999999999995
-0.46 -0.05 0.009999999999999995
-0.45 -0.05 0.009999999999999995
-0.44 -0.05 0.009999999999999995
-0.43 -0.05 0.009999999999999995
-0.42 -0.05 0.009999999999999995
-0.41 -0.05 0.009999999999999995
-0.4 -0.05 0.009999999999999995
-0.39 -0.05 0.009999999999999995
-0.38 -0.05 0.009999999999999995
-0.37 -0.05 0.009999999999999995
-0.36 -0.05 0.009999999999999995
-0.35 -0.05 0.009999999999999995
-0.34 -0.05 0.009999999999999995
-0.33 -0.05 0.009999999999999995
-0.32 -0.05 0.009999999999999995
-0.31 -0.05 0.009999999999999995
-0.3 -0.05 0.009999999999999995
-0.29 -0.05 0.009999999999999995
-0.28 -0.05 0.009999999999999995
-0.27 -0.05 0.009999999999999995
-0.26 -0.05 0.009999999999999995
-0.25 -0.05 0.009999999999999995
-0.24 -0.05 0.009999999999999995
-0.23 -0.05 0.009999999999999995
-0.22 -0.05 0.009999999999999995
-0.21 -0.05 0.009999999999999995
-0.2 -0.05 0.009999999999999995
-0.19 -0.05 0.009999999999999995
-0.18 -0.05 0.009999999999999995
-0.17 -0.05 0.009999999999999995
-0.16 -0.05 0.009999999999999995
-0.15 -0.05 0.009999999999999995
-0.14 -0.05 0.009999999999999995
-0.13 -0.05 0.009999999999999995
-0.12 -0.05 0.009999999999999995
-0.11 -0.05 0.009999999999999995
-0.09999999999999998 -0.05 0.009999999999999995
-0.09000000000000002 -0.05 0.009999999999999995
-0.08000000000000002 -0.05 0.009999999999999995
-0.07000000000000001 -0.05 0.009999999999999995
-0.06 -0.05 0.009999999999999995
-0.04999999999999999 -0.05 0.009999999999999995
-0.03999999999999998 -0.05 0.009999999999999995
-0.03000000000000003 -0.05 0.009999999999999995
-0.02000000000000002 -0.05 0.009999999999999995
-0.01000000000000001 -0.05 0.009999999999999995
0 -0.05 0.009999999999999995
0.01000000000000001 -0.05 0.009999999999999995
0.02000000000000002 -0.05 0.009999999999999995
0.03000000000000003 -0.05 0.009999999999999995
0.04000000000000004 -0.05 0.009999999999999995
0.05000000000000004 -0.05 0.009999999999999995
0.06000000000000005 -0.05 0.009999999999999995
0.06999999999999995 -0.05 0.009999999999999995
0.07999999999999996 -0.05 0.009999999999999995
0.08999999999999997 -0.05 0.009999999999999995
0.09999999999999998 -0.05 0.009999999999999995
0.11 -0.05 0.009999999999999995
0.12 -0.05 0.009999999999999995
0.13 -0.05 0.009999999999999995
0.14 -0.05 0.009999999999999995
0.15 -0.05 0.009999999999999995
0.16 -0.05 0.009999999999999995
0.17 -0.05 0.009999999999999995
0.18 -0.05 0.009999999999999995
0.1899999999999999 -0.05 0.009999999999999995
0.2 -0.05 0.009999999999999995
0.21 -0.05 0.009999999999999995
0.22 -0.05 0.009999999999999995
0.23 -0.05 0.009999999999999995
0.24 -0.05 0.009999999999999995
0.25 -0.05 0.009999999999999995
0.26 -0.05 0.009999999999999995
0.27 -0.05 0.009999999999999995
0.28 -0.05 0.009999999999999995
0.29 -0.05 0.009999999999999995
0.3 -0.05 0.009999999999999995
0.3100000000000001 -0.05 0.009999999999999995
0.32 -0.05 0.009999999999999995
0.33 -0.05 0.009999999999999995
0.34 -0.05 0.009999999999999995
0.35 -0.05 0.009999999999999995
0.36 -0.05 0.009999999999999995
0.37 -0.05 0.009999999999999995
0.38 -0.05 0.009999999999999995
0.39 -0.05 0.009999999999999995
0.4 -0.05 0.009999999999999995
0.41 -0.05 0.009999999999999995
0.42 -0.05 0.009999999999999995
0.43 -0.05 0.009999999999999995
0.4399999999999999 -0.05 0.009999999999999995
0.45 -0.05 0.009999999999999995
0.46 -0.05 0.009999999999999995
0.47 -0.05 0.009999999999999995
0.48 -0.05 0.009999999999999995
0.49 -0.05 0.009999999999999995
0.5 -0.05 0.009999999999999995
-0.5 -0.04 0.009999999999999995
-0.49 -0.04 0.009999999999999995
-0.48 -0.04 0.009999999999999995
-0.47 -0.04 0.009999999999999995
-0.46 -0.04 0.009999999999999995
-0.45 -0.04 0.009999999999999995
-0.44 -0.04 0.009999999999999995
-0.43 -0.04 0.009999999999999995
-0.42 -0.04 0.009999999999999995
-0.41 -0.04 0.009999999999999995
-0.4 -0.04 0.009999999999999995
-0.39 -0.04 0.009999999999999995
-0.38 -0.04 0.009999999999999995
-0.37 -0.04 0.009999999999999995
-0.36 -0.04 0.009999999999999995
-0.35 -0.04 0.009999999999999995
-0.34 -0.04 0.009999999999999995
-0.33 -0.04 0.009999999999999995
-0.32 -0.04 0.009999999999999995
-0.31 -0.04 0.009999999999999995
-0.3 -0.04 0.009999999999999995
-0.29 -0.04 0.009999999999999995
-0.28 -0.04 0.009999999999999995
-0.27 -0.04 0.009999999999999995
-0.26 -0.04 0.009999999999999995
-0.25 -0.04 0.009999999999999995
-0.24 -0.04 0.009999999999999995
-0.23 -0.04 0.009999999999999995
-0.22 -0.04 0.009999999999999995
-0.21 -0.04 0.009999999999999995
-0.2 -0.04 0.009999999999999995
-0.19 -0.04 0.009999999999999995
-0.18 -0.04 0.009999999999999995
-0.17 -0.04 0.009999999999999995
-0.16 -0.04 0.009999999999999995
-0.15 -0.04 0.009999999999999995
-0.14 -0.04 0.009999999999999995
-0.13 -0.04 0.009999999999999995
-0.12 -0.04 0.009999999999999995
-0.11 -0.04 0.009999999999999995
-0.09999999999999998 -0.04 0.009999999999999995
-0.09000000000000002 -0.04 0.009999999999999995
-0.08000000000000002 -0.04 0.009999999999999995
-0.07000000000000001 -0.04 0.009999999999999995
-0.06 -0.04 0.009999999999999995
-0.04999999999999999 -0.04 0.009999999999999995
-0.03999999999999998 -0.04 0.009999999999999995
-0.03000000000000003 -0.04 0.009999999999999995
-0.02000000000000002 -0.04 0.009999999999999995
-0.01000000000000001 -0.04 0.009999999999999995
0 -0.04 0.009999999999999995
0.01000000000000001 -0.04 0.009999999999999995
0.02000000000000002 -0.04 0.009999999999999995
0.03000000000000003 -0.04 0.009999999999999995
0.04000000000000004 -0.04 0.009999999999999995
0.05000000000000004 -0.04 0.009999999999999995
0.06000000000000005 -0.04 0.009999999999999995
0.06999999999999995 -0.04 0.009999999999999995
0.07999999999999996 -0.04 0.009999999999999995
0.08999999999999997 -0.04 0.009999999999999995
0.09999999999999998 -0.04 0.009999999999999995
0.11 -0.04 0.009999999999999995
0.12 -0.04 0.009999999999999995
0.13 -0.04 0.009999999999999995
0.14 -0.04 0.009999999999999995
0.15 -0.04 0.009999999999999995
0.16 -0.04 0.009999999999999995
0.17 -0.04 0.009999999999999995
0.18 -0.04 0.009999999999999995
0.1899999999999999 -0.04 0.009999999999999995
0.2 -0.04 0.009999999999999995
0.21 -0.04 0.009999999999999995
0.22 -0.04 0.009999999999999995
0.23 -0.04 0.009999999999999995
0.24 -0.04 0.009999999999999995
0.25 -0.04 0.009999999999999995
0.26 -0.04 0.009999999999999995
0.27 -0.04 0.009999999999999995
0.28 -0.04 0.009999999999999995
0.29 -0.04 0.009999999999999995
0.3 -0.04 0.009999999999999995
0.3100000000000001 -0.04 0.009999999999999995
0.32 -0.04 0.009999999999999995
0.33 -0.04 0.009999999999999995
0.34 -0.04 0.009999999999999995
0.35 -0.04 0.009999999999999995
0.36 -0.04 0.009999999999999995
0.37 -0.04 0.009999999999999995
0.38 -0.04 0.009999999999999995
0.39 -0.04 0.009999999999999995
0.4 -0.04 0.009999999999999995
0.41 -0.04 0.009999999999999995
0.42 -0.04 0.009999999999999995
0.43 -0.04 0.009999999999999995
0.4399999999999999 -0.04 0.009999999999999995
0.45 -0.04 0.009999999999999995
0.46 -0.04 0.009999999999999995
0.47 -0.04 0.009999999999999995
0.48 -0.04 0.009999999999999995
0.49 -0.04 0.009999999999999995
0.5 -0.04 0.009999999999999995
-0.5 -0.03 0.009999999999999995
-0.49 -0.03 0.009999999999999995
-0.48 -0.03 0.009999999999999995
-0.47 -0.03 0.009999999999999995
-0.46 -0.03 0.009999999999999995
-0.45 -0.03 0.009999999999999995
-0.44 -0.03 0.009999999999999995
-0.43 -0.03 0.009999999999999995
-0.42 -0.03 0.009999999999999995
-0.41 -0.03 0.009999999999999995
-0.4 -0.03 0.009999999999999995
-0.39 -0.03 0.009999999999999995
-0.38 -0.03 0.009999999999999995
-0.37 -0.03 0.009999999999999995
-0.36 -0.03 0.009999999999999995
-0.35 -0.03 0.009999999999999995
-0.34 -0.03 0.009999999999999995
-0.33 -0.03 0.009999999999999995
-0.32 -0.03 0.009999999999999995
-0.31 -0.03 0.009999999999999995
-0.3 -0.03 0.009999999999999995
-0.29 -0.03 0.009999999999999995
-0.28 -0.03 0.009999999999999995
-0.27 -0.03 0.009999999999999995
-0.26 -0.03 0.009999999999999995
-0.25 -0.03 0.009999999999999995
-0.24 -0.03 0.009999999999999995
-0.23 -0.03 0.009999999999999995
-0.22 -0.03 0.009999999999999995
-0.21 -0.03 0.009999999999999995
-0.2 -0.03 0.009999999999999995
-0.19 -0.03 0.009999999999999995
-0.18 -0.03 0.009999999999999995
-0.17 -0.03 0.009999999999999995
-0.16 -0.03 0.009999999999999995
-0.15 -0.03 0.009999999999999995
-0.14 -0.03 0.009999999999999995
-0.13 -0.03 0.009999999999999995
-0.12 -0.03 0.009999999999999995
-0.11 -0.03 0.009999999999999995
-0.09999999999999998 -0.03 0.009999999999999995
-0.09000000000000002 -0.03 0.009999999999999995
-0.08000000000000002 -0.03 0.009999999999999995
-0.07000000000000001 -0.03 0.009999999999999995
-0.06 -0.03 0.009999999999999995
-0.04999999999999999 -0.03 0.009999999999999995
-0.03999999999999998 -0.03 0.009999999999999995
-0.03000000000000003 -0.03 0.009999999999999995
-0.02000000000000002 -0.03 0.009999999999999995
-0.01000000000000001 -0.03 0.009999999999999995
0 -0.03 0.009999999999999995
0.01000000000000001 -0.03 0.009999999999999995
0.02000000000000002 -0.03 0.009999999999999995
0.03000000000000003 -0.03 0.009999999999999995
0.04000000000000004 -0.03 0.009999999999999995
0.05000000000000004 -0.03 0.009999999999999995
0.06000000000000005 -0.03 0.009999999999999995
0.06999999999999995 -0.03 0.009999999999999995
0.07999999999999996 -0.03 0.009999999999999995
0.08999999999999997 -0.03 0.009999999999999995
0.09999999999999998 -0.03 0.009999999999999995
0.11 -0.03 0.009999999999999995
0.12 -0.03 0.009999999999999995
0.13 -0.03 0.009999999999999995
0.14 -0.03 0.009999999999999995
0.15 -0.03 0.009999999999999995
0.16 -0.03 0.009999999999999995
0.17 -0.03 0.009999999999999995
0.18 -0.03 0.009999999999999995
0.1899999999999999 -0.03 0.009999999999999995
0.2 -0.03 0.009999999999999995
0.21 -0.03 0.009999999999999995
0.22 -0.03 0.009999999999999995
0.23 -0.03 0.009999999999999995
0.24 -0.03 0.009999999999999995
0.25 -0.03 0.009999999999999995
0.26 -0.03 0.009999999999999995
0.27 -0.03 0.009999999999999995
0.28 -0.03 0.009999999999999995
0.29 -0.03 0.009999999999999995
0.3 -0.03 0.009999999999999995
0.3100000000000001 -0.03 0.009999999999999995
0.32 -0.03 0.009999999999999995
0.33 -0.03 0.009999999999999995
0.34 -0.03 0.009999999999999995
0.35 -0.03 0.009999999999999995
0.36 -0.03 0.009999999999999995
0.37 -0.03 0.009999999999999995
0.38 -0.03 0.009999999999999995
0.39 -0.03 0.009999999999999995
0.4 -0.03 0.009999999999999995
0.41 -0.03 0.009999999999999995
0.42 -0.03 0.009999999999999995
0.43 -0.03 0.009999999999999995
0.4399999999999999 -0.03 0.009999999999999995
0.45 -0.03 0.009999999999999995
0.46 -0.03 0.009999999999999995
0.47 -0.03 0.009999999999999995
0.48 -0.03 0.009999999999999995
0.49 -0.03 0.009999999999999995
0.5 -0.03 0.009999999999999995
-0.5 -0.02 0.009999999999999995
-0.49 -0.02 0.009999999999999995
-0.48 -0.02 0.009999999999999995
-0.47 -0.02 0.009999999999999995
-0.46 -0.02 0.009999999999999995
-0.45 -0.02 0.009999999999999995
-0.44 -0.02 0.009999999999999995
-0.43 -0.02 0.009999999999999995
-0.42 -0.02 0.009999999999999995
-0.41 -0.02 0.009999999999999995
-0.4 -0.02 0.009999999999999995
-0.39 -0.02 0.009999999999999995
-0.38 -0.02 0.009999999999999995
-0.37 -0.02 0.009999999999999995
-0.36 -0.02 0.009999999999999995
-0.35 -0.02 0.009999999999999995
-0.34 -0.02 0.009999999999999995
-0.33 -0.02 0.009999999999999995
-0.32 -0.02 0.009999999999999995
-0.31 -0.02 0.009999999999999995
-0.3 -0.02 0.009999999999999995
-0.29 -0.02 0.009999999999999995
-0.28 -0.02 0.009999999999999995
-0.27 -0.02 0.009999999999999995
-0.26 -0.02 0.009999999999999995
-0.25 -0.02 0.009999999999999995
-0.24 -0.02 0.009999999999999995
-0.23 -0.02 0.009999999999999995
-0.22 -0.02 0.009999999999999995
-0.21 -0.02 0.009999999999999995
-0.2 -0.02 0.009999999999999995
-0.19 -0.02 0.009999999999999995
-0.18 -0.02 0.009999999999999995
-0.17 -0.02 0.009999999999999995
-0.16 -0.02 0.009999999999999995
-0.15 -0.02 0.009999999999999995
-0.14 -0.02 0.009999999999999995
-0.13 -0.02 0.009999999999999995
-0.12 -0.02 0.009999999999999995
-0.11 -0.02 0.009999999999999995
-0.09999999999999998 -0.02 0.009999999999999995
-0.09000000000000002 -0.02 0.009999999999999995
-0.08000000000000002 -0.02 0.009999999999999995
-0.07000000000000001 -0.02 0.009999999999999995
-0.06 -0.02 0.009999999999999995
-0.04999999999999999 -0.02 0.009999999999999995
-0.03999999999999998 -0.02 0.009999999999999995
-0.03000000000000003 -0.02 0.009999999999999995
-0.02000000000000002 -0.02 0.009999999999999995
-0.01000000000000001 -0.02 0.009999999999999995
0 -0.02 0.009999999999999995
0.01000000000000001 -0.02 0.009999999999999995
0.02000000000000002 -0.02 0.009999999999999995
0.03000000000000003 -0.02 0.009999999999999995
0.04000000000000004 -0.02 0.009999999999999995
0.05000000000000004 -0.02 0.009999999999999995
0.06000000000000005 -0.02 0.009999999999999995
0.06999999999999995 -0.02 0.009999999999999995
0.07999999999999996 -0.02 0.009999999999999995
0.08999999999999997 -0.02 0.009999999999999995
0.09999999999999998 -0.02 0.009999999999999995
0.11 -0.02 0.009999999999999995
0.12 -0.02 0.009999999999999995
0.13 -0.02 0.009999999999999995
0.14 -0.02 0.009999999999999995
0.15 -0.02 0.009999999999999995
0.16 -0.02 0.009999999999999995
0.17 -0.02 0.009999999999999995
0.18 -0.02 0.009999999999999995
0.1899999999999999 -0.02 0.009999999999999995
0.2 -0.02 0.009999999999999995
0.21 -0.02 0.009999999999999995
0.22 -0.02 0.009999999999999995
0.23 -0.02 0.009999999999999995
0.24 -0.02 0.009999999999999995
0.25 -0.02 0.009999999999999995
0.26 -0.02 0.009999999999999995
0.27 -0.02 0.009999999999999995
0.28 -0.02 0.009999999999999995
0.29 -0.02 0.009999999999999995
0.3 -0.02 0.009999999999999995
0.3100000000000001 -0.02 0.009999999999999995
0.32 -0.02 0.009999999999999995
0.33 -0.02 0.009999999999999995
0.34 -0.02 0.009999999999999995
0.35 -0.02 0.009999999999999995
0.36 -0.02 0.009999999999999995
0.37 -0.02 0.009999999999999995
0.38 -0.02 0.009999999999999995
0.39 -0.02 0.009999999999999995
0.4 -0.02 0.009999999999999995
0.41 -0.02 0.009999999999999995
0.42 -0.02 0.009999999999999995
0.43 -0.02 0.009999999999999995
0.4399999999999999 -0.02 0.009999999999999995
0.45 -0.02 0.009999999999999995
0.46 -0.02 0.009999999999999995
0.47 -0.02 0.009999999999999995
0.48 -0.02 0.009999999999999995
0.49 -0.02 0.009999999999999995
0.5 -0.02 0.009999999999999995
-0.5 -0.009999999999999995 0.009999999999999995
-0.49 -0.009999999999999995 0.009999999999999995
-0.48 -0.009999999999999995 0.009999999999999995
-0.47 -0.009999999999999995 0.009999999999999995
-0.46 -0.009999999999999995 0.009999999999999995
-0.45 -0.009999999999999995 0.009999999999999995
-0.44 -0.009999999999999995 0.009999999999999995
-0.43 -0.009999999999999995 0.009999999999999995
-0.42 -0.009999999999999995 0.009999999999999995
-0.41 -0.009999999999999995 0.009999999999999995
-0.4 -0.009999999999999995 0.009999999999999995
-0.39 -0.009999999999999995 0.009999999999999995
-0.38 -0.009999999999999995 0.009999999999999995
-0.37 -0.009999999999999995 0.009999999999999995
-0.36 -0.009999999999999995 0.009999999999999995
-0.35 -0.009999999999999995 0.009999999999999995
-0.34 -0.009999999999999995 0.009999999999999995
-0.33 -0.009999999999999995 0.009999999999999995
-0.32 -0.009999999999999995 0.009999999999999995
-0.31 -0.009999999999999995 0.009999999999999995
-0.3 -0.009999999999999995 0.009999999999999995
-0.29 -0.009999999999999995 0.009999999999999995
-0.28 -0.009999999999999995 0.009999999999999995
-0.27 -0.009999999999999995 0.009999999999999995
-0.26 -0.009999999999999995 0.009999999999999995
-0.25 -0.009999999999999995 0.009999999999999995
-0.24 -0.009999999999999995 0.009999999999999995
-0.23 -0.009999999999999995 0.009999999999999995
-0.22 -0.009999999999999995 0.009999999999999995
-0.21 -0.009999999999999995 0.009999999999999995
-0.2 -0.009999999999999995 0.009999999999999995
-0.19 -0.009999999999999995 0.009999999999999995
-0.18 -0.009999999999999995 0.009999999999999995
-0.17 -0.009999999999999995 0.009999999999999995
-0.16 -0.009999999999999995 0.009999999999999995
-0.15 -0.009999999999999995 0.009999999999999995
-0.14 -0.009999999999999995 0.009999999999999995
-0.13 -0.009999999999999995 0.009999999999999995
-0.12 -0.009999999999999995 0.009999999999999995
-0.11 -0.009999999999999995 0.009999999999999995
-0.09999999999999998 -0.009999999999999995 0.009999999999999995
-0.09000000000000002 -0.009999999999999995 0.009999999999999995
-0.08000000000000002 -0.009999999999999995 0.009999999999999995
-0.07000000000000001 -0.009999999999999995 0.009999999999999995
-0.06 -0.009999999999999995 0.009999999999999995
-0.04999999999999999 -0.009999999999999995 0.009999999999999995
-0.03999999999999998 -0.009999999999999995 0.009999999999999995
-0.03000000000000003 -0.009999999999999995 0.009999999999999995
-0.02000000000000002 -0.009999999999999995 0.009999999999999995
-0.01000000000000001 -0.009999999999999995 0.009999999999999995
0 -0.009999999999999995 0.009999999999999995
0.01000000000000001 -0.009999999999999995 0.009999999999999995
0.02000000000000002 -0.009999999999999995 0.009999999999999995
0.03000000000000003 -0.009999999999999995 0.009999999999999995
0.04000000000000004 -0.009999999999999995 0.009999999999999995
0.05000000000000004 -0.009999999999999995 0.009999999999999995
0.06000000000000005 -0.009999999999999995 0.009999999999999995
0.06999999999999995 -0.009999999999999995 0.009999999999999995
0.07999999999999996 -0.009999999999999995 0.009999999999999995
0.08999999999999997 -0.009999999999999995 0.009999999999999995
0.09999999999999998 -0.009999999999999995 0.009999999999999995
0.11 -0.009999999999999995 0.009999999999999995
0.12 -0.009999999999999995 0.009999999999999995
0.13 -0.009999999999999995 0.009999999999999995
0.14 -0.009999999999999995 0.009999999999999995
0.15 -0.009999999999999995 0.009999999999999995
0.16 -0.009999999999999995 0.009999999999999995
0.17 -0.009999999999999995 0.009999999999999995
0.18 -0.009999999999999995 0.009999999999999995
0.1899999999999999 -0.009999999999999995 0.009999999999999995
0.2 -0.009999999999999995 0.009999999999999995
0.21 -0.009999999999999995 0.009999999999999995
0.22 -0.009999999999999995 0.009999999999999995
0.23 -0.009999999999999995 0.009999999999999995
0.24 -0.009999999999999995 0.009999999999999995
0.25 -0.009999999999999995 0.009999999999999995
0.26 -0.009999999999999995 0.009999999999999995
0.27 -0.009999999999999995 0.009999999999999995
0.28 -0.009999999999999995 0.009999999999999995
0.29 -0.009999999999999995 0.009999999999999995
0.3 -0.009999999999999995 0.009999999999999995
0.3100000000000001 -0.009999999999999995 0.009999999999999995
0.32 -0.009999999999999995 0.009999999999999995
0.33 -0.009999999999999995 0.009999999999999995
0.34 -0.009999999999999995 0.009999999999999995
0.35 -0.009999999999999995 0.009999999999999995
0.36 -0.009999999999999995 0.009999999999999995
0.37 -0.009999999999999995 0.009999999999999995
0.38 -0.009999999999999995 0.009999999999999995
0.39 -0.009999999999999995 0.009999999999999995
0.4 -0.009999999999999995 0.009999999999999995
0.41 -0.009999999999999995 0.009999999999999995
0.42 -0.009999999999999995 0.009999999999999995
0.43 -0.009999999999999995 0.009999999999999995
0.4399999999999999 -0.009999999999999995 0.009999999999999995
0.45 -0.009999999999999995 0.009999999999999995
0.46 -0.009999999999999995 0.009999999999999995
0.47 -0.009999999999999995 0.009999999999999995
0.48 -0.009999999999999995 0.009999999999999995
0.49 -0.009999999999999995 0.009999999999999995
0.5 -0.009999999999999995 0.009999999999999995
-0.5 0 0.009999999999999995
-0.49 0 0.009999999999999995
-0.48 0 0.009999999999999995
-0.47 0 0.009999999999999995
-0.46 0 0.009999999999999995
-0.45 0 0.009999999999999995
-0.44 0 0.009999999999999995
-0.43 0 0.009999999999999995
-0.42 0 0.009999999999999995
-0.41 0 0.009999999999999995
-0.4 0 0.009999999999999995
-0.39 0 0.009999999999999995
-0.38 0 0.009999999999999995
-0.37 0 0.009999999999999995
-0.36 0 0.009999999999999995
-0.35 0 0.009999999999999995
-0.34 0 0.009999999999999995
-0.33 0 0.009999999999999995
-0.32 0 0.009999999999999995
-0.31 0 0.009999999999999995
-0.3 0 0.009999999999999995
-0.29 0 0.009999999999999995
-0.28 0 0.009999999999999995
-0.27 0 0.009999999999999995
-0.26 0 0.009999999999999995
-0.25 0 0.009999999999999995
-0.24 0 0.009999999999999995
-0.23 0 0.009999999999999995
-0.22 0 0.009999999999999995
-0.21 0 0.009999999999999995
-0.2 0 0.009999999999999995
-0.19 0 0.009999999999999995
-0.18 0 0.009999999999999995
-0.17 0 0.009999999999999995
-0.16 0 0.009999999999999995
-0.15 0 0.009999999999999995
-0.14 0 0.009999999999999995
-0.13 0 0.009999999999999995
-0.12 0 0.009999999999999995
-0.11 0 0.009999999999999995
-0.09999999999999998 0 0.009999999999999995
-0.09000000000000002 0 0.009999999999999995
-0.08000000000000002 0 0.009999999999999995
-0.07000000000000001 0 0.009999999999999995
-0.06 0 0.009999999999999995
-0.04999999999999999 0 0.009999999999999995
-0.03999999999999998 0 0.009999999999999995
-0.03000000000000003 0 0.009999999999999995
-0.02000000000000002 0 0.009999999999999995
-0.01000000000000001 0 0.009999999999999995
0 0 0.009999999999999995
0.01000000000000001 0 0.009999999999999995
0.02000000000000002 0 0.009999999999999995
0.03000000000000003 0 0.009999999999999995
0.04000000000000004 0 0.009999999999999995
0.05000000000000004 0 0.009999999999999995
0.06000000000000005 0 0.009999999999999995
0.06999999999999995 0 0.009999999999999995
0.07999999999999996 0 0.009999999999999995
0.08999999999999997 0 0.009999999999999995
0.09999999999999998 0 0.009999999999999995
0.11 0 0.009999999999999995
0.12 0 0.009999999999999995
0.13 0 0.009999999999999995
0.14 0 0.009999999999999995
0.15 0 0.009999999999999995
0.16 0 0.009999999999999995
0.17 0 0.009999999999999995
0.18 0 0.009999999999999995
0.1899999999999999 0 0.009999999999999995
0.2 0 0.009999999999999995
0.21 0 0.009999999999999995
0.22 0 0.009999999999999995
0.23 0 0.009999999999999995
0.24 0 0.009999999999999995
0.25 0 0.009999999999999995
0.26 0 0.009999999999999995
0.27 0 0.009999999999999995
0.28 0 0.009999999999999995
0.29 0 0.009999999999999995
0.3 0 0.009999999999999995
0.3100000000000001 0 0.009999999999999995
0.32 0 0.009999999999999995
0.33 0 0.009999999999999995
0.34 0 0.009999999999999995
0.35 0 0.009999999999999995
0.36 0 0.009999999999999995
0.37 0 0.009999999999999995
0.38 0 0.009999999999999995
0.39 0 0.009999999999999995
0.4 0 0.009999999999999995
0.41 0 0.009999999999999995
0.42 0 0.009999999999999995
0.43 0 0.009999999999999995
0.4399999999999999 0 0.009999999999999995
0.45 0 0.009999999999999995
0.46 0 0.009999999999999995
0.47 0 0.009999999999999995
0.48 0 0.009999999999999995
0.49 0 0.009999999999999995
0.5 0 0.009999999999999995
-0.5 0.009999999999999995 0.009999999999999995
-0.49 0.009999999999999995 0.009999999999999995
-0.48 0.009999999999999995 0.009999999999999995
-0.47 0.009999999999999995 0.009999999999999995
-0.46 0.009999999999999995 0.009999999999999995
-0.45 0.009999999999999995 0.009999999999999995
-0.44 0.009999999999999995 0.009999999999999995
-0.43 0.009999999999999995 0.009999999999999995
-0.42 0.009999999999999995 0.009999999999999995
-0.41 0.009999999999999995 0.009999999999999995
-0.4 0.009999999999999995 0.009999999999999995
-0.39 0.009999999999999995 0.009999999999999995
-0.38 0.009999999999999995 0.009999999999999995
-0.37 0.009999999999999995 0.009999999999999995
-0.36 0.009999999999999995 0.009999999999999995
-0.35 0.009999999999999995 0.009999999999999995
-0.34 0.009999999999999995 0.009999999999999995
-0.33 0.009999999999999995 0.009999999999999995
-0.32 0.009999999999999995 0.009999999999999995
-0.31 0.009999999999999995 0.009999999999999995
-0.3 0.009999999999999995 0.009999999999999995
-0.29 0.009999999999999995 0.009999999999999995
-0.28 0.009999999999999995 0.009999999999999995
-0.27 0.009999999999999995 0.009999999999999995
-0.26 0.009999999999999995 0.009999999999999995
-0.25 0.009999999999999995 0.009999999999999995
-0.24 0.009999999999999995 0.009999999999999995
-0.23 0.009999999999999995 0.009999999999999995
-0.22 0.009999999999999995 0.009999999999999995
-0.21 0.009999999999999995 0.009999999999999995
-0.2 0.009999999999999995 0.009999999999999995
-0.19 0.009999999999999995 0.009999999999999995
-0.18 0.009999999999999995 0.009999999999999995
-0.17 0.009999999999999995 0.009999999999999995
-0.16 0.009999999999999995 0.009999999999999995
-0.15 0.009999999999999995 0.009999999999999995
-0.14 0.009999999999999995 0.009999999999999995
-0.13 0.009999999999999995 0.009999999999999995
-0.12 0.009999999999999995 0.009999999999999995
-0.11 0.009999999999999995 0.009999999999999995
-0.09999999999999998 0.009999999999999995 0.009999999999999995
-0.09000000000000002 0.009999999999999995 0.009999999999999995
-0.08000000000000002 0.009999999999999995 0.009999999999999995
-0.07000000000000001 0.009999999999999995 0.009999999999999995
-0.06 0.009999999999999995 0.009999999999999995
-0.04999999999999999 0.009999999999999995 0.009999999999999995
-0.03999999999999998 0.009999999999999995 0.009999999999999995
-0.03000000000000003 0.009999999999999995 0.009999999999999995
-0.02000000000000002 0.009999999999999995 0.009999999999999995
-0.01000000000000001 0.009999999999999995 0.009999999999999995
0 0.009999999999999995 0.009999999999999995
0.01000000000000001 0.009999999999999995 0.009999999999999995
0.02000000000000002 0.009999999999999995 0.009999999999999995
0.03000000000000003 0.009999999999999995 0.009999999999999995
0.04000000000000004 0.009999999999999995 0.009999999999999995
0.05000000000000004 0.009999999999999995 0.009999999999999995
0.06000000000000005 0.009999999999999995 0.009999999999999995
0.06999999999999995 0.009999999999999995 0.009999999999999995
0.07999999999999996 0.009999999999999995 0.009999999999999995
0.08999999999999997 0.009999999999999995 0.009999999999999995
0.09999999999999998 0.009999999999999995 0.009999999999999995
0.11 0.009999999999999995 0.009999999999999995
0.12 0.009999999999999995 0.009999999999999995
0.13 0.009999999999999995 0.009999999999999995
0.14 0.009999999999999995 0.009999999999999995
0.15 0.009999999999999995 0.009999999999999995
0.16 0.009999999999999995 0.009999999999999995
0.17 0.009999999999999995 0.009999999999999995
0.18 0.009999999999999995 0.009999999999999995
0.1899999999999999 0.009999999999999995 0.009999999999999995
0.2 0.009999999999999995 0.009999999999999995
0.21 0.009999999999999995 0.009999999999999995
0.22 0.009999999999999995 0.009999999999999995
0.23 0.009999999999999995 0.009999999999999995
0.24 0.009999999999999995 0.009999999999999995
0.25 0.009999999999999995 0.009999999999999995
0.26 0.009999999999999995 0.009999999999999995
0.27 0.009999999999999995 0.009999999999999995
0.28 0.009999999999999995 0.009999999999999995
0.29 0.009999999999999995 0.009999999999999995
0.3 0.009999999999999995 0.009999999999999995
0.3100000000000001 0.009999999999999995 0.009999999999999995
0.32 0.009999999999999995 0.009999999999999995
0.33 0.009999999999999995 0.009999999999999995
0.34 0.009999999999999995 0.009999999999999995
0.35 0.009999999999999995 0.009999999999999995
0.36 0.009999999999999995 0.009999999999999995
0.37 0.009999999999999995 0.009999999999999995
0.38 0.009999999999999995 0.009999999999999995
0.39 0.009999999999999995 0.009999999999999995
0.4 0.009999999999999995 0.009999999999999995
0.41 0.009999999999999995 0.009999999999999995
0.42 0.009999999999999995 0.009999999999999995
0.43 0.009999999999999995 0.009999999999999995
0.4399999999999999 0.009999999999999995 0.009999999999999995
0.45 0.009999999999999995 0.009999999999999995
0.46 0.009999999999999995 0.009999999999999995
0.47 0.009999999999999995 0.009999999999999995
0.48 0.009999999999999995 0.009999999999999995
0.49 0.009999999999999995 0.009999999999999995
0.5 0.009999999999999995 0.009999999999999995
-0.5 0.01999999999999999 0.009999999999999995
-0.49 0.01999999999999999 0.009999999999999995
-0.48 0.01999999999999999 0.009999999999999995
-0.47 0.01999999999999999 0.009999999999999995
-0.46 0.01999999999999999 0.009999999999999995
-0.45 0.01999999999999999 0.009999999999999995
-0.44 0.01999999999999999 0.009999999999999995
-0.43 0.01999999999999999 0.009999999999999995
-0.42 0.01999999999999999 0.009999999999999995
-0.41 0.01999999999999999 0.009999999999999995
-0.4 0.01999999999999999 0.009999999999999995
-0.39 0.01999999999999999 0.009999999999999995
-0.38 0.01999999999999999 0.009999999999999995
-0.37 0.01999999999999999 0.009999999999999995
-0.36 0.01999999999999999 0.009999999999999995
-0.35 0.01999999999999999 0.009999999999999995
-0.34 0.01999999999999999 0.009999999999999995
-0.33 0.01999999999999999 0.009999999999999995
-0.32 0.01999999999999999 0.009999999999999995
-0.31 0.01999999999999999 0.009999999999999995
-0.3 0.01999999999999999 0.009999999999999995
-0.29 0.01999999999999999 0.009999999999999995
-0.28 0.01999999999999999 0.009999999999999995
-0.27 0.01999999999999999 0.009999999999999995
-0.26 0.01999999999999999 0.009999999999999995
-0.25 0.01999999999999999 0.009999999999999995
-0.24 0.01999999999999999 0.009999999999999995
-0.23 0.01999999999999999 0.009999999999999995
-0.22 0.01999999999999999 0.009999999999999995
-0.21 0.01999999999999999 0.009999999999999995
-0.2 0.01999999999999999 0.009999999999999995
-0.19 0.01999999999999999 0.009999999999999995
-0.18 0.01999999999999999 0.009999999999999995
-0.17 0.01999999999999999 0.009999999999999995
-0.16 0.01999999999999999 0.009999999999999995
-0.15 0.01999999999999999 0.009999999999999995
-0.14 0.01999999999999999 0.009999999999999995
-0.13 0.01999999999999999 0.009999999999999995
-0.12 0.01999999999999999 0.009999999999999995
-0.11 0.01999999999999999 0.009999999999999995
-0.09999999999999998 0.01999999999999999 0.009999999999999995
-0.09000000000000002 0.01999999999999999 0.009999999999999995
-0.08000000000000002 0.01999999999999999 0.009999999999999995
-0.07000000000000001 0.01999999999999999 0.009999999999999995
-0.06 0.01999999999999999 0.009999999999999995
-0.04999999999999999 0.01999999999999999 0.009999999999999995
-0.03999999999999998 0.01999999999999999 0.009999999999999995
-0.03000000000000003 0.01999999999999999 0.009999999999999995
-0.02000000000000002 0.01999999999999999 0.009999999999999995
-0.01000000000000001 0.01999999999999999 0.009999999999999995
0 0.01999999999999999 0.009999999999999995
0.01000000000000001 0.01999999999999999 0.009999999999999995
0.02000000000000002 0.01999999999999999 0.009999999999999995
0.03000000000000003 0.01999999999999999 0.009999999999999995
0.04000000000000004 0.01999999999999999 0.009999999999999995
0.05000000000000004 0.01999999999999999 0.009999999999999995
0.06000000000000005 0.01999999999999999 0.009999999999999995
0.06999999999999995 0.01999999999999999 0.009999999999999995
0.07999999999999996 0.01999999999999999 0.009999999999999995
0.08999999999999997 0.01999999999999999 0.009999999999999995
0.09999999999999998 0.01999999999999999 0.009999999999999995
0.11 0.01999999999999999 0.009999999999999995
0.12 0.01999999999999999 0.009999999999999995
0.13 0.01999999999999999 0.009999999999999995
0.14 0.01999999999999999 0.009999999999999995
0.15 0.01999999999999999 0.009999999999999995
0.16 0.01999999999999999 0.009999999999999995
0.17 0.01999999999999999 0.009999999999999995
0.18 0.01999999999999999 0.009999999999999995
0.1899999999999999 0.01999999999999999 0.009999999999999995
0.2 0.01999999999999999 0.009999999999999995
0.21 0.01999999999999999 0.009999999999999995
0.22 0.01999999999999999 0.009999999999999995
0.23 0.01999999999999999 0.009999999999999995
0.24 0.01999999999999999 0.009999999999999995
0.25 0.01999999999999999 0.009999999999999995
0.26 0.01999999999999999 0.009999999999999995
0.27 0.01999999999999999 0.009999999999999995
0.28 0.01999999999999999 0.009999999999999995
0.29 0.01999999999999999 0.009999999999999995
0.3 0.01999999999999999 0.009999999999999995
0.3100000000000001 0.01999999999999999 0.009999999999999995
0.32 0.01999999999999999 0.009999999999999995
0.33 0.01999999999999999 0.009999999999999995
0.34 0.01999999999999999 0.009999999999999995
0.35 0.01999999999999999 0.009999999999999995
0.36 0.01999999999999999 0.009999999999999995
0.37 0.01999999999999999 0.009999999999999995
0.38 0.01999999999999999 0.009999999999999995
0.39 0.01999999999999999 0.009999999999999995
0.4 0.01999999999999999 0.009999999999999995
0.41 0.01999999999999999 0.009999999999999995
0.42 0.01999999999999999 0.009999999999999995
0.43 0.01999999999999999 0.009999999999999995
0.4399999999999999 0.01999999999999999 0.009999999999999995
0.45 0.01999999999999999 0.009999999999999995
0.46 0.01999999999999999 0.009999999999999995
0.47 0.01999999999999999 0.009999999999999995
0.48 0.01999999999999999 0.009999999999999995
0.49 0.01999999999999999 0.009999999999999995
0.5 0.01999999999999999 0.009999999999999995
-0.5 0.03000000000000001 0.009999999999999995
-0.49 0.03000000000000001 0.009999999999999995
-0.48 0.03000000000000001 0.009999999999999995
-0.47 0.03000000000000001 0.009999999999999995
-0.46 0.03000000000000001 0.009999999999999995
-0.45 0.03000000000000001 0.009999999999999995
-0.44 0.03000000000000001 0.009999999999999995
-0.43 0.03000000000000001 0.009999999999999995
-0.42 0.03000000000000001 0.009999999999999995
-0.41 0.03000000000000001 0.009999999999999995
-0.4 0.03000000000000001 0.009999999999999995
-0.39 0.03000000000000001 0.009999999999999995
-0.38 0.03000000000000001 0.009999999999999995
-0.37 0.03000000000000001 0.009999999999999995
-0.36 0.03000000000000001 0.009999999999999995
-0.35 0.03000000000000001 0.009999999999999995
-0.34 0.03000000000000001 0.009999999999999995
-0.33 0.03000000000000001 0.009999999999999995
-0.32 0.03000000000000001 0.009999999999999995
-0.31 0.03000000000000001 0.009999999999999995
-0.3 0.03000000000000001 0.009999999999999995
-0.29 0.03000000000000001 0.009999999999999995
-0.28 0.03000000000000001 0.009999999999999995
-0.27 0.03000000000000001 0.009999999999999995
-0.26 0.03000000000000001 0.009999999999999995
-0.25 0.03000000000000001 0.009999999999999995
-0.24 0.03000000000000001 0.009999999999999995
-0.23 0.03000000000000001 0.009999999999999995
-0.22 0.03000000000000001 0.009999999999999995
-0.21 0.03000000000000001 0.009999999999999995
-0.2 0.03000000000000001 0.009999999999999995
-0.19 0.03000000000000001 0.009999999999999995
-0.18 0.03000000000000001 0.009999999999999995
-0.17 0.03000000000000001 0.009999999999999995
-0.16 0.03000000000000001 0.009999999999999995
-0.15 0.03000000000000001 0.009999999999999995
-0.14 0.03000000000000001 0.009999999999999995
-0.13 0.03000000000000001 0.009999999999999995
-0.12 0.03000000000000001 0.009999999999999995
-0.11 0.03000000000000001 0.009999999999999995
-0.09999999999999998 0.03000000000000001 0.009999999999999995
-0.09000000000000002 0.03000000000000001 0.009999999999999995
-0.08000000000000002 0.03000000000000001 0.009999999999999995
-0.07000000000000001 0.03000000000000001 0.009999999999999995
-0.06 0.03000000000000001 0.009999999999999995
-0.04999999999999999 0.03000000000000001 0.009999999999999995
-0.03999999999999998 0.03000000000000001 0.009999999999999995
-0.03000000000000003 0.03000000000000001 0.009999999999999995
-0.02000000000000002 0.03000000000000001 0.009999999999999995
-0.01000000000000001 0.03000000000000001 0.009999999999999995
0 0.03000000000000001 0.009999999999999995
0.01000000000000001 0.03000000000000001 0.009999999999999995
0.02000000000000002 0.03000000000000001 0.009999999999999995
0.03000000000000003 0.03000000000000001 0.009999999999999995
0.04000000000000004 0.03000000000000001 0.009999999999999995
0.05000000000000004 0.03000000000000001 0.009999999999999995
0.06000000000000005 0.03000000000000001 0.009999999999999995
0.06999999999999995 0.03000000000000001 0.009999999999999995
0.07999999999999996 0.03000000000000001 0.009999999999999995
0.08999999999999997 0.03000000000000001 0.009999999999999995
0.09999999999999998 0.03000000000000001 0.009999999999999995
0.11 0.03000000000000001 0.009999999999999995
0.12 0.03000000000000001 0.009999999999999995
0.13 0.03000000000000001 0.009999999999999995
0.14 0.03000000000000001 0.009999999999999995
0.15 0.03000000000000001 0.009999999999999995
0.16 0.03000000000000001 0.009999999999999995
0.17 0.03000000000000001 0.009999999999999995
0.18 0.03000000000000001 0.009999999999999995
0.1899999999999999 0.03000000000000001 0.009999999999999995
0.2 0.03000000000000001 0.009999999999999995
0.21 0.03000000000000001 0.009999999999999995
0.22 0.03000000000000001 0.009999999999999995
0.23 0.03000000000000001 0.009999999999999995
0.24 0.03000000000000001 0.009999999999999995
0.25 0.03000000000000001 0.009999999999999995
0.26 0.03000000000000001 0.009999999999999995
0.27 0.03000000000000001 0.009999999999999995
0.28 0.03000000000000001 0.009999999999999995
0.29 0.03000000000000001 0.009999999999999995
0.3 0.03000000000000001 0.009999999999999995
0.3100000000000001 0.03000000000000001 0.009999999999999995
0.32 0.03000000000000001 0.009999999999999995
0.33 0.03000000000000001 0.009999999999999995
0.34 0.03000000000000001 0.009999999999999995
0.35 0.03000000000000001 0.009999999999999995
0.36 0.03000000000000001 0.009999999999999995
0.37 0.03000000000000001 0.009999999999999995
0.38 0.03000000000000001 0.009999999999999995
0.39 0.03000000000000001 0.009999999999999995
0.4 0.03000000000000001 0.009999999999999995
0.41 0.03000000000000001 0.009999999999999995
0.42 0.03000000000000001 0.009999999999999995
0.43 0.03000000000000001 0.009999999999999995
0.4399999999999999 0.03000000000000001 0.009999999999999995
0.45 0.03000000000000001 0.009999999999999995
0.46 0.03000000000000001 0.009999999999999995
0.47 0.03000000000000001 0.009999999999999995
0.48 0.03000000000000001 0.009999999999999995
0.49 0.03000000000000001 0.009999999999999995
0.5 0.03000000000000001 0.009999999999999995
-0.5 0.04000000000000001 0.009999999999999995
-0.49 0.04000000000000001 0.009999999999999995
-0.48 0.04000000000000001 0.009999999999999995
-0.47 0.04000000000000001 0.009999999999999995
-0.46 0.04000000000000001 0.009999999999999995
-0.45 0.04000000000000001 0.009999999999999995
-0.44 0.04000000000000001 0.009999999999999995
-0.43 0.04000000000000001 0.009999999999999995
-0.42 0.04000000000000001 0.009999999999999995
-0.41 0.04000000000000001 0.009999999999999995
-0.4 0.04000000000000001 0.009999999999999995
-0.39 0.04000000000000001 0.009999999999999995
-0.38 0.04000000000000001 0.009999999999999995
-0.37 0.04000000000000001 0.009999999999999995
-0.36 0.04000000000000001 0.009999999999999995
-0.35 0.04000000000000001 0.009999999999999995
-0.34 0.04000000000000001 0.009999999999999995
-0.33 0.04000000000000001 0.009999999999999995
-0.32 0.04000000000000001 0.009999999999999995
-0.31 0.04000000000000001 0.009999999999999995
-0.3 0.04000000000000001 0.009999999999999995
-0.29 0.04000000000000001 0.009999999999999995
-0.28 0.04000000000000001 0.009999999999999995
-0.27 0.04000000000000001 0.009999999999999995
-0.26 0.04000000000000001 0.009999999999999995
-0.25 0.04000000000000001 0.009999999999999995
-0.24 0.04000000000000001 0.009999999999999995
-0.23 0.04000000000000001 0.009999999999999995
-0.22 0.04000000000000001 0.009999999999999995
-0.21 0.04000000000000001 0.009999999999999995
-0.2 0.04000000000000001 0.009999999999999995
-0.19 0.04000000000000001 0.009999999999999995
-0.18 0.04000000000000001 0.009999999999999995
-0.17 0.04000000000000001 0.009999999999999995
-0.16 0.04000000000000001 0.009999999999999995
-0.15 0.04000000000000001 0.009999999999999995
-0.14 0.04000000000000001 0.009999999999999995
-0.13 0.04000000000000001 0.009999999999999995
-0.12 0.04000000000000001 0.009999999999999995
-0.11 0.04000000000000001 0.009999999999999995
-0.09999999999999998 0.04000000000000001 0.009999999999999995
-0.09000000000000002 0.04000000000000001 0.009999999999999995
-0.08000000000000002 0.04000000000000001 0.009999999999999995
-0.07000000000000001 0.04000000000000001 0.009999999999999995
-0.06 0.04000000000000001 0.009999999999999995
-0.04999999999999999 0.04000000000000001 0.009999999999999995
-0.03999999999999998 0.04000000000000001 0.009999999999999995
-0.03000000000000003 0.04000000000000001 0.009999999999999995
-0.02000000000000002 0.04000000000000001 0.009999999999999995
-0.01000000000000001 0.04000000000000001 0.009999999999999995
0 0.04000000000000001 0.009999999999999995
0.01000000000000001 0.04000000000000001 0.009999999999999995
0.02000000000000002 0.04000000000000001 0.009999999999999995
0.03000000000000003 0.04000000000000001 0.009999999999999995
0.04000000000000004 0.04000000000000001 0.009999999999999995
0.05000000000000004 0.04000000000000001 0.009999999999999995
0.06000000000000005 0.04000000000000001 0.009999999999999995
0.06999999999999995 0.04000000000000001 0.009999999999999995
0.07999999999999996 0.04000000000000001 0.009999999999999995
0.08999999999999997 0.04000000000000001 0.009999999999999995
0.09999999999999998 0.04000000000000001 0.009999999999999995
0.11 0.04000000000000001 0.009999999999999995
0.12 0.04000000000000001 0.009999999999999995
0.13 0.04000000000000001 0.009999999999999995
0.14 0.04000000000000001 0.009999999999999995
0.15 0.04000000000000001 0.009999999999999995
0.16 0.04000000000000001 0.009999999999999995
0.17 0.04000000000000001 0.009999999999999995
0.18 0.04000000000000001 0.009999999999999995
0.1899999999999999 0.04000000000000001 0.009999999999999995
0.2 0.04000000000000001 0.009999999999999995
0.21 0.04000000000000001 0.009999999999999995
0.22 0.04000000000000001 0.009999999999999995
0.23 0.04000000000000001 0.009999999999999995
0.24 0.04000000000000001 0.009999999999999995
0.25 0.04000000000000001 0.009999999999999995
0.26 0.04000000000000001 0.009999999999999995
0.27 0.04000000000000001 0.009999999999999995
0.28 0.04000000000000001 0.009999999999999995
0.29 0.04000000000000001 0.009999999999999995
0.3 0.04000000000000001 0.009999999999999995
0.3100000000000001 0.04000000000000001 0.009999999999999995
0.32 0.04000000000000001 0.009999999999999995
0.33 0.04000000000000001 0.009999999999999995
0.34 0.04000000000000001 0.009999999999999995
0.35 0.04000000000000001 0.009999999999999995
0.36 0.04000000000000001 0.009999999999999995
0.37 0.04000000000000001 0.009999999999999995
0.38 0.04000000000000001 0.009999999999999995
0.39 0.04000000000000001 0.009999999999999995
0.4 0.04000000000000001 0.009999999999999995
0.41 0.04000000000000001 0.009999999999999995
0.42 0.04000000000000001 0.009999999999999995
0.43 0.04000000000000001 0.009999999999999995
0.4399999999999999 0.04000000000000001 0.009999999999999995
0.45 0.04000000000000001 0.009999999999999995
0.46 0.04000000000000001 0.009999999999999995
0.47 0.04000000000000001 0.009999999999999995
0.48 0.04000000000000001 0.009999999999999995
0.49 0.04000000000000001 0.009999999999999995
0.5 0.04000000000000001 0.009999999999999995
-0.5 0.05 0.009999999999999995
-0.49 0.05 0.009999999999999995
-0.48 0.05 0.009999999999999995
-0.47 0.05 0.009999999999999995
-0.46 0.05 0.009999999999999995
-0.45 0.05 0.009999999999999995
-0.44 0.05 0.009999999999999995
-0.43 0.05 0.009999999999999995
-0.42 0.05 0.009999999999999995
-0.41 0.05 0.009999999999999995
-0.4 0.05 0.009999999999999995
-0.39 0.05 0.009999999999999995
-0.38 0.05 0.009999999999999995
-0.37 0.05 0.009999999999999995
-0.36 0.05 0.009999999999999995
-0.35 0.05 0.009999999999999995
-0.34 0.05 0.009999999999999995
-0.33 0.05 0.009999999999999995
-0.32 0.05 0.009999999999999995
-0.31 0.05 0.009999999999999995
-0.3 0.05 0.009999999999999995
-0.29 0.05 0.009999999999999995
-0.28 0.05 0.009999999999999995
-0.27 0.05 0.009999999999999995
-0.26 0.05 0.009999999999999995
-0.25 0.05 0.009999999999999995
-0.24 0.05 0.009999999999999995
-0.23 0.05 0.009999999999999995
-0.22 0.05 0.009999999999999995
-0.21 0.05 0.009999999999999995
-0.2 0.05 0.009999999999999995
-0.19 0.05 0.009999999999999995
-0.18 0.05 0.009999999999999995
-0.17 0.05 0.009999999999999995
-0.16 0.05 0.009999999999999995
-0.15 0.05 0.009999999999999995
-0.14 0.05 0.009999999999999995
-0.13 0.05 0.009999999999999995
-0.12 0.05 0.009999999999999995
-0.11 0.05 0.009999999999999995
-0.09999999999999998 0.05 0.009999999999999995
-0.09000000000000002 0.05 0.009999999999999995
-0.08000000000000002 0.05 0.009999999999999995
-0.07000000000000001 0.05 0.009999999999999995
-0.06 0.05 0.009999999999999995
-0.04999999999999999 0.05 0.009999999999999995
-0.03999999999999998 0.05 0.009999999999999995
-0.03000000000000003 0.05 0.009999999999999995
-0.02000000000000002 0.05 0.009999999999999995
-0.01000000000000001 0.05 0.009999999999999995
0 0.05 0.009999999999999995
0.01000000000000001 0.05 0.009999999999999995
0.02000000000000002 0.05 0.009999999999999995
0.03000000000000003 0.05 0.009999999999999995
0.04000000000000004 0.05 0.009999999999999995
0.05000000000000004 0.05 0.009999999999999995
0.06000000000000005 0.05 0.009999999999999995
0.06999999999999995 0.05 0.009999999999999995
0.07999999999999996 0.05 0.009999999999999995
0.08999999999999997 0.05 0.009999999999999995
0.09999999999999998 0.05 0.009999999999999995
0.11 0.05 0.009999999999999995
0.12 0.05 0.009999999999999995
0.13 0.05 0.009999999999999995
0.14 0.05 0.009999999999999995
0.15 0.05 0.009999999999999995
0.16 0.05 0.009999999999999995
0.17 0.05 0.009999999999999995
0.18 0.05 0.009999999999999995
0.1899999999999999 0.05 0.009999999999999995
0.2 0.05 0.009999999999999995
0.21 0.05 0.009999999999999995
0.22 0.05 0.009999999999999995
0.23 0.05 0.009999999999999995
0.24 0.05 0.009999999999999995
0.25 0.05 0.009999999999999995
0.26 0.05 0.009999999999999995
0.27 0.05 0.009999999999999995
0.28 0.05 0.009999999999999995
0.29 0.05 0.009999999999999995
0.3 0.05 0.009999999999999995
0.3100000000000001 0.05 0.009999999999999995
0.32 0.05 0.009999999999999995
0.33 0.05 0.009999999999999995
0.34 0.05 0.009999999999999995
0.35 0.05 0.009999999999999995
0.36 0.05 0.009999999999999995
0.37 0.05 0.009999999999999995
0.38 0.05 0.009999999999999995
0.39 0.05 0.009999999999999995
0.4 0.05 0.009999999999999995
0.41 0.05 0.009999999999999995
0.42 0.05 0.009999999999999995
0.43 0.05 0.009999999999999995
0.4399999999999999 0.05 0.009999999999999995
0.45 0.05 0.009999999999999995
0.46 0.05 0.009999999999999995
0.47 0.05 0.009999999999999995
0.48 0.05 0.009999999999999995
0.49 0.05 0.009999999999999995
0.5 0.05 0.009999999999999995
-0.5 -0.05 0.01999999999999999
-0.49 -0.05 0.01999999999999999
-0.48 -0.05 0.01999999999999999
-0.47 -0.05 0.01999999999999999
-0.46 -0.05 0.01999999999999999
-0.45 -0.05 0.01999999999999999
-0.44 -0.05 0.01999999999999999
-0.43 -0.05 0.01999999999999999
-0.42 -0.05 0.01999999999999999
-0.41 -0.05 0.01999999999999999
-0.4 -0.05 0.01999999999999999
-0.39 -0.05 0.01999999999999999
-0.38 -0.05 0.01999999999999999
-0.37 -0.05 0.01999999999999999
-0.36 -0.05 0.01999999999999999
-0.35 -0.05 0.01999999999999999
-0.34 -0.05 0.01999999999999999
-0.33 -0.05 0.01999999999999999
-0.32 -0.05 0.01999999999999999
-0.31 -0.05 0.01999999999999999
-0.3 -0.05 0.01999999999999999
-0.29 -0.05 0.01999999999999999
-0.28 -0.05 0.01999999999999999
-0.27 -0.05 0.01999999999999999
-0.26 -0.05 0.01999999999999999
-0.25 -0.05 0.01999999999999999
-0.24 -0.05 0.01999999999999999
-0.23 -0.05 0.01999999999999999
-0.22 -0.05 0.01999999999999999
-0.21 -0.05 0.01999999999999999
-0.2 -0.05 0.01999999999999999
-0.19 -0.05 0.01999999999999999
-0.18 -0.05 0.01999999999999999
-0.17 -0.05 0.01999999999999999
-0.16 -0.05 0.01999999999999999
-0.15 -0.05 0.01999999999999999
-0.14 -0.05 0.01999999999999999
-0.13 -0.05 0.01999999999999999
-0.12 -0.05 0.01999999999999999
-0.11 -0.05 0.01999999999999999
-0.09999999999999998 -0.05 0.01999999999999999
-0.09000000000000002 -0.05 0.01999999999999999
-0.08000000000000002 -0.05 0.01999999999999999
-0.07000000000000001 -0.05 0.01999999999999999
-0.06 -0.05 0.01999999999999999
-0.04999999999999999 -0.05 0.01999999999999999
-0.03999999999999998 -0.05 0.01999999999999999
-0.03000000000000003 -0.05 0.01999999999999999
-0.02000000000000002 -0.05 0.01999999999999999
-0.01000000000000001 -0.05 0.01999999999999999
0 -0.05 0.01999999999999999
0.01000000000000001 -0.05 0.01999999999999999
0.02000000000000002 -0.05 0.01999999999999999
0.03000000000000003 -0.05 0.01999999999999999
0.04000000000000004 -0.05 0.01999999999999999
0.05000000000000004 -0.05 0.01999999999999999
0.06000000000000005 -0.05 0.01999999999999999
0.06999999999999995 -0.05 0.01999999999999999
0.07999999999999996 -0.05 0.01999999999999999
0.08999999999999997 -0.05 0.01999999999999999
0.09999999999999998 -0.05 0.01999999999999999
0.11 -0.05 0.01999999999999999
0.12 -0.05 0.01999999999999999
0.13 -0.05 0.01999999999999999
0.14 -0.05 0.01999999999999999
0.15 -0.05 0.01999999999999999
0.16 -0.05 0.01999999999999999
0.17 -0.05 0.01999999999999999
0.18 -0.05 0.01999999999999999
0.1899999999999999 -0.05 0.01999999999999999
0.2 -0.05 0.01999999999999999
0.21 -0.05 0.01999999999999999
0.22 -0.05 0.01999999999999999
0.23 -0.05 0.01999999999999999
0.24 -0.05 0.01999999999999999
0.25 -0.05 0.01999999999999999
0.26 -0.05 0.01999999999999999
0.27 -0.05 0.01999999999999999
0.28 -0.05 0.01999999999999999
0.29 -0.05 0.01999999999999999
0.3 -0.05 0.01999999999999999
0.3100000000000001 -0.05 0.01999999999999999
0.32 -0.05 0.01999999999999999
0.33 -0.05 0.01999999999999999
0.34 -0.05 0.01999999999999999
0.35 -0.05 0.01999999999999999
0.36 -0.05 0.01999999999999999
0.37 -0.05 0.01999999999999999
0.38 -0.05 0.01999999999999999
0.39 -0.05 0.01999999999999999
0.4 -0.05 0.01999999999999999
0.41 -0.05 0.01999999999999999
0.42 -0.05 0.01999999999999999
0.43 -0.05 0.01999999999999999
0.4399999999999999 -0.05 0.01999999999999999
0.45 -0.05 0.01999999999999999
0.46 -0.05 0.01999999999999999
0.47 -0.05 0.01999999999999999
0.48 -0.05 0.01999999999999999
0.49 -0.05 0.01999999999999999
0.5 -0.05 0.01999999999999999
-0.5 -0.04 0.01999999999999999
-0.49 -0.04 0.01999999999999999
-0.48 -0.04 0.01999999999999999
-0.47 -0.04 0.01999999999999999
-0.46 -0.04 0.01999999999999999
-0.45 -0.04 0.01999999999999999
-0.44 -0.04 0.01999999999999999
-0.43 -0.04 0.01999999999999999
-0.42 -0.04 0.01999999999999999
-0.41 -0.04 0.01999999999999999
-0.4 -0.04 0.01999999999999999
-0.39 -0.04 0.01999999999999999
-0.38 -0.04 0.01999999999999999
-0.37 -0.04 0.01999999999999999
-0.36 -0.04 0.01999999999999999
-0.35 -0.04 0.01999999999999999
-0.34 -0.04 0.01999999999999999
-0.33 -0.04 0.01999999999999999
-0.32 -0.04 0.01999999999999999
-0.31 -0.04 0.01999999999999999
-0.3 -0.04 0.01999999999999999
-0.29 -0.04 0.01999999999999999
-0.28 -0.04 0.01999999999999999
-0.27 -0.04 0.01999999999999999
-0.26 -0.04 0.01999999999999999
-0.25 -0.04 0.01999999999999999
-0.24 -0.04 0.01999999999999999
-0.23 -0.04 0.01999999999999999
-0.22 -0.04 0.01999999999999999
-0.21 -0.04 0.01999999999999999
-0.2 -0.04 0.01999999999999999
-0.19 -0.04 0.01999999999999999
-0.18 -0.04 0.01999999999999999
-0.17 -0.04 0.01999999999999999
-0.16 -0.04 0.01999999999999999
-0.15 -0.04 0.01999999999999999
-0.14 -0.04 0.01999999999999999
-0.13 -0.04 0.01999999999999999
-0.12 -0.04 0.01999999999999999
-0.11 -0.04 0.01999999999999999
-0.09999999999999998 -0.04 0.01999999999999999
-0.09000000000000002 -0.04 0.01999999999999999
-0.08000000000000002 -0.04 0.01999999999999999
-0.07000000000000001 -0.04 0.01999999999999999
-0.06 -0.04 0.01999999999999999
-0.04999999999999999 -0.04 0.01999999999999999
-0.03999999999999998 -0.04 0.01999999999999999
-0.03000000000000003 -0.04 0.01999999999999999
-0.02000000000000002 -0.04 0.01999999999999999
-0.01000000000000001 -0.04 0.01999999999999999
0 -0.04 0.01999999999999999
0.01000000000000001 -0.04 0.01999999999999999
0.02000000000000002 -0.04 0.01999999999999999
0.03000000000000003 -0.04 0.01999999999999999
0.04000000000000004 -0.04 0.01999999999999999
0.05000000000000004 -0.04 0.01999999999999999
0.06000000000000005 -0.04 0.01999999999999999
0.06999999999999995 -0.04 0.01999999999999999
0.07999999999999996 -0.04 0.01999999999999999
0.08999999999999997 -0.04 0.01999999999999999
0.09999999999999998 -0.04 0.01999999999999999
0.11 -0.04 0.01999999999999999
0.12 -0.04 0.01999999999999999
0.13 -0.04 0.01999999999999999
0.14 -0.04 0.01999999999999999
0.15 -0.04 0.01999999999999999
0.16 -0.04 0.01999999999999999
0.17 -0.04 0.01999999999999999
0.18 -0.04 0.01999999999999999
0.1899999999999999 -0.04 0.01999999999999999
0.2 -0.04 0.01999999999999999
0.21 -0.04 0.01999999999999999
0.22 -0.04 0.01999999999999999
0.23 -0.04 0.01999999999999999
0.24 -0.04 0.01999999999999999
0.25 -0.04 0.01999999999999999
0.26 -0.04 0.01999999999999999
0.27 -0.04 0.01999999999999999
0.28 -0.04 0.01999999999999999
0.29 -0.04 0.01999999999999999
0.3 -0.04 0.01999999999999999
0.3100000000000001 -0.04 0.01999999999999999
0.32 -0.04 0.01999999999999999
0.33 -0.04 0.01999999999999999
0.34 -0.04 0.01999999999999999
0.35 -0.04 0.01999999999999999
0.36 -0.04 0.01999999999999999
0.37 -0.04 0.01999999999999999
0.38 -0.04 0.01999999999999999
0.39 -0.04 0.01999999999999999
0.4 -0.04 0.01999999999999999
0.41 -0.04 0.01999999999999999
0.42 -0.04 0.01999999999999999
0.43 -0.04 0.01999999999999999
0.4399999999999999 -0.04 0.01999999999999999
0.45 -0.04 0.01999999999999999
0.46 -0.04 0.01999999999999999
0.47 -0.04 0.01999999999999999
0.48 -0.04 0.01999999999999999
0.49 -0.04 0.01999999999999999
0.5 -0.04 0.01999999999999999
-0.5 -0.03 0.01999999999999999
-0.49 -0.03 0.01999999999999999
-0.48 -0.03 0.01999999999999999
-0.47 -0.03 0.01999999999999999
-0.46 -0.03 0.01999999999999999
-0.45 -0.03 0.01999999999999999
-0.44 -0.03 0.01999999999999999
-0.43 -0.03 0.01999999999999999
-0.42 -0.03 0.01999999999999999
-0.41 -0.03 0.01999999999999999
-0.4 -0.03 0.01999999999999999
-0.39 -0.03 0.01999999999999999
-0.38 -0.03 0.01999999999999999
-0.37 -0.03 0.01999999999999999
-0.36 -0.03 0.01999999999999999
-0.35 -0.03 0.01999999999999999
-0.34 -0.03 0.01999999999999999
-0.33 -0.03 0.01999999999999999
-0.32 -0.03 0.01999999999999999
-0.31 -0.03 0.01999999999999999
-0.3 -0.03 0.01999999999999999
-0.29 -0.03 0.01999999999999999
-0.28 -0.03 0.01999999999999999
-0.27 -0.03 0.01999999999999999
-0.26 -0.03 0.01999999999999999
-0.25 -0.03 0.01999999999999999
-0.24 -0.03 0.01999999999999999
-0.23 -0.03 0.01999999999999999
-0.22 -0.03 0.01999999999999999
-0.21 -0.03 0.01999999999999999
-0.2 -0.03 0.01999999999999999
-0.19 -0.03 0.01999999999999999
-0.18 -0.03 0.01999999999999999
-0.17 -0.03 0.01999999999999999
-0.16 -0.03 0.01999999999999999
-0.15 -0.03 0.01999999999999999
-0.14 -0.03 0.01999999999999999
-0.13 -0.03 0.01999999999999999
-0.12 -0.03 0.01999999999999999
-0.11 -0.03 0.01999999999999999
-0.09999999999999998 -0.03 0.01999999999999999
-0.09000000000000002 -0.03 0.01999999999999999
-0.08000000000000002 -0.03 0.01999999999999999
-0.07000000000000001 -0.03 0.01999999999999999
-0.06 -0.03 0.01999999999999999
-0.04999999999999999 -0.03 0.01999999999999999
-0.03999999999999998 -0.03 0.01999999999999999
-0.03000000000000003 -0.03 0.01999999999999999
-0.02000000000000002 -0.03 0.01999999999999999
-0.01000000000000001 -0.03 0.01999999999999999
0 -0.03 0.01999999999999999
0.01000000000000001 -0.03 0.01999999999999999
0.02000000000000002 -0.03 0.01999999999999999
0.03000000000000003 -0.03 0.01999999999999999
0.04000000000000004 -0.03 0.01999999999999999
0.05000000000000004 -0.03 0.01999999999999999
0.06000000000000005 -0.03 0.01999999999999999
0.06999999999999995 -0.03 0.01999999999999999
0.07999999999999996 -0.03 0.01999999999999999
0.08999999999999997 -0.03 0.01999999999999999
0.09999999999999998 -0.03 0.01999999999999999
0.11 -0.03 0.01999999999999999
0.12 -0.03 0.01999999999999999
0.13 -0.03 0.01999999999999999
0.14 -0.03 0.01999999999999999
0.15 -0.03 0.01999999999999999
0.16 -0.03 0.01999999999999999
0.17 -0.03 0.01999999999999999
0.18 -0.03 0.01999999999999999
0.1899999999999999 -0.03 0.01999999999999999
0.2 -0.03 0.01999999999999999
0.21 -0.03 0.01999999999999999
0.22 -0.03 0.01999999999999999
0.23 -0.03 0.01999999999999999
0.24 -0.03 0.01999999999999999
0.25 -0.03 0.01999999999999999
0.26 -0.03 0.01999999999999999
0.27 -0.03 0.01999999999999999
0.28 -0.03 0.01999999999999999
0.29 -0.03 0.01999999999999999
0.3 -0.03 0.01999999999999999
0.3100000000000001 -0.03 0.01999999999999999
0.32 -0.03 0.01999999999999999
0.33 -0.03 0.01999999999999999
0.34 -0.03 0.01999999999999999
0.35 -0.03 0.01999999999999999
0.36 -0.03 0.01999999999999999
0.37 -0.03 0.01999999999999999
0.38 -0.03 0.01999999999999999
0.39 -0.03 0.01999999999999999
0.4 -0.03 0.01999999999999999
0.41 -0.03 0.01999999999999999
0.42 -0.03 0.01999999999999999
0.43 -0.03 0.01999999999999999
0.4399999999999999 -0.03 0.01999999999999999
0.45 -0.03 0.01999999999999999
0.46 -0.03 0.01999999999999999
0.47 -0.03 0.01999999999999999
0.48 -0.03 0.01999999999999999
0.49 -0.03 0.01999999999999999
0.5 -0.03 0.01999999999999999
-0.5 -0.02 0.01999999999999999
-0.49 -0.02 0.01999999999999999
-0.48 -0.02 0.01999999999999999
-0.47 -0.02 0.01999999999999999
-0.46 -0.02 0.01999999999999999
-0.45 -0.02 0.01999999999999999
-0.44 -0.02 0.01999999999999999
-0.43 -0.02 0.01999999999999999
-0.42 -0.02 0.01999999999999999
-0.41 -0.02 0.01999999999999999
-0.4 -0.02 0.01999999999999999
-0.39 -0.02 0.01999999999999999
-0.38 -0.02 0.01999999999999999
-0.37 -0.02 0.01999999999999999
-0.36 -0.02 0.01999999999999999
-0.35 -0.02 0.01999999999999999
-0.34 -0.02 0.01999999999999999
-0.33 -0.02 0.01999999999999999
-0.32 -0.02 0.01999999999999999
-0.31 -0.02 0.01999999999999999
-0.3 -0.02 0.01999999999999999
-0.29 -0.02 0.01999999999999999
-0.28 -0.02 0.01999999999999999
-0.27 -0.02 0.01999999999999999
-0.26 -0.02 0.01999999999999999
-0.25 -0.02 0.01999999999999999
-0.24 -0.02 0.01999999999999999
-0.23 -0.02 0.01999999999999999
-0.22 -0.02 0.01999999999999999
-0.21 -0.02 0.01999999999999999
-0.2 -0.02 0.01999999999999999
-0.19 -0.02 0.01999999999999999
-0.18 -0.02 0.01999999999999999
-0.17 -0.02 0.01999999999999999
-0.16 -0.02 0.01999999999999999
-0.15 -0.02 0.01999999999999999
-0.14 -0.02 0.01999999999999999
-0.13 -0.02 0.01999999999999999
-0.12 -0.02 0.01999999999999999
-0.11 -0.02 0.01999999999999999
-0.09999999999999998 -0.02 0.01999999999999999
-0.09000000000000002 -0.02 0.01999999999999999
-0.08000000000000002 -0.02 0.01999999999999999
-0.07000000000000001 -0.02 0.01999999999999999
-0.06 -0.02 0.01999999999999999
-0.04999999999999999 -0.02 0.01999999999999999
-0.03999999999999998 -0.02 0.01999999999999999
-0.03000000000000003 -0.02 0.01999999999999999
-0.02000000000000002 -0.02 0.01999999999999999
-0.01000000000000001 -0.02 0.01999999999999999
0 -0.02 0.01999999999999999
0.01000000000000001 -0.02 0.01999999999999999
0.02000000000000002 -0.02 0.01999999999999999
0.03000000000000003 -0.02 0.01999999999999999
0.04000000000000004 -0.02 0.01999999999999999
0.05000000000000004 -0.02 0.01999999999999999
0.06000000000000005 -0.02 0.01999999999999999
0.06999999999999995 -0.02 0.01999999999999999
0.07999999999999996 -0.02 0.01999999999999999
0.08999999999999997 -0.02 0.01999999999999999
0.09999999999999998 -0.02 0.01999999999999999
0.11 -0.02 0.01999999999999999
0.12 -0.02 0.01999999999999999
0.13 -0.02 0.01999999999999999
0.14 -0.02 0.01999999999999999
0.15 -0.02 0.01999999999999999
0.16 -0.02 0.01999999999999999
0.17 -0.02 0.01999999999999999
0.18 -0.02 0.01999999999999999
0.1899999999999999 -0.02 0.01999999999999999
0.2 -0.02 0.01999999999999999
0.21 -0.02 0.01999999999999999
0.22 -0.02 0.01999999999999999
0.23 -0.02 0.01999999999999999
0.24 -0.02 0.01999999999999999
0.25 -0.02 0.01999999999999999
0.26 -0.02 0.01999999999999999
0.27 -0.02 0.01999999999999999
0.28 -0.02 0.01999999999999999
0.29 -0.02 0.01999999999999999
0.3 -0.02 0.01999999999999999
0.3100000000000001 -0.02 0.01999999999999999
0.32 -0.02 0.01999999999999999
0.33 -0.02 0.01999999999999999
0.34 -0.02 0.01999999999999999
0.35 -0.02 0.01999999999999999
0.36 -0.02 0.01999999999999999
0.37 -0.02 0.01999999999999999
0.38 -0.02 0.01999999999999999
0.39 -0.02 0.01999999999999999
0.4 -0.02 0.01999999999999999
0.41 -0.02 0.01999999999999999
0.42 -0.02 0.01999999999999999
0.43 -0.02 0.01999999999999999
0.4399999999999999 -0.02 0.01999999999999999
0.45 -0.02 0.01999999999999999
0.46 -0.02 0.01999999999999999
0.47 -0.02 0.01999999999999999
0.48 -0.02 0.01999999999999999
0.49 -0.02 0.01999999999999999
0.5 -0.02 0.01999999999999999
-0.5 -0.009999999999999995 0.01999999999999999
-0.49 -0.009999999999999995 0.01999999999999999
-0.48 -0.009999999999999995 0.01999999999999999
-0.47 -0.009999999999999995 0.01999999999999999
-0.46 -0.009999999999999995 0.01999999999999999
-0.45 -0.009999999999999995 0.01999999999999999
-0.44 -0.009999999999999995 0.01999999999999999
-0.43 -0.009999999999999995 0.01999999999999999
-0.42 -0.009999999999999995 0.01999999999999999
-0.41 -0.009999999999999995 0.01999999999999999
-0.4 -0.009999999999999995 0.01999999999999999
-0.39 -0.009999999999999995 0.01999999999999999
-0.38 -0.009999999999999995 0.01999999999999999
-0.37 -0.009999999999999995 0.01999999999999999
-0.36 -0.009999999999999995 0.01999999999999999
-0.35 -0.009999999999999995 0.01999999999999999
-0.34 -0.009999999999999995 0.01999999999999999
-0.33 -0.009999999999999995 0.01999999999999999
-0.32 -0.009999999999999995 0.01999999999999999
-0.31 -0.009999999999999995 0.01999999999999999
-0.3 -0.009999999999999995 0.01999999999999999
-0.29 -0.009999999999999995 0.01999999999999999
-0.28 -0.009999999999999995 0.01999999999999999
-0.27 -0.009999999999999995 0.01999999999999999
-0.26 -0.009999999999999995 0.01999999999999999
-0.25 -0.009999999999999995 0.01999999999999999
-0.24 -0.009999999999999995 0.01999999999999999
-0.23 -0.009999999999999995 0.01999999999999999
-0.22 -0.009999999999999995 0.01999999999999999
-0.21 -0.009999999999999995 0.01999999999999999
-0.2 -0.009999999999999995 0.01999999999999999
-0.19 -0.009999999999999995 0.01999999999999999
-0.18 -0.009999999999999995 0.01999999999999999
-0.17 -0.009999999999999995 0.01999999999999999
-0.16 -0.009999999999999995 0.01999999999999999
-0.15 -0.009999999999999995 0.01999999999999999
-0.14 -0.009999999999999995 0.01999999999999999
-0.13 -0.009999999999999995 0.01999999999999999
-0.12 -0.009999999999999995 0.01999999999999999
-0.11 -0.009999999999999995 0.01999999999999999
-0.09999999999999998 -0.009999999999999995 0.01999999999999999
-0.09000000000000002 -0.009999999999999995 0.01999999999999999
-0.08000000000000002 -0.009999999999999995 0.01999999999999999
-0.07000000000000001 -0.009999999999999995 0.01999999999999999
-0.06 -0.009999999999999995 0.01999999999999999
-0.04999999999999999 -0.009999999999999995 0.01999999999999999
-0.03999999999999998 -0.009999999999999995 0.01999999999999999
-0.03000000000000003 -0.009999999999999995 0.01999999999999999
-0.02000000000000002 -0.009999999999999995 0.01999999999999999
-0.01000000000000001 -0.009999999999999995 0.01999999999999999
0 -0.009999999999999995 0.01999999999999999
0.01000000000000001 -0.009999999999999995 0.01999999999999999
0.02000000000000002 -0.009999999999999995 0.01999999999999999
0.03000000000000003 -0.009999999999999995 0.01999999999999999
0.04000000000000004 -0.009999999999999995 0.01999999999999999
0.05000000000000004 -0.009999999999999995 0.01999999999999999
0.06000000000000005 -0.009999999999999995 0.01999999999999999
0.06999999999999995 -0.009999999999999995 0.01999999999999999
0.07999999999999996 -0.009999999999999995 0.01999999999999999
0.08999999999999997 -0.009999999999999995 0.01999999999999999
0.09999999999999998 -0.009999999999999995 0.01999999999999999
0.11 -0.009999999999999995 0.01999999999999999
0.12 -0.009999999999999995 0.01999999999999999
0.13 -0.009999999999999995 0.01999999999999999
0.14 -0.009999999999999995 0.01999999999999999
0.15 -0.009999999999999995 0.01999999999999999
0.16 -0.009999999999999995 0.01999999999999999
0.17 -0.009999999999999995 0.01999999999999999
0.18 -0.009999999999999995 0.01999999999999999
0.1899999999999999 -0.009999999999999995 0.01999999999999999
0.2 -0.009999999999999995 0.01999999999999999
0.21 -0.009999999999999995 0.01999999999999999
0.22 -0.009999999999999995 0.01999999999999999
0.23 -0.009999999999999995 0.01999999999999999
0.24 -0.009999999999999995 0.01999999999999999
0.25 -0.009999999999999995 0.01999999999999999
0.26 -0.009999999999999995 0.01999999999999999
0.27 -0.009999999999999995 0.01999999999999999
0.28 -0.009999999999999995 0.01999999999999999
0.29 -0.009999999999999995 0.01999999999999999
0.3 -0.009999999999999995 0.01999999999999999
0.3100000000000001 -0.009999999999999995 0.01999999999999999
0.32 -0.009999999999999995 0.01999999999999999
0.33 -0.009999999999999995 0.01999999999999999
0.34 -0.009999999999999995 0.01999999999999999
0.35 -0.009999999999999995 0.01999999999999999
0.36 -0.009999999999999995 0.01999999999999999
0.37 -0.009999999999999995 0.01999999999999999
0.38 -0.009999999999999995 0.01999999999999999
0.39 -0.009999999999999995 0.01999999999999999
0.4 -0.009999999999999995 0.01999999999999999
0.41 -0.009999999999999995 0.01999999999999999
0.42 -0.009999999999999995 0.01999999999999999
0.43 -0.009999999999999995 0.01999999999999999
0.4399999999999999 -0.009999999999999995 0.01999999999999999
0.45 -0.009999999999999995 0.01999999999999999
0.46 -0.009999999999999995 0.01999999999999999
0.47 -0.009999999999999995 0.01999999999999999
0.48 -0.009999999999999995 0.01999999999999999
0.49 -0.009999999999999995 0.01999999999999999
0.5 -0.009999999999999995 0.01999999999999999
-0.5 0 0.01999999999999999
-0.49 0 0.01999999999999999
-0.48 0 0.01999999999999999
-0.47 0 0.01999999999999999
-0.46 0 0.01999999999999999
-0.45 0 0.01999999999999999
-0.44 0 0.01999999999999999
-0.43 0 0.01999999999999999
-0.42 0 0.01999999999999999
-0.41 0 0.01999999999999999
-0.4 0 0.01999999999999999
-0.39 0 0.01999999999999999
-0.38 0 0.01999999999999999
-0.37 0 0.01999999999999999
-0.36 0 0.01999999999999999
-0.35 0 0.01999999999999999
-0.34 0 0.01999999999999999
-0.33 0 0.01999999999999999
-0.32 0 0.01999999999999999
-0.31 0 0.01999999999999999
-0.3 0 0.01999999999999999
-0.29 0 0.01999999999999999
-0.28 0 0.01999999999999999
-0.27 0 0.01999999999999999
-0.26 0 0.01999999999999999
-0.25 0 0.01999999999999999
-0.24 0 0.01999999999999999
-0.23 0 0.01999999999999999
-0.22 0 0.01999999999999999
-0.21 0 0.01999999999999999
-0.2 0 0.01999999999999999
-0.19 0 0.01999999999999999
-0.18 0 0.01999999999999999
-0.17 0 0.01999999999999999
-0.16 0 0.01999999999999999
-0.15 0 0.01999999999999999
-0.14 0 0.01999999999999999
-0.13 0 0.01999999999999999
-0.12 0 0.01999999999999999
-0.11 0 0.01999999999999999
-0.09999999999999998 0 0.01999999999999999
-0.09000000000000002 0 0.01999999999999999
-0.08000000000000002 0 0.01999999999999999
-0.07000000000000001 0 0.01999999999999999
-0.06 0 0.01999999999999999
-0.04999999999999999 0 0.01999999999999999
-0.03999999999999998 0 0.01999999999999999
-0.03000000000000003 0 0.01999999999999999
-0.02000000000000002 0 0.01999999999999999
-0.01000000000000001 0 0.01999999999999999
0 0 0.01999999999999999
0.01000000000000001 0 0.01999999999999999
0.02000000000000002 0 0.01999999999999999
0.03000000000000003 0 0.01999999999999999
0.04000000000000004 0 0.01999999999999999
0.05000000000000004 0 0.01999999999999999
0.06000000000000005 0 0.01999999999999999
0.06999999999999995 0 0.01999999999999999
0.07999999999999996 0 0.01999999999999999
0.08999999999999997 0 0.01999999999999999
0.09999999999999998 0 0.01999999999999999
0.11 0 0.01999999999999999
0.12 0 0.01999999999999999
0.13 0 0.01999999999999999
0.14 0 0.01999999999999999
0.15 0 0.01999999999999999
0.16 0 0.01999999999999999
0.17 0 0.01999999999999999
0.18 0 0.01999999999999999
0.1899999999999999 0 0.01999999999999999
0.2 0 0.01999999999999999
0.21 0 0.01999999999999999
0.22 0 0.01999999999999999
0.23 0 0.01999999999999999
0.24 0 0.01999999999999999
0.25 0 0.01999999999999999
0.26 0 0.01999999999999999
0.27 0 0.01999999999999999
0.28 0 0.01999999999999999
0.29 0 0.01999999999999999
0.3 0 0.01999999999999999
0.3100000000000001 0 0.01999999999999999
0.32 0 0.01999999999999999
0.33 0 0.01999999999999999
0.34 0 0.01999999999999999
0.35 0 0.01999999999999999
0.36 0 0.01999999999999999
0.37 0 0.01999999999999999
0.38 0 0.01999999999999999
0.39 0 0.01999999999999999
0.4 0 0.01999999999999999
0.41 0 0.01999999999999999
0.42 0 0.01999999999999999
0.43 0 0.01999999999999999
0.4399999999999999 0 0.01999999999999999
0.45 0 0.01999999999999999
0.46 0 0.01999999999999999
0.47 0 0.01999999999999999
0.48 0 0.01999999999999999
0.49 0 0.01999999999999999
0.5 0 0.01999999999999999
-0.5 0.009999999999999995 0.01999999999999999
-0.49 0.009999999999999995 0.01999999999999999
-0.48 0.009999999999999995 0.01999999999999999
-0.47 0.009999999999999995 0.01999999999999999
-0.46 0.009999999999999995 0.01999999999999999
-0.45 0.009999999999999995 0.01999999999999999
-0.44 0.009999999999999995 0.01999999999999999
-0.43 0.009999999999999995 0.01999999999999999
-0.42 0.009999999999999995 0.01999999999999999
-0.41 0.009999999999999995 0.01999999999999999
-0.4 0.009999999999999995 0.01999999999999999
-0.39 0.009999999999999995 0.01999999999999999
-0.38 0.009999999999999995 0.01999999999999999
-0.37 0.009999999999999995 0.01999999999999999
-0.36 0.009999999999999995 0.01999999999999999
-0.35 0.009999999999999995 0.01999999999999999
-0.34 0.009999999999999995 0.01999999999999999
-0.33 0.009999999999999995 0.01999999999999999
-0.32 0.009999999999999995 0.01999999999999999
-0.31 0.009999999999999995 0.01999999999999999
-0.3 0.009999999999999995 0.01999999999999999
-0.29 0.009999999999999995 0.01999999999999999
-0.28 0.009999999999999995 0.01999999999999999
-0.27 0.009999999999999995 0.01999999999999999
-0.26 0.009999999999999995 0.01999999999999999
-0.25 0.009999999999999995 0.01999999999999999
-0.24 0.009999999999999995 0.01999999999999999
-0.23 0.009999999999999995 0.01999999999999999
-0.22 0.009999999999999995 0.01999999999999999
-0.21 0.009999999999999995 0.01999999999999999
-0.2 0.009999999999999995 0.01999999999999999
-0.19 0.009999999999999995 0.01999999999999999
-0.18 0.009999999999999995 0.01999999999999999
-0.17 0.009999999999999995 0.01999999999999999
-0.16 0.009999999999999995 0.01999999999999999
-0.15 0.009999999999999995 0.01999999999999999
-0.14 0.009999999999999995 0.01999999999999999
-0.13 0.009999999999999995 0.01999999999999999
-0.12 0.009999999999999995 0.01999999999999999
-0.11 0.009999999999999995 0.01999999999999999
-0.09999999999999998 0.009999999999999995 0.01999999999999999
-0.09000000000000002 0.009999999999999995 0.01999999999999999
-0.08000000000000002 0.009999999999999995 0.01999999999999999
-0.07000000000000001 0.009999999999999995 0.01999999999999999
-0.06 0.009999999999999995 0.01999999999999999
-0.04999999999999999 0.009999999999999995 0.01999999999999999
-0.03999999999999998 0.009999999999999995 0.01999999999999999
-0.03000000000000003 0.009999999999999995 0.01999999999999999
-0.02000000000000002 0.009999999999999995 0.01999999999999999
-0.01000000000000001 0.009999999999999995 0.01999999999999999
0 0.009999999999999995 0.01999999999999999
0.01000000000000001 0.009999999999999995 0.01999999999999999
0.02000000000000002 0.009999999999999995 0.01999999999999999
0.03000000000000003 0.009999999999999995 0.01999999999999999
0.04000000000000004 0.009999999999999995 0.01999999999999999
0.05000000000000004 0.009999999999999995 0.01999999999999999
0.06000000000000005 0.009999999999999995 0.01999999999999999
0.06999999999999995 0.009999999999999995 0.01999999999999999
0.07999999999999996 0.009999999999999995 0.01999999999999999
0.08999999999999997 0.009999999999999995 0.01999999999999999
0.09999999999999998 0.009999999999999995 0.01999999999999999
0.11 0.009999999999999995 0.01999999999999999
0.12 0.009999999999999995 0.01999999999999999
0.13 0.009999999999999995 0.01999999999999999
0.14 0.009999999999999995 0.01999999999999999
0.15 0.009999999999999995 0.01999999999999999
0.16 0.009999999999999995 0.01999999999999999
0.17 0.009999999999999995 0.01999999999999999
0.18 0.009999999999999995 0.01999999999999999
0.1899999999999999 0.009999999999999995 0.01999999999999999
0.2 0.009999999999999995 0.01999999999999999
0.21 0.009999999999999995 0.01999999999999999
0.22 0.009999999999999995 0.01999999999999999
0.23 0.009999999999999995 0.01999999999999999
0.24 0.009999999999999995 0.01999999999999999
0.25 0.009999999999999995 0.01999999999999999
0.26 0.009999999999999995 0.01999999999999999
0.27 0.009999999999999995 0.01999999999999999
0.28 0.009999999999999995 0.01999999999999999
0.29 0.009999999999999995 0.01999999999999999
0.3 0.009999999999999995 0.01999999999999999
0.3100000000000001 0.009999999999999995 0.01999999999999999
0.32 0.009999999999999995 0.01999999999999999
0.33 0.009999999999999995 0.01999999999999999
0.34 0.009999999999999995 0.01999999999999999
0.35 0.009999999999999995 0.01999999999999999
0.36 0.009999999999999995 0.01999999999999999
0.37 0.009999999999999995 0.01999999999999999
0.38 0.009999999999999995 0.01999999999999999
0.39 0.009999999999999995 0.01999999999999999
0.4 0.009999999999999995 0.01999999999999999
0.41 0.009999999999999995 0.01999999999999999
0.42 0.009999999999999995 0.01999999999999999
0.43 0.009999999999999995 0.01999999999999999
0.4399999999999999 0.009999999999999995 0.01999999999999999
0.45 0.009999999999999995 0.01999999999999999
0.46 0.009999999999999995 0.01999999999999999
0.47 0.009999999999999995 0.01999999999999999
0.48 0.009999999999999995 0.01999999999999999
0.49 0.009999999999999995 0.01999999999999999
0.5 0.009999999999999995 0.01999999999999999
-0.5 0.01999999999999999 0.01999999999999999
-0.49 0.01999999999999999 0.01999999999999999
-0.48 0.01999999999999999 0.01999999999999999
-0.47 0.01999999999999999 0.01999999999999999
-0.46 0.01999999999999999 0.01999999999999999
-0.45 0.01999999999999999 0.01999999999999999
-0.44 0.01999999999999999 0.01999999999999999
-0.43 0.01999999999999999 0.01999999999999999
-0.42 0.01999999999999999 0.01999999999999999
-0.41 0.01999999999999999 0.01999999999999999
-0.4 0.01999999999999999 0.01999999999999999
-0.39 0.01999999999999999 0.01999999999999999
-0.38 0.01999999999999999 0.01999999999999999
-0.37 0.01999999999999999 0.01999999999999999
-0.36 0.01999999999999999 0.01999999999999999
-0.35 0.01999999999999999 0.01999999999999999
-0.34 0.01999999999999999 0.01999999999999999
-0.33 0.01999999999999999 0.01999999999999999
-0.32 0.01999999999999999 0.01999999999999999
-0.31 0.01999999999999999 0.01999999999999999
-0.3 0.01999999999999999 0.01999999999999999
-0.29 0.01999999999999999 0.01999999999999999
-0.28 0.01999999999999999 0.01999999999999999
-0.27 0.01999999999999999 0.01999999999999999
-0.26 0.01999999999999999 0.01999999999999999
-0.25 0.01999999999999999 0.01999999999999999
-0.24 0.01999999999999999 0.01999999999999999
-0.23 0.01999999999999999 0.01999999999999999
-0.22 0.01999999999999999 0.01999999999999999
-0.21 0.01999999999999999 0.01999999999999999
-0.2 0.01999999999999999 0.01999999999999999
-0.19 0.01999999999999999 0.01999999999999999
-0.18 0.01999999999999999 0.01999999999999999
-0.17 0.01999999999999999 0.01999999999999999
-0.16 0.01999999999999999 0.01999999999999999
-0.15 0.01999999999999999 0.01999999999999999
-0.14 0.01999999999999999 0.01999999999999999
-0.13 0.01999999999999999 0.01999999999999999
-0.12 0.01999999999999999 0.01999999999999999
-0.11 0.01999999999999999 0.01999999999999999
-0.09999999999999998 0.01999999999999999 0.01999999999999999
-0.09000000000000002 0.01999999999999999 0.01999999999999999
-0.08000000000000002 0.01999999999999999 0.01999999999999999
-0.07000000000000001 0.01999999999999999 0.01999999999999999
-0.06 0.01999999999999999 0.01999999999999999
-0.04999999999999999 0.01999999999999999 0.01999999999999999
-0.03999999999999998 0.01999999999999999 0.01999999999999999
-0.03000000000000003 0.01999999999999999 0.01999999999999999
-0.02000000000000002 0.01999999999999999 0.01999999999999999
-0.01000000000000001 0.01999999999999999 0.01999999999999999
0 0.01999999999999999 0.01999999999999999
0.01000000000000001 0.01999999999999999 0.01999999999999999
0.02000000000000002 0.01999999999999999 0.01999999999999999
0.03000000000000003 0.01999999999999999 0.01999999999999999
0.04000000000000004 0.01999999999999999 0.01999999999999999
0.05000000000000004 0.01999999999999999 0.01999999999999999
0.06000000000000005 0.01999999999999999 0.01999999999999999
0.06999999999999995 0.01999999999999999 0.01999999999999999
0.07999999999999996 0.01999999999999999 0.01999999999999999
0.08999999999999997 0.01999999999999999 0.01999999999999999
0.09999999999999998 0.01999999999999999 0.01999999999999999
0.11 0.01999999999999999 0.01999999999999999
0.12 0.01999999999999999 0.01999999999999999
0.13 0.01999999999999999 0.01999999999999999
0.14 0.01999999999999999 0.01999999999999999
0.15 0.01999999999999999 0.01999999999999999
0.16 0.01999999999999999 0.01999999999999999
0.17 0.01999999999999999 0.01999999999999999
0.18 0.01999999999999999 0.01999999999999999
0.1899999999999999 0.01999999999999999 0.01999999999999999
0.2 0.01999999999999999 0.01999999999999999
0.21 0.01999999999999999 0.01999999999999999
0.22 0.01999999999999999 0.01999999999999999
0.23 0.01999999999999999 0.01999999999999999
0.24 0.01999999999999999 0.01999999999999999
0.25 0.01999999999999999 0.01999999999999999
0.26 0.01999999999999999 0.01999999999999999
0.27 0.01999999999999999 0.01999999999999999
0.28 0.01999999999999999 0.01999999999999999
0.29 0.01999999999999999 0.01999999999999999
0.3 0.01999999999999999 0.01999999999999999
0.3100000000000001 0.01999999999999999 0.01999999999999999
0.32 0.01999999999999999 0.01999999999999999
0.33 0.01999999999999999 0.01999999999999999
0.34 0.01999999999999999 0.01999999999999999
0.35 0.01999999999999999 0.01999999999999999
0.36 0.01999999999999999 0.01999999999999999
0.37 0.01999999999999999 0.01999999999999999
0.38 0.01999999999999999 0.01999999999999999
0.39 0.01999999999999999 0.01999999999999999
0.4 0.01999999999999999 0.01999999999999999
0.41 0.01999999999999999 0.01999999999999999
0.42 0.01999999999999999 0.01999999999999999
0.43 0.01999999999999999 0.01999999999999999
0.4399999999999999 0.01999999999999999 0.01999999999999999
0.45 0.01999999999999999 0.01999999999999999
0.46 0.01999999999999999 0.01999999999999999
0.47 0.01999999999999999 0.01999999999999999
0.48 0.01999999999999999 0.01999999999999999
0.49 0.01999999999999999 0.01999999999999999
0.5 0.01999999999999999 0.01999999999999999
-0.5 0.03000000000000001 0.01999999999999999
-0.49 0.03000000000000001 0.01999999999999999
-0.48 0.03000000000000001 0.01999999999999999
-0.47 0.03000000000000001 0.01999999999999999
-0.46 0.03000000000000001 0.01999999999999999
-0.45 0.03000000000000001 0.01999999999999999
-0.44 0.03000000000000001 0.01999999999999999
-0.43 0.03000000000000001 0.01999999999999999
-0.42 0.03000000000000001 0.01999999999999999
-0.41 0.03000000000000001 0.01999999999999999
-0.4 0.03000000000000001 0.01999999999999999
-0.39 0.03000000000000001 0.01999999999999999
-0.38 0.03000000000000001 0.01999999999999999
-0.37 0.03000000000000001 0.01999999999999999
-0.36 0.03000000000000001 0.01999999999999999
-0.35 0.03000000000000001 0.01999999999999999
-0.34 0.03000000000000001 0.01999999999999999
-0.33 0.03000000000000001 0.01999999999999999
-0.32 0.03000000000000001 0.01999999999999999
-0.31 0.03000000000000001 0.01999999999999999
-0.3 0.03000000000000001 0.01999999999999999
-0.29 0.03000000000000001 0.01999999999999999
-0.28 0.03000000000000001 0.01999999999999999
-0.27 0.03000000000000001 0.01999999999999999
-0.26 0.03000000000000001 0.01999999999999999
-0.25 0.03000000000000001 0.01999999999999999
-0.24 0.03000000000000001 0.01999999999999999
-0.23 0.03000000000000001 0.01999999999999999
-0.22 0.03000000000000001 0.01999999999999999
-0.21 0.03000000000000001 0.01999999999999999
-0.2 0.03000000000000001 0.01999999999999999
-0.19 0.03000000000000001 0.01999999999999999
-0.18 0.03000000000000001 0.01999999999999999
-0.17 0.03000000000000001 0.01999999999999999
-0.16 0.03000000000000001 0.01999999999999999
-0.15 0.03000000000000001 0.01999999999999999
-0.14 0.03000000000000001 0.01999999999999999
-0.13 0.03000000000000001 0.01999999999999999
-0.12 0.03000000000000001 0.01999999999999999
-0.11 0.03000000000000001 0.01999999999999999
-0.09999999999999998 0.03000000000000001 0.01999999999999999
-0.09000000000000002 0.03000000000000001 0.01999999999999999
-0.08000000000000002 0.03000000000000001 0.01999999999999999
-0.07000000000000001 0.03000000000000001 0.01999999999999999
-0.06 0.03000000000000001 0.01999999999999999
-0.04999999999999999 0.03000000000000001 0.01999999999999999
-0.03999999999999998 0.03000000000000001 0.01999999999999999
-0.03000000000000003 0.03000000000000001 0.01999999999999999
-0.02000000000000002 0.03000000000000001 0.01999999999999999
-0.01000000000000001 0.03000000000000001 0.01999999999999999
0 0.03000000000000001 0.01999999999999999
0.01000000000000001 0.03000000000000001 0.01999999999999999
0.02000000000000002 0.03000000000000001 0.01999999999999999
0.03000000000000003 0.03000000000000001 0.01999999999999999
0.04000000000000004 0.03000000000000001 0.01999999999999999
0.05000000000000004 0.03000000000000001 0.01999999999999999
0.06000000000000005 0.03000000000000001 0.01999999999999999
0.06999999999999995 0.03000000000000001 0.01999999999999999
0.07999999999999996 0.03000000000000001 0.01999999999999999
0.08999999999999997 0.03000000000000001 0.01999999999999999
0.09999999999999998 0.03000000000000001 0.01999999999999999
0.11 0.03000000000000001 0.01999999999999999
0.12 0.03000000000000001 0.01999999999999999
0.13 0.03000000000000001 0.01999999999999999
0.14 0.03000000000000001 0.01999999999999999
0.15 0.03000000000000001 0.01999999999999999
0.16 0.03000000000000001 0.01999999999999999
0.17 0.03000000000000001 0.01999999999999999
0.18 0.03000000000000001 0.01999999999999999
0.1899999999999999 0.03000000000000001 0.01999999999999999
0.2 0.03000000000000001 0.01999999999999999
0.21 0.03000000000000001 0.01999999999999999
0.22 0.03000000000000001 0.01999999999999999
0.23 0.03000000000000001 0.01999999999999999
0.24 0.03000000000000001 0.01999999999999999
0.25 0.03000000000000001 0.01999999999999999
0.26 0.03000000000000001 0.01999999999999999
0.27 0.03000000000000001 0.01999999999999999
0.28 0.03000000000000001 0.01999999999999999
0.29 0.03000000000000001 0.01999999999999999
0.3 0.03000000000000001 0.01999999999999999
0.3100000000000001 0.03000000000000001 0.01999999999999999
0.32 0.03000000000000001 0.01999999999999999
0.33 0.03000000000000001 0.01999999999999999
0.34 0.03000000000000001 0.01999999999999999
0.35 0.03000000000000001 0.01999999999999999
0.36 0.03000000000000001 0.01999999999999999
0.37 0.03000000000000001 0.01999999999999999
0.38 0.03000000000000001 0.01999999999999999
0.39 0.03000000000000001 0.01999999999999999
0.4 0.03000000000000001 0.01999999999999999
0.41 0.03000000000000001 0.01999999999999999
0.42 0.03000000000000001 0.01999999999999999
0.43 0.03000000000000001 0.01999999999999999
0.4399999999999999 0.03000000000000001 0.01999999999999999
0.45 0.03000000000000001 0.01999999999999999
0.46 0.03000000000000001 0.01999999999999999
0.47 0.03000000000000001 0.01999999999999999
0.48 0.03000000000000001 0.01999999999999999
0.49 0.03000000000000001 0.01999999999999999
0.5 0.03000000000000001 0.01999999999999999
-0.5 0.04000000000000001 0.01999999999999999
-0.49 0.04000000000000001 0.01999999999999999
-0.48 0.04000000000000001 0.01999999999999999
-0.47 0.04000000000000001 0.01999999999999999
-0.46 0.04000000000000001 0.01999999999999999
-0.45 0.04000000000000001 0.01999999999999999
-0.44 0.04000000000000001 0.01999999999999999
-0.43 0.04000000000000001 0.01999999999999999
-0.42 0.04000000000000001 0.01999999999999999
-0.41 0.04000000000000001 0.01999999999999999
-0.4 0.04000000000000001 0.01999999999999999
-0.39 0.04000000000000001 0.01999999999999999
-0.38 0.04000000000000001 0.01999999999999999
-0.37 0.04000000000000001 0.01999999999999999
-0.36 0.04000000000000001 0.01999999999999999
-0.35 0.04000000000000001 0.01999999999999999
-0.34 0.04000000000000001 0.01999999999999999
-0.33 0.04000000000000001 0.01999999999999999
-0.32 0.04000000000000001 0.01999999999999999
-0.31 0.04000000000000001 0.01999999999999999
-0.3 0.04000000000000001 0.01999999999999999
-0.29 0.04000000000000001 0.01999999999999999
-0.28 0.04000000000000001 0.01999999999999999
-0.27 0.04000000000000001 0.01999999999999999
-0.26 0.04000000000000001 0.01999999999999999
-0.25 0.04000000000000001 0.01999999999999999
-0.24 0.04000000000000001 0.01999999999999999
-0.23 0.04000000000000001 0.01999999999999999
-0.22 0.04000000000000001 0.01999999999999999
-0.21 0.04000000000000001 0.01999999999999999
-0.2 0.04000000000000001 0.01999999999999999
-0.19 0.04000000000000001 0.01999999999999999
-0.18 0.04000000000000001 0.01999999999999999
-0.17 0.04000000000000001 0.01999999999999999
-0.16 0.04000000000000001 0.01999999999999999
-0.15 0.04000000000000001 0.01999999999999999
-0.14 0.04000000000000001 0.01999999999999999
-0.13 0.04000000000000001 0.01999999999999999
-0.12 0.04000000000000001 0.01999999999999999
-0.11 0.04000000000000001 0.01999999999999999
-0.09999999999999998 0.04000000000000001 0.01999999999999999
-0.09000000000000002 0.04000000000000001 0.01999999999999999
-0.08000000000000002 0.04000000000000001 0.01999999999999999
-0.07000000000000001 0.04000000000000001 0.01999999999999999
-0.06 0.04000000000000001 0.01999999999999999
-0.04999999999999999 0.04000000000000001 0.01999999999999999
-0.03999999999999998 0.04000000000000001 0.01999999999999999
-0.03000000000000003 0.04000000000000001 0.01999999999999999
-0.02000000000000002 0.04000000000000001 0.01999999999999999
-0.01000000000000001 0.04000000000000001 0.01999999999999999
0 0.04000000000000001 0.01999999999999999
0.01000000000000001 0.04000000000000001 0.01999999999999999
0.02000000000000002 0.04000000000000001 0.01999999999999999
0.03000000000000003 0.04000000000000001 0.01999999999999999
0.04000000000000004 0.04000000000000001 0.01999999999999999
0.05000000000000004 0.04000000000000001 0.01999999999999999
0.06000000000000005 0.04000000000000001 0.01999999999999999
0.06999999999999995 0.04000000000000001 0.01999999999999999
0.07999999999999996 0.04000000000000001 0.01999999999999999
0.08999999999999997 0.04000000000000001 0.01999999999999999
0.09999999999999998 0.04000000000000001 0.01999999999999999
0.11 0.04000000000000001 0.01999999999999999
0.12 0.04000000000000001 0.01999999999999999
0.13 0.04000000000000001 0.01999999999999999
0.14 0.04000000000000001 0.01999999999999999
0.15 0.04000000000000001 0.01999999999999999
0.16 0.04000000000000001 0.01999999999999999
0.17 0.04000000000000001 0.01999999999999999
0.18 0.04000000000000001 0.01999999999999999
0.1899999999999999 0.04000000000000001 0.01999999999999999
0.2 0.04000000000000001 0.01999999999999999
0.21 0.04000000000000001 0.01999999999999999
0.22 0.04000000000000001 0.01999999999999999
0.23 0.04000000000000001 0.01999999999999999
0.24 0.04000000000000001 0.01999999999999999
0.25 0.04000000000000001 0.01999999999999999
0.26 0.04000000000000001 0.01999999999999999
0.27 0.04000000000000001 0.01999999999999999
0.28 0.04000000000000001 0.01999999999999999
0.29 0.04000000000000001 0.01999999999999999
0.3 0.04000000000000001 0.01999999999999999
0.3100000000000001 0.04000000000000001 0.01999999999999999
0.32 0.04000000000000001 0.01999999999999999
0.33 0.04000000000000001 0.01999999999999999
0.34 0.04000000000000001 0.01999999999999999
0.35 0.04000000000000001 0.01999999999999999
0.36 0.04000000000000001 0.01999999999999999
0.37 0.04000000000000001 0.01999999999999999
0.38 0.04000000000000001 0.01999999999999999
0.39 0.04000000000000001 0.01999999999999999
0.4 0.04000000000000001 0.01999999999999999
0.41 0.04000000000000001 0.01999999999999999
0.42 0.04000000000000001 0.01999999999999999
0.43 0.04000000000000001 0.01999999999999999
0.4399999999999999 0.04000000000000001 0.01999999999999999
0.45 0.04000000000000001 0.01999999999999999
0.46 0.04000000000000001 0.01999999999999999
0.47 0.04000000000000001 0.01999999999999999
0.48 0.04000000000000001 0.01999999999999999
0.49 0.04000000000000001 0.01999999999999999
0.5 0.04000000000000001 0.01999999999999999
-0.5 0.05 0.01999999999999999
-0.49 0.05 0.01999999999999999
-0.48 0.05 0.01999999999999999
-0.47 0.05 0.01999999999999999
-0.46 0.05 0.01999999999999999
-0.45 0.05 0.01999999999999999
-0.44 0.05 0.01999999999999999
-0.43 0.05 0.01999999999999999
-0.42 0.05 0.01999999999999999
-0.41 0.05 0.01999999999999999
-0.4 0.05 0.01999999999999999
-0.39 0.05 0.01999999999999999
-0.38 0.05 0.01999999999999999
-0.37 0.05 0.01999999999999999
-0.36 0.05 0.01999999999999999
-0.35 0.05 0.01999999999999999
-0.34 0.05 0.01999999999999999
-0.33 0.05 0.01999999999999999
-0.32 0.05 0.01999999999999999
-0.31 0.05 0.01999999999999999
-0.3 0.05 0.01999999999999999
-0.29 0.05 0.01999999999999999
-0.28 0.05 0.01999999999999999
-0.27 0.05 0.01999999999999999
-0.26 0.05 0.01999999999999999
-0.25 0.05 0.01999999999999999
-0.24 0.05 0.01999999999999999
-0.23 0.05 0.01999999999999999
-0.22 0.05 0.01999999999999999
-0.21 0.05 0.01999999999999999
-0.2 0.05 0.01999999999999999
-0.19 0.05 0.01999999999999999
-0.18 0.05 0.01999999999999999
-0.17 0.05 0.01999999999999999
-0.16 0.05 0.01999999999999999
-0.15 0.05 0.01999999999999999
-0.14 0.05 0.01999999999999999
-0.13 0.05 0.01999999999999999
-0.12 0.05 0.01999999999999999
-0.11 0.05 0.01999999999999999
-0.09999999999999998 0.05 0.01999999999999999
-0.09000000000000002 0.05 0.01999999999999999
-0.08000000000000002 0.05 0.01999999999999999
-0.07000000000000001 0.05 0.01999999999999999
-0.06 0.05 0.01999999999999999
-0.04999999999999999 0.05 0.01999999999999999
-0.03999999999999998 0.05 0.01999999999999999
-0.03000000000000003 0.05 0.01999999999999999
-0.02000000000000002 0.05 0.01999999999999999
-0.01000000000000001 0.05 0.01999999999999999
0 0.05 0.01999999999999999
0.01000000000000001 0.05 0.01999999999999999
0.02000000000000002 0.05 0.01999999999999999
0.03000000000000003 0.05 0.01999999999999999
0.04000000000000004 0.05 0.01999999999999999
0.05000000000000004 0.05 0.01999999999999999
0.06000000000000005 0.05 0.01999999999999999
0.06999999999999995 0.05 0.01999999999999999
0.07999999999999996 0.05 0.01999999999999999
0.08999999999999997 0.05 0.01999999999999999
0.09999999999999998 0.05 0.01999999999999999
0.11 0.05 0.01999999999999999
0.12 0.05 0.01999999999999999
0.13 0.05 0.01999999999999999
0.14 0.05 0.01999999999999999
0.15 0.05 0.01999999999999999
0.16 0.05 0.01999999999999999
0.17 0.05 0.01999999999999999
0.18 0.05 0.01999999999999999
0.1899999999999999 0.05 0.01999999999999999
0.2 0.05 0.01999999999999999
0.21 0.05 0.01999999999999999
0.22 0.05 0.01999999999999999
0.23 0.05 0.01999999999999999
0.24 0.05 0.01999999999999999
0.25 0.05 0.01999999999999999
0.26 0.05 0.01999999999999999
0.27 0.05 0.01999999999999999
0.28 0.05 0.01999999999999999
0.29 0.05 0.01999999999999999
0.3 0.05 0.01999999999999999
0.3100000000000001 0.05 0.01999999999999999
0.32 0.05 0.01999999999999999
0.33 0.05 0.01999999999999999
0.34 0.05 0.01999999999999999
0.35 0.05 0.01999999999999999
0.36 0.05 0.01999999999999999
0.37 0.05 0.01999999999999999
0.38 0.05 0.01999999999999999
0.39 0.05 0.01999999999999999
0.4 0.05 0.01999999999999999
0.41 0.05 0.01999999999999999
0.42 0.05 0.01999999999999999
0.43 0.05 0.01999999999999999
0.4399999999999999 0.05 0.01999999999999999
0.45 0.05 0.01999999999999999
0.46 0.05 0.01999999999999999
0.47 0.05 0.01999999999999999
0.48 0.05 0.01999999999999999
0.49 0.05 0.01999999999999999
0.5 0.05 0.01999999999999999
-0.5 -0.05 0.03000000000000001
-0.49 -0.05 0.03000000000000001
-0.48 -0.05 0.03000000000000001
-0.47 -0.05 0.03000000000000001
-0.46 -0.05 0.03000000000000001
-0.45 -0.05 0.03000000000000001
-0.44 -0.05 0.03000000000000001
-0.43 -0.05 0.03000000000000001
-0.42 -0.05 0.03000000000000001
-0.41 -0.05 0.03000000000000001
-0.4 -0.05 0.03000000000000001
-0.39 -0.05 0.03000000000000001
-0.38 -0.05 0.03000000000000001
-0.37 -0.05 0.03000000000000001
-0.36 -0.05 0.03000000000000001
-0.35 -0.05 0.03000000000000001
-0.34 -0.05 0.03000000000000001
-0.33 -0.05 0.03000000000000001
-0.32 -0.05 0.03000000000000001
-0.31 -0.05 0.03000000000000001
-0.3 -0.05 0.03000000000000001
-0.29 -0.05 0.03000000000000001
-0.28 -0.05 0.03000000000000001
-0.27 -0.05 0.03000000000000001
-0.26 -0.05 0.03000000000000001
-0.25 -0.05 0.03000000000000001
-0.24 -0.05 0.03000000000000001
-0.23 -0.05 0.03000000000000001
-0.22 -0.05 0.03000000000000001
-0.21 -0.05 0.03000000000000001
-0.2 -0.05 0.03000000000000001
-0.19 -0.05 0.03000000000000001
-0.18 -0.05 0.03000000000000001
-0.17 -0.05 0.03000000000000001
-0.16 -0.05 0.03000000000000001
-0.15 -0.05 0.03000000000000001
-0.14 -0.05 0.03000000000000001
-0.13 -0.05 0.03000000000000001
-0.12 -0.05 0.03000000000000001
-0.11 -0.05 0.03000000000000001
-0.09999999999999998 -0.05 0.03000000000000001
-0.09000000000000002 -0.05 0.03000000000000001
-0.08000000000000002 -0.05 0.03000000000000001
-0.07000000000000001 -0.05 0.03000000000000001
-0.06 -0.05 0.03000000000000001
-0.04999999999999999 -0.05 0.03000000000000001
-0.03999999999999998 -0.05 0.03000000000000001
-0.03000000000000003 -0.05 0.03000000000000001
-0.02000000000000002 -0.05 0.03000000000000001
-0.01000000000000001 -0.05 0.03000000000000001
0 -0.05 0.03000000000000001
0.01000000000000001 -0.05 0.03000000000000001
0.02000000000000002 -0.05 0.03000000000000001
0.03000000000000003 -0.05 0.03000000000000001
0.04000000000000004 -0.05 0.03000000000000001
0.05000000000000004 -0.05 0.03000000000000001
0.06000000000000005 -0.05 0.03000000000000001
0.06999999999999995 -0.05 0.03000000000000001
0.07999999999999996 -0.05 0.03000000000000001
0.08999999999999997 -0.05 0.03000000000000001
0.09999999999999998 -0.05 0.03000000000000001
0.11 -0.05 0.03000000000000001
0.12 -0.05 0.03000000000000001
0.13 -0.05 0.03000000000000001
0.14 -0.05 0.03000000000000001
0.15 -0.05 0.03000000000000001
0.16 -0.05 0.03000000000000001
0.17 -0.05 0.03000000000000001
0.18 -0.05 0.03000000000000001
0.1899999999999999 -0.05 0.03000000000000001
0.2 -0.05 0.03000000000000001
0.21 -0.05 0.03000000000000001
0.22 -0.05 0.03000000000000001
0.23 -0.05 0.03000000000000001
0.24 -0.05 0.03000000000000001
0.25 -0.05 0.03000000000000001
0.26 -0.05 0.03000000000000001
0.27 -0.05 0.03000000000000001
0.28 -0.05 0.03000000000000001
0.29 -0.05 0.03000000000000001
0.3 -0.05 0.03000000000000001
0.3100000000000001 -0.05 0.03000000000000001
0.32 -0.05 0.03000000000000001
0.33 -0.05 0.03000000000000001
0.34 -0.05 0.03000000000000001
0.35 -0.05 0.03000000000000001
0.36 -0.05 0.03000000000000001
0.37 -0.05 0.03000000000000001
0.38 -0.05 0.03000000000000001
0.39 -0.05 0.03000000000000001
0.4 -0.05 0.03000000000000001
0.41 -0.05 0.03000000000000001
0.42 -0.05 0.03000000000000001
0.43 -0.05 0.03000000000000001
0.4399999999999999 -0.05 0.03000000000000001
0.45 -0.05 0.03000000000000001
0.46 -0.05 0.03000000000000001
0.47 -0.05 0.03000000000000001
0.48 -0.05 0.03000000000000001
0.49 -0.05 0.03000000000000001
0.5 -0.05 0.03000000000000001
-0.5 -0.04 0.03000000000000001
-0.49 -0.04 0.03000000000000001
-0.48 -0.04 0.03000000000000001
-0.47 -0.04 0.03000000000000001
-0.46 -0.04 0.03000000000000001
-0.45 -0.04 0.03000000000000001
-0.44 -0.04 0.03000000000000001
-0.43 -0.04 0.03000000000000001
-0.42 -0.04 0.03000000000000001
-0.41 -0.04 0.03000000000000001
-0.4 -0.04 0.03000000000000001
-0.39 -0.04 0.03000000000000001
-0.38 -0.04 0.03000000000000001
-0.37 -0.04 0.03000000000000001
-0.36 -0.04 0.03000000000000001
-0.35 -0.04 0.03000000000000001
-0.34 -0.04 0.03000000000000001
-0.33 -0.04 0.03000000000000001
-0.32 -0.04 0.03000000000000001
-0.31 -0.04 0.03000000000000001
-0.3 -0.04 0.03000000000000001
-0.29 -0.04 0.03000000000000001
-0.28 -0.04 0.03000000000000001
-0.27 -0.04 0.03000000000000001
-0.26 -0.04 0.03000000000000001
-0.25 -0.04 0.03000000000000001
-0.24 -0.04 0.03000000000000001
-0.23 -0.04 0.03000000000000001
-0.22 -0.04 0.03000000000000001
-0.21 -0.04 0.03000000000000001
-0.2 -0.04 0.03000000000000001
-0.19 -0.04 0.03000000000000001
-0.18 -0.04 0.03000000000000001
-0.17 -0.04 0.03000000000000001
-0.16 -0.04 0.03000000000000001
-0.15 -0.04 0.03000000000000001
-0.14 -0.04 0.03000000000000001
-0.13 -0.04 0.03000000000000001
-0.12 -0.04 0.03000000000000001
-0.11 -0.04 0.03000000000000001
-0.09999999999999998 -0.04 0.03000000000000001
-0.09000000000000002 -0.04 0.03000000000000001
-0.08000000000000002 -0.04 0.03000000000000001
-0.07000000000000001 -0.04 0.03000000000000001
-0.06 -0.04 0.03000000000000001
-0.04999999999999999 -0.04 0.03000000000000001
-0.03999999999999998 -0.04 0.03000000000000001
-0.03000000000000003 -0.04 0.03000000000000001
-0.02000000000000002 -0.04 0.03000000000000001
-0.01000000000000001 -0.04 0.03000000000000001
0 -0.04 0.03000000000000001
0.01000000000000001 -0.04 0.03000000000000001
0.02000000000000002 -0.04 0.03000000000000001
0.03000000000000003 -0.04 0.03000000000000001
0.04000000000000004 -0.04 0.03000000000000001
0.05000000000000004 -0.04 0.03000000000000001
0.06000000000000005 -0.04 0.03000000000000001
0.06999999999999995 -0.04 0.03000000000000001
0.07999999999999996 -0.04 0.03000000000000001
0.08999999999999997 -0.04 0.03000000000000001
0.09999999999999998 -0.04 0.03000000000000001
0.11 -0.04 0.03000000000000001
0.12 -0.04 0.03000000000000001
0.13 -0.04 0.03000000000000001
0.14 -0.04 0.03000000000000001
0.15 -0.04 0.03000000000000001
0.16 -0.04 0.03000000000000001
0.17 -0.04 0.03000000000000001
0.18 -0.04 0.03000000000000001
0.1899999999999999 -0.04 0.03000000000000001
0.2 -0.04 0.03000000000000001
0.21 -0.04 0.03000000000000001
0.22 -0.04 0.03000000000000001
0.23 -0.04 0.03000000000000001
0.24 -0.04 0.03000000000000001
0.25 -0.04 0.03000000000000001
0.26 -0.04 0.03000000000000001
0.27 -0.04 0.03000000000000001
0.28 -0.04 0.03000000000000001
0.29 -0.04 0.03000000000000001
0.3 -0.04 0.03000000000000001
0.3100000000000001 -0.04 0.03000000000000001
0.32 -0.04 0.03000000000000001
0.33 -0.04 0.03000000000000001
0.34 -0.04 0.03000000000000001
0.35 -0.04 0.03000000000000001
0.36 -0.04 0.03000000000000001
0.37 -0.04 0.03000000000000001
0.38 -0.04 0.03000000000000001
0.39 -0.04 0.03000000000000001
0.4 -0.04 0.03000000000000001
0.41 -0.04 0.03000000000000001
0.42 -0.04 0.03000000000000001
0.43 -0.04 0.03000000000000001
0.4399999999999999 -0.04 0.03000000000000001
0.45 -0.04 0.03000000000000001
0.46 -0.04 0.03000000000000001
0.47 -0.04 0.03000000000000001
0.48 -0.04 0.03000000000000001
0.49 -0.04 0.03000000000000001
0.5 -0.04 0.03000000000000001
-0.5 -0.03 0.03000000000000001
-0.49 -0.03 0.03000000000000001
-0.48 -0.03 0.03000000000000001
-0.47 -0.03 0.03000000000000001
-0.46 -0.03 0.03000000000000001
-0.45 -0.03 0.03000000000000001
-0.44 -0.03 0.03000000000000001
-0.43 -0.03 0.03000000000000001
-0.42 -0.03 0.03000000000000001
-0.41 -0.03 0.03000000000000001
-0.4 -0.03 0.03000000000000001
-0.39 -0.03 0.03000000000000001
-0.38 -0.03 0.03000000000000001
-0.37 -0.03 0.03000000000000001
-0.36 -0.03 0.03000000000000001
-0.35 -0.03 0.03000000000000001
-0.34 -0.03 0.03000000000000001
-0.33 -0.03 0.03000000000000001
-0.32 -0.03 0.03000000000000001
-0.31 -0.03 0.03000000000000001
-0.3 -0.03 0.03000000000000001
-0.29 -0.03 0.03000000000000001
-0.28 -0.03 0.03000000000000001
-0.27 -0.03 0.03000000000000001
-0.26 -0.03 0.03000000000000001
-0.25 -0.03 0.03000000000000001
-0.24 -0.03 0.03000000000000001
-0.23 -0.03 0.03000000000000001
-0.22 -0.03 0.03000000000000001
-0.21 -0.03 0.03000000000000001
-0.2 -0.03 0.03000000000000001
-0.19 -0.03 0.03000000000000001
-0.18 -0.03 0.03000000000000001
-0.17 -0.03 0.03000000000000001
-0.16 -0.03 0.03000000000000001
-0.15 -0.03 0.03000000000000001
-0.14 -0.03 0.03000000000000001
-0.13 -0.03 0.03000000000000001
-0.12 -0.03 0.03000000000000001
-0.11 -0.03 0.03000000000000001
-0.09999999999999998 -0.03 0.03000000000000001
-0.09000000000000002 -0.03 0.03000000000000001
-0.08000000000000002 -0.03 0.03000000000000001
-0.07000000000000001 -0.03 0.03000000000000001
-0.06 -0.03 0.03000000000000001
-0.04999999999999999 -0.03 0.03000000000000001
-0.03999999999999998 -0.03 0.03000000000000001
-0.03000000000000003 -0.03 0.03000000000000001
-0.02000000000000002 -0.03 0.03000000000000001
-0.01000000000000001 -0.03 0.03000000000000001
0 -0.03 0.03000000000000001
0.01000000000000001 -0.03 0.03000000000000001
0.02000000000000002 -0.03 0.03000000000000001
0.03000000000000003 -0.03 0.03000000000000001
0.04000000000000004 -0.03 0.03000000000000001
0.05000000000000004 -0.03 0.03000000000000001
0.06000000000000005 -0.03 0.03000000000000001
0.06999999999999995 -0.03 0.03000000000000001
0.07999999999999996 -0.03 0.03000000000000001
0.08999999999999997 -0.03 0.03000000000000001
0.09999999999999998 -0.03 0.03000000000000001
0.11 -0.03 0.03000000000000001
0.12 -0.03 0.03000000000000001
0.13 -0.03 0.03000000000000001
0.14 -0.03 0.03000000000000001
0.15 -0.03 0.03000000000000001
0.16 -0.03 0.03000000000000001
0.17 -0.03 0.03000000000000001
0.18 -0.03 0.03000000000000001
0.1899999999999999 -0.03 0.03000000000000001
0.2 -0.03 0.03000000000000001
0.21 -0.03 0.03000000000000001
0.22 -0.03 0.03000000000000001
0.23 -0.03 0.03000000000000001
0.24 -0.03 0.03000000000000001
0.25 -0.03 0.03000000000000001
0.26 -0.03 0.03000000000000001
0.27 -0.03 0.03000000000000001
0.28 -0.03 0.03000000000000001
0.29 -0.03 0.03000000000000001
0.3 -0.03 0.03000000000000001
0.3100000000000001 -0.03 0.03000000000000001
0.32 -0.03 0.03000000000000001
0.33 -0.03 0.03000000000000001
0.34 -0.03 0.03000000000000001
0.35 -0.03 0.03000000000000001
0.36 -0.03 0.03000000000000001
0.37 -0.03 0.03000000000000001
0.38 -0.03 0.03000000000000001
0.39 -0.03 0.03000000000000001
0.4 -0.03 0.03000000000000001
0.41 -0.03 0.03000000000000001
0.42 -0.03 0.03000000000000001
0.43 -0.03 0.03000000000000001
0.4399999999999999 -0.03 0.03000000000000001
0.45 -0.03 0.03000000000000001
0.46 -0.03 0.03000000000000001
0.47 -0.03 0.03000000000000001
0.48 -0.03 0.03000000000000001
0.49 -0.03 0.03000000000000001
0.5 -0.03 0.03000000000000001
-0.5 -0.02 0.03000000000000001
-0.49 -0.02 0.03000000000000001
-0.48 -0.02 0.03000000000000001
-0.47 -0.02 0.03000000000000001
-0.46 -0.02 0.03000000000000001
-0.45 -0.02 0.03000000000000001
-0.44 -0.02 0.03000000000000001
-0.43 -0.02 0.03000000000000001
-0.42 -0.02 0.03000000000000001
-0.41 -0.02 0.03000000000000001
-0.4 -0.02 0.03000000000000001
-0.39 -0.02 0.03000000000000001
-0.38 -0.02 0.03000000000000001
-0.37 -0.02 0.03000000000000001
-0.36 -0.02 0.03000000000000001
-0.35 -0.02 0.03000000000000001
-0.34 -0.02 0.03000000000000001
-0.33 -0.02 0.03000000000000001
-0.32 -0.02 0.03000000000000001
-0.31 -0.02 0.03000000000000001
-0.3 -0.02 0.03000000000000001
-0.29 -0.02 0.03000000000000001
-0.28 -0.02 0.03000000000000001
-0.27 -0.02 0.03000000000000001
-0.26 -0.02 0.03000000000000001
-0.25 -0.02 0.03000000000000001
-0.24 -0.02 0.03000000000000001
-0.23 -0.02 0.03000000000000001
-0.22 -0.02 0.03000000000000001
-0.21 -0.02 0.03000000000000001
-0.2 -0.02 0.03000000000000001
-0.19 -0.02 0.03000000000000001
-0.18 -0.02 0.03000000000000001
-0.17 -0.02 0.03000000000000001
-0.16 -0.02 0.03000000000000001
-0.15 -0.02 0.03000000000000001
-0.14 -0.02 0.03000000000000001
-0.13 -0.02 0.03000000000000001
-0.12 -0.02 0.03000000000000001
-0.11 -0.02 0.03000000000000001
-0.09999999999999998 -0.02 0.03000000000000001
-0.09000000000000002 -0.02 0.03000000000000001
-0.08000000000000002 -0.02 0.03000000000000001
-0.07000000000000001 -0.02 0.03000000000000001
-0.06 -0.02 0.03000000000000001
-0.04999999999999999 -0.02 0.03000000000000001
-0.03999999999999998 -0.02 0.03000000000000001
-0.03000000000000003 -0.02 0.03000000000000001
-0.02000000000000002 -0.02 0.03000000000000001
-0.01000000000000001 -0.02 0.03000000000000001
0 -0.02 0.03000000000000001
0.01000000000000001 -0.02 0.03000000000000001
0.02000000000000002 -0.02 0.03000000000000001
0.03000000000000003 -0.02 0.03000000000000001
0.04000000000000004 -0.02 0.03000000000000001
0.05000000000000004 -0.02 0.03000000000000001
0.06000000000000005 -0.02 0.03000000000000001
0.06999999999999995 -0.02 0.03000000000000001
0.07999999999999996 -0.02 0.03000000000000001
0.08999999999999997 -0.02 0.03000000000000001
0.09999999999999998 -0.02 0.03000000000000001
0.11 -0.02 0.03000000000000001
0.12 -0.02 0.03000000000000001
0.13 -0.02 0.03000000000000001
0.14 -0.02 0.03000000000000001
0.15 -0.02 0.03000000000000001
0.16 -0.02 0.03000000000000001
0.17 -0.02 0.03000000000000001
0.18 -0.02 0.03000000000000001
0.1899999999999999 -0.02 0.03000000000000001
0.2 -0.02 0.03000000000000001
0.21 -0.02 0.03000000000000001
0.22 -0.02 0.03000000000000001
0.23 -0.02 0.03000000000000001
0.24 -0.02 0.03000000000000001
0.25 -0.02 0.03000000000000001
0.26 -0.02 0.03000000000000001
0.27 -0.02 0.03000000000000001
0.28 -0.02 0.03000000000000001
0.29 -0.02 0.03000000000000001
0.3 -0.02 0.03000000000000001
0.3100000000000001 -0.02 0.03000000000000001
0.32 -0.02 0.03000000000000001
0.33 -0.02 0.03000000000000001
0.34 -0.02 0.03000000000000001
0.35 -0.02 0.03000000000000001
0.36 -0.02 0.03000000000000001
0.37 -0.02 0.03000000000000001
0.38 -0.02 0.03000000000000001
0.39 -0.02 0.03000000000000001
0.4 -0.02 0.03000000000000001
0.41 -0.02 0.03000000000000001
0.42 -0.02 0.03000000000000001
0.43 -0.02 0.03000000000000001
0.4399999999999999 -0.02 0.03000000000000001
0.45 -0.02 0.03000000000000001
0.46 -0.02 0.03000000000000001
0.47 -0.02 0.03000000000000001
0.48 -0.02 0.03000000000000001
0.49 -0.02 0.03000000000000001
0.5 -0.02 0.03000000000000001
-0.5 -0.009999999999999995 0.03000000000000001
-0.49 -0.009999999999999995 0.03000000000000001
-0.48 -0.009999999999999995 0.03000000000000001
-0.47 -0.009999999999999995 0.03000000000000001
-0.46 -0.009999999999999995 0.03000000000000001
-0.45 -0.009999999999999995 0.03000000000000001
-0.44 -0.009999999999999995 0.03000000000000001
-0.43 -0.009999999999999995 0.03000000000000001
-0.42 -0.009999999999999995 0.03000000000000001
-0.41 -0.009999999999999995 0.03000000000000001
-0.4 -0.009999999999999995 0.03000000000000001
-0.39 -0.009999999999999995 0.03000000000000001
-0.38 -0.009999999999999995 0.03000000000000001
-0.37 -0.009999999999999995 0.03000000000000001
-0.36 -0.009999999999999995 0.03000000000000001
-0.35 -0.009999999999999995 0.03000000000000001
-0.34 -0.009999999999999995 0.03000000000000001
-0.33 -0.009999999999999995 0.03000000000000001
-0.32 -0.009999999999999995 0.03000000000000001
-0.31 -0.009999999999999995 0.03000000000000001
-0.3 -0.009999999999999995 0.03000000000000001
-0.29 -0.009999999999999995 0.03000000000000001
-0.28 -0.009999999999999995 0.03000000000000001
-0.27 -0.009999999999999995 0.03000000000000001
-0.26 -0.009999999999999995 0.03000000000000001
-0.25 -0.009999999999999995 0.03000000000000001
-0.24 -0.009999999999999995 0.03000000000000001
-0.23 -0.009999999999999995 0.03000000000000001
-0.22 -0.009999999999999995 0.03000000000000001
-0.21 -0.009999999999999995 0.03000000000000001
-0.2 -0.009999999999999995 0.03000000000000001
-0.19 -0.009999999999999995 0.03000000000000001
-0.18 -0.009999999999999995 0.03000000000000001
-0.17 -0.009999999999999995 0.03000000000000001
-0.16 -0.009999999999999995 0.03000000000000001
-0.15 -0.009999999999999995 0.03000000000000001
-0.14 -0.009999999999999995 0.03000000000000001
-0.13 -0.009999999999999995 0.03000000000000001
-0.12 -0.009999999999999995 0.03000000000000001
-0.11 -0.009999999999999995 0.03000000000000001
-0.09999999999999998 -0.009999999999999995 0.03000000000000001
-0.09000000000000002 -0.009999999999999995 0.03000000000000001
-0.08000000000000002 -0.009999999999999995 0.03000000000000001
-0.07000000000000001 -0.009999999999999995 0.03000000000000001
-0.06 -0.009999999999999995 0.03000000000000001
-0.04999999999999999 -0.009999999999999995 0.03000000000000001
-0.03999999999999998 -0.009999999999999995 0.03000000000000001
-0.03000000000000003 -0.009999999999999995 0.03000000000000001
-0.02000000000000002 -0.009999999999999995 0.03000000000000001
-0.01000000000000001 -0.009999999999999995 0.03000000000000001
0 -0.009999999999999995 0.03000000000000001
0.01000000000000001 -0.009999999999999995 0.03000000000000001
0.02000000000000002 -0.009999999999999995 0.03000000000000001
0.03000000000000003 -0.009999999999999995 0.03000000000000001
0.04000000000000004 -0.009999999999999995 0.03000000000000001
0.05000000000000004 -0.009999999999999995 0.03000000000000001
0.06000000000000005 -0.009999999999999995 0.03000000000000001
0.06999999999999995 -0.009999999999999995 0.03000000000000001
0.07999999999999996 -0.009999999999999995 0.03000000000000001
0.08999999999999997 -0.009999999999999995 0.03000000000000001
0.09999999999999998 -0.009999999999999995 0.03000000000000001
0.11 -0.009999999999999995 0.03000000000000001
0.12 -0.009999999999999995 0.03000000000000001
0.13 -0.009999999999999995 0.03000000000000001
0.14 -0.009999999999999995 0.03000000000000001
0.15 -0.009999999999999995 0.03000000000000001
0.16 -0.009999999999999995 0.03000000000000001
0.17 -0.009999999999999995 0.03000000000000001
0.18 -0.009999999999999995 0.03000000000000001
0.1899999999999999 -0.009999999999999995 0.03000000000000001
0.2 -0.009999999999999995 0.03000000000000001
0.21 -0.009999999999999995 0.03000000000000001
0.22 -0.009999999999999995 0.03000000000000001
0.23 -0.009999999999999995 0.03000000000000001
0.24 -0.009999999999999995 0.03000000000000001
0.25 -0.009999999999999995 0.03000000000000001
0.26 -0.009999999999999995 0.03000000000000001
0.27 -0.009999999999999995 0.03000000000000001
0.28 -0.009999999999999995 0.03000000000000001
0.29 -0.009999999999999995 0.03000000000000001
0.3 -0.009999999999999995 0.03000000000000001
0.3100000000000001 -0.009999999999999995 0.03000000000000001
0.32 -0.009999999999999995 0.03000000000000001
0.33 -0.009999999999999995 0.03000000000000001
0.34 -0.009999999999999995 0.03000000000000001
0.35 -0.009999999999999995 0.03000000000000001
0.36 -0.009999999999999995 0.03000000000000001
0.37 -0.009999999999999995 0.03000000000000001
0.38 -0.009999999999999995 0.03000000000000001
0.39 -0.009999999999999995 0.03000000000000001
0.4 -0.009999999999999995 0.03000000000000001
0.41 -0.009999999999999995 0.03000000000000001
0.42 -0.009999999999999995 0.03000000000000001
0.43 -0.009999999999999995 0.03000000000000001
0.4399999999999999 -0.009999999999999995 0.03000000000000001
0.45 -0.009999999999999995 0.03000000000000001
0.46 -0.009999999999999995 0.03000000000000001
0.47 -0.009999999999999995 0.03000000000000001
0.48 -0.009999999999999995 0.03000000000000001
0.49 -0.009999999999999995 0.03000000000000001
0.5 -0.009999999999999995 0.03000000000000001
-0.5 0 0.03000000000000001
-0.49 0 0.03000000000000001
-0.48 0 0.03000000000000001
-0.47 0 0.03000000000000001
-0.46 0 0.03000000000000001
-0.45 0 0.03000000000000001
-0.44 0 0.03000000000000001
-0.43 0 0.03000000000000001
-0.42 0 0.03000000000000001
-0.41 0 0.03000000000000001
-0.4 0 0.03000000000000001
-0.39 0 0.03000000000000001
-0.38 0 0.03000000000000001
-0.37 0 0.03000000000000001
-0.36 0 0.03000000000000001
-0.35 0 0.03000000000000001
-0.34 0 0.03000000000000001
-0.33 0 0.03000000000000001
-0.32 0 0.03000000000000001
-0.31 0 0.03000000000000001
-0.3 0 0.03000000000000001
-0.29 0 0.03000000000000001
-0.28 0 0.03000000000000001
-0.27 0 0.03000000000000001
-0.26 0 0.03000000000000001
-0.25 0 0.03000000000000001
-0.24 0 0.03000000000000001
-0.23 0 0.03000000000000001
-0.22 0 0.03000000000000001
-0.21 0 0.03000000000000001
-0.2 0 0.03000000000000001
-0.19 0 0.03000000000000001
-0.18 0 0.03000000000000001
-0.17 0 0.03000000000000001
-0.16 0 0.03000000000000001
-0.15 0 0.03000000000000001
-0.14 0 0.03000000000000001
-0.13 0 0.03000000000000001
-0.12 0 0.03000000000000001
-0.11 0 0.03000000000000001
-0.09999999999999998 0 0.03000000000000001
-0.09000000000000002 0 0.03000000000000001
-0.08000000000000002 0 0.03000000000000001
-0.07000000000000001 0 0.03000000000000001
-0.06 0 0.03000000000000001
-0.04999999999999999 0 0.03000000000000001
-0.03999999999999998 0 0.03000000000000001
-0.03000000000000003 0 0.03000000000000001
-0.02000000000000002 0 0.03000000000000001
-0.01000000000000001 0 0.03000000000000001
0 0 0.03000000000000001
0.01000000000000001 0 0.03000000000000001
0.02000000000000002 0 0.03000000000000001
0.03000000000000003 0 0.03000000000000001
0.04000000000000004 0 0.03000000000000001
0.05000000000000004 0 0.03000000000000001
0.06000000000000005 0 0.03000000000000001
0.06999999999999995 0 0.03000000000000001
0.07999999999999996 0 0.03000000000000001
0.08999999999999997 0 0.03000000000000001
0.09999999999999998 0 0.03000000000000001
0.11 0 0.03000000000000001
0.12 0 0.03000000000000001
0.13 0 0.03000000000000001
0.14 0 0.03000000000000001
0.15 0 0.03000000000000001
0.16 0 0.03000000000000001
0.17 0 0.03000000000000001
0.18 0 0.03000000000000001
0.1899999999999999 0 0.03000000000000001
0.2 0 0.03000000000000001
0.21 0 0.03000000000000001
0.22 0 0.03000000000000001
0.23 0 0.03000000000000001
0.24 0 0.03000000000000001
0.25 0 0.03000000000000001
0.26 0 0.03000000000000001
0.27 0 0.03000000000000001
0.28 0 0.03000000000000001
0.29 0 0.03000000000000001
0.3 0 0.03000000000000001
0.3100000000000001 0 0.03000000000000001
0.32 0 0.03000000000000001
0.33 0 0.03000000000000001
0.34 0 0.03000000000000001
0.35 0 0.03000000000000001
0.36 0 0.03000000000000001
0.37 0 0.03000000000000001
0.38 0 0.03000000000000001
0.39 0 0.03000000000000001
0.4 0 0.03000000000000001
0.41 0 0.03000000000000001
0.42 0 0.03000000000000001
0.43 0 0.03000000000000001
0.4399999999999999 0 0.03000000000000001
0.45 0 0.03000000000000001
0.46 0 0.03000000000000001
0.47 0 0.03000000000000001
0.48 0 0.03000000000000001
0.49 0 0.03000000000000001
0.5 0 0.03000000000000001
-0.5 0.009999999999999995 0.03000000000000001
-0.49 0.009999999999999995 0.03000000000000001
-0.48 0.009999999999999995 0.03000000000000001
-0.47 0.009999999999999995 0.03000000000000001
-0.46 0.009999999999999995 0.03000000000000001
-0.45 0.009999999999999995 0.03000000000000001
-0.44 0.009999999999999995 0.03000000000000001
-0.43 0.009999999999999995 0.03000000000000001
-0.42 0.009999999999999995 0.03000000000000001
-0.41 0.009999999999999995 0.03000000000000001
-0.4 0.009999999999999995 0.03000000000000001
-0.39 0.009999999999999995 0.03000000000000001
-0.38 0.009999999999999995 0.03000000000000001
-0.37 0.009999999999999995 0.03000000000000001
-0.36 0.009999999999999995 0.03000000000000001
-0.35 0.009999999999999995 0.03000000000000001
-0.34 0.009999999999999995 0.03000000000000001
-0.33 0.009999999999999995 0.03000000000000001
-0.32 0.009999999999999995 0.03000000000000001
-0.31 0.009999999999999995 0.03000000000000001
-0.3 0.009999999999999995 0.03000000000000001
-0.29 0.009999999999999995 0.03000000000000001
-0.28 0.009999999999999995 0.03000000000000001
-0.27 0.009999999999999995 0.03000000000000001
-0.26 0.009999999999999995 0.03000000000000001
-0.25 0.009999999999999995 0.03000000000000001
-0.24 0.009999999999999995 0.03000000000000001
-0.23 0.009999999999999995 0.03000000000000001
-0.22 0.009999999999999995 0.03000000000000001
-0.21 0.009999999999999995 0.03000000000000001
-0.2 0.009999999999999995 0.03000000000000001
-0.19 0.009999999999999995 0.03000000000000001
-0.18 0.009999999999999995 0.03000000000000001
-0.17 0.009999999999999995 0.03000000000000001
-0.16 0.009999999999999995 0.03000000000000001
-0.15 0.009999999999999995 0.03000000000000001
-0.14 0.009999999999999995 0.03000000000000001
-0.13 0.009999999999999995 0.03000000000000001
-0.12 0.009999999999999995 0.03000000000000001
-0.11 0.009999999999999995 0.03000000000000001
-0.09999999999999998 0.009999999999999995 0.03000000000000001
-0.09000000000000002 0.009999999999999995 0.03000000000000001
-0.08000000000000002 0.009999999999999995 0.03000000000000001
-0.07000000000000001 0.009999999999999995 0.03000000000000001
-0.06 0.009999999999999995 0.03000000000000001
-0.04999999999999999 0.009999999999999995 0.03000000000000001
-0.03999999999999998 0.009999999999999995 0.03000000000000001
-0.03000000000000003 0.009999999999999995 0.03000000000000001
-0.02000000000000002 0.009999999999999995 0.03000000000000001
-0.01000000000000001 0.009999999999999995 0.03000000000000001
0 0.009999999999999995 0.03000000000000001
0.01000000000000001 0.009999999999999995 0.03000000000000001
0.02000000000000002 0.009999999999999995 0.03000000000000001
0.03000000000000003 0.009999999999999995 0.03000000000000001
0.04000000000000004 0.009999999999999995 0.03000000000000001
0.05000000000000004 0.009999999999999995 0.03000000000000001
0.06000000000000005 0.009999999999999995 0.03000000000000001
0.06999999999999995 0.009999999999999995 0.03000000000000001
0.07999999999999996 0.009999999999999995 0.03000000000000001
0.08999999999999997 0.009999999999999995 0.03000000000000001
0.09999999999999998 0.009999999999999995 0.03000000000000001
0.11 0.009999999999999995 0.03000000000000001
0.12 0.009999999999999995 0.03000000000000001
0.13 0.009999999999999995 0.03000000000000001
0.14 0.009999999999999995 0.03000000000000001
0.15 0.009999999999999995 0.03000000000000001
0.16 0.009999999999999995 0.03000000000000001
0.17 0.009999999999999995 0.03000000000000001
0.18 0.009999999999999995 0.03000000000000001
0.1899999999999999 0.009999999999999995 0.03000000000000001
0.2 0.009999999999999995 0.03000000000000001
0.21 0.009999999999999995 0.03000000000000001
0.22 0.009999999999999995 0.03000000000000001
0.23 0.009999999999999995 0.03000000000000001
0.24 0.009999999999999995 0.03000000000000001
0.25 0.009999999999999995 0.03000000000000001
0.26 0.009999999999999995 0.03000000000000001
0.27 0.009999999999999995 0.03000000000000001
0.28 0.009999999999999995 0.03000000000000001
0.29 0.009999999999999995 0.03000000000000001
0.3 0.009999999999999995 0.03000000000000001
0.3100000000000001 0.009999999999999995 0.03000000000000001
0.32 0.009999999999999995 0.03000000000000001
0.33 0.009999999999999995 0.03000000000000001
0.34 0.009999999999999995 0.03000000000000001
0.35 0.009999999999999995 0.03000000000000001
0.36 0.009999999999999995 0.03000000000000001
0.37 0.009999999999999995 0.03000000000000001
0.38 0.009999999999999995 0.03000000000000001
0.39 0.009999999999999995 0.03000000000000001
0.4 0.009999999999999995 0.03000000000000001
0.41 0.009999999999999995 0.03000000000000001
0.42 0.009999999999999995 0.03000000000000001
0.43 0.009999999999999995 0.03000000000000001
0.4399999999999999 0.009999999999999995 0.03000000000000001
0.45 0.009999999999999995 0.03000000000000001
0.46 0.009999999999999995 0.03000000000000001
0.47 0.009999999999999995 0.03000000000000001
0.48 0.009999999999999995 0.03000000000000001
0.49 0.009999999999999995 0.03000000000000001
0.5 0.009999999999999995 0.03000000000000001
-0.5 0.01999999999999999 0.03000000000000001
-0.49 0.01999999999999999 0.03000000000000001
-0.48 0.01999999999999999 0.03000000000000001
-0.47 0.01999999999999999 0.03000000000000001
-0.46 0.01999999999999999 0.03000000000000001
-0.45 0.01999999999999999 0.03000000000000001
-0.44 0.01999999999999999 0.03000000000000001
-0.43 0.01999999999999999 0.03000000000000001
-0.42 0.01999999999999999 0.03000000000000001
-0.41 0.01999999999999999 0.03000000000000001
-0.4 0.01999999999999999 0.03000000000000001
-0.39 0.01999999999999999 0.03000000000000001
-0.38 0.01999999999999999 0.03000000000000001
-0.37 0.01999999999999999 0.03000000000000001
-0.36 0.01999999999999999 0.03000000000000001
-0.35 0.01999999999999999 0.03000000000000001
-0.34 0.01999999999999999 0.03000000000000001
-0.33 0.01999999999999999 0.03000000000000001
-0.32 0.01999999999999999 0.03000000000000001
-0.31 0.01999999999999999 0.03000000000000001
-0.3 0.01999999999999999 0.03000000000000001
-0.29 0.01999999999999999 0.03000000000000001
-0.28 0.01999999999999999 0.03000000000000001
-0.27 0.01999999999999999 0.03000000000000001
-0.26 0.01999999999999999 0.03000000000000001
-0.25 0.01999999999999999 0.03000000000000001
-0.24 0.01999999999999999 0.03000000000000001
-0.23 0.01999999999999999 0.03000000000000001
-0.22 0.01999999999999999 0.03000000000000001
-0.21 0.01999999999999999 0.03000000000000001
-0.2 0.01999999999999999 0.03000000000000001
-0.19 0.01999999999999999 0.03000000000000001
-0.18 0.01999999999999999 0.03000000000000001
-0.17 0.01999999999999999 0.03000000000000001
-0.16 0.01999999999999999 0.03000000000000001
-0.15 0.01999999999999999 0.03000000000000001
-0.14 0.01999999999999999 0.03000000000000001
-0.13 0.01999999999999999 0.03000000000000001
-0.12 0.01999999999999999 0.03000000000000001
-0.11 0.01999999999999999 0.03000000000000001
-0.09999999999999998 0.01999999999999999 0.03000000000000001
-0.09000000000000002 0.01999999999999999 0.03000000000000001
-0.08000000000000002 0.01999999999999999 0.03000000000000001
-0.07000000000000001 0.01999999999999999 0.03000000000000001
-0.06 0.01999999999999999 0.03000000000000001
-0.04999999999999999 0.01999999999999999 0.03000000000000001
-0.03999999999999998 0.01999999999999999 0.03000000000000001
-0.03000000000000003 0.01999999999999999 0.03000000000000001
-0.02000000000000002 0.01999999999999999 0.03000000000000001
-0.01000000000000001 0.01999999999999999 0.03000000000000001
0 0.01999999999999999 0.03000000000000001
0.01000000000000001 0.01999999999999999 0.03000000000000001
0.02000000000000002 0.01999999999999999 0.03000000000000001
0.03000000000000003 0.01999999999999999 0.03000000000000001
0.04000000000000004 0.01999999999999999 0.03000000000000001
0.05000000000000004 0.01999999999999999 0.03000000000000001
0.06000000000000005 0.01999999999999999 0.03000000000000001
0.06999999999999995 0.01999999999999999 0.03000000000000001
0.07999999999999996 0.01999999999999999 0.03000000000000001
0.08999999999999997 0.01999999999999999 0.03000000000000001
0.09999999999999998 0.01999999999999999 0.03000000000000001
0.11 0.01999999999999999 0.03000000000000001
0.12 0.01999999999999999 0.03000000000000001
0.13 0.01999999999999999 0.03000000000000001
0.14 0.01999999999999999 0.03000000000000001
0.15 0.01999999999999999 0.03000000000000001
0.16 0.01999999999999999 0.03000000000000001
0.17 0.01999999999999999 0.03000000000000001
0.18 0.01999999999999999 0.03000000000000001
0.1899999999999999 0.01999999999999999 0.03000000000000001
0.2 0.01999999999999999 0.03000000000000001
0.21 0.01999999999999999 0.03000000000000001
0.22 0.01999999999999999 0.03000000000000001
0.23 0.01999999999999999 0.03000000000000001
0.24 0.01999999999999999 0.03000000000000001
0.25 0.01999999999999999 0.03000000000000001
0.26 0.01999999999999999 0.03000000000000001
0.27 0.01999999999999999 0.03000000000000001
0.28 0.01999999999999999 0.03000000000000001
0.29 0.01999999999999999 0.03000000000000001
0.3 0.01999999999999999 0.03000000000000001
0.3100000000000001 0.01999999999999999 0.03000000000000001
0.32 0.01999999999999999 0.03000000000000001
0.33 0.01999999999999999 0.03000000000000001
0.34 0.01999999999999999 0.03000000000000001
0.35 0.01999999999999999 0.03000000000000001
0.36 0.01999999999999999 0.03000000000000001
0.37 0.01999999999999999 0.03000000000000001
0.38 0.01999999999999999 0.03000000000000001
0.39 0.01999999999999999 0.03000000000000001
0.4 0.01999999999999999 0.03000000000000001
0.41 0.01999999999999999 0.03000000000000001
0.42 0.01999999999999999 0.03000000000000001
0.43 0.01999999999999999 0.03000000000000001
0.4399999999999999 0.01999999999999999 0.03000000000000001
0.45 0.01999999999999999 0.03000000000000001
0.46 0.01999999999999999 0.03000000000000001
0.47 0.01999999999999999 0.03000000000000001
0.48 0.01999999999999999 0.03000000000000001
0.49 0.01999999999999999 0.03000000000000001
0.5 0.01999999999999999 0.03000000000000001
-0.5 0.03000000000000001 0.03000000000000001
-0.49 0.03000000000000001 0.03000000000000001
-0.48 0.03000000000000001 0.03000000000000001
-0.47 0.03000000000000001 0.03000000000000001
-0.46 0.03000000000000001 0.03000000000000001
-0.45 0.03000000000000001 0.03000000000000001
-0.44 0.03000000000000001 0.03000000000000001
-0.43 0.03000000000000001 0.03000000000000001
-0.42 0.03000000000000001 0.03000000000000001
-0.41 0.03000000000000001 0.03000000000000001
-0.4 0.03000000000000001 0.03000000000000001
-0.39 0.03000000000000001 0.03000000000000001
-0.38 0.03000000000000001 0.03000000000000001
-0.37 0.03000000000000001 0.03000000000000001
-0.36 0.03000000000000001 0.03000000000000001
-0.35 0.03000000000000001 0.03000000000000001
-0.34 0.03000000000000001 0.03000000000000001
-0.33 0.03000000000000001 0.03000000000000001
-0.32 0.03000000000000001 0.03000000000000001
-0.31 0.03000000000000001 0.03000000000000001
-0.3 0.03000000000000001 0.03000000000000001
-0.29 0.03000000000000001 0.03000000000000001
-0.28 0.03000000000000001 0.03000000000000001
-0.27 0.03000000000000001 0.03000000000000001
-0.26 0.03000000000000001 0.03000000000000001
-0.25 0.03000000000000001 0.03000000000000001
-0.24 0.03000000000000001 0.03000000000000001
-0.23 0.03000000000000001 0.03000000000000001
-0.22 0.03000000000000001 0.03000000000000001
-0.21 0.03000000000000001 0.03000000000000001
-0.2 0.03000000000000001 0.03000000000000001
-0.19 0.03000000000000001 0.03000000000000001
-0.18 0.03000000000000001 0.03000000000000001
-0.17 0.03000000000000001 0.03000000000000001
-0.16 0.03000000000000001 0.03000000000000001
-0.15 0.03000000000000001 0.03000000000000001
-0.14 0.03000000000000001 0.03000000000000001
-0.13 0.03000000000000001 0.03000000000000001
-0.12 0.03000000000000001 0.03000000000000001
-0.11 0.03000000000000001 0.03000000000000001
-0.09999999999999998 0.03000000000000001 0.03000000000000001
-0.09000000000000002 0.03000000000000001 0.03000000000000001
-0.08000000000000002 0.03000000000000001 0.03000000000000001
-0.07000000000000001 0.03000000000000001 0.03000000000000001
-0.06 0.03000000000000001 0.03000000000000001
-0.04999999999999999 0.03000000000000001 0.03000000000000001
-0.03999999999999998 0.03000000000000001 0.03000000000000001
-0.03000000000000003 0.03000000000000001 0.03000000000000001
-0.02000000000000002 0.03000000000000001 0.03000000000000001
-0.01000000000000001 0.03000000000000001 0.03000000000000001
0 0.03000000000000001 0.03000000000000001
0.01000000000000001 0.03000000000000001 0.03000000000000001
0.02000000000000002 0.03000000000000001 0.03000000000000001
0.03000000000000003 0.03000000000000001 0.03000000000000001
0.04000000000000004 0.03000000000000001 0.03000000000000001
0.05000000000000004 0.03000000000000001 0.03000000000000001
0.06000000000000005 0.03000000000000001 0.03000000000000001
0.06999999999999995 0.03000000000000001 0.03000000000000001
0.07999999999999996 0.03000000000000001 0.03000000000000001
0.08999999999999997 0.03000000000000001 0.03000000000000001
0.09999999999999998 0.03000000000000001 0.03000000000000001
0.11 0.03000000000000001 0.03000000000000001
0.12 0.03000000000000001 0.03000000000000001
0.13 0.03000000000000001 0.03000000000000001
0.14 0.03000000000000001 0.03000000000000001
0.15 0.03000000000000001 0.03000000000000001
0.16 0.03000000000000001 0.03000000000000001
0.17 0.03000000000000001 0.03000000000000001
0.18 0.03000000000000001 0.03000000000000001
0.1899999999999999 0.03000000000000001 0.03000000000000001
0.2 0.03000000000000001 0.03000000000000001
0.21 0.03000000000000001 0.03000000000000001
0.22 0.03000000000000001 0.03000000000000001
0.23 0.03000000000000001 0.03000000000000001
0.24 0.03000000000000001 0.03000000000000001
0.25 0.03000000000000001 0.03000000000000001
0.26 0.03000000000000001 0.03000000000000001
0.27 0.03000000000000001 0.03000000000000001
0.28 0.03000000000000001 0.03000000000000001
0.29 0.03000000000000001 0.03000000000000001
0.3 0.03000000000000001 0.03000000000000001
0.3100000000000001 0.03000000000000001 0.03000000000000001
0.32 0.03000000000000001 0.03000000000000001
0.33 0.03000000000000001 0.03000000000000001
0.34 0.03000000000000001 0.03000000000000001
0.35 0.03000000000000001 0.03000000000000001
0.36 0.03000000000000001 0.03000000000000001
0.37 0.03000000000000001 0.03000000000000001
0.38 0.03000000000000001 0.03000000000000001
0.39 0.03000000000000001 0.03000000000000001
0.4 0.03000000000000001 0.03000000000000001
0.41 0.03000000000000001 0.03000000000000001
0.42 0.03000000000000001 0.03000000000000001
0.43 0.03000000000000001 0.03000000000000001
0.4399999999999999 0.03000000000000001 0.03000000000000001
0.45 0.03000000000000001 0.03000000000000001
0.46 0.03000000000000001 0.03000000000000001
0.47 0.03000000000000001 0.03000000000000001
0.48 0.03000000000000001 0.03000000000000001
0.49 0.03000000000000001 0.03000000000000001
0.5 0.03000000000000001 0.03000000000000001
-0.5 0.04000000000000001 0.03000000000000001
-0.49 0.04000000000000001 0.03000000000000001
-0.48 0.04000000000000001 0.03000000000000001
-0.47 0.04000000000000001 0.03000000000000001
-0.46 0.04000000000000001 0.03000000000000001
-0.45 0.04000000000000001 0.03000000000000001
-0.44 0.04000000000000001 0.03000000000000001
-0.43 0.04000000000000001 0.03000000000000001
-0.42 0.04000000000000001 0.03000000000000001
-0.41 0.04000000000000001 0.03000000000000001
-0.4 0.04000000000000001 0.03000000000000001
-0.39 0.04000000000000001 0.03000000000000001
-0.38 0.04000000000000001 0.03000000000000001
-0.37 0.04000000000000001 0.03000000000000001
-0.36 0.04000000000000001 0.03000000000000001
-0.35 0.04000000000000001 0.03000000000000001
-0.34 0.04000000000000001 0.03000000000000001
-0.33 0.04000000000000001 0.03000000000000001
-0.32 0.04000000000000001 0.03000000000000001
-0.31 0.04000000000000001 0.03000000000000001
-0.3 0.04000000000000001 0.03000000000000001
-0.29 0.04000000000000001 0.03000000000000001
-0.28 0.04000000000000001 0.03000000000000001
-0.27 0.04000000000000001 0.03000000000000001
-0.26 0.04000000000000001 0.03000000000000001
-0.25 0.04000000000000001 0.03000000000000001
-0.24 0.04000000000000001 0.03000000000000001
-0.23 0.04000000000000001 0.03000000000000001
-0.22 0.04000000000000001 0.03000000000000001
-0.21 0.04000000000000001 0.03000000000000001
-0.2 0.04000000000000001 0.03000000000000001
-0.19 0.04000000000000001 0.03000000000000001
-0.18 0.04000000000000001 0.03000000000000001
-0.17 0.04000000000000001 0.03000000000000001
-0.16 0.04000000000000001 0.03000000000000001
-0.15 0.04000000000000001 0.03000000000000001
-0.14 0.04000000000000001 0.03000000000000001
-0.13 0.04000000000000001 0.03000000000000001
-0.12 0.04000000000000001 0.03000000000000001
-0.11 0.04000000000000001 0.03000000000000001
-0.09999999999999998 0.04000000000000001 0.03000000000000001
-0.09000000000000002 0.04000000000000001 0.03000000000000001
-0.08000000000000002 0.04000000000000001 0.03000000000000001
-0.07000000000000001 0.04000000000000001 0.03000000000000001
-0.06 0.04000000000000001 0.03000000000000001
-0.04999999999999999 0.04000000000000001 0.03000000000000001
-0.03999999999999998 0.04000000000000001 0.03000000000000001
-0.03000000000000003 0.04000000000000001 0.03000000000000001
-0.02000000000000002 0.04000000000000001 0.03000000000000001
-0.01000000000000001 0.04000000000000001 0.03000000000000001
0 0.04000000000000001 0.03000000000000001
0.01000000000000001 0.04000000000000001 0.03000000000000001
0.02000000000000002 0.04000000000000001 0.03000000000000001
0.03000000000000003 0.04000000000000001 0.03000000000000001
0.04000000000000004 0.04000000000000001 0.03000000000000001
0.05000000000000004 0.04000000000000001 0.03000000000000001
0.06000000000000005 0.04000000000000001 0.03000000000000001
0.06999999999999995 0.04000000000000001 0.03000000000000001
0.07999999999999996 0.04000000000000001 0.03000000000000001
0.08999999999999997 0.04000000000000001 0.03000000000000001
0.09999999999999998 0.04000000000000001 0.03000000000000001
0.11 0.04000000000000001 0.03000000000000001
0.12 0.04000000000000001 0.03000000000000001
0.13 0.04000000000000001 0.03000000000000001
0.14 0.04000000000000001 0.03000000000000001
0.15 0.04000000000000001 0.03000000000000001
0.16 0.04000000000000001 0.03000000000000001
0.17 0.04000000000000001 0.03000000000000001
0.18 0.04000000000000001 0.03000000000000001
0.1899999999999999 0.04000000000000001 0.03000000000000001
0.2 0.04000000000000001 0.03000000000000001
0.21 0.04000000000000001 0.03000000000000001
0.22 0.04000000000000001 0.03000000000000001
0.23 0.04000000000000001 0.03000000000000001
0.24 0.04000000000000001 0.03000000000000001
0.25 0.04000000000000001 0.03000000000000001
0.26 0.04000000000000001 0.03000000000000001
0.27 0.04000000000000001 0.03000000000000001
0.28 0.04000000000000001 0.03000000000000001
0.29 0.04000000000000001 0.03000000000000001
0.3 0.04000000000000001 0.03000000000000001
0.3100000000000001 0.04000000000000001 0.03000000000000001
0.32 0.04000000000000001 0.03000000000000001
0.33 0.04000000000000001 0.03000000000000001
0.34 0.04000000000000001 0.03000000000000001
0.35 0.04000000000000001 0.03000000000000001
0.36 0.04000000000000001 0.03000000000000001
0.37 0.04000000000000001 0.03000000000000001
0.38 0.04000000000000001 0.03000000000000001
0.39 0.04000000000000001 0.03000000000000001
0.4 0.04000000000000001 0.03000000000000001
0.41 0.04000000000000001 0.03000000000000001
0.42 0.04000000000000001 0.03000000000000001
0.43 0.04000000000000001 0.03000000000000001
0.4399999999999999 0.04000000000000001 0.03000000000000001
0.45 0.04000000000000001 0.03000000000000001
0.46 0.04000000000000001 0.03000000000000001
0.47 0.04000000000000001 0.03000000000000001
0.48 0.04000000000000001 0.03000000000000001
0.49 0.04000000000000001 0.03000000000000001
0.5 0.04000000000000001 0.03000000000000001
-0.5 0.05 0.03000000000000001
-0.49 0.05 0.03000000000000001
-0.48 0.05 0.03000000000000001
-0.47 0.05 0.03000000000000001
-0.46 0.05 0.03000000000000001
-0.45 0.05 0.03000000000000001
-0.44 0.05 0.03000000000000001
-0.43 0.05 0.03000000000000001
-0.42 0.05 0.03000000000000001
-0.41 0.05 0.03000000000000001
-0.4 0.05 0.03000000000000001
-0.39 0.05 0.03000000000000001
-0.38 0.05 0.03000000000000001
-0.37 0.05 0.03000000000000001
-0.36 0.05 0.03000000000000001
-0.35 0.05 0.03000000000000001
-0.34 0.05 0.03000000000000001
-0.33 0.05 0.03000000000000001
-0.32 0.05 0.03000000000000001
-0.31 0.05 0.03000000000000001
-0.3 0.05 0.03000000000000001
-0.29 0.05 0.03000000000000001
-0.28 0.05 0.03000000000000001
-0.27 0.05 0.03000000000000001
-0.26 0.05 0.03000000000000001
-0.25 0.05 0.03000000000000001
-0.24 0.05 0.03000000000000001
-0.23 0.05 0.03000000000000001
-0.22 0.05 0.03000000000000001
-0.21 0.05 0.03000000000000001
-0.2 0.05 0.03000000000000001
-0.19 0.05 0.03000000000000001
-0.18 0.05 0.03000000000000001
-0.17 0.05 0.03000000000000001
-0.16 0.05 0.03000000000000001
-0.15 0.05 0.03000000000000001
-0.14 0.05 0.03000000000000001
-0.13 0.05 0.03000000000000001
-0.12 0.05 0.03000000000000001
-0.11 0.05 0.03000000000000001
-0.09999999999999998 0.05 0.03000000000000001
-0.09000000000000002 0.05 0.03000000000000001
-0.08000000000000002 0.05 0.03000000000000001
-0.07000000000000001 0.05 0.03000000000000001
-0.06 0.05 0.03000000000000001
-0.04999999999999999 0.05 0.03000000000000001
-0.03999999999999998 0.05 0.03000000000000001
-0.03000000000000003 0.05 0.03000000000000001
-0.02000000000000002 0.05 0.03000000000000001
-0.01000000000000001 0.05 0.03000000000000001
0 0.05 0.03000000000000001
0.01000000000000001 0.05 0.03000000000000001
0.02000000000000002 0.05 0.03000000000000001
0.03000000000000003 0.05 0.03000000000000001
0.04000000000000004 0.05 0.03000000000000001
0.05000000000000004 0.05 0.03000000000000001
0.06000000000000005 0.05 0.03000000000000001
0.06999999999999995 0.05 0.03000000000000001
0.07999999999999996 0.05 0.03000000000000001
0.08999999999999997 0.05 0.03000000000000001
0.09999999999999998 0.05 0.03000000000000001
0.11 0.05 0.03000000000000001
0.12 0.05 0.03000000000000001
0.13 0.05 0.03000000000000001
0.14 0.05 0.03000000000000001
0.15 0.05 0.03000000000000001
0.16 0.05 0.03000000000000001
0.17 0.05 0.03000000000000001
0.18 0.05 0.03000000000000001
0.1899999999999999 0.05 0.03000000000000001
0.2 0.05 0.03000000000000001
0.21 0.05 0.03000000000000001
0.22 0.05 0.03000000000000001
0.23 0.05 0.03000000000000001
0.24 0.05 0.03000000000000001
0.25 0.05 0.03000000000000001
0.26 0.05 0.03000000000000001
0.27 0.05 0.03000000000000001
0.28 0.05 0.03000000000000001
0.29 0.05 0.03000000000000001
0.3 0.05 0.03000000000000001
0.3100000000000001 0.05 0.03000000000000001
0.32 0.05 0.03000000000000001
0.33 0.05 0.03000000000000001
0.34 0.05 0.03000000000000001
0.35 0.05 0.03000000000000001
0.36 0.05 0.03000000000000001
0.37 0.05 0.03000000000000001
0.38 0.05 0.03000000000000001
0.39 0.05 0.03000000000000001
0.4 0.05 0.03000000000000001
0.41 0.05 0.03000000000000001
0.42 0.05 0.03000000000000001
0.43 0.05 0.03000000000000001
0.4399999999999999 0.05 0.03000000000000001
0.45 0.05 0.03000000000000001
0.46 0.05 0.03000000000000001
0.47 0.05 0.03000000000000001
0.48 0.05 0.03000000000000001
0.49 0.05 0.03000000000000001
0.5 0.05 0.03000000000000001
-0.5 -0.05 0.04000000000000001
-0.49 -0.05 0.04000000000000001
-0.48 -0.05 0.04000000000000001
-0.47 -0.05 0.04000000000000001
-0.46 -0.05 0.04000000000000001
-0.45 -0.05 0.04000000000000001
-0.44 -0.05 0.04000000000000001
-0.43 -0.05 0.04000000000000001
-0.42 -0.05 0.04000000000000001
-0.41 -0.05 0.04000000000000001
-0.4 -0.05 0.04000000000000001
-0.39 -0.05 0.04000000000000001
-0.38 -0.05 0.04000000000000001
-0.37 -0.05 0.04000000000000001
-0.36 -0.05 0.04000000000000001
-0.35 -0.05 0.04000000000000001
-0.34 -0.05 0.04000000000000001
-0.33 -0.05 0.04000000000000001
-0.32 -0.05 0.04000000000000001
-0.31 -0.05 0.04000000000000001
-0.3 -0.05 0.04000000000000001
-0.29 -0.05 0.04000000000000001
-0.28 -0.05 0.04000000000000001
-0.27 -0.05 0.04000000000000001
-0.26 -0.05 0.04000000000000001
-0.25 -0.05 0.04000000000000001
-0.24 -0.05 0.04000000000000001
-0.23 -0.05 0.04000000000000001
-0.22 -0.05 0.04000000000000001
-0.21 -0.05 0.04000000000000001
-0.2 -0.05 0.04000000000000001
-0.19 -0.05 0.04000000000000001
-0.18 -0.05 0.04000000000000001
-0.17 -0.05 0.04000000000000001
-0.16 -0.05 0.04000000000000001
-0.15 -0.05 0.04000000000000001
-0.14 -0.05 0.04000000000000001
-0.13 -0.05 0.04000000000000001
-0.12 -0.05 0.04000000000000001
-0.11 -0.05 0.04000000000000001
-0.09999999999999998 -0.05 0.04000000000000001
-0.09000000000000002 -0.05 0.04000000000000001
-0.08000000000000002 -0.05 0.04000000000000001
-0.07000000000000001 -0.05 0.04000000000000001
-0.06 -0.05 0.04000000000000001
-0.04999999999999999 -0.05 0.04000000000000001
-0.03999999999999998 -0.05 0.04000000000000001
-0.03000000000000003 -0.05 0.04000000000000001
-0.02000000000000002 -0.05 0.04000000000000001
-0.01000000000000001 -0.05 0.04000000000000001
0 -0.05 0.04000000000000001
0.01000000000000001 -0.05 0.04000000000000001
0.02000000000000002 -0.05 0.04000000000000001
0.03000000000000003 -0.05 0.04000000000000001
0.04000000000000004 -0.05 0.04000000000000001
0.05000000000000004 -0.05 0.04000000000000001
0.06000000000000005 -0.05 0.04000000000000001
0.06999999999999995 -0.05 0.04000000000000001
0.07999999999999996 -0.05 0.04000000000000001
0.08999999999999997 -0.05 0.04000000000000001
0.09999999999999998 -0.05 0.04000000000000001
0.11 -0.05 0.04000000000000001
0.12 -0.05 0.04000000000000001
0.13 -0.05 0.04000000000000001
0.14 -0.05 0.04000000000000001
0.15 -0.05 0.04000000000000001
0.16 -0.05 0.04000000000000001
0.17 -0.05 0.04000000000000001
0.18 -0.05 0.04000000000000001
0.1899999999999999 -0.05 0.04000000000000001
0.2 -0.05 0.04000000000000001
0.21 -0.05 0.04000000000000001
0.22 -0.05 0.04000000000000001
0.23 -0.05 0.04000000000000001
0.24 -0.05 0.04000000000000001
0.25 -0.05 0.04000000000000001
0.26 -0.05 0.04000000000000001
0.27 -0.05 0.04000000000000001
0.28 -0.05 0.04000000000000001
0.29 -0.05 0.04000000000000001
0.3 -0.05 0.04000000000000001
0.3100000000000001 -0.05 0.04000000000000001
0.32 -0.05 0.04000000000000001
0.33 -0.05 0.04000000000000001
0.34 -0.05 0.04000000000000001
0.35 -0.05 0.04000000000000001
0.36 -0.05 0.04000000000000001
0.37 -0.05 0.04000000000000001
0.38 -0.05 0.04000000000000001
0.39 -0.05 0.04000000000000001
0.4 -0.05 0.04000000000000001
0.41 -0.05 0.04000000000000001
0.42 -0.05 0.04000000000000001
0.43 -0.05 0.04000000000000001
0.4399999999999999 -0.05 0.04000000000000001
0.45 -0.05 0.04000000000000001
0.46 -0.05 0.04000000000000001
0.47 -0.05 0.04000000000000001
0.48 -0.05 0.04000000000000001
0.49 -0.05 0.04000000000000001
0.5 -0.05 0.04000000000000001
-0.5 -0.04 0.04000000000000001
-0.49 -0.04 0.04000000000000001
-0.48 -0.04 0.04000000000000001
-0.47 -0.04 0.04000000000000001
-0.46 -0.04 0.04000000000000001
-0.45 -0.04 0.04000000000000001
-0.44 -0.04 0.04000000000000001
-0.43 -0.04 0.04000000000000001
-0.42 -0.04 0.04000000000000001
-0.41 -0.04 0.04000000000000001
-0.4 -0.04 0.04000000000000001
-0.39 -0.04 0.04000000000000001
-0.38 -0.04 0.04000000000000001
-0.37 -0.04 0.04000000000000001
-0.36 -0.04 0.04000000000000001
-0.35 -0.04 0.04000000000000001
-0.34 -0.04 0.04000000000000001
-0.33 -0.04 0.04000000000000001
-0.32 -0.04 0.04000000000000001
-0.31 -0.04 0.04000000000000001
-0.3 -0.04 0.04000000000000001
-0.29 -0.04 0.04000000000000001
-0.28 -0.04 0.04000000000000001
-0.27 -0.04 0.04000000000000001
-0.26 -0.04 0.04000000000000001
-0.25 -0.04 0.04000000000000001
-0.24 -0.04 0.04000000000000001
-0.23 -0.04 0.04000000000000001
-0.22 -0.04 0.04000000000000001
-0.21 -0.04 0.04000000000000001
-0.2 -0.04 0.04000000000000001
-0.19 -0.04 0.04000000000000001
-0.18 -0.04 0.04000000000000001
-0.17 -0.04 0.04000000000000001
-0.16 -0.04 0.04000000000000001
-0.15 -0.04 0.04000000000000001
-0.14 -0.04 0.04000000000000001
-0.13 -0.04 0.04000000000000001
-0.12 -0.04 0.04000000000000001
-0.11 -0.04 0.04000000000000001
-0.09999999999999998 -0.04 0.04000000000000001
-0.09000000000000002 -0.04 0.04000000000000001
-0.08000000000000002 -0.04 0.04000000000000001
-0.07000000000000001 -0.04 0.04000000000000001
-0.06 -0.04 0.04000000000000001
-0.04999999999999999 -0.04 0.04000000000000001
-0.03999999999999998 -0.04 0.04000000000000001
-0.03000000000000003 -0.04 0.04000000000000001
-0.02000000000000002 -0.04 0.04000000000000001
-0.01000000000000001 -0.04 0.04000000000000001
0 -0.04 0.04000000000000001
0.01000000000000001 -0.04 0.04000000000000001
0.02000000000000002 -0.04 0.04000000000000001
0.03000000000000003 -0.04 0.04000000000000001
0.04000000000000004 -0.04 0.04000000000000001
0.05000000000000004 -0.04 0.04000000000000001
0.06000000000000005 -0.04 0.04000000000000001
0.06999999999999995 -0.04 0.04000000000000001
0.07999999999999996 -0.04 0.04000000000000001
0.08999999999999997 -0.04 0.04000000000000001
0.09999999999999998 -0.04 0.04000000000000001
0.11 -0.04 0.04000000000000001
0.12 -0.04 0.04000000000000001
0.13 -0.04 0.04000000000000001
0.14 -0.04 0.04000000000000001
0.15 -0.04 0.04000000000000001
0.16 -0.04 0.04000000000000001
0.17 -0.04 0.04000000000000001
0.18 -0.04 0.04000000000000001
0.1899999999999999 -0.04 0.04000000000000001
0.2 -0.04 0.04000000000000001
0.21 -0.04 0.04000000000000001
0.22 -0.04 0.04000000000000001
0.23 -0.04 0.04000000000000001
0.24 -0.04 0.04000000000000001
0.25 -0.04 0.04000000000000001
0.26 -0.04 0.04000000000000001
0.27 -0.04 0.04000000000000001
0.28 -0.04 0.04000000000000001
0.29 -0.04 0.04000000000000001
0.3 -0.04 0.04000000000000001
0.3100000000000001 -0.04 0.04000000000000001
0.32 -0.04 0.04000000000000001
0.33 -0.04 0.04000000000000001
0.34 -0.04 0.04000000000000001
0.35 -0.04 0.04000000000000001
0.36 -0.04 0.04000000000000001
0.37 -0.04 0.04000000000000001
0.38 -0.04 0.04000000000000001
0.39 -0.04 0.04000000000000001
0.4 -0.04 0.04000000000000001
0.41 -0.04 0.04000000000000001
0.42 -0.04 0.04000000000000001
0.43 -0.04 0.04000000000000001
0.4399999999999999 -0.04 0.04000000000000001
0.45 -0.04 0.04000000000000001
0.46 -0.04 0.04000000000000001
0.47 -0.04 0.04000000000000001
0.48 -0.04 0.04000000000000001
0.49 -0.04 0.04000000000000001
0.5 -0.04 0.04000000000000001
-0.5 -0.03 0.04000000000000001
-0.49 -0.03 0.04000000000000001
-0.48 -0.03 0.04000000000000001
-0.47 -0.03 0.04000000000000001
-0.46 -0.03 0.04000000000000001
-0.45 -0.03 0.04000000000000001
-0.44 -0.03 0.04000000000000001
-0.43 -0.03 0.04000000000000001
-0.42 -0.03 0.04000000000000001
-0.41 -0.03 0.04000000000000001
-0.4 -0.03 0.04000000000000001
-0.39 -0.03 0.04000000000000001
-0.38 -0.03 0.04000000000000001
-0.37 -0.03 0.04000000000000001
-0.36 -0.03 0.04000000000000001
-0.35 -0.03 0.04000000000000001
-0.34 -0.03 0.04000000000000001
-0.33 -0.03 0.04000000000000001
-0.32 -0.03 0.04000000000000001
-0.31 -0.03 0.04000000000000001
-0.3 -0.03 0.04000000000000001
-0.29 -0.03 0.04000000000000001
-0.28 -0.03 0.04000000000000001
-0.27 -0.03 0.04000000000000001
-0.26 -0.03 0.04000000000000001
-0.25 -0.03 0.04000000000000001
-0.24 -0.03 0.04000000000000001
-0.23 -0.03 0.04000000000000001
-0.22 -0.03 0.04000000000000001
-0.21 -0.03 0.04000000000000001
-0.2 -0.03 0.04000000000000001
-0.19 -0.03 0.04000000000000001
-0.18 -0.03 0.04000000000000001
-0.17 -0.03 0.04000000000000001
-0.16 -0.03 0.04000000000000001
-0.15 -0.03 0.04000000000000001
-0.14 -0.03 0.04000000000000001
-0.13 -0.03 0.04000000000000001
-0.12 -0.03 0.04000000000000001
-0.11 -0.03 0.04000000000000001
-0.09999999999999998 -0.03 0.04000000000000001
-0.09000000000000002 -0.03 0.04000000000000001
-0.08000000000000002 -0.03 0.04000000000000001
-0.07000000000000001 -0.03 0.04000000000000001
-0.06 -0.03 0.04000000000000001
-0.04999999999999999 -0.03 0.04000000000000001
-0.03999999999999998 -0.03 0.04000000000000001
-0.03000000000000003 -0.03 0.04000000000000001
-0.02000000000000002 -0.03 0.04000000000000001
-0.01000000000000001 -0.03 0.04000000000000001
0 -0.03 0.04000000000000001
0.01000000000000001 -0.03 0.04000000000000001
0.02000000000000002 -0.03 0.04000000000000001
0.03000000000000003 -0.03 0.04000000000000001
0.04000000000000004 -0.03 0.04000000000000001
0.05000000000000004 -0.03 0.04000000000000001
0.06000000000000005 -0.03 0.04000000000000001
0.06999999999999995 -0.03 0.04000000000000001
0.07999999999999996 -0.03 0.04000000000000001
0.08999999999999997 -0.03 0.04000000000000001
0.09999999999999998 -0.03 0.04000000000000001
0.11 -0.03 0.04000000000000001
0.12 -0.03 0.04000000000000001
0.13 -0.03 0.04000000000000001
0.14 -0.03 0.04000000000000001
0.15 -0.03 0.04000000000000001
0.16 -0.03 0.04000000000000001
0.17 -0.03 0.04000000000000001
0.18 -0.03 0.04000000000000001
0.1899999999999999 -0.03 0.04000000000000001
0.2 -0.03 0.04000000000000001
0.21 -0.03 0.04000000000000001
0.22 -0.03 0.04000000000000001
0.23 -0.03 0.04000000000000001
0.24 -0.03 0.04000000000000001
0.25 -0.03 0.04000000000000001
0.26 -0.03 0.04000000000000001
0.27 -0.03 0.04000000000000001
0.28 -0.03 0.04000000000000001
0.29 -0.03 0.04000000000000001
0.3 -0.03 0.04000000000000001
0.3100000000000001 -0.03 0.04000000000000001
0.32 -0.03 0.04000000000000001
0.33 -0.03 0.04000000000000001
0.34 -0.03 0.04000000000000001
0.35 -0.03 0.04000000000000001
0.36 -0.03 0.04000000000000001
0.37 -0.03 0.04000000000000001
0.38 -0.03 0.04000000000000001
0.39 -0.03 0.04000000000000001
0.4 -0.03 0.04000000000000001
0.41 -0.03 0.04000000000000001
0.42 -0.03 0.04000000000000001
0.43 -0.03 0.04000000000000001
0.4399999999999999 -0.03 0.04000000000000001
0.45 -0.03 0.04000000000000001
0.46 -0.03 0.04000000000000001
0.47 -0.03 0.04000000000000001
0.48 -0.03 0.04000000000000001
0.49 -0.03 0.04000000000000001
0.5 -0.03 0.04000000000000001
-0.5 -0.02 0.04000000000000001
-0.49 -0.02 0.04000000000000001
-0.48 -0.02 0.04000000000000001
-0.47 -0.02 0.04000000000000001
-0.46 -0.02 0.04000000000000001
-0.45 -0.02 0.04000000000000001
-0.44 -0.02 0.04000000000000001
-0.43 -0.02 0.04000000000000001
-0.42 -0.02 0.04000000000000001
-0.41 -0.02 0.04000000000000001
-0.4 -0.02 0.04000000000000001
-0.39 -0.02 0.04000000000000001
-0.38 -0.02 0.04000000000000001
-0.37 -0.02 0.04000000000000001
-0.36 -0.02 0.04000000000000001
-0.35 -0.02 0.04000000000000001
-0.34 -0.02 0.04000000000000001
-0.33 -0.02 0.04000000000000001
-0.32 -0.02 0.04000000000000001
-0.31 -0.02 0.04000000000000001
-0.3 -0.02 0.04000000000000001
-0.29 -0.02 0.04000000000000001
-0.28 -0.02 0.04000000000000001
-0.27 -0.02 0.04000000000000001
-0.26 -0.02 0.04000000000000001
-0.25 -0.02 0.04000000000000001
-0.24 -0.02 0.04000000000000001
-0.23 -0.02 0.04000000000000001
-0.22 -0.02 0.04000000000000001
-0.21 -0.02 0.04000000000000001
-0.2 -0.02 0.04000000000000001
-0.19 -0.02 0.04000000000000001
-0.18 -0.02 0.04000000000000001
-0.17 -0.02 0.04000000000000001
-0.16 -0.02 0.04000000000000001
-0.15 -0.02 0.04000000000000001
-0.14 -0.02 0.04000000000000001
-0.13 -0.02 0.04000000000000001
-0.12 -0.02 0.04000000000000001
-0.11 -0.02 0.04000000000000001
-0.09999999999999998 -0.02 0.04000000000000001
-0.09000000000000002 -0.02 0.04000000000000001
-0.08000000000000002 -0.02 0.04000000000000001
-0.07000000000000001 -0.02 0.04000000000000001
-0.06 -0.02 0.04000000000000001
-0.04999999999999999 -0.02 0.04000000000000001
-0.03999999999999998 -0.02 0.04000000000000001
-0.03000000000000003 -0.02 0.04000000000000001
-0.02000000000000002 -0.02 0.04000000000000001
-0.01000000000000001 -0.02 0.04000000000000001
0 -0.02 0.04000000000000001
0.01000000000000001 -0.02 0.04000000000000001
0.02000000000000002 -0.02 0.04000000000000001
0.03000000000000003 -0.02 0.04000000000000001
0.04000000000000004 -0.02 0.04000000000000001
0.05000000000000004 -0.02 0.04000000000000001
0.06000000000000005 -0.02 0.04000000000000001
0.06999999999999995 -0.02 0.04000000000000001
0.07999999999999996 -0.02 0.04000000000000001
0.08999999999999997 -0.02 0.04000000000000001
0.09999999999999998 -0.02 0.04000000000000001
0.11 -0.02 0.04000000000000001
0.12 -0.02 0.04000000000000001
0.13 -0.02 0.04000000000000001
0.14 -0.02 0.04000000000000001
0.15 -0.02 0.04000000000000001
0.16 -0.02 0.04000000000000001
0.17 -0.02 0.04000000000000001
0.18 -0.02 0.04000000000000001
0.1899999999999999 -0.02 0.04000000000000001
0.2 -0.02 0.04000000000000001
0.21 -0.02 0.04000000000000001
0.22 -0.02 0.04000000000000001
0.23 -0.02 0.04000000000000001
0.24 -0.02 0.04000000000000001
0.25 -0.02 0.04000000000000001
0.26 -0.02 0.04000000000000001
0.27 -0.02 0.04000000000000001
0.28 -0.02 0.04000000000000001
0.29 -0.02 0.04000000000000001
0.3 -0.02 0.04000000000000001
0.3100000000000001 -0.02 0.04000000000000001
0.32 -0.02 0.04000000000000001
0.33 -0.02 0.04000000000000001
0.34 -0.02 0.04000000000000001
0.35 -0.02 0.04000000000000001
0.36 -0.02 0.04000000000000001
0.37 -0.02 0.04000000000000001
0.38 -0.02 0.04000000000000001
0.39 -0.02 0.04000000000000001
0.4 -0.02 0.04000000000000001
0.41 -0.02 0.04000000000000001
0.42 -0.02 0.04000000000000001
0.43 -0.02 0.04000000000000001
0.4399999999999999 -0.02 0.04000000000000001
0.45 -0.02 0.04000000000000001
0.46 -0.02 0.04000000000000001
0.47 -0.02 0.04000000000000001
0.48 -0.02 0.04000000000000001
0.49 -0.02 0.04000000000000001
0.5 -0.02 0.04000000000000001
-0.5 -0.009999999999999995 0.04000000000000001
-0.49 -0.009999999999999995 0.04000000000000001
-0.48 -0.009999999999999995 0.04000000000000001
-0.47 -0.009999999999999995 0.04000000000000001
-0.46 -0.009999999999999995 0.04000000000000001
-0.45 -0.009999999999999995 0.04000000000000001
-0.44 -0.009999999999999995 0.04000000000000001
-0.43 -0.009999999999999995 0.04000000000000001
-0.42 -0.009999999999999995 0.04000000000000001
-0.41 -0.009999999999999995 0.04000000000000001
-0.4 -0.009999999999999995 0.04000000000000001
-0.39 -0.009999999999999995 0.04000000000000001
-0.38 -0.009999999999999995 0.04000000000000001
-0.37 -0.009999999999999995 0.04000000000000001
-0.36 -0.009999999999999995 0.04000000000000001
-0.35 -0.009999999999999995 0.04000000000000001
-0.34 -0.009999999999999995 0.04000000000000001
-0.33 -0.009999999999999995 0.04000000000000001
-0.32 -0.009999999999999995 0.04000000000000001
-0.31 -0.009999999999999995 0.04000000000000001
-0.3 -0.009999999999999995 0.04000000000000001
-0.29 -0.009999999999999995 0.04000000000000001
-0.28 -0.009999999999999995 0.04000000000000001
-0.27 -0.009999999999999995 0.04000000000000001
-0.26 -0.009999999999999995 0.04000000000000001
-0.25 -0.009999999999999995 0.04000000000000001
-0.24 -0.009999999999999995 0.04000000000000001
-0.23 -0.009999999999999995 0.04000000000000001
-0.22 -0.009999999999999995 0.04000000000000001
-0.21 -0.009999999999999995 0.04000000000000001
-0.2 -0.009999999999999995 0.04000000000000001
-0.19 -0.009999999999999995 0.04000000000000001
-0.18 -0.009999999999999995 0.04000000000000001
-0.17 -0.009999999999999995 0.04000000000000001
-0.16 -0.009999999999999995 0.04000000000000001
-0.15 -0.009999999999999995 0.04000000000000001
-0.14 -0.009999999999999995 0.04000000000000001
-0.13 -0.009999999999999995 0.04000000000000001
-0.12 -0.009999999999999995 0.04000000000000001
-0.11 -0.009999999999999995 0.04000000000000001
-0.09999999999999998 -0.009999999999999995 0.04000000000000001
-0.09000000000000002 -0.009999999999999995 0.04000000000000001
-0.08000000000000002 -0.009999999999999995 0.04000000000000001
-0.07000000000000001 -0.009999999999999995 0.04000000000000001
-0.06 -0.009999999999999995 0.04000000000000001
-0.04999999999999999 -0.009999999999999995 0.04000000000000001
-0.03999999999999998 -0.009999999999999995 0.04000000000000001
-0.03000000000000003 -0.009999999999999995 0.04000000000000001
-0.02000000000000002 -0.009999999999999995 0.04000000000000001
-0.01000000000000001 -0.009999999999999995 0.04000000000000001
0 -0.009999999999999995 0.04000000000000001
0.01000000000000001 -0.009999999999999995 0.04000000000000001
0.02000000000000002 -0.009999999999999995 0.04000000000000001
0.03000000000000003 -0.009999999999999995 0.04000000000000001
0.04000000000000004 -0.009999999999999995 0.04000000000000001
0.05000000000000004 -0.009999999999999995 0.04000000000000001
0.06000000000000005 -0.009999999999999995 0.04000000000000001
0.06999999999999995 -0.009999999999999995 0.04000000000000001
0.07999999999999996 -0.009999999999999995 0.04000000000000001
0.08999999999999997 -0.009999999999999995 0.04000000000000001
0.09999999999999998 -0.009999999999999995 0.04000000000000001
0.11 -0.009999999999999995 0.04000000000000001
0.12 -0.009999999999999995 0.04000000000000001
0.13 -0.009999999999999995 0.04000000000000001
0.14 -0.009999999999999995 0.04000000000000001
0.15 -0.009999999999999995 0.04000000000000001
0.16 -0.009999999999999995 0.04000000000000001
0.17 -0.009999999999999995 0.04000000000000001
0.18 -0.009999999999999995 0.04000000000000001
0.1899999999999999 -0.009999999999999995 0.04000000000000001
0.2 -0.009999999999999995 0.04000000000000001
0.21 -0.009999999999999995 0.04000000000000001
0.22 -0.009999999999999995 0.04000000000000001
0.23 -0.009999999999999995 0.04000000000000001
0.24 -0.009999999999999995 0.04000000000000001
0.25 -0.009999999999999995 0.04000000000000001
0.26 -0.009999999999999995 0.04000000000000001
0.27 -0.009999999999999995 0.04000000000000001
0.28 -0.009999999999999995 0.04000000000000001
0.29 -0.009999999999999995 0.04000000000000001
0.3 -0.009999999999999995 0.04000000000000001
0.3100000000000001 -0.009999999999999995 0.04000000000000001
0.32 -0.009999999999999995 0.04000000000000001
0.33 -0.009999999999999995 0.04000000000000001
0.34 -0.009999999999999995 0.04000000000000001
0.35 -0.009999999999999995 0.04000000000000001
0.36 -0.009999999999999995 0.04000000000000001
0.37 -0.009999999999999995 0.04000000000000001
0.38 -0.009999999999999995 0.04000000000000001
0.39 -0.009999999999999995 0.04000000000000001
0.4 -0.009999999999999995 0.04000000000000001
0.41 -0.009999999999999995 0.04000000000000001
0.42 -0.009999999999999995 0.04000000000000001
0.43 -0.009999999999999995 0.04000000000000001
0.4399999999999999 -0.009999999999999995 0.04000000000000001
0.45 -0.009999999999999995 0.04000000000000001
0.46 -0.009999999999999995 0.04000000000000001
0.47 -0.009999999999999995 0.04000000000000001
0.48 -0.009999999999999995 0.04000000000000001
0.49 -0.009999999999999995 0.04000000000000001
0.5 -0.009999999999999995 0.04000000000000001
-0.5 0 0.04000000000000001
-0.49 0 0.04000000000000001
-0.48 0 0.04000000000000001
-0.47 0 0.04000000000000001
-0.46 0 0.04000000000000001
-0.45 0 0.04000000000000001
-0.44 0 0.04000000000000001
-0.43 0 0.04000000000000001
-0.42 0 0.04000000000000001
-0.41 0 0.04000000000000001
-0.4 0 0.04000000000000001
-0.39 0 0.04000000000000001
-0.38 0 0.04000000000000001
-0.37 0 0.04000000000000001
-0.36 0 0.04000000000000001
-0.35 0 0.04000000000000001
-0.34 0 0.04000000000000001
-0.33 0 0.04000000000000001
-0.32 0 0.04000000000000001
-0.31 0 0.04000000000000001
-0.3 0 0.04000000000000001
-0.29 0 0.04000000000000001
-0.28 0 0.04000000000000001
-0.27 0 0.04000000000000001
-0.26 0 0.04000000000000001
-0.25 0 0.04000000000000001
-0.24 0 0.04000000000000001
-0.23 0 0.04000000000000001
-0.22 0 0.04000000000000001
-0.21 0 0.04000000000000001
-0.2 0 0.04000000000000001
-0.19 0 0.04000000000000001
-0.18 0 0.04000000000000001
-0.17 0 0.04000000000000001
-0.16 0 0.04000000000000001
-0.15 0 0.04000000000000001
-0.14 0 0.04000000000000001
-0.13 0 0.04000000000000001
-0.12 0 0.04000000000000001
-0.11 0 0.04000000000000001
-0.09999999999999998 0 0.04000000000000001
-0.09000000000000002 0 0.04000000000000001
-0.08000000000000002 0 0.04000000000000001
-0.07000000000000001 0 0.04000000000000001
-0.06 0 0.04000000000000001
-0.04999999999999999 0 0.04000000000000001
-0.03999999999999998 0 0.04000000000000001
-0.03000000000000003 0 0.04000000000000001
-0.02000000000000002 0 0.04000000000000001
-0.01000000000000001 0 0.04000000000000001
0 0 0.04000000000000001
0.01000000000000001 0 0.04000000000000001
0.02000000000000002 0 0.04000000000000001
0.03000000000000003 0 0.04000000000000001
0.04000000000000004 0 0.04000000000000001
0.05000000000000004 0 0.04000000000000001
0.06000000000000005 0 0.04000000000000001
0.06999999999999995 0 0.04000000000000001
0.07999999999999996 0 0.04000000000000001
0.08999999999999997 0 0.04000000000000001
0.09999999999999998 0 0.04000000000000001
0.11 0 0.04000000000000001
0.12 0 0.04000000000000001
0.13 0 0.04000000000000001
0.14 0 0.04000000000000001
0.15 0 0.04000000000000001
0.16 0 0.04000000000000001
0.17 0 0.04000000000000001
0.18 0 0.04000000000000001
0.1899999999999999 0 0.04000000000000001
0.2 0 0.04000000000000001
0.21 0 0.04000000000000001
0.22 0 0.04000000000000001
0.23 0 0.04000000000000001
0.24 0 0.04000000000000001
0.25 0 0.04000000000000001
0.26 0 0.04000000000000001
0.27 0 0.04000000000000001
0.28 0 0.04000000000000001
0.29 0 0.04000000000000001
0.3 0 0.04000000000000001
0.3100000000000001 0 0.04000000000000001
0.32 0 0.04000000000000001
0.33 0 0.04000000000000001
0.34 0 0.04000000000000001
0.35 0 0.04000000000000001
0.36 0 0.04000000000000001
0.37 0 0.04000000000000001
0.38 0 0.04000000000000001
0.39 0 0.04000000000000001
0.4 0 0.04000000000000001
0.41 0 0.04000000000000001
0.42 0 0.04000000000000001
0.43 0 0.04000000000000001
0.4399999999999999 0 0.04000000000000001
0.45 0 0.04000000000000001
0.46 0 0.04000000000000001
0.47 0 0.04000000000000001
0.48 0 0.04000000000000001
0.49 0 0.04000000000000001
0.5 0 0.04000000000000001
-0.5 0.009999999999999995 0.04000000000000001
-0.49 0.009999999999999995 0.04000000000000001
-0.48 0.009999999999999995 0.04000000000000001
-0.47 0.009999999999999995 0.04000000000000001
-0.46 0.009999999999999995 0.04000000000000001
-0.45 0.009999999999999995 0.04000000000000001
-0.44 0.009999999999999995 0.04000000000000001
-0.43 0.009999999999999995 0.04000000000000001
-0.42 0.009999999999999995 0.04000000000000001
-0.41 0.009999999999999995 0.04000000000000001
-0.4 0.009999999999999995 0.04000000000000001
-0.39 0.009999999999999995 0.04000000000000001
-0.38 0.009999999999999995 0.04000000000000001
-0.37 0.009999999999999995 0.04000000000000001
-0.36 0.009999999999999995 0.04000000000000001
-0.35 0.009999999999999995 0.04000000000000001
-0.34 0.009999999999999995 0.04000000000000001
-0.33 0.009999999999999995 0.04000000000000001
-0.32 0.009999999999999995 0.04000000000000001
-0.31 0.009999999999999995 0.04000000000000001
-0.3 0.009999999999999995 0.04000000000000001
-0.29 0.009999999999999995 0.04000000000000001
-0.28 0.009999999999999995 0.04000000000000001
-0.27 0.009999999999999995 0.04000000000000001
-0.26 0.009999999999999995 0.04000000000000001
-0.25 0.009999999999999995 0.04000000000000001
-0.24 0.009999999999999995 0.04000000000000001
-0.23 0.009999999999999995 0.04000000000000001
-0.22 0.009999999999999995 0.04000000000000001
-0.21 0.009999999999999995 0.04000000000000001
-0.2 0.009999999999999995 0.04000000000000001
-0.19 0.009999999999999995 0.04000000000000001
-0.18 0.009999999999999995 0.04000000000000001
-0.17 0.009999999999999995 0.04000000000000001
-0.16 0.009999999999999995 0.04000000000000001
-0.15 0.009999999999999995 0.04000000000000001
-0.14 0.009999999999999995 0.04000000000000001
-0.13 0.009999999999999995 0.04000000000000001
-0.12 0.009999999999999995 0.04000000000000001
-0.11 0.009999999999999995 0.04000000000000001
-0.09999999999999998 0.009999999999999995 0.04000000000000001
-0.09000000000000002 0.009999999999999995 0.04000000000000001
-0.08000000000000002 0.009999999999999995 0.04000000000000001
-0.07000000000000001 0.009999999999999995 0.04000000000000001
-0.06 0.009999999999999995 0.04000000000000001
-0.04999999999999999 0.009999999999999995 0.04000000000000001
-0.03999999999999998 0.009999999999999995 0.04000000000000001
-0.03000000000000003 0.009999999999999995 0.04000000000000001
-0.02000000000000002 0.009999999999999995 0.04000000000000001
-0.01000000000000001 0.009999999999999995 0.04000000000000001
0 0.009999999999999995 0.04000000000000001
0.01000000000000001 0.009999999999999995 0.04000000000000001
0.02000000000000002 0.009999999999999995 0.04000000000000001
0.03000000000000003 0.009999999999999995 0.04000000000000001
0.04000000000000004 0.009999999999999995 0.04000000000000001
0.05000000000000004 0.009999999999999995 0.04000000000000001
0.06000000000000005 0.009999999999999995 0.04000000000000001
0.06999999999999995 0.009999999999999995 0.04000000000000001
0.07999999999999996 0.009999999999999995 0.04000000000000001
0.08999999999999997 0.009999999999999995 0.04000000000000001
0.09999999999999998 0.009999999999999995 0.04000000000000001
0.11 0.009999999999999995 0.04000000000000001
0.12 0.009999999999999995 0.04000000000000001
0.13 0.009999999999999995 0.04000000000000001
0.14 0.009999999999999995 0.04000000000000001
0.15 0.009999999999999995 0.04000000000000001
0.16 0.009999999999999995 0.04000000000000001
0.17 0.009999999999999995 0.04000000000000001
0.18 0.009999999999999995 0.04000000000000001
0.1899999999999999 0.009999999999999995 0.04000000000000001
0.2 0.009999999999999995 0.04000000000000001
0.21 0.009999999999999995 0.04000000000000001
0.22 0.009999999999999995 0.04000000000000001
0.23 0.009999999999999995 0.04000000000000001
0.24 0.009999999999999995 0.04000000000000001
0.25 0.009999999999999995 0.04000000000000001
0.26 0.009999999999999995 0.04000000000000001
0.27 0.009999999999999995 0.04000000000000001
0.28 0.009999999999999995 0.04000000000000001
0.29 0.009999999999999995 0.04000000000000001
0.3 0.009999999999999995 0.04000000000000001
0.3100000000000001 0.009999999999999995 0.04000000000000001
0.32 0.009999999999999995 0.04000000000000001
0.33 0.009999999999999995 0.04000000000000001
0.34 0.009999999999999995 0.04000000000000001
0.35 0.009999999999999995 0.04000000000000001
0.36 0.009999999999999995 0.04000000000000001
0.37 0.009999999999999995 0.04000000000000001
0.38 0.009999999999999995 0.04000000000000001
0.39 0.009999999999999995 0.04000000000000001
0.4 0.009999999999999995 0.04000000000000001
0.41 0.009999999999999995 0.04000000000000001
0.42 0.009999999999999995 0.04000000000000001
0.43 0.009999999999999995 0.04000000000000001
0.4399999999999999 0.009999999999999995 0.04000000000000001
0.45 0.009999999999999995 0.04000000000000001
0.46 0.009999999999999995 0.04000000000000001
0.47 0.009999999999999995 0.04000000000000001
0.48 0.009999999999999995 0.04000000000000001
0.49 0.009999999999999995 0.04000000000000001
0.5 0.009999999999999995 0.04000000000000001
-0.5 0.01999999999999999 0.04000000000000001
-0.49 0.01999999999999999 0.04000000000000001
-0.48 0.01999999999999999 0.04000000000000001
-0.47 0.01999999999999999 0.04000000000000001
-0.46 0.01999999999999999 0.04000000000000001
-0.45 0.01999999999999999 0.04000000000000001
-0.44 0.01999999999999999 0.04000000000000001
-0.43 0.01999999999999999 0.04000000000000001
-0.42 0.01999999999999999 0.04000000000000001
-0.41 0.01999999999999999 0.04000000000000001
-0.4 0.01999999999999999 0.04000000000000001
-0.39 0.01999999999999999 0.04000000000000001
-0.38 0.01999999999999999 0.04000000000000001
-0.37 0.01999999999999999 0.04000000000000001
-0.36 0.01999999999999999 0.04000000000000001
-0.35 0.01999999999999999 0.04000000000000001
-0.34 0.01999999999999999 0.04000000000000001
-0.33 0.01999999999999999 0.04000000000000001
-0.32 0.01999999999999999 0.04000000000000001
-0.31 0.01999999999999999 0.04000000000000001
-0.3 0.01999999999999999 0.04000000000000001
-0.29 0.01999999999999999 0.04000000000000001
-0.28 0.01999999999999999 0.04000000000000001
-0.27 0.01999999999999999 0.04000000000000001
-0.26 0.01999999999999999 0.04000000000000001
-0.25 0.01999999999999999 0.04000000000000001
-0.24 0.01999999999999999 0.04000000000000001
-0.23 0.01999999999999999 0.04000000000000001
-0.22 0.01999999999999999 0.04000000000000001
-0.21 0.01999999999999999 0.04000000000000001
-0.2 0.01999999999999999 0.04000000000000001
-0.19 0.01999999999999999 0.04000000000000001
-0.18 0.01999999999999999 0.04000000000000001
-0.17 0.01999999999999999 0.04000000000000001
-0.16 0.01999999999999999 0.04000000000000001
-0.15 0.01999999999999999 0.04000000000000001
-0.14 0.01999999999999999 0.04000000000000001
-0.13 0.01999999999999999 0.04000000000000001
-0.12 0.01999999999999999 0.04000000000000001
-0.11 0.01999999999999999 0.04000000000000001
-0.09999999999999998 0.01999999999999999 0.04000000000000001
-0.09000000000000002 0.01999999999999999 0.04000000000000001
-0.08000000000000002 0.01999999999999999 0.04000000000000001
-0.07000000000000001 0.01999999999999999 0.04000000000000001
-0.06 0.01999999999999999 0.04000000000000001
-0.04999999999999999 0.01999999999999999 0.04000000000000001
-0.03999999999999998 0.01999999999999999 0.04000000000000001
-0.03000000000000003 0.01999999999999999 0.04000000000000001
-0.02000000000000002 0.01999999999999999 0.04000000000000001
-0.01000000000000001 0.01999999999999999 0.04000000000000001
0 0.01999999999999999 0.04000000000000001
0.01000000000000001 0.01999999999999999 0.04000000000000001
0.02000000000000002 0.01999999999999999 0.04000000000000001
0.03000000000000003 0.01999999999999999 0.04000000000000001
0.04000000000000004 0.01999999999999999 0.04000000000000001
0.05000000000000004 0.01999999999999999 0.04000000000000001
0.06000000000000005 0.01999999999999999 0.04000000000000001
0.06999999999999995 0.01999999999999999 0.04000000000000001
0.07999999999999996 0.01999999999999999 0.04000000000000001
0.08999999999999997 0.01999999999999999 0.04000000000000001
0.09999999999999998 0.01999999999999999 0.04000000000000001
0.11 0.01999999999999999 0.04000000000000001
0.12 0.01999999999999999 0.04000000000000001
0.13 0.01999999999999999 0.04000000000000001
0.14 0.01999999999999999 0.04000000000000001
0.15 0.01999999999999999 0.04000000000000001
0.16 0.01999999999999999 0.04000000000000001
0.17 0.01999999999999999 0.04000000000000001
0.18 0.01999999999999999 0.04000000000000001
0.1899999999999999 0.01999999999999999 0.04000000000000001
0.2 0.01999999999999999 0.04000000000000001
0.21 0.01999999999999999 0.04000000000000001
0.22 0.01999999999999999 0.04000000000000001
0.23 0.01999999999999999 0.04000000000000001
0.24 0.01999999999999999 0.04000000000000001
0.25 0.01999999999999999 0.04000000000000001
0.26 0.01999999999999999 0.04000000000000001
0.27 0.01999999999999999 0.04000000000000001
0.28 0.01999999999999999 0.04000000000000001
0.29 0.01999999999999999 0.04000000000000001
0.3 0.01999999999999999 0.04000000000000001
0.3100000000000001 0.01999999999999999 0.04000000000000001
0.32 0.01999999999999999 0.04000000000000001
0.33 0.01999999999999999 0.04000000000000001
0.34 0.01999999999999999 0.04000000000000001
0.35 0.01999999999999999 0.04000000000000001
0.36 0.01999999999999999 0.04000000000000001
0.37 0.01999999999999999 0.04000000000000001
0.38 0.01999999999999999 0.04000000000000001
0.39 0.01999999999999999 0.04000000000000001
0.4 0.01999999999999999 0.04000000000000001
0.41 0.01999999999999999 0.04000000000000001
0.42 0.01999999999999999 0.04000000000000001
0.43 0.01999999999999999 0.04000000000000001
0.4399999999999999 0.01999999999999999 0.04000000000000001
0.45 0.01999999999999999 0.04000000000000001
0.46 0.01999999999999999 0.04000000000000001
0.47 0.01999999999999999 0.04000000000000001
0.48 0.01999999999999999 0.04000000000000001
0.49 0.01999999999999999 0.04000000000000001
0.5 0.01999999999999999 0.04000000000000001
-0.5 0.03000000000000001 0.04000000000000001
-0.49 0.03000000000000001 0.04000000000000001
-0.48 0.03000000000000001 0.04000000000000001
-0.47 0.03000000000000001 0.04000000000000001
-0.46 0.03000000000000001 0.04000000000000001
-0.45 0.03000000000000001 0.04000000000000001
-0.44 0.03000000000000001 0.04000000000000001
-0.43 0.03000000000000001 0.04000000000000001
-0.42 0.03000000000000001 0.04000000000000001
-0.41 0.03000000000000001 0.04000000000000001
-0.4 0.03000000000000001 0.04000000000000001
-0.39 0.03000000000000001 0.04000000000000001
-0.38 0.03000000000000001 0.04000000000000001
-0.37 0.03000000000000001 0.04000000000000001
-0.36 0.03000000000000001 0.04000000000000001
-0.35 0.03000000000000001 0.04000000000000001
-0.34 0.03000000000000001 0.04000000000000001
-0.33 0.03000000000000001 0.04000000000000001
-0.32 0.03000000000000001 0.04000000000000001
-0.31 0.03000000000000001 0.04000000000000001
-0.3 0.03000000000000001 0.04000000000000001
-0.29 0.03000000000000001 0.04000000000000001
-0.28 0.03000000000000001 0.04000000000000001
-0.27 0.03000000000000001 0.04000000000000001
-0.26 0.03000000000000001 0.04000000000000001
-0.25 0.03000000000000001 0.04000000000000001
-0.24 0.03000000000000001 0.04000000000000001
-0.23 0.03000000000000001 0.04000000000000001
-0.22 0.03000000000000001 0.04000000000000001
-0.21 0.03000000000000001 0.04000000000000001
-0.2 0.03000000000000001 0.04000000000000001
-0.19 0.03000000000000001 0.04000000000000001
-0.18 0.03000000000000001 0.04000000000000001
-0.17 0.03000000000000001 0.04000000000000001
-0.16 0.03000000000000001 0.04000000000000001
-0.15 0.03000000000000001 0.04000000000000001
-0.14 0.03000000000000001 0.04000000000000001
-0.13 0.03000000000000001 0.04000000000000001
-0.12 0.03000000000000001 0.04000000000000001
-0.11 0.03000000000000001 0.04000000000000001
-0.09999999999999998 0.03000000000000001 0.04000000000000001
-0.09000000000000002 0.03000000000000001 0.04000000000000001
-0.08000000000000002 0.03000000000000001 0.04000000000000001
-0.07000000000000001 0.03000000000000001 0.04000000000000001
-0.06 0.03000000000000001 0.04000000000000001
-0.04999999999999999 0.03000000000000001 0.04000000000000001
-0.03999999999999998 0.03000000000000001 0.04000000000000001
-0.03000000000000003 0.03000000000000001 0.04000000000000001
-0.02000000000000002 0.03000000000000001 0.04000000000000001
-0.01000000000000001 0.03000000000000001 0.04000000000000001
0 0.03000000000000001 0.04000000000000001
0.01000000000000001 0.03000000000000001 0.04000000000000001
0.02000000000000002 0.03000000000000001 0.04000000000000001
0.03000000000000003 0.03000000000000001 0.04000000000000001
0.04000000000000004 0.03000000000000001 0.04000000000000001
0.05000000000000004 0.03000000000000001 0.04000000000000001
0.06000000000000005 0.03000000000000001 0.04000000000000001
0.06999999999999995 0.03000000000000001 0.04000000000000001
0.07999999999999996 0.03000000000000001 0.04000000000000001
0.08999999999999997 0.03000000000000001 0.04000000000000001
0.09999999999999998 0.03000000000000001 0.04000000000000001
0.11 0.03000000000000001 0.04000000000000001
0.12 0.03000000000000001 0.04000000000000001
0.13 0.03000000000000001 0.04000000000000001
0.14 0.03000000000000001 0.04000000000000001
0.15 0.03000000000000001 0.04000000000000001
0.16 0.03000000000000001 0.04000000000000001
0.17 0.03000000000000001 0.04000000000000001
0.18 0.03000000000000001 0.04000000000000001
0.1899999999999999 0.03000000000000001 0.04000000000000001
0.2 0.03000000000000001 0.04000000000000001
0.21 0.03000000000000001 0.04000000000000001
0.22 0.03000000000000001 0.04000000000000001
0.23 0.03000000000000001 0.04000000000000001
0.24 0.03000000000000001 0.04000000000000001
0.25 0.03000000000000001 0.04000000000000001
0.26 0.03000000000000001 0.04000000000000001
0.27 0.03000000000000001 0.04000000000000001
0.28 0.03000000000000001 0.04000000000000001
0.29 0.03000000000000001 0.04000000000000001
0.3 0.03000000000000001 0.04000000000000001
0.3100000000000001 0.03000000000000001 0.04000000000000001
0.32 0.03000000000000001 0.04000000000000001
0.33 0.03000000000000001 0.04000000000000001
0.34 0.03000000000000001 0.04000000000000001
0.35 0.03000000000000001 0.04000000000000001
0.36 0.03000000000000001 0.04000000000000001
0.37 0.03000000000000001 0.04000000000000001
0.38 0.03000000000000001 0.04000000000000001
0.39 0.03000000000000001 0.04000000000000001
0.4 0.03000000000000001 0.04000000000000001
0.41 0.03000000000000001 0.04000000000000001
0.42 0.03000000000000001 0.04000000000000001
0.43 0.03000000000000001 0.04000000000000001
0.4399999999999999 0.03000000000000001 0.04000000000000001
0.45 0.03000000000000001 0.04000000000000001
0.46 0.03000000000000001 0.04000000000000001
0.47 0.03000000000000001 0.04000000000000001
0.48 0.03000000000000001 0.04000000000000001
0.49 0.03000000000000001 0.04000000000000001
0.5 0.03000000000000001 0.04000000000000001
-0.5 0.04000000000000001 0.04000000000000001
-0.49 0.04000000000000001 0.04000000000000001
-0.48 0.04000000000000001 0.04000000000000001
-0.47 0.04000000000000001 0.04000000000000001
-0.46 0.04000000000000001 0.04000000000000001
-0.45 0.04000000000000001 0.04000000000000001
-0.44 0.04000000000000001 0.04000000000000001
-0.43 0.04000000000000001 0.04000000000000001
-0.42 0.04000000000000001 0.04000000000000001
-0.41 0.04000000000000001 0.04000000000000001
-0.4 0.04000000000000001 0.04000000000000001
-0.39 0.04000000000000001 0.04000000000000001
-0.38 0.04000000000000001 0.04000000000000001
-0.37 0.04000000000000001 0.04000000000000001
-0.36 0.04000000000000001 0.04000000000000001
-0.35 0.04000000000000001 0.04000000000000001
-0.34 0.04000000000000001 0.04000000000000001
-0.33 0.04000000000000001 0.04000000000000001
-0.32 0.04000000000000001 0.04000000000000001
-0.31 0.04000000000000001 0.04000000000000001
-0.3 0.04000000000000001 0.04000000000000001
-0.29 0.04000000000000001 0.04000000000000001
-0.28 0.04000000000000001 0.04000000000000001
-0.27 0.04000000000000001 0.04000000000000001
-0.26 0.04000000000000001 0.04000000000000001
-0.25 0.04000000000000001 0.04000000000000001
-0.24 0.04000000000000001 0.04000000000000001
-0.23 0.04000000000000001 0.04000000000000001
-0.22 0.04000000000000001 0.04000000000000001
-0.21 0.04000000000000001 0.04000000000000001
-0.2 0.04000000000000001 0.04000000000000001
-0.19 0.04000000000000001 0.04000000000000001
-0.18 0.04000000000000001 0.04000000000000001
-0.17 0.04000000000000001 0.04000000000000001
-0.16 0.04000000000000001 0.04000000000000001
-0.15 0.04000000000000001 0.04000000000000001
-0.14 0.04000000000000001 0.04000000000000001
-0.13 0.04000000000000001 0.04000000000000001
-0.12 0.04000000000000001 0.04000000000000001
-0.11 0.04000000000000001 0.04000000000000001
-0.09999999999999998 0.04000000000000001 0.04000000000000001
-0.09000000000000002 0.04000000000000001 0.04000000000000001
-0.08000000000000002 0.04000000000000001 0.04000000000000001
-0.07000000000000001 0.04000000000000001 0.04000000000000001
-0.06 0.04000000000000001 0.04000000000000001
-0.04999999999999999 0.04000000000000001 0.04000000000000001
-0.03999999999999998 0.04000000000000001 0.04000000000000001
-0.03000000000000003 0.04000000000000001 0.04000000000000001
-0.02000000000000002 0.04000000000000001 0.04000000000000001
-0.01000000000000001 0.04000000000000001 0.04000000000000001
0 0.04000000000000001 0.04000000000000001
0.01000000000000001 0.04000000000000001 0.04000000000000001
0.02000000000000002 0.04000000000000001 0.04000000000000001
0.03000000000000003 0.04000000000000001 0.04000000000000001
0.04000000000000004 0.04000000000000001 0.04000000000000001
0.05000000000000004 0.04000000000000001 0.04000000000000001
0.06000000000000005 0.04000000000000001 0.04000000000000001
0.06999999999999995 0.04000000000000001 0.04000000000000001
0.07999999999999996 0.04000000000000001 0.04000000000000001
0.08999999999999997 0.04000000000000001 0.04000000000000001
0.09999999999999998 0.04000000000000001 0.04000000000000001
0.11 0.04000000000000001 0.04000000000000001
0.12 0.04000000000000001 0.04000000000000001
0.13 0.04000000000000001 0.04000000000000001
0.14 0.04000000000000001 0.04000000000000001
0.15 0.04000000000000001 0.04000000000000001
0.16 0.04000000000000001 0.04000000000000001
0.17 0.04000000000000001 0.04000000000000001
0.18 0.04000000000000001 0.04000000000000001
0.1899999999999999 0.04000000000000001 0.04000000000000001
0.2 0.04000000000000001 0.04000000000000001
0.21 0.04000000000000001 0.04000000000000001
0.22 0.04000000000000001 0.04000000000000001
0.23 0.04000000000000001 0.04000000000000001
0.24 0.04000000000000001 0.04000000000000001
0.25 0.04000000000000001 0.04000000000000001
0.26 0.04000000000000001 0.04000000000000001
0.27 0.04000000000000001 0.04000000000000001
0.28 0.04000000000000001 0.04000000000000001
0.29 0.04000000000000001 0.04000000000000001
0.3 0.04000000000000001 0.04000000000000001
0.3100000000000001 0.04000000000000001 0.04000000000000001
0.32 0.04000000000000001 0.04000000000000001
0.33 0.04000000000000001 0.04000000000000001
0.34 0.04000000000000001 0.04000000000000001
0.35 0.04000000000000001 0.04000000000000001
0.36 0.04000000000000001 0.04000000000000001
0.37 0.04000000000000001 0.04000000000000001
0.38 0.04000000000000001 0.04000000000000001
0.39 0.04000000000000001 0.04000000000000001
0.4 0.04000000000000001 0.04000000000000001
0.41 0.04000000000000001 0.04000000000000001
0.42 0.04000000000000001 0.04000000000000001
0.43 0.04000000000000001 0.04000000000000001
0.4399999999999999 0.04000000000000001 0.04000000000000001
0.45 0.04000000000000001 0.04000000000000001
0.46 0.04000000000000001 0.04000000000000001
0.47 0.04000000000000001 0.04000000000000001
0.48 0.04000000000000001 0.04000000000000001
0.49 0.04000000000000001 0.04000000000000001
0.5 0.04000000000000001 0.04000000000000001
-0.5 0.05 0.04000000000000001
-0.49 0.05 0.04000000000000001
-0.48 0.05 0.04000000000000001
-0.47 0.05 0.04000000000000001
-0.46 0.05 0.04000000000000001
-0.45 0.05 0.04000000000000001
-0.44 0.05 0.04000000000000001
-0.43 0.05 0.04000000000000001
-0.42 0.05 0.04000000000000001
-0.41 0.05 0.04000000000000001
-0.4 0.05 0.04000000000000001
-0.39 0.05 0.04000000000000001
-0.38 0.05 0.04000000000000001
-0.37 0.05 0.04000000000000001
-0.36 0.05 0.04000000000000001
-0.35 0.05 0.04000000000000001
-0.34 0.05 0.04000000000000001
-0.33 0.05 0.04000000000000001
-0.32 0.05 0.04000000000000001
-0.31 0.05 0.04000000000000001
-0.3 0.05 0.04000000000000001
-0.29 0.05 0.04000000000000001
-0.28 0.05 0.04000000000000001
-0.27 0.05 0.04000000000000001
-0.26 0.05 0.04000000000000001
-0.25 0.05 0.04000000000000001
-0.24 0.05 0.04000000000000001
-0.23 0.05 0.04000000000000001
-0.22 0.05 0.04000000000000001
-0.21 0.05 0.04000000000000001
-0.2 0.05 0.04000000000000001
-0.19 0.05 0.04000000000000001
-0.18 0.05 0.04000000000000001
-0.17 0.05 0.04000000000000001
-0.16 0.05 0.04000000000000001
-0.15 0.05 0.04000000000000001
-0.14 0.05 0.04000000000000001
-0.13 0.05 0.04000000000000001
-0.12 0.05 0.04000000000000001
-0.11 0.05 0.04000000000000001
-0.09999999999999998 0.05 0.04000000000000001
-0.09000000000000002 0.05 0.04000000000000001
-0.08000000000000002 0.05 0.04000000000000001
-0.07000000000000001 0.05 0.04000000000000001
-0.06 0.05 0.04000000000000001
-0.04999999999999999 0.05 0.04000000000000001
-0.03999999999999998 0.05 0.04000000000000001
-0.03000000000000003 0.05 0.04000000000000001
-0.02000000000000002 0.05 0.04000000000000001
-0.01000000000000001 0.05 0.04000000000000001
0 0.05 0.04000000000000001
0.01000000000000001 0.05 0.04000000000000001
0.02000000000000002 0.05 0.04000000000000001
0.03000000000000003 0.05 0.04000000000000001
0.04000000000000004 0.05 0.04000000000000001
0.05000000000000004 0.05 0.04000000000000001
0.06000000000000005 0.05 0.04000000000000001
0.06999999999999995 0.05 0.04000000000000001
0.07999999999999996 0.05 0.04000000000000001
0.08999999999999997 0.05 0.04000000000000001
0.09999999999999998 0.05 0.04000000000000001
0.11 0.05 0.04000000000000001
0.12 0.05 0.04000000000000001
0.13 0.05 0.04000000000000001
0.14 0.05 0.04000000000000001
0.15 0.05 0.04000000000000001
0.16 0.05 0.04000000000000001
0.17 0.05 0.04000000000000001
0.18 0.05 0.04000000000000001
0.1899999999999999 0.05 0.04000000000000001
0.2 0.05 0.04000000000000001
0.21 0.05 0.04000000000000001
0.22 0.05 0.04000000000000001
0.23 0.05 0.04000000000000001
0.24 0.05 0.04000000000000001
0.25 0.05 0.04000000000000001
0.26 0.05 0.04000000000000001
0.27 0.05 0.04000000000000001
0.28 0.05 0.04000000000000001
0.29 0.05 0.04000000000000001
0.3 0.05 0.04000000000000001
0.3100000000000001 0.05 0.04000000000000001
0.32 0.05 0.04000000000000001
0.33 0.05 0.04000000000000001
0.34 0.05 0.04000000000000001
0.35 0.05 0.04000000000000001
0.36 0.05 0.04000000000000001
0.37 0.05 0.04000000000000001
0.38 0.05 0.04000000000000001
0.39 0.05 0.04000000000000001
0.4 0.05 0.04000000000000001
0.41 0.05 0.04000000000000001
0.42 0.05 0.04000000000000001
0.43 0.05 0.04000000000000001
0.4399999999999999 0.05 0.04000000000000001
0.45 0.05 0.04000000000000001
0.46 0.05 0.04000000000000001
0.47 0.05 0.04000000000000001
0.48 0.05 0.04000000000000001
0.49 0.05 0.04000000000000001
0.5 0.05 0.04000000000000001
-0.5 -0.05 0.05
-0.49 -0.05 0.05
-0.48 -0.05 0.05
-0.47 -0.05 0.05
-0.46 -0.05 0.05
-0.45 -0.05 0.05
-0.44 -0.05 0.05
-0.43 -0.05 0.05
-0.42 -0.05 0.05
-0.41 -0.05 0.05
-0.4 -0.05 0.05
-0.39 -0.05 0.05
-0.38 -0.05 0.05
-0.37 -0.05 0.05
-0.36 -0.05 0.05
-0.35 -0.05 0.05
-0.34 -0.05 0.05
-0.33 -0.05 0.05
-0.32 -0.05 0.05
-0.31 -0.05 0.05
-0.3 -0.05 0.05
-0.29 -0.05 0.05
-0.28 -0.05 0.05
-0.27 -0.05 0.05
-0.26 -0.05 0.05
-0.25 -0.05 0.05
-0.24 -0.05 0.05
-0.23 -0.05 0.05
-0.22 -0.05 0.05
-0.21 -0.05 0.05
-0.2 -0.05 0.05
-0.19 -0.05 0.05
-0.18 -0.05 0.05
-0.17 -0.05 0.05
-0.16 -0.05 0.05
-0.15 -0.05 0.05
-0.14 -0.05 0.05
-0.13 -0.05 0.05
-0.12 -0.05 0.05
-0.11 -0.05 0.05
-0.09999999999999998 -0.05 0.05
-0.09000000000000002 -0.05 0.05
-0.08000000000000002 -0.05 0.05
-0.07000000000000001 -0.05 0.05
-0.06 -0.05 0.05
-0.04999999999999999 -0.05 0.05
-0.03999999999999998 -0.05 0.05
-0.03000000000000003 -0.05 0.05
-0.02000000000000002 -0.05 0.05
-0.01000000000000001 -0.05 0.05
0 -0.05 0.05
0.01000000000000001 -0.05 0.05
0.02000000000000002 -0.05 0.05
0.03000000000000003 -0.05 0.05
0.04000000000000004 -0.05 0.05
0.05000000000000004 -0.05 0.05
0.06000000000000005 -0.05 0.05
0.06999999999999995 -0.05 0.05
0.07999999999999996 -0.05 0.05
0.08999999999999997 -0.05 0.05
0.09999999999999998 -0.05 0.05
0.11 -0.05 0.05
0.12 -0.05 0.05
0.13 -0.05 0.05
0.14 -0.05 0.05
0.15 -0.05 0.05
0.16 -0.05 0.05
0.17 -0.05 0.05
0.18 -0.05 0.05
0.1899999999999999 -0.05 0.05
0.2 -0.05 0.05
0.21 -0.05 0.05
0.22 -0.05 0.05
0.23 -0.05 0.05
0.24 -0.05 0.05
0.25 -0.05 0.05
0.26 -0.05 0.05
0.27 -0.05 0.05
0.28 -0.05 0.05
0.29 -0.05 0.05
0.3 -0.05 0.05
0.3100000000000001 -0.05 0.05
0.32 -0.05 0.05
0.33 -0.05 0.05
0.34 -0.05 0.05
0.35 -0.05 0.05
0.36 -0.05 0.05
0.37 -0.05 0.05
0.38 -0.05 0.05
0.39 -0.05 0.05
0.4 -0.05 0.05
0.41 -0.05 0.05
0.42 -0.05 0.05
0.43 -0.05 0.05
0.4399999999999999 -0.05 0.05
0.45 -0.05 0.05
0.46 -0.05 0.05
0.47 -0.05 0.05
0.48 -0.05 0.05
0.49 -0.05 0.05
0.5 -0.05 0.05
-0.5 -0.04 0.05
-0.49 -0.04 0.05
-0.48 -0.04 0.05
-0.47 -0.04 0.05
-0.46 -0.04 0.05
-0.45 -0.04 0.05
-0.44 -0.04 0.05
-0.43 -0.04 0.05
-0.42 -0.04 0.05
-0.41 -0.04 0.05
-0.4 -0.04 0.05
-0.39 -0.04 0.05
-0.38 -0.04 0.05
-0.37 -0.04 0.05
-0.36 -0.04 0.05
-0.35 -0.04 0.05
-0.34 -0.04 0.05
-0.33 -0.04 0.05
-0.32 -0.04 0.05
-0.31 -0.04 0.05
-0.3 -0.04 0.05
-0.29 -0.04 0.05
-0.28 -0.04 0.05
-0.27 -0.04 0.05
-0.26 -0.04 0.05
-0.25 -0.04 0.05
-0.24 -0.04 0.05
-0.23 -0.04 0.05
-0.22 -0.04 0.05
-0.21 -0.04 0.05
-0.2 -0.04 0.05
-0.19 -0.04 0.05
-0.18 -0.04 0.05
-0.17 -0.04 0.05
-0.16 -0.04 0.05
-0.15 -0.04 0.05
-0.14 -0.04 0.05
-0.13 -0.04 0.05
-0.12 -0.04 0.05
-0.11 -0.04 0.05
-0.09999999999999998 -0.04 0.05
-0.09000000000000002 -0.04 0.05
-0.08000000000000002 -0.04 0.05
-0.07000000000000001 -0.04 0.05
-0.06 -0.04 0.05
-0.04999999999999999 -0.04 0.05
-0.03999999999999998 -0.04 0.05
-0.03000000000000003 -0.04 0.05
-0.02000000000000002 -0.04 0.05
-0.01000000000000001 -0.04 0.05
0 -0.04 0.05
0.01000000000000001 -0.04 0.05
0.02000000000000002 -0.04 0.05
0.03000000000000003 -0.04 0.05
0.04000000000000004 -0.04 0.05
0.05000000000000004 -0.04 0.05
0.06000000000000005 -0.04 0.05
0.06999999999999995 -0.04 0.05
0.07999999999999996 -0.04 0.05
0.08999999999999997 -0.04 0.05
0.09999999999999998 -0.04 0.05
0.11 -0.04 0.05
0.12 -0.04 0.05
0.13 -0.04 0.05
0.14 -0.04 0.05
0.15 -0.04 0.05
0.16 -0.04 0.05
0.17 -0.04 0.05
0.18 -0.04 0.05
0.1899999999999999 -0.04 0.05
0.2 -0.04 0.05
0.21 -0.04 0.05
0.22 -0.04 0.05
0.23 -0.04 0.05
0.24 -0.04 0.05
0.25 -0.04 0.05
0.26 -0.04 0.05
0.27 -0.04 0.05
0.28 -0.04 0.05
0.29 -0.04 0.05
0.3 -0.04 0.05
0.3100000000000001 -0.04 0.05
0.32 -0.04 0.05
0.33 -0.04 0.05
0.34 -0.04 0.05
0.35 -0.04 0.05
0.36 -0.04 0.05
0.37 -0.04 0.05
0.38 -0.04 0.05
0.39 -0.04 0.05
0.4 -0.04 0.05
0.41 -0.04 0.05
0.42 -0.04 0.05
0.43 -0.04 0.05
0.4399999999999999 -0.04 0.05
0.45 -0.04 0.05
0.46 -0.04 0.05
0.47 -0.04 0.05
0.48 -0.04 0.05
0.49 -0.04 0.05
0.5 -0.04 0.05
-0.5 -0.03 0.05
-0.49 -0.03 0.05
-0.48 -0.03 0.05
-0.47 -0.03 0.05
-0.46 -0.03 0.05
-0.45 -0.03 0.05
-0.44 -0.03 0.05
-0.43 -0.03 0.05
-0.42 -0.03 0.05
-0.41 -0.03 0.05
-0.4 -0.03 0.05
-0.39 -0.03 0.05
-0.38 -0.03 0.05
-0.37 -0.03 0.05
-0.36 -0.03 0.05
-0.35 -0.03 0.05
-0.34 -0.03 0.05
-0.33 -0.03 0.05
-0.32 -0.03 0.05
-0.31 -0.03 0.05
-0.3 -0.03 0.05
-0.29 -0.03 0.05
-0.28 -0.03 0.05
-0.27 -0.03 0.05
-0.26 -0.03 0.05
-0.25 -0.03 0.05
-0.24 -0.03 0.05
-0.23 -0.03 0.05
-0.22 -0.03 0.05
-0.21 -0.03 0.05
-0.2 -0.03 0.05
-0.19 -0.03 0.05
-0.18 -0.03 0.05
-0.17 -0.03 0.05
-0.16 -0.03 0.05
-0.15 -0.03 0.05
-0.14 -0.03 0.05
-0.13 -0.03 0.05
-0.12 -0.03 0.05
-0.11 -0.03 0.05
-0.09999999999999998 -0.03 0.05
-0.09000000000000002 -0.03 0.05
-0.08000000000000002 -0.03 0.05
-0.07000000000000001 -0.03 0.05
-0.06 -0.03 0.05
-0.04999999999999999 -0.03 0.05
-0.03999999999999998 -0.03 0.05
-0.03000000000000003 -0.03 0.05
-0.02000000000000002 -0.03 0.05
-0.01000000000000001 -0.03 0.05
0 -0.03 0.05
0.01000000000000001 -0.03 0.05
0.02000000000000002 -0.03 0.05
0.03000000000000003 -0.03 0.05
0.04000000000000004 -0.03 0.05
0.05000000000000004 -0.03 0.05
0.06000000000000005 -0.03 0.05
0.06999999999999995 -0.03 0.05
0.07999999999999996 -0.03 0.05
0.08999999999999997 -0.03 0.05
0.09999999999999998 -0.03 0.05
0.11 -0.03 0.05
0.12 -0.03 0.05
0.13 -0.03 0.05
0.14 -0.03 0.05
0.15 -0.03 0.05
0.16 -0.03 0.05
0.17 -0.03 0.05
0.18 -0.03 0.05
0.1899999999999999 -0.03 0.05
0.2 -0.03 0.05
0.21 -0.03 0.05
0.22 -0.03 0.05
0.23 -0.03 0.05
0.24 -0.03 0.05
0.25 -0.03 0.05
0.26 -0.03 0.05
0.27 -0.03 0.05
0.28 -0.03 0.05
0.29 -0.03 0.05
0.3 -0.03 0.05
0.3100000000000001 -0.03 0.05
0.32 -0.03 0.05
0.33 -0.03 0.05
0.34 -0.03 0.05
0.35 -0.03 0.05
0.36 -0.03 0.05
0.37 -0.03 0.05
0.38 -0.03 0.05
0.39 -0.03 0.05
0.4 -0.03 0.05
0.41 -0.03 0.05
0.42 -0.03 0.05
0.43 -0.03 0.05
0.4399999999999999 -0.03 0.05
0.45 -0.03 0.05
0.46 -0.03 0.05
0.47 -0.03 0.05
0.48 -0.03 0.05
0.49 -0.03 0.05
0.5 -0.03 0.05
-0.5 -0.02 0.05
-0.49 -0.02 0.05
-0.48 -0.02 0.05
-0.47 -0.02 0.05
-0.46 -0.02 0.05
-0.45 -0.02 0.05
-0.44 -0.02 0.05
-0.43 -0.02 0.05
-0.42 -0.02 0.05
-0.41 -0.02 0.05
-0.4 -0.02 0.05
-0.39 -0.02 0.05
-0.38 -0.02 0.05
-0.37 -0.02 0.05
-0.36 -0.02 0.05
-0.35 -0.02 0.05
-0.34 -0.02 0.05
-0.33 -0.02 0.05
-0.32 -0.02 0.05
-0.31 -0.02 0.05
-0.3 -0.02 0.05
-0.29 -0.02 0.05
-0.28 -0.02 0.05
-0.27 -0.02 0.05
-0.26 -0.02 0.05
-0.25 -0.02 0.05
-0.24 -0.02 0.05
-0.23 -0.02 0.05
-0.22 -0.02 0.05
-0.21 -0.02 0.05
-0.2 -0.02 0.05
-0.19 -0.02 0.05
-0.18 -0.02 0.05
-0.17 -0.02 0.05
-0.16 -0.02 0.05
-0.15 -0.02 0.05
-0.14 -0.02 0.05
-0.13 -0.02 0.05
-0.12 -0.02 0.05
-0.11 -0.02 0.05
-0.09999999999999998 -0.02 0.05
-0.09000000000000002 -0.02 0.05
-0.08000000000000002 -0.02 0.05
-0.07000000000000001 -0.02 0.05
-0.06 -0.02 0.05
-0.04999999999999999 -0.02 0.05
-0.03999999999999998 -0.02 0.05
-0.03000000000000003 -0.02 0.05
-0.02000000000000002 -0.02 0.05
-0.01000000000000001 -0.02 0.05
0 -0.02 0.05
0.01000000000000001 -0.02 0.05
0.02000000000000002 -0.02 0.05
0.03000000000000003 -0.02 0.05
0.04000000000000004 -0.02 0.05
0.05000000000000004 -0.02 0.05
0.06000000000000005 -0.02 0.05
0.06999999999999995 -0.02 0.05
0.07999999999999996 -0.02 0.05
0.08999999999999997 -0.02 0.05
0.09999999999999998 -0.02 0.05
0.11 -0.02 0.05
0.12 -0.02 0.05
0.13 -0.02 0.05
0.14 -0.02 0.05
0.15 -0.02 0.05
0.16 -0.02 0.05
0.17 -0.02 0.05
0.18 -0.02 0.05
0.1899999999999999 -0.02 0.05
0.2 -0.02 0.05
0.21 -0.02 0.05
0.22 -0.02 0.05
0.23 -0.02 0.05
0.24 -0.02 0.05
0.25 -0.02 0.05
0.26 -0.02 0.05
0.27 -0.02 0.05
0.28 -0.02 0.05
0.29 -0.02 0.05
0.3 -0.02 0.05
0.3100000000000001 -0.02 0.05
0.32 -0.02 0.05
0.33 -0.02 0.05
0.34 -0.02 0.05
0.35 -0.02 0.05
0.36 -0.02 0.05
0.37 -0.02 0.05
0.38 -0.02 0.05
0.39 -0.02 0.05
0.4 -0.02 0.05
0.41 -0.02 0.05
0.42 -0.02 0.05
0.43 -0.02 0.05
0.4399999999999999 -0.02 0.05
0.45 -0.02 0.05
0.46 -0.02 0.05
0.47 -0.02 0.05
0.48 -0.02 0.05
0.49 -0.02 0.05
0.5 -0.02 0.05
-0.5 -0.009999999999999995 0.05
-0.49 -0.009999999999999995 0.05
-0.48 -0.009999999999999995 0.05
-0.47 -0.009999999999999995 0.05
-0.46 -0.009999999999999995 0.05
-0.45 -0.009999999999999995 0.05
-0.44 -0.009999999999999995 0.05
-0.43 -0.009999999999999995 0.05
-0.42 -0.009999999999999995 0.05
-0.41 -0.009999999999999995 0.05
-0.4 -0.009999999999999995 0.05
-0.39 -0.009999999999999995 0.05
-0.38 -0.009999999999999995 0.05
-0.37 -0.009999999999999995 0.05
-0.36 -0.009999999999999995 0.05
-0.35 -0.009999999999999995 0.05
-0.34 -0.009999999999999995 0.05
-0.33 -0.009999999999999995 0.05
-0.32 -0.009999999999999995 0.05
-0.31 -0.009999999999999995 0.05
-0.3 -0.009999999999999995 0.05
-0.29 -0.009999999999999995 0.05
-0.28 -0.009999999999999995 0.05
-0.27 -0.009999999999999995 0.05
-0.26 -0.009999999999999995 0.05
-0.25 -0.009999999999999995 0.05
-0.24 -0.009999999999999995 0.05
-0.23 -0.009999999999999995 0.05
-0.22 -0.009999999999999995 0.05
-0.21 -0.009999999999999995 0.05
-0.2 -0.009999999999999995 0.05
-0.19 -0.009999999999999995 0.05
-0.18 -0.009999999999999995 0.05
-0.17 -0.009999999999999995 0.05
-0.16 -0.009999999999999995 0.05
-0.15 -0.009999999999999995 0.05
-0.14 -0.009999999999999995 0.05
-0.13 -0.009999999999999995 0.05
-0.12 -0.009999999999999995 0.05
-0.11 -0.009999999999999995 0.05
-0.09999999999999998 -0.009999999999999995 0.05
-0.09000000000000002 -0.009999999999999995 0.05
-0.08000000000000002 -0.009999999999999995 0.05
-0.07000000000000001 -0.009999999999999995 0.05
-0.06 -0.009999999999999995 0.05
-0.04999999999999999 -0.009999999999999995 0.05
-0.03999999999999998 -0.009999999999999995 0.05
-0.03000000000000003 -0.009999999999999995 0.05
-0.02000000000000002 -0.009999999999999995 0.05
-0.01000000000000001 -0.009999999999999995 0.05
0 -0.009999999999999995 0.05
0.01000000000000001 -0.009999999999999995 0.05
0.02000000000000002 -0.009999999999999995 0.05
0.03000000000000003 -0.009999999999999995 0.05
0.04000000000000004 -0.009999999999999995 0.05
0.05000000000000004 -0.009999999999999995 0.05
0.06000000000000005 -0.009999999999999995 0.05
0.06999999999999995 -0.009999999999999995 0.05
0.07999999999999996 -0.009999999999999995 0.05
0.08999999999999997 -0.009999999999999995 0.05
0.09999999999999998 -0.009999999999999995 0.05
0.11 -0.009999999999999995 0.05
0.12 -0.009999999999999995 0.05
0.13 -0.009999999999999995 0.05
0.14 -0.009999999999999995 0.05
0.15 -0.009999999999999995 0.05
0.16 -0.009999999999999995 0.05
0.17 -0.009999999999999995 0.05
0.18 -0.009999999999999995 0.05
0.1899999999999999 -0.009999999999999995 0.05
0.2 -0.009999999999999995 0.05
0.21 -0.009999999999999995 0.05
0.22 -0.009999999999999995 0.05
0.23 -0.009999999999999995 0.05
0.24 -0.009999999999999995 0.05
0.25 -0.009999999999999995 0.05
0.26 -0.009999999999999995 0.05
0.27 -0.009999999999999995 0.05
0.28 -0.009999999999999995 0.05
0.29 -0.009999999999999995 0.05
0.3 -0.009999999999999995 0.05
0.3100000000000001 -0.009999999999999995 0.05
0.32 -0.009999999999999995 0.05
0.33 -0.009999999999999995 0.05
0.34 -0.009999999999999995 0.05
0.35 -0.009999999999999995 0.05
0.36 -0.009999999999999995 0.05
0.37 -0.009999999999999995 0.05
0.38 -0.009999999999999995 0.05
0.39 -0.009999999999999995 0.05
0.4 -0.009999999999999995 0.05
0.41 -0.009999999999999995 0.05
0.42 -0.009999999999999995 0.05
0.43 -0.009999999999999995 0.05
0.4399999999999999 -0.009999999999999995 0.05
0.45 -0.009999999999999995 0.05
0.46 -0.009999999999999995 0.05
0.47 -0.009999999999999995 0.05
0.48 -0.009999999999999995 0.05
0.49 -0.009999999999999995 0.05
0.5 -0.009999999999999995 0.05
-0.5 0 0.05
-0.49 0 0.05
-0.48 0 0.05
-0.47 0 0.05
-0.46 0 0.05
-0.45 0 0.05
-0.44 0 0.05
-0.43 0 0.05
-0.42 0 0.05
-0.41 0 0.05
-0.4 0 0.05
-0.39 0 0.05
-0.38 0 0.05
-0.37 0 0.05
-0.36 0 0.05
-0.35 0 0.05
-0.34 0 0.05
-0.33 0 0.05
-0.32 0 0.05
-0.31 0 0.05
-0.3 0 0.05
-0.29 0 0.05
-0.28 0 0.05
-0.27 0 0.05
-0.26 0 0.05
-0.25 0 0.05
-0.24 0 0.05
-0.23 0 0.05
-0.22 0 0.05
-0.21 0 0.05
-0.2 0 0.05
-0.19 0 0.05
-0.18 0 0.05
-0.17 0 0.05
-0.16 0 0.05
-0.15 0 0.05
-0.14 0 0.05
-0.13 0 0.05
-0.12 0 0.05
-0.11 0 0.05
-0.09999999999999998 0 0.05
-0.09000000000000002 0 0.05
-0.08000000000000002 0 0.05
-0.07000000000000001 0 0.05
-0.06 0 0.05
-0.04999999999999999 0 0.05
-0.03999999999999998 0 0.05
-0.03000000000000003 0 0.05
-0.02000000000000002 0 0.05
-0.01000000000000001 0 0.05
0 0 0.05
0.01000000000000001 0 0.05
0.02000000000000002 0 0.05
0.03000000000000003 0 0.05
0.04000000000000004 0 0.05
0.05000000000000004 0 0.05
0.06000000000000005 0 0.05
0.06999999999999995 0 0.05
0.07999999999999996 0 0.05
0.08999999999999997 0 0.05
0.09999999999999998 0 0.05
0.11 0 0.05
0.12 0 0.05
0.13 0 0.05
0.14 0 0.05
0.15 0 0.05
0.16 0 0.05
0.17 0 0.05
0.18 0 0.05
0.1899999999999999 0 0.05
0.2 0 0.05
0.21 0 0.05
0.22 0 0.05
0.23 0 0.05
0.24 0 0.05
0.25 0 0.05
0.26 0 0.05
0.27 0 0.05
0.28 0 0.05
0.29 0 0.05
0.3 0 0.05
0.3100000000000001 0 0.05
0.32 0 0.05
0.33 0 0.05
0.34 0 0.05
0.35 0 0.05
0.36 0 0.05
0.37 0 0.05
0.38 0 0.05
0.39 0 0.05
0.4 0 0.05
0.41 0 0.05
0.42 0 0.05
0.43 0 0.05
0.4399999999999999 0 0.05
0.45 0 0.05
0.46 0 0.05
0.47 0 0.05
0.48 0 0.05
0.49 0 0.05
0.5 0 0.05
-0.5 0.009999999999999995 0.05
-0.49 0.009999999999999995 0.05
-0.48 0.009999999999999995 0.05
-0.47 0.009999999999999995 0.05
-0.46 0.009999999999999995 0.05
-0.45 0.009999999999999995 0.05
-0.44 0.009999999999999995 0.05
-0.43 0.009999999999999995 0.05
-0.42 0.009999999999999995 0.05
-0.41 0.009999999999999995 0.05
-0.4 0.009999999999999995 0.05
-0.39 0.009999999999999995 0.05
-0.38 0.009999999999999995 0.05
-0.37 0.009999999999999995 0.05
-0.36 0.009999999999999995 0.05
-0.35 0.009999999999999995 0.05
-0.34 0.009999999999999995 0.05
-0.33 0.009999999999999995 0.05
-0.32 0.009999999999999995 0.05
-0.31 0.009999999999999995 0.05
-0.3 0.009999999999999995 0.05
-0.29 0.009999999999999995 0.05
-0.28 0.009999999999999995 0.05
-0.27 0.009999999999999995 0.05
-0.26 0.009999999999999995 0.05
-0.25 0.009999999999999995 0.05
-0.24 0.009999999999999995 0.05
-0.23 0.009999999999999995 0.05
-0.22 0.009999999999999995 0.05
-0.21 0.009999999999999995 0.05
-0.2 0.009999999999999995 0.05
-0.19 0.009999999999999995 0.05
-0.18 0.009999999999999995 0.05
-0.17 0.009999999999999995 0.05
-0.16 0.009999999999999995 0.05
-0.15 0.009999999999999995 0.05
-0.14 0.009999999999999995 0.05
-0.13 0.009999999999999995 0.05
-0.12 0.009999999999999995 0.05
-0.11 0.009999999999999995 0.05
-0.09999999999999998 0.009999999999999995 0.05
-0.09000000000000002 0.009999999999999995 0.05
-0.08000000000000002 0.009999999999999995 0.05
-0.07000000000000001 0.009999999999999995 0.05
-0.06 0.009999999999999995 0.05
-0.04999999999999999 0.009999999999999995 0.05
-0.03999999999999998 0.009999999999999995 0.05
-0.03000000000000003 0.009999999999999995 0.05
-0.02000000000000002 0.009999999999999995 0.05
-0.01000000000000001 0.009999999999999995 0.05
0 0.009999999999999995 0.05
0.01000000000000001 0.009999999999999995 0.05
0.02000000000000002 0.009999999999999995 0.05
0.03000000000000003 0.009999999999999995 0.05
0.04000000000000004 0.009999999999999995 0.05
0.05000000000000004 0.009999999999999995 0.05
0.06000000000000005 0.009999999999999995 0.05
0.06999999999999995 0.009999999999999995 0.05
0.07999999999999996 0.009999999999999995 0.05
0.08999999999999997 0.009999999999999995 0.05
0.09999999999999998 0.009999999999999995 0.05
0.11 0.009999999999999995 0.05
0.12 0.009999999999999995 0.05
0.13 0.009999999999999995 0.05
0.14 0.009999999999999995 0.05
0.15 0.009999999999999995 0.05
0.16 0.009999999999999995 0.05
0.17 0.009999999999999995 0.05
0.18 0.009999999999999995 0.05
0.1899999999999999 0.009999999999999995 0.05
0.2 0.009999999999999995 0.05
0.21 0.009999999999999995 0.05
0.22 0.009999999999999995 0.05
0.23 0.009999999999999995 0.05
0.24 0.009999999999999995 0.05
0.25 0.009999999999999995 0.05
0.26 0.009999999999999995 0.05
0.27 0.009999999999999995 0.05
0.28 0.009999999999999995 0.05
0.29 0.009999999999999995 0.05
0.3 0.009999999999999995 0.05
0.3100000000000001 0.009999999999999995 0.05
0.32 0.009999999999999995 0.05
0.33 0.009999999999999995 0.05
0.34 0.009999999999999995 0.05
0.35 0.009999999999999995 0.05
0.36 0.009999999999999995 0.05
0.37 0.009999999999999995 0.05
0.38 0.009999999999999995 0.05
0.39 0.009999999999999995 0.05
0.4 0.009999999999999995 0.05
0.41 0.009999999999999995 0.05
0.42 0.009999999999999995 0.05
0.43 0.009999999999999995 0.05
0.4399999999999999 0.009999999999999995 0.05
0.45 0.009999999999999995 0.05
0.46 0.009999999999999995 0.05
0.47 0.009999999999999995 0.05
0.48 0.009999999999999995 0.05
0.49 0.009999999999999995 0.05
0.5 0.009999999999999995 0.05
-0.5 0.01999999999999999 0.05
-0.49 0.01999999999999999 0.05
-0.48 0.01999999999999999 0.05
-0.47 0.01999999999999999 0.05
-0.46 0.01999999999999999 0.05
-0.45 0.01999999999999999 0.05
-0.44 0.01999999999999999 0.05
-0.43 0.01999999999999999 0.05
-0.42 0.01999999999999999 0.05
-0.41 0.01999999999999999 0.05
-0.4 0.01999999999999999 0.05
-0.39 0.01999999999999999 0.05
-0.38 0.01999999999999999 0.05
-0.37 0.01999999999999999 0.05
-0.36 0.01999999999999999 0.05
-0.35 0.01999999999999999 0.05
-0.34 0.01999999999999999 0.05
-0.33 0.01999999999999999 0.05
-0.32 0.01999999999999999 0.05
-0.31 0.01999999999999999 0.05
-0.3 0.01999999999999999 0.05
-0.29 0.01999999999999999 0.05
-0.28 0.01999999999999999 0.05
-0.27 0.01999999999999999 0.05
-0.26 0.01999999999999999 0.05
-0.25 0.01999999999999999 0.05
-0.24 0.01999999999999999 0.05
-0.23 0.01999999999999999 0.05
-0.22 0.01999999999999999 0.05
-0.21 0.01999999999999999 0.05
-0.2 0.01999999999999999 0.05
-0.19 0.01999999999999999 0.05
-0.18 0.01999999999999999 0.05
-0.17 0.01999999999999999 0.05
-0.16 0.01999999999999999 0.05
-0.15 0.01999999999999999 0.05
-0.14 0.01999999999999999 0.05
-0.13 0.01999999999999999 0.05
-0.12 0.01999999999999999 0.05
-0.11 0.01999999999999999 0.05
-0.09999999999999998 0.01999999999999999 0.05
-0.09000000000000002 0.01999999999999999 0.05
-0.08000000000000002 0.01999999999999999 0.05
-0.07000000000000001 0.01999999999999999 0.05
-0.06 0.01999999999999999 0.05
-0.04999999999999999 0.01999999999999999 0.05
-0.03999999999999998 0.01999999999999999 0.05
-0.03000000000000003 0.01999999999999999 0.05
-0.02000000000000002 0.01999999999999999 0.05
-0.01000000000000001 0.01999999999999999 0.05
0 0.01999999999999999 0.05
0.01000000000000001 0.01999999999999999 0.05
0.02000000000000002 0.01999999999999999 0.05
0.03000000000000003 0.01999999999999999 0.05
0.04000000000000004 0.01999999999999999 0.05
0.05000000000000004 0.01999999999999999 0.05
0.06000000000000005 0.01999999999999999 0.05
0.06999999999999995 0.01999999999999999 0.05
0.07999999999999996 0.01999999999999999 0.05
0.08999999999999997 0.01999999999999999 0.05
0.09999999999999998 0.01999999999999999 0.05
0.11 0.01999999999999999 0.05
0.12 0.01999999999999999 0.05
0.13 0.01999999999999999 0.05
0.14 0.01999999999999999 0.05
0.15 0.01999999999999999 0.05
0.16 0.01999999999999999 0.05
0.17 0.01999999999999999 0.05
0.18 0.01999999999999999 0.05
0.1899999999999999 0.01999999999999999 0.05
0.2 0.01999999999999999 0.05
0.21 0.01999999999999999 0.05
0.22 0.01999999999999999 0.05
0.23 0.01999999999999999 0.05
0.24 0.01999999999999999 0.05
0.25 0.01999999999999999 0.05
0.26 0.01999999999999999 0.05
0.27 0.01999999999999999 0.05
0.28 0.01999999999999999 0.05
0.29 0.01999999999999999 0.05
0.3 0.01999999999999999 0.05
0.3100000000000001 0.01999999999999999 0.05
0.32 0.01999999999999999 0.05
0.33 0.01999999999999999 0.05
0.34 0.01999999999999999 0.05
0.35 0.01999999999999999 0.05
0.36 0.01999999999999999 0.05
0.37 0.01999999999999999 0.05
0.38 0.01999999999999999 0.05
0.39 0.01999999999999999 0.05
0.4 0.01999999999999999 0.05
0.41 0.01999999999999999 0.05
0.42 0.01999999999999999 0.05
0.43 0.01999999999999999 0.05
0.4399999999999999 0.01999999999999999 0.05
0.45 0.01999999999999999 0.05
0.46 0.01999999999999999 0.05
0.47 0.01999999999999999 0.05
0.48 0.01999999999999999 0.05
0.49 0.01999999999999999 0.05
0.5 0.01999999999999999 0.05
-0.5 0.03000000000000001 0.05
-0.49 0.03000000000000001 0.05
-0.48 0.03000000000000001 0.05
-0.47 0.03000000000000001 0.05
-0.46 0.03000000000000001 0.05
-0.45 0.03000000000000001 0.05
-0.44 0.03000000000000001 0.05
-0.43 0.03000000000000001 0.05
-0.42 0.03000000000000001 0.05
-0.41 0.03000000000000001 0.05
-0.4 0.03000000000000001 0.05
-0.39 0.03000000000000001 0.05
-0.38 0.03000000000000001 0.05
-0.37 0.03000000000000001 0.05
-0.36 0.03000000000000001 0.05
-0.35 0.03000000000000001 0.05
-0.34 0.03000000000000001 0.05
-0.33 0.03000000000000001 0.05
-0.32 0.03000000000000001 0.05
-0.31 0.03000000000000001 0.05
-0.3 0.03000000000000001 0.05
-0.29 0.03000000000000001 0.05
-0.28 0.03000000000000001 0.05
-0.27 0.03000000000000001 0.05
-0.26 0.03000000000000001 0.05
-0.25 0.03000000000000001 0.05
-0.24 0.03000000000000001 0.05
-0.23 0.03000000000000001 0.05
-0.22 0.03000000000000001 0.05
-0.21 0.03000000000000001 0.05
-0.2 0.03000000000000001 0.05
-0.19 0.03000000000000001 0.05
-0.18 0.03000000000000001 0.05
-0.17 0.03000000000000001 0.05
-0.16 0.03000000000000001 0.05
-0.15 0.03000000000000001 0.05
-0.14 0.03000000000000001 0.05
-0.13 0.03000000000000001 0.05
-0.12 0.03000000000000001 0.05
-0.11 0.03000000000000001 0.05
-0.09999999999999998 0.03000000000000001 0.05
-0.09000000000000002 0.03000000000000001 0.05
-0.08000000000000002 0.03000000000000001 0.05
-0.07000000000000001 0.03000000000000001 0.05
-0.06 0.03000000000000001 0.05
-0.04999999999999999 0.03000000000000001 0.05
-0.03999999999999998 0.03000000000000001 0.05
-0.03000000000000003 0.03000000000000001 0.05
-0.02000000000000002 0.03000000000000001 0.05
-0.01000000000000001 0.03000000000000001 0.05
0 0.03000000000000001 0.05
0.01000000000000001 0.03000000000000001 0.05
0.02000000000000002 0.03000000000000001 0.05
0.03000000000000003 0.03000000000000001 0.05
0.04000000000000004 0.03000000000000001 0.05
0.05000000000000004 0.03000000000000001 0.05
0.06000000000000005 0.03000000000000001 0.05
0.06999999999999995 0.03000000000000001 0.05
0.07999999999999996 0.03000000000000001 0.05
0.08999999999999997 0.03000000000000001 0.05
0.09999999999999998 0.03000000000000001 0.05
0.11 0.03000000000000001 0.05
0.12 0.03000000000000001 0.05
0.13 0.03000000000000001 0.05
0.14 0.03000000000000001 0.05
0.15 0.03000000000000001 0.05
0.16 0.03000000000000001 0.05
0.17 0.03000000000000001 0.05
0.18 0.03000000000000001 0.05
0.1899999999999999 0.03000000000000001 0.05
0.2 0.03000000000000001 0.05
0.21 0.03000000000000001 0.05
0.22 0.03000000000000001 0.05
0.23 0.03000000000000001 0.05
0.24 0.03000000000000001 0.05
0.25 0.03000000000000001 0.05
0.26 0.03000000000000001 0.05
0.27 0.03000000000000001 0.05
0.28 0.03000000000000001 0.05
0.29 0.03000000000000001 0.05
0.3 0.03000000000000001 0.05
0.3100000000000001 0.03000000000000001 0.05
0.32 0.03000000000000001 0.05
0.33 0.03000000000000001 0.05
0.34 0.03000000000000001 0.05
0.35 0.03000000000000001 0.05
0.36 0.03000000000000001 0.05
0.37 0.03000000000000001 0.05
0.38 0.03000000000000001 0.05
0.39 0.03000000000000001 0.05
0.4 0.03000000000000001 0.05
0.41 0.03000000000000001 0.05
0.42 0.03000000000000001 0.05
0.43 0.03000000000000001 0.05
0.4399999999999999 0.03000000000000001 0.05
0.45 0.03000000000000001 0.05
0.46 0.03000000000000001 0.05
0.47 0.03000000000000001 0.05
0.48 0.03000000000000001 0.05
0.49 0.03000000000000001 0.05
0.5 0.03000000000000001 0.05
-0.5 0.04000000000000001 0.05
-0.49 0.04000000000000001 0.05
-0.48 0.04000000000000001 0.05
-0.47 0.04000000000000001 0.05
-0.46 0.04000000000000001 0.05
-0.45 0.04000000000000001 0.05
-0.44 0.04000000000000001 0.05
-0.43 0.04000000000000001 0.05
-0.42 0.04000000000000001 0.05
-0.41 0.04000000000000001 0.05
-0.4 0.04000000000000001 0.05
-0.39 0.04000000000000001 0.05
-0.38 0.04000000000000001 0.05
-0.37 0.04000000000000001 0.05
-0.36 0.04000000000000001 0.05
-0.35 0.04000000000000001 0.05
-0.34 0.04000000000000001 0.05
-0.33 0.04000000000000001 0.05
-0.32 0.04000000000000001 0.05
-0.31 0.04000000000000001 0.05
-0.3 0.04000000000000001 0.05
-0.29 0.04000000000000001 0.05
-0.28 0.04000000000000001 0.05
-0.27 0.04000000000000001 0.05
-0.26 0.04000000000000001 0.05
-0.25 0.04000000000000001 0.05
-0.24 0.04000000000000001 0.05
-0.23 0.04000000000000001 0.05
-0.22 0.04000000000000001 0.05
-0.21 0.04000000000000001 0.05
-0.2 0.04000000000000001 0.05
-0.19 0.04000000000000001 0.05
-0.18 0.04000000000000001 0.05
-0.17 0.04000000000000001 0.05
-0.16 0.04000000000000001 0.05
-0.15 0.04000000000000001 0.05
-0.14 0.04000000000000001 0.05
-0.13 0.04000000000000001 0.05
-0.12 0.04000000000000001 0.05
-0.11 0.04000000000000001 0.05
-0.09999999999999998 0.04000000000000001 0.05
-0.09000000000000002 0.04000000000000001 0.05
-0.08000000000000002 0.04000000000000001 0.05
-0.07000000000000001 0.04000000000000001 0.05
-0.06 0.04000000000000001 0.05
-0.04999999999999999 0.04000000000000001 0.05
-0.03999999999999998 0.04000000000000001 0.05
-0.03000000000000003 0.04000000000000001 0.05
-0.02000000000000002 0.04000000000000001 0.05
-0.01000000000000001 0.04000000000000001 0.05
0 0.04000000000000001 0.05
0.01000000000000001 0.04000000000000001 0.05
0.02000000000000002 0.04000000000000001 0.05
0.03000000000000003 0.04000000000000001 0.05
0.04000000000000004 0.04000000000000001 0.05
0.05000000000000004 0.04000000000000001 0.05
0.06000000000000005 0.04000000000000001 0.05
0.06999999999999995 0.04000000000000001 0.05
0.07999999999999996 0.04000000000000001 0.05
0.08999999999999997 0.04000000000000001 0.05
0.09999999999999998 0.04000000000000001 0.05
0.11 0.04000000000000001 0.05
0.12 0.04000000000000001 0.05
0.13 0.04000000000000001 0.05
0.14 0.04000000000000001 0.05
0.15 0.04000000000000001 0.05
0.16 0.04000000000000001 0.05
0.17 0.04000000000000001 0.05
0.18 0.04000000000000001 0.05
0.1899999999999999 0.04000000000000001 0.05
0.2 0.04000000000000001 0.05
0.21 0.04000000000000001 0.05
0.22 0.04000000000000001 0.05
0.23 0.04000000000000001 0.05
0.24 0.04000000000000001 0.05
0.25 0.04000000000000001 0.05
0.26 0.04000000000000001 0.05
0.27 0.04000000000000001 0.05
0.28 0.04000000000000001 0.05
0.29 0.04000000000000001 0.05
0.3 0.04000000000000001 0.05
0.3100000000000001 0.04000000000000001 0.05
0.32 0.04000000000000001 0.05
0.33 0.04000000000000001 0.05
0.34 0.04000000000000001 0.05
0.35 0.04000000000000001 0.05
0.36 0.04000000000000001 0.05
0.37 0.04000000000000001 0.05
0.38 0.04000000000000001 0.05
0.39 0.04000000000000001 0.05
0.4 0.04000000000000001 0.05
0.41 0.04000000000000001 0.05
0.42 0.04000000000000001 0.05
0.43 0.04000000000000001 0.05
0.4399999999999999 0.04000000000000001 0.05
0.45 0.04000000000000001 0.05
0.46 0.04000000000000001 0.05
0.47 0.04000000000000001 0.05
0.48 0.04000000000000001 0.05
0.49 0.04000000000000001 0.05
0.5 0.04000000000000001 0.05
-0.5 0.05 0.05
-0.49 0.05 0.05
-0.48 0.05 0.05
-0.47 0.05 0.05
-0.46 0.05 0.05
-0.45 0.05 0.05
-0.44 0.05 0.05
-0.43 0.05 0.05
-0.42 0.05 0.05
-0.41 0.05 0.05
-0.4 0.05 0.05
-0.39 0.05 0.05
-0.38 0.05 0.05
-0.37 0.05 0.05
-0.36 0.05 0.05
-0.35 0.05 0.05
-0.34 0.05 0.05
-0.33 0.05 0.05
-0.32 0.05 0.05
-0.31 0.05 0.05
-0.3 0.05 0.05
-0.29 0.05 0.05
-0.28 0.05 0.05
-0.27 0.05 0.05
-0.26 0.05 0.05
-0.25 0.05 0.05
-0.24 0.05 0.05
-0.23 0.05 0.05
-0.22 0.05 0.05
-0.21 0.05 0.05
-0.2 0.05 0.05
-0.19 0.05 0.05
-0.18 0.05 0.05
-0.17 0.05 0.05
-0.16 0.05 0.05
-0.15 0.05 0.05
-0.14 0.05 0.05
-0.13 0.05 0.05
-0.12 0.05 0.05
-0.11 0.05 0.05
-0.09999999999999998 0.05 0.05
-0.09000000000000002 0.05 0.05
-0.08000000000000002 0.05 0.05
-0.07000000000000001 0.05 0.05
-0.06 0.05 0.05
-0.04999999999999999 0.05 0.05
-0.03999999999999998 0.05 0.05
-0.03000000000000003 0.05 0.05
-0.02000000000000002 0.05 0.05
-0.01000000000000001 0.05 0.05
0 0.05 0.05
0.01000000000000001 0.05 0.05
0.02000000000000002 0.05 0.05
0.03000000000000003 0.05 0.05
0.04000000000000004 0.05 0.05
0.05000000000000004 0.05 0.05
0.06000000000000005 0.05 0.05
0.06999999999999995 0.05 0.05
0.07999999999999996 0.05 0.05
0.08999999999999997 0.05 0.05
0.09999999999999998 0.05 0.05
0.11 0.05 0.05
0.12 0.05 0.05
0.13 0.05 0.05
0.14 0.05 0.05
0.15 0.05 0.05
0.16 0.05 0.05
0.17 0.05 0.05
0.18 0.05 0.05
0.1899999999999999 0.05 0.05
0.2 0.05 0.05
0.21 0.05 0.05
0.22 0.05 0.05
0.23 0.05 0.05
0.24 0.05 0.05
0.25 0.05 0.05
0.26 0.05 0.05
0.27 0.05 0.05
0.28 0.05 0.05
0.29 0.05 0.05
0.3 0.05 0.05
0.3100000000000001 0.05 0.05
0.32 0.05 0.05
0.33 0.05 0.05
0.34 0.05 0.05
0.35 0.05 0.05
0.36 0.05 0.05
0.37 0.05 0.05
0.38 0.05 0.05
0.39 0.05 0.05
0.4 0.05 0.05
0.41 0.05 0.05
0.42 0.05 0.05
0.43 0.05 0.05
0.4399999999999999 0.05 0.05
0.45 0.05 0.05
0.46 0.05 0.05
0.47 0.05 0.05
0.48 0.05 0.05
0.49 0.05 0.05
0.5 0.05 0.05
